controller,seed,net_profit,total_revenue,total_cost,served_customers,rejected_customers,mean_soc_fulfillment,total_compute_s,mean_step_ms,gap_to_best,ports,grid_cap_strain,experiment_id,tariff,bess_enabled,v2g_enabled,solver
milp_h1,0,103.46149510145187,161.4375,57.976004898548126,8,225,0.670564689942161,3.591772700063302,12.47143298633091,0.44305541627109335,3,0.5,0_75_p3_h1_3_6_12_s0_50,0.75,False,False,highs
milp_h1,1,104.82715460658073,160.875,56.047845393419266,6,226,0.9187338008004449,3.4233006999420468,11.886460763687662,1.8087149213999538,3,0.5,0_75_p3_h1_3_6_12_s0_50,0.75,False,False,highs
milp_h1,2,107.0138995796442,161.4375,54.4236004203558,2,239,0.9980511939289702,3.4341787999583175,11.924231944299713,3.9954598944634228,3,0.5,0_75_p3_h1_3_6_12_s0_50,0.75,False,False,highs
milp_h1,3,103.30197031795979,160.875,57.573029682040215,6,227,0.9981742389762016,3.542538700043224,12.300481597372304,0.28353063277900503,3,0.5,0_75_p3_h1_3_6_12_s0_50,0.75,False,False,highs
milp_h1,4,99.85825496166945,161.4375,61.579245038330555,2,237,0.0,3.415226699959021,11.858426041524378,-3.1601847235113354,3,0.5,0_75_p3_h1_3_6_12_s0_50,0.75,False,False,highs
milp_h1,5,105.94712971150875,159.75,53.80287028849125,5,249,0.9999994584773421,3.3821992999728536,11.743747569350186,2.9286900263279705,3,0.5,0_75_p3_h1_3_6_12_s0_50,0.75,False,False,highs
milp_h1,6,100.312739610672,159.75,59.437260389328,4,275,0.9985266226289099,3.365342899924144,11.685218402514389,-2.7057000745087834,3,0.5,0_75_p3_h1_3_6_12_s0_50,0.75,False,False,highs
milp_h1,7,116.08566733449697,160.3125,44.226832665503025,2,225,0.9985994338635947,3.5063174999086186,12.17471354134937,13.067227649316195,3,0.5,0_75_p3_h1_3_6_12_s0_50,0.75,False,False,highs
milp_h1,8,107.40514415502548,160.3125,52.90735584497452,5,242,0.9983411055734399,3.4580629999982193,12.007163194438261,4.386704469844702,3,0.5,0_75_p3_h1_3_6_12_s0_50,0.75,False,False,highs
milp_h1,9,93.60636006295681,160.875,67.26863993704319,3,264,0.8378449341041323,3.4677702999906614,12.040869097189796,-9.41207962222397,3,0.5,0_75_p3_h1_3_6_12_s0_50,0.75,False,False,highs
milp_h1,10,85.98357054591179,161.4375,75.45392945408821,5,233,0.9659427103570506,3.459730200091144,12.012952083649806,-17.03486913926899,3,0.5,0_75_p3_h1_3_6_12_s0_50,0.75,False,False,highs
milp_h1,11,101.9364295899868,160.3125,58.3760704100132,7,207,0.8850207146244535,3.545444800009136,12.310572222253946,-1.0820100951939793,3,0.5,0_75_p3_h1_3_6_12_s0_50,0.75,False,False,highs
milp_h1,12,103.15416002646089,161.4375,58.283339973539114,3,247,0.9986554744946895,3.086183000035817,10.715913194568808,0.13572034128010557,3,0.5,0_75_p3_h1_3_6_12_s0_50,0.75,False,False,highs
milp_h1,13,103.66109937429428,160.875,57.21390062570572,7,221,0.7246636199212529,3.896102700018673,13.528134375064838,0.6426596891135006,3,0.5,0_75_p3_h1_3_6_12_s0_50,0.75,False,False,highs
milp_h1,14,100.70472007244825,160.3125,59.607779927551746,7,249,0.9974315945949026,4.263823199886247,14.80494166627169,-2.313719612732527,3,0.5,0_75_p3_h1_3_6_12_s0_50,0.75,False,False,highs
milp_h1,15,105.61449721455574,160.3125,54.69800278544426,6,224,0.996983610931791,4.017682199875708,13.950285416235097,2.59605752937496,3,0.5,0_75_p3_h1_3_6_12_s0_50,0.75,False,False,highs
milp_h1,16,100.79428475350142,161.4375,60.643215246498585,5,230,0.9987287896544202,4.070617099860101,14.134087152292018,-2.224154931679365,3,0.5,0_75_p3_h1_3_6_12_s0_50,0.75,False,False,highs
milp_h1,17,92.84937742352486,160.3125,67.46312257647514,6,235,0.9951902833586197,4.094976299937116,14.218667708114985,-10.169062261655924,3,0.5,0_75_p3_h1_3_6_12_s0_50,0.75,False,False,highs
milp_h1,18,121.58215469866991,160.875,39.29284530133009,5,238,0.5060252615313208,4.260897899846896,14.794784374468387,18.56371501348913,3,0.5,0_75_p3_h1_3_6_12_s0_50,0.75,False,False,highs
milp_h1,19,100.51328241080046,160.3125,59.79921758919954,2,205,0.0,4.153265999950236,14.421062499827208,-2.5051572743803234,3,0.5,0_75_p3_h1_3_6_12_s0_50,0.75,False,False,highs
milp_h1,20,115.15872019529343,159.75,44.59127980470657,4,244,0.9984834229831959,4.117936699985876,14.298391319395401,12.140280510112646,3,0.5,0_75_p3_h1_3_6_12_s0_50,0.75,False,False,highs
milp_h1,21,91.02534808963537,159.1875,68.16215191036463,4,241,0.9992420227589932,4.091736900008982,14.207419791697854,-11.993091595545408,3,0.5,0_75_p3_h1_3_6_12_s0_50,0.75,False,False,highs
milp_h1,22,115.80730544775724,161.4375,45.630194552242756,4,245,0.9995646250119085,4.27531720008119,14.844851389170799,12.788865762576464,3,0.5,0_75_p3_h1_3_6_12_s0_50,0.75,False,False,highs
milp_h1,23,105.77589766681194,160.3125,54.53660233318806,4,246,0.814556241460567,4.087705400015693,14.193421527832268,2.7574579816311626,3,0.5,0_75_p3_h1_3_6_12_s0_50,0.75,False,False,highs
milp_h1,24,102.85920799523592,161.4375,58.57829200476408,6,240,0.8563436206169422,4.1313398998609046,14.344930207850362,-0.15923168994486048,3,0.5,0_75_p3_h1_3_6_12_s0_50,0.75,False,False,highs
milp_h1,25,80.75142695009708,161.4375,80.68607304990292,5,246,0.9965555406279857,4.321623100069701,15.005635764130906,-22.267012735083696,3,0.5,0_75_p3_h1_3_6_12_s0_50,0.75,False,False,highs
milp_h1,26,101.47973971813917,161.4375,59.95776028186083,4,215,0.793281354988137,4.105728600115981,14.256002083736044,-1.5386999670416088,3,0.5,0_75_p3_h1_3_6_12_s0_50,0.75,False,False,highs
milp_h1,27,123.04827006161213,161.4375,38.38922993838787,4,261,0.9988373743260115,4.058738400053699,14.09284166685312,20.02983037643135,3,0.5,0_75_p3_h1_3_6_12_s0_50,0.75,False,False,highs
milp_h1,28,93.86773516237736,160.875,67.00726483762264,4,256,0.0,4.142573699951754,14.383936458165813,-9.150704522803423,3,0.5,0_75_p3_h1_3_6_12_s0_50,0.75,False,False,highs
milp_h1,29,98.95533773303032,160.3125,61.35716226696968,3,244,0.0,4.265049599925987,14.809199999743011,-4.063101952150461,3,0.5,0_75_p3_h1_3_6_12_s0_50,0.75,False,False,highs
milp_h3,0,103.46149510145187,161.4375,57.976004898548126,3,230,0.996699281106552,6.5180746001860825,22.63220347286834,0.44305541627109335,3,0.5,0_75_p3_h1_3_6_12_s0_50,0.75,False,False,highs
milp_h3,1,104.82715460658073,160.875,56.047845393419266,6,226,0.6601274824812444,5.161019500184921,17.920206597864308,1.8087149213999538,3,0.5,0_75_p3_h1_3_6_12_s0_50,0.75,False,False,highs
milp_h3,2,107.0138995796442,161.4375,54.4236004203558,3,238,0.9980511939289702,5.346987300072215,18.565928125250746,3.9954598944634228,3,0.5,0_75_p3_h1_3_6_12_s0_50,0.75,False,False,highs
milp_h3,3,103.30197031795979,160.875,57.573029682040215,3,230,0.987335901500529,6.38427620010043,22.16762569479316,0.28353063277900503,3,0.5,0_75_p3_h1_3_6_12_s0_50,0.75,False,False,highs
milp_h3,4,99.85825496166945,161.4375,61.579245038330555,5,234,0.8080285330673764,6.744322500017006,23.41778645839238,-3.1601847235113354,3,0.5,0_75_p3_h1_3_6_12_s0_50,0.75,False,False,highs
milp_h3,5,105.94712971150875,159.75,53.80287028849125,7,247,0.8915482958220182,6.453882999892812,22.40931597185004,2.9286900263279705,3,0.5,0_75_p3_h1_3_6_12_s0_50,0.75,False,False,highs
milp_h3,6,100.9954795986414,160.875,59.879520401358604,1,278,0.0,7.915235699969344,27.48345729156022,-2.022960086539385,3,0.5,0_75_p3_h1_3_6_12_s0_50,0.75,False,False,highs
milp_h3,7,116.08566733449697,160.3125,44.226832665503025,4,223,0.9990227620827166,6.999197900033323,24.302770486226816,13.067227649316195,3,0.5,0_75_p3_h1_3_6_12_s0_50,0.75,False,False,highs
milp_h3,8,107.76818914711475,160.875,53.106810852885246,3,243,0.9984756610851186,6.15813840010378,21.38242500036035,4.749749461933973,3,0.5,0_75_p3_h1_3_6_12_s0_50,0.75,False,False,highs
milp_h3,9,93.60636006295681,160.875,67.26863993704319,4,263,0.8911857063922827,7.033117200044217,24.420545833486862,-9.41207962222397,3,0.5,0_75_p3_h1_3_6_12_s0_50,0.75,False,False,highs
milp_h3,10,85.98357054591179,161.4375,75.45392945408821,8,230,0.6917788646230889,6.26572260010289,21.75598125035726,-17.03486913926899,3,0.5,0_75_p3_h1_3_6_12_s0_50,0.75,False,False,highs
milp_h3,11,102.70145959407091,161.4375,58.73604040592909,5,209,0.6719224725151722,6.508122800121782,22.597648611533966,-0.316980091109869,3,0.5,0_75_p3_h1_3_6_12_s0_50,0.75,False,False,highs
milp_h3,12,103.15416002646089,161.4375,58.283339973539114,7,243,0.7171079550512675,5.7645715000981,20.015873264229512,0.13572034128010557,3,0.5,0_75_p3_h1_3_6_12_s0_50,0.75,False,False,highs
milp_h3,13,104.00849186629057,161.4375,57.42900813370943,3,225,0.9968057267438064,6.973123400253826,24.212234028659118,0.9900521811097889,3,0.5,0_75_p3_h1_3_6_12_s0_50,0.75,False,False,highs
milp_h3,14,101.41740008443594,161.4375,60.02009991556406,7,249,0.9975783956301946,7.349110300230677,25.517744098023186,-1.6010396007448406,3,0.5,0_75_p3_h1_3_6_12_s0_50,0.75,False,False,highs
milp_h3,15,105.95441970974207,160.875,54.92058029025793,4,226,0.9955002416297418,5.7697307000053115,20.033787152796222,2.935980024561289,3,0.5,0_75_p3_h1_3_6_12_s0_50,0.75,False,False,highs
milp_h3,16,100.79428475350142,161.4375,60.643215246498585,5,230,0.9991946748151892,6.972271700084093,24.2092767364031,-2.224154931679365,3,0.5,0_75_p3_h1_3_6_12_s0_50,0.75,False,False,highs
milp_h3,17,92.84937742352486,160.3125,67.46312257647514,5,236,0.9981000479406071,6.122271399945021,21.257886805364656,-10.169062261655924,3,0.5,0_75_p3_h1_3_6_12_s0_50,0.75,False,False,highs
milp_h3,18,121.58215469866991,160.875,39.29284530133009,6,237,0.8993176570105135,5.875653799856082,20.40157569394473,18.56371501348913,3,0.5,0_75_p3_h1_3_6_12_s0_50,0.75,False,False,highs
milp_h3,19,100.51328241080046,160.3125,59.79921758919954,2,205,0.0,7.091351799972472,24.622749305459973,-2.5051572743803234,3,0.5,0_75_p3_h1_3_6_12_s0_50,0.75,False,False,highs
milp_h3,20,115.15872019529343,159.75,44.59127980470657,6,242,0.9963926310941345,6.45798560003459,22.423561111231216,12.140280510112646,3,0.5,0_75_p3_h1_3_6_12_s0_50,0.75,False,False,highs
milp_h3,21,91.02534808963537,159.1875,68.16215191036463,3,242,0.0,8.04537089994119,27.9353156247958,-11.993091595545408,3,0.5,0_75_p3_h1_3_6_12_s0_50,0.75,False,False,highs
milp_h3,22,115.80730544775724,161.4375,45.630194552242756,4,245,0.9988902171106003,7.533806300139986,26.15904965326384,12.788865762576464,3,0.5,0_75_p3_h1_3_6_12_s0_50,0.75,False,False,highs
milp_h3,23,105.77589766681194,160.3125,54.53660233318806,6,244,0.8148339402953124,6.308696800144389,21.905197222723572,2.7574579816311626,3,0.5,0_75_p3_h1_3_6_12_s0_50,0.75,False,False,highs
milp_h3,24,102.85920799523592,161.4375,58.57829200476408,6,240,0.7014817504429203,6.752566500013927,23.44641145838169,-0.15923168994486048,3,0.5,0_75_p3_h1_3_6_12_s0_50,0.75,False,False,highs
milp_h3,25,80.75142695009708,161.4375,80.68607304990292,4,247,0.9965905816667272,5.974294800151256,20.74407916719186,-22.267012735083696,3,0.5,0_75_p3_h1_3_6_12_s0_50,0.75,False,False,highs
milp_h3,26,101.47973971813917,161.4375,59.95776028186083,3,216,0.9989257588498375,5.694313199943281,19.77192083313639,-1.5386999670416088,3,0.5,0_75_p3_h1_3_6_12_s0_50,0.75,False,False,highs
milp_h3,27,123.04827006161213,161.4375,38.38922993838787,4,261,0.9967283623326,7.352777099978994,25.53047604159373,20.02983037643135,3,0.5,0_75_p3_h1_3_6_12_s0_50,0.75,False,False,highs
milp_h3,28,93.86773516237736,160.875,67.00726483762264,5,255,0.9986576343587159,9.444785299856449,32.79439340227933,-9.150704522803423,3,0.5,0_75_p3_h1_3_6_12_s0_50,0.75,False,False,highs
milp_h3,29,98.95533773303032,160.3125,61.35716226696968,6,241,0.9992050626068785,11.566496600047685,40.161446527943355,-4.063101952150461,3,0.5,0_75_p3_h1_3_6_12_s0_50,0.75,False,False,highs
milp_h6,0,103.46149510145187,161.4375,57.976004898548126,4,229,0.9950892482739316,15.748309500064352,54.681630208556776,0.44305541627109335,3,0.5,0_75_p3_h1_3_6_12_s0_50,0.75,False,False,highs
milp_h6,1,104.82715460658073,160.875,56.047845393419266,6,226,0.6601274824812444,9.863299799966626,34.24756874988412,1.8087149213999538,3,0.5,0_75_p3_h1_3_6_12_s0_50,0.75,False,False,highs
milp_h6,2,107.0138995796442,161.4375,54.4236004203558,3,238,0.9980511939289702,9.472393799936981,32.89025624978118,3.9954598944634228,3,0.5,0_75_p3_h1_3_6_12_s0_50,0.75,False,False,highs
milp_h6,3,103.30197031795979,160.875,57.573029682040215,3,230,0.987335901500529,8.053591300122207,27.963858680979886,0.28353063277900503,3,0.5,0_75_p3_h1_3_6_12_s0_50,0.75,False,False,highs
milp_h6,4,99.85825496166945,161.4375,61.579245038330555,5,234,0.8080285330673764,8.40455620001012,29.182486805590695,-3.1601847235113354,3,0.5,0_75_p3_h1_3_6_12_s0_50,0.75,False,False,highs
milp_h6,5,105.94712971150875,159.75,53.80287028849125,7,247,0.8915482958220182,8.065144099891768,28.003972569068637,2.9286900263279705,3,0.5,0_75_p3_h1_3_6_12_s0_50,0.75,False,False,highs
milp_h6,6,100.9954795986414,160.875,59.879520401358604,1,278,0.0,10.022918299946468,34.8017996525919,-2.022960086539385,3,0.5,0_75_p3_h1_3_6_12_s0_50,0.75,False,False,highs
milp_h6,7,116.08566733449697,160.3125,44.226832665503025,4,223,0.9992513359210791,8.909301900057471,30.93507604186622,13.067227649316195,3,0.5,0_75_p3_h1_3_6_12_s0_50,0.75,False,False,highs
milp_h6,8,107.76818914711475,160.875,53.106810852885246,4,242,0.9985576822134021,7.707326999938232,26.76155208311886,4.749749461933973,3,0.5,0_75_p3_h1_3_6_12_s0_50,0.75,False,False,highs
milp_h6,9,93.60636006295681,160.875,67.26863993704319,4,263,0.8911857063922827,8.621044299987261,29.93418159717799,-9.41207962222397,3,0.5,0_75_p3_h1_3_6_12_s0_50,0.75,False,False,highs
milp_h6,10,85.98357054591179,161.4375,75.45392945408821,8,230,0.08163285312234823,7.268975900064106,25.23949965300037,-17.03486913926899,3,0.5,0_75_p3_h1_3_6_12_s0_50,0.75,False,False,highs
milp_h6,11,102.70145959407091,161.4375,58.73604040592909,5,209,0.6719224725151722,8.254806100187125,28.662521181205292,-0.316980091109869,3,0.5,0_75_p3_h1_3_6_12_s0_50,0.75,False,False,highs
milp_h6,12,103.15416002646089,161.4375,58.283339973539114,7,243,0.7171079550512675,6.978673700083164,24.23150590306654,0.13572034128010557,3,0.5,0_75_p3_h1_3_6_12_s0_50,0.75,False,False,highs
milp_h6,13,104.00849186629057,161.4375,57.42900813370943,3,225,0.9968057267438064,8.82914699993853,30.656760416453228,0.9900521811097889,3,0.5,0_75_p3_h1_3_6_12_s0_50,0.75,False,False,highs
milp_h6,14,101.41740008443594,161.4375,60.02009991556406,8,248,0.9986333813292324,8.24332130010589,28.622643403145453,-1.6010396007448406,3,0.5,0_75_p3_h1_3_6_12_s0_50,0.75,False,False,highs
milp_h6,15,105.95441970974207,160.875,54.92058029025793,4,226,0.9955002416297418,6.930401699981303,24.063894791601747,2.935980024561289,3,0.5,0_75_p3_h1_3_6_12_s0_50,0.75,False,False,highs
milp_h6,16,100.79428475350142,161.4375,60.643215246498585,5,230,0.9991946748151892,8.955569700046908,31.095728125162875,-2.224154931679365,3,0.5,0_75_p3_h1_3_6_12_s0_50,0.75,False,False,highs
milp_h6,17,92.84937742352486,160.3125,67.46312257647514,5,236,0.9981000479406071,7.302613300038502,25.35629618068924,-10.169062261655924,3,0.5,0_75_p3_h1_3_6_12_s0_50,0.75,False,False,highs
milp_h6,18,121.58215469866991,160.875,39.29284530133009,6,237,0.8993176570105135,7.0407375999348005,24.44700555532917,18.56371501348913,3,0.5,0_75_p3_h1_3_6_12_s0_50,0.75,False,False,highs
milp_h6,19,100.51328241080046,160.3125,59.79921758919954,2,205,0.0,8.364357200087397,29.04290694474791,-2.5051572743803234,3,0.5,0_75_p3_h1_3_6_12_s0_50,0.75,False,False,highs
milp_h6,20,115.15872019529343,159.75,44.59127980470657,6,242,0.9963926310941345,7.931805500047631,27.54099131960983,12.140280510112646,3,0.5,0_75_p3_h1_3_6_12_s0_50,0.75,False,False,highs
milp_h6,21,91.02534808963537,159.1875,68.16215191036463,3,242,0.0,9.967862300021807,34.61063298618683,-11.993091595545408,3,0.5,0_75_p3_h1_3_6_12_s0_50,0.75,False,False,highs
milp_h6,22,115.80730544775724,161.4375,45.630194552242756,4,245,0.9988902171106003,9.529017699998803,33.086867013884735,12.788865762576464,3,0.5,0_75_p3_h1_3_6_12_s0_50,0.75,False,False,highs
milp_h6,23,105.77589766681194,160.3125,54.53660233318806,5,245,0.8568259536085119,7.548791100067319,26.211080208567083,2.7574579816311626,3,0.5,0_75_p3_h1_3_6_12_s0_50,0.75,False,False,highs
milp_h6,24,102.85920799523592,161.4375,58.57829200476408,6,240,0.698841993491527,8.522122400056105,29.590702777972588,-0.15923168994486048,3,0.5,0_75_p3_h1_3_6_12_s0_50,0.75,False,False,highs
milp_h6,25,80.75142695009708,161.4375,80.68607304990292,4,247,0.9965905816667272,11.144411700006458,38.695873958355754,-22.267012735083696,3,0.5,0_75_p3_h1_3_6_12_s0_50,0.75,False,False,highs
milp_h6,26,101.47973971813917,161.4375,59.95776028186083,3,216,0.9989257588498375,11.285145099973306,39.184531597129535,-1.5386999670416088,3,0.5,0_75_p3_h1_3_6_12_s0_50,0.75,False,False,highs
milp_h6,27,123.04827006161213,161.4375,38.38922993838787,5,260,0.9975192358961955,15.776354199915659,54.779007638596035,20.02983037643135,3,0.5,0_75_p3_h1_3_6_12_s0_50,0.75,False,False,highs
milp_h6,28,93.86773516237736,160.875,67.00726483762264,5,255,0.9986576343587159,14.551099199990858,50.52464999996826,-9.150704522803423,3,0.5,0_75_p3_h1_3_6_12_s0_50,0.75,False,False,highs
milp_h6,29,98.95533773303032,160.3125,61.35716226696968,6,241,0.9992050626068785,14.529596699867398,50.44998854120624,-4.063101952150461,3,0.5,0_75_p3_h1_3_6_12_s0_50,0.75,False,False,highs
milp_h12,0,103.46149510145187,161.4375,57.976004898548126,4,229,0.9984517157353089,20.777085899928352,72.14265937475122,0.44305541627109335,3,0.5,0_75_p3_h1_3_6_12_s0_50,0.75,False,False,highs
milp_h12,1,104.82715460658073,160.875,56.047845393419266,6,226,0.6601274824812444,13.877793900101096,48.18678437535103,1.8087149213999538,3,0.5,0_75_p3_h1_3_6_12_s0_50,0.75,False,False,highs
milp_h12,2,107.0138995796442,161.4375,54.4236004203558,3,238,0.9980511939289702,15.29359429993201,53.10275798587504,3.9954598944634228,3,0.5,0_75_p3_h1_3_6_12_s0_50,0.75,False,False,highs
milp_h12,3,103.30197031795979,160.875,57.573029682040215,3,230,0.9916969184836416,19.05838829993445,66.1749593747724,0.28353063277900503,3,0.5,0_75_p3_h1_3_6_12_s0_50,0.75,False,False,highs
milp_h12,4,99.85825496166945,161.4375,61.579245038330555,5,234,0.8080285330673764,19.54248530001496,67.85585173616306,-3.1601847235113354,3,0.5,0_75_p3_h1_3_6_12_s0_50,0.75,False,False,highs
milp_h12,5,105.94712971150875,159.75,53.80287028849125,7,247,0.8057891094115727,18.25397999995039,63.38187499982774,2.9286900263279705,3,0.5,0_75_p3_h1_3_6_12_s0_50,0.75,False,False,highs
milp_h12,6,100.9954795986414,160.875,59.879520401358604,1,278,0.0,22.551573500051745,78.30407465295745,-2.022960086539385,3,0.5,0_75_p3_h1_3_6_12_s0_50,0.75,False,False,highs
milp_h12,7,116.08566733449697,160.3125,44.226832665503025,4,223,0.9992513359210791,21.096447799965972,73.25155486099295,13.067227649316195,3,0.5,0_75_p3_h1_3_6_12_s0_50,0.75,False,False,highs
milp_h12,8,107.76818914711475,160.875,53.106810852885246,4,242,0.9979537975625057,17.5946691998397,61.09260138833229,4.749749461933973,3,0.5,0_75_p3_h1_3_6_12_s0_50,0.75,False,False,highs
milp_h12,9,93.60636006295681,160.875,67.26863993704319,4,263,0.8911857063922827,19.957091699994635,69.29545729164803,-9.41207962222397,3,0.5,0_75_p3_h1_3_6_12_s0_50,0.75,False,False,highs
milp_h12,10,85.98357054591179,161.4375,75.45392945408821,8,230,0.08163285312234823,17.501669099976425,60.76968437491814,-17.03486913926899,3,0.5,0_75_p3_h1_3_6_12_s0_50,0.75,False,False,highs
milp_h12,11,102.70145959407091,161.4375,58.73604040592909,5,209,0.6719224725151722,19.159664899954805,66.52661423595418,-0.316980091109869,3,0.5,0_75_p3_h1_3_6_12_s0_50,0.75,False,False,highs
milp_h12,12,103.15416002646089,161.4375,58.283339973539114,7,243,0.7171079550512675,16.627815899802954,57.73547187431581,0.13572034128010557,3,0.5,0_75_p3_h1_3_6_12_s0_50,0.75,False,False,highs
milp_h12,13,104.00849186629057,161.4375,57.42900813370943,3,225,0.9968057267438064,20.76203989973874,72.09041631853728,0.9900521811097889,3,0.5,0_75_p3_h1_3_6_12_s0_50,0.75,False,False,highs
milp_h12,14,101.41740008443594,161.4375,60.02009991556406,6,250,0.9971465804062832,20.491168799853767,71.14989166615891,-1.6010396007448406,3,0.5,0_75_p3_h1_3_6_12_s0_50,0.75,False,False,highs
milp_h12,15,105.95441970974207,160.875,54.92058029025793,4,226,0.9955002416297418,12.990539400096168,45.10603958366725,2.935980024561289,3,0.5,0_75_p3_h1_3_6_12_s0_50,0.75,False,False,highs
milp_h12,16,100.79428475350142,161.4375,60.643215246498585,6,229,0.771731656307687,12.439888499851804,43.1940572911521,-2.224154931679365,3,0.5,0_75_p3_h1_3_6_12_s0_50,0.75,False,False,highs
milp_h12,17,92.84937742352486,160.3125,67.46312257647514,5,236,0.9981000479406071,10.35647859988967,35.959995138505796,-10.169062261655924,3,0.5,0_75_p3_h1_3_6_12_s0_50,0.75,False,False,highs
milp_h12,18,121.58215469866991,160.875,39.29284530133009,6,237,0.8993176570105135,10.225970199942822,35.50684097202369,18.56371501348913,3,0.5,0_75_p3_h1_3_6_12_s0_50,0.75,False,False,highs
milp_h12,19,100.51328241080046,160.3125,59.79921758919954,2,205,0.0,12.155883799860021,42.20792986062507,-2.5051572743803234,3,0.5,0_75_p3_h1_3_6_12_s0_50,0.75,False,False,highs
milp_h12,20,115.15872019529343,159.75,44.59127980470657,8,240,0.9968771665452154,10.96136070000648,38.060280208355834,12.140280510112646,3,0.5,0_75_p3_h1_3_6_12_s0_50,0.75,False,False,highs
milp_h12,21,91.02534808963537,159.1875,68.16215191036463,3,242,0.0,13.45180640014587,46.707661111617604,-11.993091595545408,3,0.5,0_75_p3_h1_3_6_12_s0_50,0.75,False,False,highs
milp_h12,22,115.80730544775724,161.4375,45.630194552242756,4,245,0.9988902171106003,13.088283099976252,45.445427430473096,12.788865762576464,3,0.5,0_75_p3_h1_3_6_12_s0_50,0.75,False,False,highs
milp_h12,23,105.77589766681194,160.3125,54.53660233318806,5,245,0.8578247104209437,14.719249800007674,51.10850625002664,2.7574579816311626,3,0.5,0_75_p3_h1_3_6_12_s0_50,0.75,False,False,highs
milp_h12,24,102.85920799523592,161.4375,58.57829200476408,6,240,0.698841993491527,20.852407200072776,72.40419166691936,-0.15923168994486048,3,0.5,0_75_p3_h1_3_6_12_s0_50,0.75,False,False,highs
milp_h12,25,80.75142695009708,161.4375,80.68607304990292,3,248,0.9972389319497843,20.246060000295984,70.29881944547216,-22.267012735083696,3,0.5,0_75_p3_h1_3_6_12_s0_50,0.75,False,False,highs
milp_h12,26,101.47973971813917,161.4375,59.95776028186083,3,216,0.9989257588498375,16.397062300136895,56.93424409769755,-1.5386999670416088,3,0.5,0_75_p3_h1_3_6_12_s0_50,0.75,False,False,highs
milp_h12,27,123.04827006161213,161.4375,38.38922993838787,4,261,0.9978052743778335,12.672096400114242,44.000334722618895,20.02983037643135,3,0.5,0_75_p3_h1_3_6_12_s0_50,0.75,False,False,highs
milp_h12,28,93.86773516237736,160.875,67.00726483762264,5,255,0.997719408530143,11.468882200031658,39.822507638998815,-9.150704522803423,3,0.5,0_75_p3_h1_3_6_12_s0_50,0.75,False,False,highs
milp_h12,29,98.95533773303032,160.3125,61.35716226696968,6,241,0.9992050626068785,11.997978700033855,41.65964826400644,-4.063101952150461,3,0.5,0_75_p3_h1_3_6_12_s0_50,0.75,False,False,highs
equal_share,0,72.58699807641182,113.27934991051859,40.692351834106766,8,225,0.9960876579461511,0.0031015000422485173,0.010769097368918464,-30.431441608768964,3,0.5,0_75_p3_h1_3_6_12_s0_50,0.75,False,False,highs
equal_share,1,84.15001765264265,129.395603120327,45.24558546768436,4,228,0.6818769654695858,0.00297580000187736,0.0103326388954075,-18.868422032538135,3,0.5,0_75_p3_h1_3_6_12_s0_50,0.75,False,False,highs
equal_share,2,79.27082702052327,119.3712685033679,40.10044148284463,1,240,0.9980511939289702,0.002851299854228273,0.009900346716070393,-23.74761266465751,3,0.5,0_75_p3_h1_3_6_12_s0_50,0.75,False,False,highs
equal_share,3,76.79442085588535,121.17482088858208,44.38040003269673,3,230,0.9964268336222204,0.00288420011929702,0.010014583747559098,-26.22401882929543,3,0.5,0_75_p3_h1_3_6_12_s0_50,0.75,False,False,highs
equal_share,4,76.61684288058103,123.48314311665888,46.86630023607785,6,233,0.9973294438040373,0.002981700105010532,0.010353125364619901,-26.40159680459975,3,0.5,0_75_p3_h1_3_6_12_s0_50,0.75,False,False,highs
equal_share,5,105.53751974539287,159.11104896927282,53.573529223879945,12,242,0.8535487668858449,0.0028627999854506925,0.009940277727259349,2.51908006021209,3,0.5,0_75_p3_h1_3_6_12_s0_50,0.75,False,False,highs
equal_share,6,91.7642974037986,146.1031472149067,54.338849811108105,3,276,0.9968355837063084,0.002939999889349565,0.010208332949130434,-11.254142281382187,3,0.5,0_75_p3_h1_3_6_12_s0_50,0.75,False,False,highs
equal_share,7,89.2055699470133,123.13499620556831,33.92942625855501,3,224,0.9968128674814721,0.003267899897764437,0.011346874645015406,-13.812869738167478,3,0.5,0_75_p3_h1_3_6_12_s0_50,0.75,False,False,highs
equal_share,8,94.55744929376488,139.7968485275652,45.23939923380032,2,244,0.9991275975613213,0.004513299951213412,0.015671180386157682,-8.460990391415905,3,0.5,0_75_p3_h1_3_6_12_s0_50,0.75,False,False,highs
equal_share,9,93.44091645986306,160.5857790628977,67.14486260303464,5,262,0.8378449341041323,0.004491900137509219,0.015596875477462567,-9.57752322531772,3,0.5,0_75_p3_h1_3_6_12_s0_50,0.75,False,False,highs
equal_share,10,69.36213269337792,129.476369482675,60.114236789297095,6,232,0.7218089733986575,0.005139100074302405,0.017844097480216686,-33.656306991802865,3,0.5,0_75_p3_h1_3_6_12_s0_50,0.75,False,False,highs
equal_share,11,92.22910057751639,144.2871942181128,52.058093640596404,7,207,0.8780721958398445,0.00472640001680702,0.01641111116946882,-10.78933910766439,3,0.5,0_75_p3_h1_3_6_12_s0_50,0.75,False,False,highs
equal_share,12,102.86651723843221,160.98767421394587,58.12115697551366,5,245,0.7084790753566944,0.004072600087965839,0.014140972527659161,-0.15192244674857136,3,0.5,0_75_p3_h1_3_6_12_s0_50,0.75,False,False,highs
equal_share,13,103.69676691353303,160.92987750470638,57.23311059117336,5,223,0.9979126038828485,0.0028258999664103612,0.009812152661147088,0.678327228352245,3,0.5,0_75_p3_h1_3_6_12_s0_50,0.75,False,False,highs
equal_share,14,81.53924648222593,129.91779989102872,48.37855340880278,7,249,0.9945810628000085,0.0028225001733517274,0.009800347824137943,-21.479193202954846,3,0.5,0_75_p3_h1_3_6_12_s0_50,0.75,False,False,highs
equal_share,15,101.46394690584687,153.55396297333937,52.0900160674925,5,225,0.9934837453233059,0.0028440000751288608,0.0098750002608641,-1.5544927793339127,3,0.5,0_75_p3_h1_3_6_12_s0_50,0.75,False,False,highs
equal_share,16,99.1821049037926,158.8333465770463,59.651241673253715,7,228,0.3210294815779322,0.0027493000816321,0.009546180839000348,-3.8363347813881745,3,0.5,0_75_p3_h1_3_6_12_s0_50,0.75,False,False,highs
equal_share,17,83.62642297452429,142.80156717411228,59.17514419958799,3,238,0.0,0.0028698999230982736,0.009964930288535671,-19.392016710656492,3,0.5,0_75_p3_h1_3_6_12_s0_50,0.75,False,False,highs
equal_share,18,121.37892313104518,160.60739588578667,39.228472754741496,6,237,0.8320749485521847,0.002917600024375133,0.010130555640191434,18.360483445864404,3,0.5,0_75_p3_h1_3_6_12_s0_50,0.75,False,False,highs
equal_share,19,98.26271973072701,156.74890303749112,58.486183306764104,4,203,0.0,0.0030779001099290326,0.010687153159475807,-4.755719954453767,3,0.5,0_75_p3_h1_3_6_12_s0_50,0.75,False,False,highs
equal_share,20,112.5818650337926,156.06578001103264,43.48391497724005,5,243,0.9976851747143256,0.00307080008496996,0.010662500295034584,9.563425348611815,3,0.5,0_75_p3_h1_3_6_12_s0_50,0.75,False,False,highs
equal_share,21,90.82632579322122,158.84141152536688,68.01508573214566,7,238,0.99608859320216,0.002953900082502514,0.010256597508689284,-12.192113891959565,3,0.5,0_75_p3_h1_3_6_12_s0_50,0.75,False,False,highs
equal_share,22,85.18526739776578,118.53236013650894,33.347092738743164,4,245,0.9971431656424181,0.0028023999911965802,0.009730555524988126,-17.833172287414996,3,0.5,0_75_p3_h1_3_6_12_s0_50,0.75,False,False,highs
equal_share,23,96.41006701113103,144.99425620532912,48.58418919419809,5,245,0.858496273349082,0.002966700107208453,0.01030104203891824,-6.608372674049747,3,0.5,0_75_p3_h1_3_6_12_s0_50,0.75,False,False,highs
equal_share,24,77.08581528361348,120.6137662707838,43.527950987170314,5,241,0.807447290551134,0.0029100000101607293,0.010104166701946977,-25.932624401567296,3,0.5,0_75_p3_h1_3_6_12_s0_50,0.75,False,False,highs
equal_share,25,80.59207054660435,161.1110450103879,80.51897446378355,5,246,0.9965905816667272,0.004045599853270687,0.014047221712745441,-22.426369138576433,3,0.5,0_75_p3_h1_3_6_12_s0_50,0.75,False,False,highs
equal_share,26,101.31425001614446,161.16635861992836,59.852108603783904,5,214,0.7485583624829377,0.004509300022618845,0.015657291745204322,-1.7041896690363245,3,0.5,0_75_p3_h1_3_6_12_s0_50,0.75,False,False,highs
equal_share,27,79.69637470504435,104.26929556245727,24.57292085741292,3,262,0.6750972503853172,0.004411699919728562,0.015318402499057507,-23.32206498013643,3,0.5,0_75_p3_h1_3_6_12_s0_50,0.75,False,False,highs
equal_share,28,86.26452367958717,147.49282394349575,61.22830026390858,5,255,0.9981221168687766,0.004535500091151334,0.015748264205386577,-16.75391600559361,3,0.5,0_75_p3_h1_3_6_12_s0_50,0.75,False,False,highs
equal_share,29,98.61481251507908,159.76306920936486,61.14825669428577,5,242,0.9990215922962633,0.004409500063047744,0.015310764107804667,-4.4036271701017,3,0.5,0_75_p3_h1_3_6_12_s0_50,0.75,False,False,highs
max_charge,0,103.46149510145183,161.43749999999994,57.97600489854811,11,222,0.9968973966659183,0.002168999970308505,0.007531249896904531,0.4430554162710507,3,0.5,0_75_p3_h1_3_6_12_s0_50,0.75,False,False,highs
max_charge,1,104.82715460658069,160.87499999999994,56.04784539341925,5,227,0.863836033906772,0.0023010000586509705,0.007989583536982536,1.8087149213999112,3,0.5,0_75_p3_h1_3_6_12_s0_50,0.75,False,False,highs
max_charge,2,107.01389957964416,161.43749999999994,54.42360042035578,6,235,0.9979934238876155,0.0019544997485354543,0.00678645746019255,3.99545989446338,3,0.5,0_75_p3_h1_3_6_12_s0_50,0.75,False,False,highs
max_charge,3,103.30197031795974,160.87499999999994,57.5730296820402,5,228,0.9976075312174452,0.0022750000207452103,0.007899305627587536,0.2835306327789624,3,0.5,0_75_p3_h1_3_6_12_s0_50,0.75,False,False,highs
max_charge,4,99.8582549616694,161.43749999999994,61.57924503833054,6,233,0.9992710506017771,0.0021427001629490405,0.007439931121350835,-3.160184723511378,3,0.5,0_75_p3_h1_3_6_12_s0_50,0.75,False,False,highs
max_charge,5,105.94712971150871,159.74999999999994,53.802870288491235,12,242,0.8535487668858449,0.001983399939490482,0.006886805345453063,2.928690026327928,3,0.5,0_75_p3_h1_3_6_12_s0_50,0.75,False,False,highs
max_charge,6,100.99547959864135,160.87499999999994,59.87952040135859,4,275,0.9980789745680787,0.0019094999588560313,0.006630208190472331,-2.0229600865394275,3,0.5,0_75_p3_h1_3_6_12_s0_50,0.75,False,False,highs
max_charge,7,116.08566733449693,160.31249999999994,44.22683266550301,5,222,0.9990028949306043,0.0021863999136257917,0.007591666366756221,13.067227649316152,3,0.5,0_75_p3_h1_3_6_12_s0_50,0.75,False,False,highs
max_charge,8,107.76818914711471,160.87499999999994,53.10681085288523,5,241,0.9994888286954704,0.002533899969421327,0.008798263782712942,4.749749461933931,3,0.5,0_75_p3_h1_3_6_12_s0_50,0.75,False,False,highs
max_charge,9,93.60636006295677,160.87499999999994,67.26863993704318,5,262,0.8378449341041323,0.001942699949722737,0.006745485936537282,-9.412079622224013,3,0.5,0_75_p3_h1_3_6_12_s0_50,0.75,False,False,highs
max_charge,10,85.98357054591175,161.43749999999994,75.4539294540882,9,229,0.8000289007214757,0.0019737000548047945,0.006853125190294425,-17.034869139269034,3,0.5,0_75_p3_h1_3_6_12_s0_50,0.75,False,False,highs
max_charge,11,102.70145959407087,161.43749999999994,58.736040405929074,8,206,0.8985513229988812,0.0021386001026257873,0.0074256948007839834,-0.31698009110991165,3,0.5,0_75_p3_h1_3_6_12_s0_50,0.75,False,False,highs
max_charge,12,103.15416002646084,161.43749999999994,58.2833399735391,5,245,0.7084790753566944,0.001961100017069839,0.006809375059270274,0.13572034128006294,3,0.5,0_75_p3_h1_3_6_12_s0_50,0.75,False,False,highs
max_charge,13,104.00849186629053,161.43749999999994,57.42900813370942,5,223,0.9979126038828485,0.0020202000305289403,0.007014583439336598,0.9900521811097462,3,0.5,0_75_p3_h1_3_6_12_s0_50,0.75,False,False,highs
max_charge,14,101.4174000844359,161.43749999999994,60.020099915564046,10,246,0.9959749554577707,0.001704500158666633,0.005918403328703587,-1.6010396007448833,3,0.5,0_75_p3_h1_3_6_12_s0_50,0.75,False,False,highs
max_charge,15,105.95441970974203,160.87499999999994,54.92058029025792,6,224,0.9934837453233059,0.0012006000324618071,0.004168750112714608,2.935980024561246,3,0.5,0_75_p3_h1_3_6_12_s0_50,0.75,False,False,highs
max_charge,16,100.79428475350137,161.43749999999994,60.64321524649857,9,226,0.5470481417504781,0.0015682999219279736,0.005445485840027686,-2.224154931679408,3,0.5,0_75_p3_h1_3_6_12_s0_50,0.75,False,False,highs
max_charge,17,92.84937742352481,160.31249999999994,67.46312257647513,4,237,0.0,0.001209400055813603,0.0041993057493527886,-10.169062261655966,3,0.5,0_75_p3_h1_3_6_12_s0_50,0.75,False,False,highs
max_charge,18,121.58215469866985,160.87499999999994,39.29284530133008,6,237,0.8320749485521847,0.001193599950056523,0.004144444271029594,18.563715013489073,3,0.5,0_75_p3_h1_3_6_12_s0_50,0.75,False,False,highs
max_charge,19,100.51328241080041,160.31249999999994,59.79921758919953,5,202,0.0,0.001184599837870337,0.004113193881494226,-2.505157274380366,3,0.5,0_75_p3_h1_3_6_12_s0_50,0.75,False,False,highs
max_charge,20,115.15872019529338,159.74999999999994,44.59127980470656,5,243,0.9976851747143256,0.0011874000338139012,0.004122916784076046,12.140280510112603,3,0.5,0_75_p3_h1_3_6_12_s0_50,0.75,False,False,highs
max_charge,21,91.02534808963533,159.18749999999994,68.16215191036461,7,238,0.99608859320216,0.0011821001244243234,0.00410451432091779,-11.993091595545451,3,0.5,0_75_p3_h1_3_6_12_s0_50,0.75,False,False,highs
max_charge,22,115.8073054477572,161.43749999999994,45.63019455224274,7,242,0.9971431656424181,0.0012344000424491242,0.004286111258503904,12.788865762576421,3,0.5,0_75_p3_h1_3_6_12_s0_50,0.75,False,False,highs
max_charge,23,105.7758976668119,160.31249999999994,54.53660233318804,6,244,0.858496273349082,0.0014599999703932554,0.005069444341643248,2.75745798163112,3,0.5,0_75_p3_h1_3_6_12_s0_50,0.75,False,False,highs
max_charge,24,102.85920799523588,161.43749999999994,58.578292004764066,8,238,0.8553229970156869,0.00129310016927775,0.004489931143325521,-0.1592316899449031,3,0.5,0_75_p3_h1_3_6_12_s0_50,0.75,False,False,highs
max_charge,25,80.75142695009706,161.43749999999994,80.68607304990289,5,246,0.9965905816667272,0.0013187999284127727,0.004579166418099905,-22.267012735083725,3,0.5,0_75_p3_h1_3_6_12_s0_50,0.75,False,False,highs
max_charge,26,101.47973971813913,161.43749999999994,59.957760281860814,5,214,0.7485583624829377,0.0011980000417679548,0.004159722367249843,-1.5386999670416515,3,0.5,0_75_p3_h1_3_6_12_s0_50,0.75,False,False,highs
max_charge,27,123.04827006161207,161.43749999999994,38.389229938387864,4,261,0.9974473921868747,0.001646799937589094,0.005718055338851021,20.029830376431292,3,0.5,0_75_p3_h1_3_6_12_s0_50,0.75,False,False,highs
max_charge,28,93.86773516237731,160.87499999999994,67.00726483762263,6,254,0.9981221168687766,0.0020127999305259436,0.006988888647659526,-9.150704522803466,3,0.5,0_75_p3_h1_3_6_12_s0_50,0.75,False,False,highs
max_charge,29,98.95533773303028,160.31249999999994,61.35716226696967,5,242,0.9990215922962633,0.0012520999152911827,0.004347569150316606,-4.063101952150504,3,0.5,0_75_p3_h1_3_6_12_s0_50,0.75,False,False,highs
random,0,101.82163083474722,158.86639482080304,57.04476398605582,6,227,0.9948073211358578,0.011673500121105462,0.04053298653161619,-1.1968088504335554,3,0.5,0_75_p3_h1_3_6_12_s0_50,0.75,False,False,highs
random,1,102.32151004588049,157.07944462893548,54.75793458305499,5,227,0.9161146991854199,0.011664500052575022,0.04050173629366327,-0.6969296393002935,3,0.5,0_75_p3_h1_3_6_12_s0_50,0.75,False,False,highs
random,2,105.19409891007447,158.63512332612257,53.441024416048094,4,237,0.9983252034008799,0.011860700004035607,0.04118298612512364,2.1756592248936926,3,0.5,0_75_p3_h1_3_6_12_s0_50,0.75,False,False,highs
random,3,102.05806198687799,158.97084830615523,56.91278631927724,7,226,0.9961634253676367,0.011226699833059683,0.038981596642568346,-0.9603776983027927,3,0.5,0_75_p3_h1_3_6_12_s0_50,0.75,False,False,highs
random,4,98.13830125958417,158.64213984498423,60.50383858540006,5,234,0.9979367791389674,0.011386299855075777,0.03953576338567978,-4.880138425596613,3,0.5,0_75_p3_h1_3_6_12_s0_50,0.75,False,False,highs
random,5,103.84006690059417,156.54288048965648,52.702813589062316,7,247,0.0,0.011817600039648823,0.04103333347100286,0.8216272154133861,3,0.5,0_75_p3_h1_3_6_12_s0_50,0.75,False,False,highs
random,6,98.9494206563997,157.63691483048993,58.68749417409023,7,272,0.7117604657022818,0.01192400004947558,0.04140277794956799,-4.069019028781085,3,0.5,0_75_p3_h1_3_6_12_s0_50,0.75,False,False,highs
random,7,113.98464505297478,157.44118500324691,43.45653995027213,2,225,0.9969973702989949,0.011567999987164512,0.040166666622099,10.966205367794004,3,0.5,0_75_p3_h1_3_6_12_s0_50,0.75,False,False,highs
random,8,105.99315102926661,158.2303661152402,52.23721508597358,5,241,0.5432240987219802,0.011851000104798004,0.041149305919437516,2.974711344085833,3,0.5,0_75_p3_h1_3_6_12_s0_50,0.75,False,False,highs
random,9,93.00797719469011,159.77573543371506,66.76775823902494,5,263,0.8458498737159814,0.011341799821821041,0.039381249381323064,-10.010462490490667,3,0.5,0_75_p3_h1_3_6_12_s0_50,0.75,False,False,highs
random,10,84.78323298467389,159.08676210873008,74.3035291240562,6,232,0.9971763487080699,0.0115489999006968,0.04010069409964166,-18.235206700506893,3,0.5,0_75_p3_h1_3_6_12_s0_50,0.75,False,False,highs
random,11,99.9862983688366,157.14597056490862,57.15967219607202,6,208,0.6959272641731967,0.011850199967739172,0.04114652766576102,-3.0321413163441804,3,0.5,0_75_p3_h1_3_6_12_s0_50,0.75,False,False,highs
random,12,101.73906936208823,159.19906649356238,57.45999713147415,7,243,0.9966657677307028,0.01946589989529457,0.06758993019199504,-1.2793703230925502,3,0.5,0_75_p3_h1_3_6_12_s0_50,0.75,False,False,highs
random,13,102.00128152018578,158.223323709155,56.22204218896922,4,224,0.9989836189920666,0.018731099902652204,0.06503854132865348,-1.0171581649949957,3,0.5,0_75_p3_h1_3_6_12_s0_50,0.75,False,False,highs
random,14,100.59811838048849,160.16396247634395,59.56584409585547,8,248,0.9953367214417108,0.018795299998600967,0.06526145832847557,-2.420321304692294,3,0.5,0_75_p3_h1_3_6_12_s0_50,0.75,False,False,highs
random,15,103.36262673136049,156.8665461745236,53.5039194431631,7,223,0.7234069024540489,0.017796999905840494,0.061795138561946156,0.3441870461797123,3,0.5,0_75_p3_h1_3_6_12_s0_50,0.75,False,False,highs
random,16,99.28975037043446,159.06885196510282,59.77910159466837,8,227,0.5121797315263575,0.020060299866599962,0.06965381898124987,-3.728689314746319,3,0.5,0_75_p3_h1_3_6_12_s0_50,0.75,False,False,highs
random,17,90.88613324081597,157.07788243480263,66.19174919398667,5,236,0.9995127961593736,0.020976200146833435,0.07283402828761609,-12.132306444364815,3,0.5,0_75_p3_h1_3_6_12_s0_50,0.75,False,False,highs
random,18,119.6554641023302,158.31962889848742,38.66416479615722,5,238,0.7441197838243954,0.019895400007953867,0.0690812500276176,16.63702441714942,3,0.5,0_75_p3_h1_3_6_12_s0_50,0.75,False,False,highs
random,19,99.0047319468509,157.90832080204984,58.90358885519895,6,201,0.9980867741902189,0.018816299983882345,0.06533437494403592,-4.0137077383298845,3,0.5,0_75_p3_h1_3_6_12_s0_50,0.75,False,False,highs
random,20,112.96968943811564,156.50440140695125,43.534711968835616,6,242,0.9992873121806753,0.018357799970544875,0.06374236100883637,9.951249752934856,3,0.5,0_75_p3_h1_3_6_12_s0_50,0.75,False,False,highs
random,21,89.98196413165914,157.33637870158753,67.3544145699284,7,238,0.747678489701224,0.018791599955875427,0.06524861095790079,-13.03647555352164,3,0.5,0_75_p3_h1_3_6_12_s0_50,0.75,False,False,highs
random,22,114.3128249311763,159.31096288648638,44.99813795531008,10,239,0.9986556963158445,0.0122611000406323,0.042573264029973266,11.294385245995514,3,0.5,0_75_p3_h1_3_6_12_s0_50,0.75,False,False,highs
random,23,105.19005774894984,159.42144737358728,54.231389624637444,7,243,0.8587508581238342,0.011604199957218952,0.040292360962565804,2.17161806376906,3,0.5,0_75_p3_h1_3_6_12_s0_50,0.75,False,False,highs
random,24,101.55890056253676,159.38935993769277,57.830459375156,9,237,0.7139243040970706,0.00897930005157832,0.031178125179091392,-1.459539122644017,3,0.5,0_75_p3_h1_3_6_12_s0_50,0.75,False,False,highs
random,25,79.54498071230238,159.14807639915486,79.60309568685248,6,245,0.9964966182867174,0.008320399982039817,0.02889027771541603,-23.473458972878404,3,0.5,0_75_p3_h1_3_6_12_s0_50,0.75,False,False,highs
random,26,99.8004610102854,158.78145535934186,58.98099434905645,5,214,0.9996334727327199,0.008785900063230656,0.03050659744177311,-3.2179786748953774,3,0.5,0_75_p3_h1_3_6_12_s0_50,0.75,False,False,highs
random,27,121.47195506097142,159.3854581628729,37.913503101901476,4,261,0.9984875378185825,0.008666499954415485,0.030092013730609324,18.453515375790644,3,0.5,0_75_p3_h1_3_6_12_s0_50,0.75,False,False,highs
random,28,92.6517765742672,158.79970427703614,66.14792770276894,6,254,0.9974063840001974,0.008069099916610867,0.028017708043787733,-10.366663110913578,3,0.5,0_75_p3_h1_3_6_12_s0_50,0.75,False,False,highs
random,29,96.51183470343871,156.34355677458896,59.83172207115025,8,239,0.8188617832451242,0.008983399995486252,0.031192361095438374,-6.506604981742072,3,0.5,0_75_p3_h1_3_6_12_s0_50,0.75,False,False,highs
milp_h1,0,206.50981553395587,322.22499999999997,115.71518446604411,10,223,0.9007552953425919,3.1613832004368305,10.977025001516772,0.9048211539454201,6,0.5,0_75_p6_h1_3_6_12_s0_50,0.75,False,False,highs
milp_h1,1,209.44873154759404,321.42499999999995,111.97626845240592,7,222,0.9989470483973515,3.1688865998585243,11.003078471730987,3.8437371675835834,6,0.5,0_75_p6_h1_3_6_12_s0_50,0.75,False,False,highs
milp_h1,2,213.81284849842393,322.55,108.7371515015761,12,228,0.9981286156607098,3.2139909999386873,11.159690972009331,8.20785411841348,6,0.5,0_75_p6_h1_3_6_12_s0_50,0.75,False,False,highs
milp_h1,3,206.1846993009249,321.09999999999997,114.91530069907506,9,221,0.9979612284237462,3.315653900237521,11.512687153602505,0.5797049209144518,6,0.5,0_75_p6_h1_3_6_12_s0_50,0.75,False,False,highs
milp_h1,4,199.7165099233389,322.875,123.15849007666111,6,230,0.9989499196803572,3.1902278998459224,11.077180207798342,-5.888484456671563,6,0.5,0_75_p6_h1_3_6_12_s0_50,0.75,False,False,highs
milp_h1,5,211.68735575179255,319.17499999999995,107.4876442482074,7,244,0.08709434747631646,3.135183799575316,10.886054859636513,6.082361371782099,6,0.5,0_75_p6_h1_3_6_12_s0_50,0.75,False,False,highs
milp_h1,6,200.9530392040809,320.125,119.17196079591909,7,269,0.998329001716018,3.3383260004920885,11.591409723930862,-4.651955175929544,6,0.5,0_75_p6_h1_3_6_12_s0_50,0.75,False,False,highs
milp_h1,7,232.17133466899395,320.625,88.45366533100605,9,215,0.9989717372986363,3.1087244003720116,10.79418194573615,26.566340288983497,6,0.5,0_75_p6_h1_3_6_12_s0_50,0.75,False,False,highs
milp_h1,8,214.71668495535852,320.45,105.73331504464149,9,234,0.7879721853209878,3.1480648998986,10.930780902425694,9.111690575348064,6,0.5,0_75_p6_h1_3_6_12_s0_50,0.75,False,False,highs
milp_h1,9,187.01126346488795,321.425,134.41373653511206,10,254,0.5712312911225318,3.198638199857669,11.106382638394685,-18.593730915122507,6,0.5,0_75_p6_h1_3_6_12_s0_50,0.75,False,False,highs
milp_h1,10,171.5885810891787,322.22499999999997,150.63641891082128,12,223,0.8268369472103525,3.172490199969616,11.015590972116721,-34.016413290831764,6,0.5,0_75_p6_h1_3_6_12_s0_50,0.75,False,False,highs
milp_h1,11,204.00455253521596,320.59999999999997,116.59544746478399,11,200,0.898906606917039,3.1733241999172606,11.018486805268266,-1.6004418447944886,6,0.5,0_75_p6_h1_3_6_12_s0_50,0.75,False,False,highs
milp_h1,12,205.64412404894827,321.9,116.2558759510517,10,238,0.7429237189330699,3.18022670049686,11.042453821169651,0.039129668937817996,6,0.5,0_75_p6_h1_3_6_12_s0_50,0.75,False,False,highs
milp_h1,13,207.8111114005248,322.55,114.73888859947522,10,215,0.8718876388951038,3.1476725999673363,10.929418749886585,2.206117020514341,6,0.5,0_75_p6_h1_3_6_12_s0_50,0.75,False,False,highs
milp_h1,14,202.62862016558648,322.55,119.92137983441353,10,243,0.9994062808767666,3.1904715000709984,11.078026041913189,-2.97637421442397,6,0.5,0_75_p6_h1_3_6_12_s0_50,0.75,False,False,highs
milp_h1,15,211.90883941948414,321.75,109.84116058051586,9,218,0.9993159378250447,3.123307700152509,10.844818403307322,6.303845039473686,6,0.5,0_75_p6_h1_3_6_12_s0_50,0.75,False,False,highs
milp_h1,16,201.17241351107754,322.22499999999997,121.05258648892243,6,226,0.9977297909896772,3.3095100002828985,11.491354167648954,-4.4325808689329165,6,0.5,0_75_p6_h1_3_6_12_s0_50,0.75,False,False,highs
milp_h1,17,184.04664547840753,318.025,133.97835452159245,6,232,0.4756429106341273,3.149359300005017,10.935275347239642,-21.558348901602926,6,0.5,0_75_p6_h1_3_6_12_s0_50,0.75,False,False,highs
milp_h1,18,242.41432639211416,320.775,78.36067360788583,9,231,0.9569264968872689,3.1698827000218444,11.006537152853626,36.80933201210371,6,0.5,0_75_p6_h1_3_6_12_s0_50,0.75,False,False,highs
milp_h1,19,200.0113731622696,319.0,118.98862683773041,7,197,0.6946821332694069,3.163939600257436,10.985901389782763,-5.593621217740861,6,0.5,0_75_p6_h1_3_6_12_s0_50,0.75,False,False,highs
milp_h1,20,229.64080338329074,318.525,88.88419661670923,5,240,0.0,3.2867901997233275,11.412465971261554,24.035809003280292,6,0.5,0_75_p6_h1_3_6_12_s0_50,0.75,False,False,highs
milp_h1,21,182.05069617927074,318.375,136.32430382072926,7,237,0.9984341547022714,3.089246700052172,10.72655104184782,-23.55429820073971,6,0.5,0_75_p6_h1_3_6_12_s0_50,0.75,False,False,highs
milp_h1,22,230.99698088169094,321.9,90.90301911830902,14,232,0.9449439734068902,3.1611519001307897,10.976221875454131,25.391986501680492,6,0.5,0_75_p6_h1_3_6_12_s0_50,0.75,False,False,highs
milp_h1,23,211.5517953336239,320.625,109.07320466637611,8,239,0.6074091483015602,3.189691599953221,11.07531805539313,5.946800953613433,6,0.5,0_75_p6_h1_3_6_12_s0_50,0.75,False,False,highs
milp_h1,24,205.09832897186277,321.9,116.80167102813719,7,236,0.9969466028439598,3.1606740002462175,10.974562500854923,-0.5066654081476827,6,0.5,0_75_p6_h1_3_6_12_s0_50,0.75,False,False,highs
milp_h1,25,161.32512223720548,322.54999999999995,161.22487776279448,5,243,0.9991679461492632,3.3231212996761315,11.538615623875456,-44.279872142804976,6,0.5,0_75_p6_h1_3_6_12_s0_50,0.75,False,False,highs
milp_h1,26,202.53845277130603,322.22499999999997,119.68654722869395,15,201,0.912062787403265,3.158175899705384,10.965888540643695,-3.0665416087044264,6,0.5,0_75_p6_h1_3_6_12_s0_50,0.75,False,False,highs
milp_h1,27,245.84740812381105,322.54999999999995,76.7025918761889,7,255,0.9993194297681858,3.220744799938984,11.183141666454807,40.2424137438006,6,0.5,0_75_p6_h1_3_6_12_s0_50,0.75,False,False,highs
milp_h1,28,187.54056998987994,321.425,133.88443001012007,8,249,0.9752451814054559,3.1354997998278122,10.88715208273546,-18.06442439013051,6,0.5,0_75_p6_h1_3_6_12_s0_50,0.75,False,False,highs
milp_h1,29,197.49917346239087,319.97499999999997,122.4758265376091,9,235,0.9456896462408754,3.1005336001398973,10.76574166715242,-8.105820917619582,6,0.5,0_75_p6_h1_3_6_12_s0_50,0.75,False,False,highs
milp_h3,0,206.50981553395587,322.22499999999997,115.7151844660441,6,224,0.7038910803839072,7.103819200216094,24.666038889639214,0.9048211539454201,6,0.5,0_75_p6_h1_3_6_12_s0_50,0.75,False,False,highs
milp_h3,1,209.44873154759404,321.42499999999995,111.9762684524059,7,222,0.9970758046658829,7.6575636000488885,26.58876250016975,3.8437371675835834,6,0.5,0_75_p6_h1_3_6_12_s0_50,0.75,False,False,highs
milp_h3,2,213.81284849842388,322.54999999999995,108.7371515015761,6,232,0.9990622305649127,6.328512099949876,21.97400034704818,8.207854118413422,6,0.5,0_75_p6_h1_3_6_12_s0_50,0.75,False,False,highs
milp_h3,3,206.18469930092493,321.09999999999997,114.91530069907505,10,220,0.9972248536228429,7.021622999774991,24.380635415885383,0.5797049209144802,6,0.5,0_75_p6_h1_3_6_12_s0_50,0.75,False,False,highs
milp_h3,4,199.71650992333886,322.87499999999994,123.15849007666108,9,227,0.9998163752576341,6.5947792001243215,22.898538889320562,-5.888484456671591,6,0.5,0_75_p6_h1_3_6_12_s0_50,0.75,False,False,highs
milp_h3,5,211.68735575179255,319.17499999999995,107.48764424820739,8,243,0.8139956849116021,6.745984000066528,23.423555555786557,6.082361371782099,6,0.5,0_75_p6_h1_3_6_12_s0_50,0.75,False,False,highs
milp_h3,6,200.95303920408085,320.12499999999994,119.17196079591909,6,270,0.9985210814975692,6.267065300082322,21.760643403063618,-4.651955175929601,6,0.5,0_75_p6_h1_3_6_12_s0_50,0.75,False,False,highs
milp_h3,7,232.1713346689939,320.62499999999994,88.45366533100604,10,214,0.7537821304553073,6.6533837001770735,23.10202673672595,26.56634028898344,6,0.5,0_75_p6_h1_3_6_12_s0_50,0.75,False,False,highs
milp_h3,8,214.71668495535846,320.44999999999993,105.73331504464147,8,235,0.9958038000101769,7.687604100210592,26.69306979239789,9.111690575348007,6,0.5,0_75_p6_h1_3_6_12_s0_50,0.75,False,False,highs
milp_h3,9,187.01126346488792,321.42499999999995,134.41373653511204,10,254,0.7417472776359877,7.2407767001132015,25.14158576428195,-18.593730915122535,6,0.5,0_75_p6_h1_3_6_12_s0_50,0.75,False,False,highs
milp_h3,10,171.58858108917872,322.22499999999997,150.63641891082125,10,225,0.906706008907967,6.638265499874251,23.04953298567448,-34.016413290831736,6,0.5,0_75_p6_h1_3_6_12_s0_50,0.75,False,False,highs
milp_h3,11,204.00455253521602,320.59999999999997,116.59544746478396,9,202,0.803195348181465,7.677399500069441,26.657637153018893,-1.6004418447944317,6,0.5,0_75_p6_h1_3_6_12_s0_50,0.75,False,False,highs
milp_h3,12,205.64412404894824,321.8999999999999,116.25587595105169,9,238,0.6132479717344634,7.467806900443975,25.929885070986025,0.039129668937789575,6,0.5,0_75_p6_h1_3_6_12_s0_50,0.75,False,False,highs
milp_h3,13,207.81111140052474,322.54999999999995,114.7388885994752,6,219,0.10952005749007576,7.322167600184912,25.42419305619761,2.2061170205142844,6,0.5,0_75_p6_h1_3_6_12_s0_50,0.75,False,False,highs
milp_h3,14,202.62862016558643,322.54999999999995,119.92137983441351,7,246,0.6438975993311153,5.936671899951762,20.613444097054728,-2.976374214424027,6,0.5,0_75_p6_h1_3_6_12_s0_50,0.75,False,False,highs
milp_h3,15,211.90883941948408,321.74999999999994,109.84116058051585,9,218,0.9956860035182593,6.585655200033216,22.866858333448665,6.303845039473629,6,0.5,0_75_p6_h1_3_6_12_s0_50,0.75,False,False,highs
milp_h3,16,201.17241351107754,322.22499999999997,121.05258648892242,4,228,0.9980634557439412,6.6281515003647655,23.014414931822103,-4.4325808689329165,6,0.5,0_75_p6_h1_3_6_12_s0_50,0.75,False,False,highs
milp_h3,17,184.04664547840753,318.025,133.97835452159245,8,230,0.8937377412439249,6.400903300062055,22.225358680771024,-21.558348901602926,6,0.5,0_75_p6_h1_3_6_12_s0_50,0.75,False,False,highs
milp_h3,18,242.4143263921141,320.7749999999999,78.36067360788583,7,233,0.946220434064194,7.40562010006397,25.713958680777676,36.80933201210365,6,0.5,0_75_p6_h1_3_6_12_s0_50,0.75,False,False,highs
milp_h3,19,200.01137316226954,318.99999999999994,118.9886268377304,7,197,0.7692370732124562,6.621340300247539,22.990764931415065,-5.5936212177409175,6,0.5,0_75_p6_h1_3_6_12_s0_50,0.75,False,False,highs
milp_h3,20,229.64080338329074,318.525,88.88419661670922,6,239,0.996817888479255,6.670854400115786,23.162688889290923,24.035809003280292,6,0.5,0_75_p6_h1_3_6_12_s0_50,0.75,False,False,highs
milp_h3,21,182.05069617927072,318.37499999999994,136.32430382072923,9,233,0.8028520583985466,7.061361799918814,24.518617360829214,-23.554298200739737,6,0.5,0_75_p6_h1_3_6_12_s0_50,0.75,False,False,highs
milp_h3,22,231.61461089551443,322.87499999999994,91.2603891044855,6,240,0.9976346428145637,6.684399500198197,23.209720486799295,26.00961651550398,6,0.5,0_75_p6_h1_3_6_12_s0_50,0.75,False,False,highs
milp_h3,23,211.55179533362383,320.62499999999994,109.0732046663761,9,238,0.8855174651178964,6.565011199825676,22.795177777172487,5.946800953613376,6,0.5,0_75_p6_h1_3_6_12_s0_50,0.75,False,False,highs
milp_h3,24,205.09832897186274,321.8999999999999,116.80167102813718,6,237,0.9950448592223525,7.16039019980235,24.86246597153594,-0.5066654081477111,6,0.5,0_75_p6_h1_3_6_12_s0_50,0.75,False,False,highs
milp_h3,25,161.32512223720548,322.54999999999995,161.22487776279448,4,244,0.9997392891355312,7.839257999847177,27.219645832802698,-44.279872142804976,6,0.5,0_75_p6_h1_3_6_12_s0_50,0.75,False,False,highs
milp_h3,26,202.53845277130603,322.22499999999997,119.68654722869394,8,208,0.9983055220236985,7.648928100068588,26.558778125238153,-3.0665416087044264,6,0.5,0_75_p6_h1_3_6_12_s0_50,0.75,False,False,highs
milp_h3,27,245.84740812381105,322.54999999999995,76.7025918761889,10,252,0.9985257022778921,7.670116300287191,26.63234826488608,40.2424137438006,6,0.5,0_75_p6_h1_3_6_12_s0_50,0.75,False,False,highs
milp_h3,28,187.5405699898799,321.42499999999995,133.88443001012004,6,251,0.8436715997160086,7.614006900170352,26.437523958924835,-18.06442439013054,6,0.5,0_75_p6_h1_3_6_12_s0_50,0.75,False,False,highs
milp_h3,29,197.4991734623909,319.97499999999997,122.47582653760908,5,239,0.21413384325715762,7.444080900022527,25.84750312507822,-8.105820917619553,6,0.5,0_75_p6_h1_3_6_12_s0_50,0.75,False,False,highs
milp_h6,0,206.50981553395587,322.22499999999997,115.7151844660441,6,224,0.7779027069780963,9.56862190013635,33.22438159769566,0.9048211539454201,6,0.5,0_75_p6_h1_3_6_12_s0_50,0.75,False,False,highs
milp_h6,1,209.44873154759404,321.42499999999995,111.9762684524059,7,222,0.9970758046658829,10.119449900259497,35.136978820345476,3.8437371675835834,6,0.5,0_75_p6_h1_3_6_12_s0_50,0.75,False,False,highs
milp_h6,2,213.81284849842388,322.54999999999995,108.7371515015761,6,232,0.9990622305649127,8.419626900111325,29.234815625386545,8.207854118413422,6,0.5,0_75_p6_h1_3_6_12_s0_50,0.75,False,False,highs
milp_h6,3,206.18469930092493,321.09999999999997,114.91530069907505,11,219,0.9978357776073747,9.609818000462838,33.367423612718184,0.5797049209144802,6,0.5,0_75_p6_h1_3_6_12_s0_50,0.75,False,False,highs
milp_h6,4,199.71650992333886,322.87499999999994,123.15849007666108,9,227,0.9998163752576341,8.995638399908785,31.234855555238838,-5.888484456671591,6,0.5,0_75_p6_h1_3_6_12_s0_50,0.75,False,False,highs
milp_h6,5,211.68735575179255,319.17499999999995,107.48764424820739,8,243,0.8139956849116021,8.897097299894085,30.892698957965575,6.082361371782099,6,0.5,0_75_p6_h1_3_6_12_s0_50,0.75,False,False,highs
milp_h6,6,200.95303920408085,320.12499999999994,119.17196079591909,6,270,0.9985210814975692,8.455600399553077,29.359723609559296,-4.651955175929601,6,0.5,0_75_p6_h1_3_6_12_s0_50,0.75,False,False,highs
milp_h6,7,232.1713346689939,320.62499999999994,88.45366533100604,10,214,0.6300443410114432,8.830547600082355,30.661623611397065,26.56634028898344,6,0.5,0_75_p6_h1_3_6_12_s0_50,0.75,False,False,highs
milp_h6,8,214.71668495535846,320.44999999999993,105.73331504464147,8,235,0.9958038000101769,10.135222099837847,35.19174340221475,9.111690575348007,6,0.5,0_75_p6_h1_3_6_12_s0_50,0.75,False,False,highs
milp_h6,9,187.01126346488792,321.42499999999995,134.41373653511204,10,254,0.7417472776359877,9.631345599947963,33.442172222041535,-18.593730915122535,6,0.5,0_75_p6_h1_3_6_12_s0_50,0.75,False,False,highs
milp_h6,10,171.58858108917872,322.22499999999997,150.63641891082125,10,225,0.906706008907967,8.877773099840852,30.82560104111407,-34.016413290831736,6,0.5,0_75_p6_h1_3_6_12_s0_50,0.75,False,False,highs
milp_h6,11,204.00455253521602,320.59999999999997,116.59544746478396,9,202,0.803195348181465,9.901941599877318,34.381741666240686,-1.6004418447944317,6,0.5,0_75_p6_h1_3_6_12_s0_50,0.75,False,False,highs
milp_h6,12,205.64412404894824,321.8999999999999,116.25587595105169,9,238,0.6132479717344634,9.79033070008154,33.99420381972757,0.039129668937789575,6,0.5,0_75_p6_h1_3_6_12_s0_50,0.75,False,False,highs
milp_h6,13,207.81111140052474,322.54999999999995,114.7388885994752,6,219,0.10952005749007576,10.076369500020519,34.98739409729347,2.2061170205142844,6,0.5,0_75_p6_h1_3_6_12_s0_50,0.75,False,False,highs
milp_h6,14,202.62862016558643,322.54999999999995,119.92137983441351,7,246,0.6438975993311153,7.9556126998213585,27.62365520771305,-2.976374214424027,6,0.5,0_75_p6_h1_3_6_12_s0_50,0.75,False,False,highs
milp_h6,15,211.90883941948408,321.74999999999994,109.84116058051585,9,218,0.9948581757508749,8.987252399791032,31.205737499274417,6.303845039473629,6,0.5,0_75_p6_h1_3_6_12_s0_50,0.75,False,False,highs
milp_h6,16,201.17241351107754,322.22499999999997,121.05258648892242,4,228,0.9980634557439412,8.779317399748834,30.483740971350116,-4.4325808689329165,6,0.5,0_75_p6_h1_3_6_12_s0_50,0.75,False,False,highs
milp_h6,17,184.04664547840753,318.025,133.97835452159245,8,230,0.8937377412439249,8.796752399997786,30.544279166658978,-21.558348901602926,6,0.5,0_75_p6_h1_3_6_12_s0_50,0.75,False,False,highs
milp_h6,18,242.4143263921141,320.7749999999999,78.36067360788583,7,233,0.946220434064194,10.149051299755229,35.23976145748343,36.80933201210365,6,0.5,0_75_p6_h1_3_6_12_s0_50,0.75,False,False,highs
milp_h6,19,200.01137316226954,318.99999999999994,118.9886268377304,7,197,0.7692370732124562,8.845035600214032,30.711929167409835,-5.5936212177409175,6,0.5,0_75_p6_h1_3_6_12_s0_50,0.75,False,False,highs
milp_h6,20,229.64080338329074,318.525,88.88419661670922,6,239,0.9992458868853171,8.658374499966158,30.063800347104713,24.035809003280292,6,0.5,0_75_p6_h1_3_6_12_s0_50,0.75,False,False,highs
milp_h6,21,182.05069617927072,318.37499999999994,136.32430382072923,9,233,0.8028520583985466,9.24925550018088,32.11547048673916,-23.554298200739737,6,0.5,0_75_p6_h1_3_6_12_s0_50,0.75,False,False,highs
milp_h6,22,231.61461089551443,322.87499999999994,91.2603891044855,7,239,0.9971667125680952,9.203464499732945,31.95647395740606,26.00961651550398,6,0.5,0_75_p6_h1_3_6_12_s0_50,0.75,False,False,highs
milp_h6,23,211.55179533362383,320.62499999999994,109.0732046663761,9,238,0.8855174651178964,8.970135299634421,31.14630312373063,5.946800953613376,6,0.5,0_75_p6_h1_3_6_12_s0_50,0.75,False,False,highs
milp_h6,24,205.09832897186274,321.8999999999999,116.80167102813718,6,237,0.9950448592223525,9.348110599676147,32.45871735998662,-0.5066654081477111,6,0.5,0_75_p6_h1_3_6_12_s0_50,0.75,False,False,highs
milp_h6,25,161.32512223720548,322.54999999999995,161.22487776279448,4,244,0.9997392891355312,10.48137710042647,36.39367048759191,-44.279872142804976,6,0.5,0_75_p6_h1_3_6_12_s0_50,0.75,False,False,highs
milp_h6,26,202.53845277130603,322.22499999999997,119.68654722869394,8,208,0.9983877790177283,10.232149499875959,35.5282968745693,-3.0665416087044264,6,0.5,0_75_p6_h1_3_6_12_s0_50,0.75,False,False,highs
milp_h6,27,245.84740812381105,322.54999999999995,76.7025918761889,10,252,0.9985257022778921,10.189729799894849,35.38100624963489,40.2424137438006,6,0.5,0_75_p6_h1_3_6_12_s0_50,0.75,False,False,highs
milp_h6,28,187.5405699898799,321.42499999999995,133.88443001012004,6,251,0.8023977330577261,10.436096999648726,36.236447915446966,-18.06442439013054,6,0.5,0_75_p6_h1_3_6_12_s0_50,0.75,False,False,highs
milp_h6,29,197.4991734623909,319.97499999999997,122.47582653760908,5,239,0.21413384325715762,9.767656800075201,33.91547500026112,-8.105820917619553,6,0.5,0_75_p6_h1_3_6_12_s0_50,0.75,False,False,highs
milp_h12,0,206.50981553395587,322.22499999999997,115.7151844660441,8,222,0.7774634005181825,14.963864099845523,51.95786145779695,0.9048211539454201,6,0.5,0_75_p6_h1_3_6_12_s0_50,0.75,False,False,highs
milp_h12,1,209.44873154759404,321.42499999999995,111.9762684524059,7,222,0.995652513669443,15.647681000264129,54.33222569536156,3.8437371675835834,6,0.5,0_75_p6_h1_3_6_12_s0_50,0.75,False,False,highs
milp_h12,2,213.81284849842388,322.54999999999995,108.7371515015761,6,232,0.9990622305649127,13.093858099920908,45.46478506916982,8.207854118413422,6,0.5,0_75_p6_h1_3_6_12_s0_50,0.75,False,False,highs
milp_h12,3,206.18469930092493,321.09999999999997,114.91530069907505,11,219,0.997632664021323,14.452677299763309,50.182907290844824,0.5797049209144802,6,0.5,0_75_p6_h1_3_6_12_s0_50,0.75,False,False,highs
milp_h12,4,199.71650992333883,322.87499999999994,123.1584900766611,9,227,0.9998163752576341,13.526474400190637,46.96692500066193,-5.88848445667162,6,0.5,0_75_p6_h1_3_6_12_s0_50,0.75,False,False,highs
milp_h12,5,211.68735575179255,319.17499999999995,107.48764424820739,8,243,0.7690154592577143,13.589917000004789,47.18721180557218,6.082361371782099,6,0.5,0_75_p6_h1_3_6_12_s0_50,0.75,False,False,highs
milp_h12,6,200.95303920408088,320.12499999999994,119.17196079591908,6,270,0.9985210814975692,12.874826399987796,44.70425833329096,-4.651955175929572,6,0.5,0_75_p6_h1_3_6_12_s0_50,0.75,False,False,highs
milp_h12,7,232.1713346689939,320.62499999999994,88.45366533100604,9,215,0.8497150829817839,13.805057000019588,47.934225694512456,26.56634028898344,6,0.5,0_75_p6_h1_3_6_12_s0_50,0.75,False,False,highs
milp_h12,8,214.71668495535846,320.44999999999993,105.73331504464147,8,235,0.9958038000101769,16.14964300004067,56.07514930569677,9.111690575348007,6,0.5,0_75_p6_h1_3_6_12_s0_50,0.75,False,False,highs
milp_h12,9,187.01126346488792,321.42499999999995,134.41373653511204,10,254,0.7417472776359877,14.679151900025317,50.969277430643466,-18.593730915122535,6,0.5,0_75_p6_h1_3_6_12_s0_50,0.75,False,False,highs
milp_h12,10,171.58858108917872,322.22499999999997,150.63641891082125,10,225,0.906706008907967,13.717018200230086,47.62853541746558,-34.016413290831736,6,0.5,0_75_p6_h1_3_6_12_s0_50,0.75,False,False,highs
milp_h12,11,204.00455253521602,320.59999999999997,116.59544746478396,9,202,0.807725956400446,15.843118000164395,55.01082638945971,-1.6004418447944317,6,0.5,0_75_p6_h1_3_6_12_s0_50,0.75,False,False,highs
milp_h12,12,205.64412404894824,321.8999999999999,116.25587595105169,9,238,0.6132479717344634,15.030610200075898,52.189618750263534,0.039129668937789575,6,0.5,0_75_p6_h1_3_6_12_s0_50,0.75,False,False,highs
milp_h12,13,207.81111140052474,322.54999999999995,114.7388885994752,6,219,0.10952005749007576,15.758644099900266,54.71751423576481,2.2061170205142844,6,0.5,0_75_p6_h1_3_6_12_s0_50,0.75,False,False,highs
milp_h12,14,202.62862016558643,322.54999999999995,119.92137983441351,7,246,0.6438975993311153,12.154950799857033,42.204690277281365,-2.976374214424027,6,0.5,0_75_p6_h1_3_6_12_s0_50,0.75,False,False,highs
milp_h12,15,211.90883941948408,321.74999999999994,109.84116058051585,9,218,0.9966228629558559,14.024472699791659,48.696085763165485,6.303845039473629,6,0.5,0_75_p6_h1_3_6_12_s0_50,0.75,False,False,highs
milp_h12,16,201.17241351107754,322.22499999999997,121.05258648892242,4,228,0.9980634557439412,13.673404899804154,47.4771003465422,-4.4325808689329165,6,0.5,0_75_p6_h1_3_6_12_s0_50,0.75,False,False,highs
milp_h12,17,184.04664547840753,318.025,133.97835452159245,8,230,0.8937377412439249,13.101109500101302,45.48996354201841,-21.558348901602926,6,0.5,0_75_p6_h1_3_6_12_s0_50,0.75,False,False,highs
milp_h12,18,242.4143263921141,320.7749999999999,78.36067360788583,7,233,0.9268090681769712,15.593018299812684,54.142424652127374,36.80933201210365,6,0.5,0_75_p6_h1_3_6_12_s0_50,0.75,False,False,highs
milp_h12,19,200.01137316226954,318.99999999999994,118.9886268377304,7,197,0.7692370732124562,13.93268259963952,48.37737013763722,-5.5936212177409175,6,0.5,0_75_p6_h1_3_6_12_s0_50,0.75,False,False,highs
milp_h12,20,229.64080338329074,318.525,88.88419661670922,7,238,0.996092756608586,13.49671239987947,46.86358472180372,24.035809003280292,6,0.5,0_75_p6_h1_3_6_12_s0_50,0.75,False,False,highs
milp_h12,21,182.05069617927072,318.37499999999994,136.32430382072923,9,233,0.803169084084658,14.07386599984602,48.867590277243124,-23.554298200739737,6,0.5,0_75_p6_h1_3_6_12_s0_50,0.75,False,False,highs
milp_h12,22,231.61461089551443,322.87499999999994,91.2603891044855,7,239,0.9956775649551793,13.843263700051466,48.06688784740092,26.00961651550398,6,0.5,0_75_p6_h1_3_6_12_s0_50,0.75,False,False,highs
milp_h12,23,211.55179533362383,320.62499999999994,109.0732046663761,9,239,0.8412925051737823,13.912075300177094,48.305817014503795,5.946800953613376,6,0.5,0_75_p6_h1_3_6_12_s0_50,0.75,False,False,highs
milp_h12,24,205.09832897186274,321.8999999999999,116.80167102813718,6,237,0.9950448592223525,14.831703999981983,51.498972222159665,-0.5066654081477111,6,0.5,0_75_p6_h1_3_6_12_s0_50,0.75,False,False,highs
milp_h12,25,161.32512223720548,322.54999999999995,161.22487776279448,4,244,0.9997392891355312,16.15000279992819,56.076398610861766,-44.279872142804976,6,0.5,0_75_p6_h1_3_6_12_s0_50,0.75,False,False,highs
milp_h12,26,202.53845277130603,322.22499999999997,119.68654722869394,7,209,0.9983815033152442,15.766429200186394,54.74454583398054,-3.0665416087044264,6,0.5,0_75_p6_h1_3_6_12_s0_50,0.75,False,False,highs
milp_h12,27,245.84740812381105,322.54999999999995,76.7025918761889,10,252,0.9982984228903193,16.084314499690663,55.84831423503702,40.2424137438006,6,0.5,0_75_p6_h1_3_6_12_s0_50,0.75,False,False,highs
milp_h12,28,187.5405699898799,321.42499999999995,133.88443001012004,6,251,0.8012384003373231,16.11431130001438,55.952469791716595,-18.06442439013054,6,0.5,0_75_p6_h1_3_6_12_s0_50,0.75,False,False,highs
milp_h12,29,197.4991734623909,319.97499999999997,122.47582653760908,5,239,0.21413384325715762,16.12044750037603,55.97377604297233,-8.105820917619553,6,0.5,0_75_p6_h1_3_6_12_s0_50,0.75,False,False,highs
equal_share,0,172.289236979488,267.60304733514783,95.31381035565984,8,222,0.6864167464675395,0.0027002999850083143,0.009376041614612203,-33.31575740052244,6,0.5,0_75_p6_h1_3_6_12_s0_50,0.75,False,False,highs
equal_share,1,136.60396567145943,210.15678777992724,73.5528221084678,10,219,0.9588865341017225,0.0026773998397402465,0.009296527221320301,-69.00102870855102,6,0.5,0_75_p6_h1_3_6_12_s0_50,0.75,False,False,highs
equal_share,2,165.52986953089825,249.36237636025226,83.832506829354,6,232,0.9984367258722767,0.002736599970376119,0.009502083230472635,-40.0751248491122,6,0.5,0_75_p6_h1_3_6_12_s0_50,0.75,False,False,highs
equal_share,3,180.11369286983634,282.04170962714755,101.92801675731121,12,218,0.793236808378937,0.0026798001199495047,0.009304861527602447,-25.49130151017411,6,0.5,0_75_p6_h1_3_6_12_s0_50,0.75,False,False,highs
equal_share,4,192.47289050645068,310.5108402973706,118.0379497909199,10,226,0.9987472008568755,0.0027050997887272388,0.009392707599747356,-13.132103873559771,6,0.5,0_75_p6_h1_3_6_12_s0_50,0.75,False,False,highs
equal_share,5,195.31725577740818,294.89773644435064,99.58048066694246,12,239,0.7690416260231422,0.002683699771296233,0.009318401983667476,-10.287738602602275,6,0.5,0_75_p6_h1_3_6_12_s0_50,0.75,False,False,highs
equal_share,6,176.35346459753836,280.61552567610215,104.26206107856379,7,269,0.9976550014975332,0.0026280998426955193,0.00912534667602611,-29.25152978247209,6,0.5,0_75_p6_h1_3_6_12_s0_50,0.75,False,False,highs
equal_share,7,212.729023385424,293.39117865761386,80.66215527218988,13,211,0.9959547081091339,0.0026030996814370155,0.009038540560545193,7.124029005413547,6,0.5,0_75_p6_h1_3_6_12_s0_50,0.75,False,False,highs
equal_share,8,158.24573828580054,237.05264242082083,78.80690413502028,7,236,0.9977752631242811,0.0026849998102989048,0.009322916007982308,-47.35925609420991,6,0.5,0_75_p6_h1_3_6_12_s0_50,0.75,False,False,highs
equal_share,9,136.39586252891075,229.38803469206096,92.9921721631502,10,254,0.7396514477726219,0.002805800089845434,0.009742361423074422,-69.2091318510997,6,0.5,0_75_p6_h1_3_6_12_s0_50,0.75,False,False,highs
equal_share,10,146.6897992228697,276.982450216841,130.2926509939713,11,224,0.8862844196097743,0.002807899843901396,0.009749652235768735,-58.915195157140744,6,0.5,0_75_p6_h1_3_6_12_s0_50,0.75,False,False,highs
equal_share,11,142.8696731087984,224.17219228543843,81.30251917664002,8,204,0.848220012635571,0.0026851001603063196,0.009323264445508054,-62.73532127121206,6,0.5,0_75_p6_h1_3_6_12_s0_50,0.75,False,False,highs
equal_share,12,205.0546388377619,320.97283047908104,115.91819164131914,13,234,0.6900017389350105,0.0026180000859312713,0.009090278076150248,-0.5503555422485533,6,0.5,0_75_p6_h1_3_6_12_s0_50,0.75,False,False,highs
equal_share,13,187.42743821690135,290.53380991177664,103.10637169487528,7,218,0.7746340111612028,0.002684699749806896,0.009321874131273944,-18.177556163109102,6,0.5,0_75_p6_h1_3_6_12_s0_50,0.75,False,False,highs
equal_share,14,173.95778625556642,277.0325483441353,103.07476208856889,8,245,0.9960358201351717,0.0026807000976987183,0.009307986450342772,-31.647208124444035,6,0.5,0_75_p6_h1_3_6_12_s0_50,0.75,False,False,highs
equal_share,15,169.03183474644237,254.86375330350742,85.83191855706504,12,215,0.9974211237865113,0.002732799941441044,0.009488888685559181,-36.57315963356808,6,0.5,0_75_p6_h1_3_6_12_s0_50,0.75,False,False,highs
equal_share,16,196.41400883029678,314.5059712342255,118.09196240392873,7,225,0.994970465201773,0.0029651997901964933,0.010295832604848934,-9.190985549713673,6,0.5,0_75_p6_h1_3_6_12_s0_50,0.75,False,False,highs
equal_share,17,175.60461232143376,302.0386449152743,126.43403259384051,12,226,0.8228910161038611,0.00265019983635284,0.009202082765114028,-30.00038205857669,6,0.5,0_75_p6_h1_3_6_12_s0_50,0.75,False,False,highs
equal_share,18,241.6793385149071,319.8067677130504,78.12742919814332,12,228,0.8455364073182409,0.0026817003963515162,0.009311459709553875,36.07434413489665,6,0.5,0_75_p6_h1_3_6_12_s0_50,0.75,False,False,highs
equal_share,19,167.13254630977315,265.50055123494667,98.36800492517354,6,198,0.8153410282317054,0.0026263000909239054,0.009119097537930228,-38.472448070237306,6,0.5,0_75_p6_h1_3_6_12_s0_50,0.75,False,False,highs
equal_share,20,188.41224275875035,260.6045512687457,72.19230850999534,11,234,0.9952036261920887,0.0026207001064904034,0.009099653147536123,-17.1927516212601,6,0.5,0_75_p6_h1_3_6_12_s0_50,0.75,False,False,highs
equal_share,21,179.87172422830432,314.835904091964,134.96417986365967,18,224,0.8889466224870303,0.002573599951574579,0.008936110942967288,-25.733270151706137,6,0.5,0_75_p6_h1_3_6_12_s0_50,0.75,False,False,highs
equal_share,22,139.50311480666545,197.05889048146767,57.555775674802206,4,242,0.9964314575369636,0.002752699831034988,0.009557985524427041,-66.101879573345,6,0.5,0_75_p6_h1_3_6_12_s0_50,0.75,False,False,highs
equal_share,23,163.50479330972695,248.03479031001368,84.52999700028671,8,239,0.6066415557757773,0.002626199653604999,0.009118748797239581,-42.100201070283504,6,0.5,0_75_p6_h1_3_6_12_s0_50,0.75,False,False,highs
equal_share,24,118.15606778345756,184.7134385471512,66.55737076369365,5,238,0.9761270538831909,0.0026205000176560134,0.009098958394638935,-87.4489265965529,6,0.5,0_75_p6_h1_3_6_12_s0_50,0.75,False,False,highs
equal_share,25,128.50750408715766,257.5594486443855,129.05194455722784,7,241,0.9961503225944337,0.0026889001892413944,0.009336458990421508,-77.0974902928528,6,0.5,0_75_p6_h1_3_6_12_s0_50,0.75,False,False,highs
equal_share,26,159.36722088729732,253.42890192451307,94.06168103721573,7,209,0.9964267730928892,0.002639100333908573,0.009163542826071434,-46.23777349271313,6,0.5,0_75_p6_h1_3_6_12_s0_50,0.75,False,False,highs
equal_share,27,181.64587966672664,237.8514669376169,56.20558727089024,6,256,0.9966688013539831,0.0027007997850887477,0.009377777031558152,-23.95911471328381,6,0.5,0_75_p6_h1_3_6_12_s0_50,0.75,False,False,highs
equal_share,28,129.43746149939932,221.53903854148564,92.10157704208633,6,251,0.9686502761292071,0.0027071005024481565,0.009399654522389432,-76.16753288061113,6,0.5,0_75_p6_h1_3_6_12_s0_50,0.75,False,False,highs
equal_share,29,125.9498918925968,202.7409060903996,76.7910141978028,4,240,0.9976245090108791,0.0028879999881610274,0.010027777736670233,-79.65510248741366,6,0.5,0_75_p6_h1_3_6_12_s0_50,0.75,False,False,highs
max_charge,0,206.50981553395587,322.22499999999997,115.7151844660441,14,216,0.8031627811492368,0.0010971998854074627,0.003809721824331468,0.9048211539454201,6,0.5,0_75_p6_h1_3_6_12_s0_50,0.75,False,False,highs
max_charge,1,209.44873154759404,321.42499999999995,111.97626845240592,16,213,0.9748669137289052,0.0010957001068163663,0.0038045142597790496,3.8437371675835834,6,0.5,0_75_p6_h1_3_6_12_s0_50,0.75,False,False,highs
max_charge,2,213.81284849842388,322.54999999999995,108.7371515015761,14,225,0.9977283746733787,0.0010708000045269728,0.003718055571274211,8.207854118413422,6,0.5,0_75_p6_h1_3_6_12_s0_50,0.75,False,False,highs
max_charge,3,206.18469930092493,321.09999999999997,114.91530069907505,17,213,0.86192950830318,0.0010798003058880568,0.003749306617666864,0.5797049209144802,6,0.5,0_75_p6_h1_3_6_12_s0_50,0.75,False,False,highs
max_charge,4,199.71650992333883,322.87499999999994,123.1584900766611,12,224,0.9987472008568755,0.0010482999205123633,0.003639930279556817,-5.88848445667162,6,0.5,0_75_p6_h1_3_6_12_s0_50,0.75,False,False,highs
max_charge,5,211.68735575179255,319.17499999999995,107.48764424820739,14,238,0.8451232922725342,0.0010863003262784332,0.0037718761329112263,6.082361371782099,6,0.5,0_75_p6_h1_3_6_12_s0_50,0.75,False,False,highs
max_charge,6,200.95303920408085,320.12499999999994,119.17196079591909,10,266,0.998044610654277,0.0010495998722035438,0.003644444000706749,-4.651955175929601,6,0.5,0_75_p6_h1_3_6_12_s0_50,0.75,False,False,highs
max_charge,7,232.1713346689939,320.62499999999994,88.45366533100604,15,209,0.9959547081091339,0.0010853001731447875,0.003768403378974957,26.56634028898344,6,0.5,0_75_p6_h1_3_6_12_s0_50,0.75,False,False,highs
max_charge,8,214.71668495535846,320.44999999999993,105.73331504464149,11,232,0.9985014869175161,0.0010534999601077288,0.0036579859725962807,9.111690575348007,6,0.5,0_75_p6_h1_3_6_12_s0_50,0.75,False,False,highs
max_charge,9,187.01126346488792,321.42499999999995,134.41373653511204,18,246,0.8633119196064531,0.0011016000935342163,0.0038250003247715845,-18.593730915122535,6,0.5,0_75_p6_h1_3_6_12_s0_50,0.75,False,False,highs
max_charge,10,171.58858108917872,322.22499999999997,150.63641891082125,17,218,0.9288147264320745,0.0010447001550346613,0.0036274310938703516,-34.016413290831736,6,0.5,0_75_p6_h1_3_6_12_s0_50,0.75,False,False,highs
max_charge,11,204.004552535216,320.59999999999997,116.59544746478397,17,196,0.909272872829064,0.0011013997718691826,0.0038243047634346616,-1.6004418447944602,6,0.5,0_75_p6_h1_3_6_12_s0_50,0.75,False,False,highs
max_charge,12,205.64412404894824,321.8999999999999,116.25587595105169,13,234,0.6900017389350105,0.0010609001037664711,0.0036836809158558026,0.039129668937789575,6,0.5,0_75_p6_h1_3_6_12_s0_50,0.75,False,False,highs
max_charge,13,207.81111140052474,322.54999999999995,114.7388885994752,9,216,0.8196686992252585,0.0011205998598597944,0.003890971735624286,2.2061170205142844,6,0.5,0_75_p6_h1_3_6_12_s0_50,0.75,False,False,highs
max_charge,14,202.62862016558643,322.54999999999995,119.92137983441351,13,240,0.9980093232251362,0.0010961000516545027,0.00380590295713369,-2.976374214424027,6,0.5,0_75_p6_h1_3_6_12_s0_50,0.75,False,False,highs
max_charge,15,211.90883941948408,321.74999999999994,109.84116058051585,15,212,0.9974211237865113,0.0011085999722126871,0.0038493054590718304,6.303845039473629,6,0.5,0_75_p6_h1_3_6_12_s0_50,0.75,False,False,highs
max_charge,16,201.17241351107754,322.22499999999997,121.05258648892242,9,223,0.9971503259171217,0.0010893001744989306,0.0037822922725657313,-4.4325808689329165,6,0.5,0_75_p6_h1_3_6_12_s0_50,0.75,False,False,highs
max_charge,17,184.04664547840747,318.0249999999999,133.97835452159245,14,225,0.8665851546199221,0.0011271997645962983,0.003913888071514925,-21.558348901602983,6,0.5,0_75_p6_h1_3_6_12_s0_50,0.75,False,False,highs
max_charge,18,242.4143263921141,320.7749999999999,78.36067360788583,12,228,0.8455364073182409,0.0011324001243337989,0.0039319448761590235,36.80933201210365,6,0.5,0_75_p6_h1_3_6_12_s0_50,0.75,False,False,highs
max_charge,19,200.01137316226954,318.99999999999994,118.9886268377304,11,193,0.8836988494598875,0.0010720001009758562,0.003722222572832834,-5.5936212177409175,6,0.5,0_75_p6_h1_3_6_12_s0_50,0.75,False,False,highs
max_charge,20,229.6408033832907,318.5249999999999,88.88419661670922,14,231,0.996130683450031,0.0010443000646773726,0.003626041891240877,24.035809003280235,6,0.5,0_75_p6_h1_3_6_12_s0_50,0.75,False,False,highs
max_charge,21,182.05069617927072,318.37499999999994,136.32430382072923,19,223,0.901154604594407,0.0010889002296607941,0.003780903575211091,-23.554298200739737,6,0.5,0_75_p6_h1_3_6_12_s0_50,0.75,False,False,highs
max_charge,22,231.61461089551443,322.87499999999994,91.2603891044855,11,235,0.9979178602813771,0.0010508999112062156,0.003648958025021582,26.00961651550398,6,0.5,0_75_p6_h1_3_6_12_s0_50,0.75,False,False,highs
max_charge,23,211.55179533362383,320.62499999999994,109.0732046663761,13,234,0.8422442516551195,0.0010906000388786197,0.0037868056905507627,5.946800953613376,6,0.5,0_75_p6_h1_3_6_12_s0_50,0.75,False,False,highs
max_charge,24,205.0983289718627,321.8999999999999,116.80167102813719,18,226,0.9934613229016606,0.0010690999624785036,0.003712152647494804,-0.5066654081477395,6,0.5,0_75_p6_h1_3_6_12_s0_50,0.75,False,False,highs
max_charge,25,161.32512223720548,322.54999999999995,161.22487776279448,11,237,0.9968676942377745,0.001068099751137197,0.003708679691448601,-44.279872142804976,6,0.5,0_75_p6_h1_3_6_12_s0_50,0.75,False,False,highs
max_charge,26,202.53845277130597,322.2249999999999,119.68654722869394,12,204,0.9974741477045284,0.0010997998469974846,0.003818749468741266,-3.0665416087044832,6,0.5,0_75_p6_h1_3_6_12_s0_50,0.75,False,False,highs
max_charge,27,245.84740812381105,322.54999999999995,76.7025918761889,13,249,0.9978128652316754,0.001084500108845532,0.0037656253779358747,40.2424137438006,6,0.5,0_75_p6_h1_3_6_12_s0_50,0.75,False,False,highs
max_charge,28,187.54056998987988,321.42499999999995,133.88443001012007,13,244,0.9818717960644812,0.0010611999896354973,0.0036847221862343657,-18.06442439013057,6,0.5,0_75_p6_h1_3_6_12_s0_50,0.75,False,False,highs
max_charge,29,197.4991734623909,319.97499999999997,122.47582653760908,11,233,0.9489818728748262,0.0011270000541117042,0.003913194632332306,-8.105820917619553,6,0.5,0_75_p6_h1_3_6_12_s0_50,0.75,False,False,highs
random,0,204.4978716294118,319.0366150606319,114.53874343122008,10,220,0.719553427648928,0.010652700118953362,0.03698854207969918,-1.1071227505986485,6,0.5,0_75_p6_h1_3_6_12_s0_50,0.75,False,False,highs
random,1,207.89571694879385,318.98158016682254,111.0858632180287,12,217,0.9353700841463725,0.010261599876685068,0.035630555127378706,2.2907225687833943,6,0.5,0_75_p6_h1_3_6_12_s0_50,0.75,False,False,highs
random,2,212.10308751205386,319.96807934416927,107.86499183211541,11,227,0.9974449634503039,0.010343299887608737,0.03591423572086367,6.498093132043408,6,0.5,0_75_p6_h1_3_6_12_s0_50,0.75,False,False,highs
random,3,204.96746536857052,319.20925079290595,114.24178542433543,11,219,0.8813762667692853,0.010330900287954137,0.03587118155539631,-0.6375290114399377,6,0.5,0_75_p6_h1_3_6_12_s0_50,0.75,False,False,highs
random,4,198.53626876248705,320.99071945062764,122.4544506881406,8,228,0.9971927021805317,0.010488100000657141,0.03641701389117063,-7.068725617523398,6,0.5,0_75_p6_h1_3_6_12_s0_50,0.75,False,False,highs
random,5,210.93497435288168,318.0027198414967,107.06774548861502,14,237,0.7692297990291603,0.010082699795020744,0.035009374288266476,5.329979972871229,6,0.5,0_75_p6_h1_3_6_12_s0_50,0.75,False,False,highs
random,6,198.38513552963536,316.11615204039504,117.73101651075969,11,265,0.9976146578683559,0.010380499821621925,0.03604340215840946,-7.21985885037509,6,0.5,0_75_p6_h1_3_6_12_s0_50,0.75,False,False,highs
random,7,231.1999154131176,319.20763917771836,88.00772376460077,11,213,0.997691281663578,0.010044900234788656,0.03487812581523839,25.59492103310714,6,0.5,0_75_p6_h1_3_6_12_s0_50,0.75,False,False,highs
random,8,212.66491607792975,317.20524827605203,104.54033219812229,13,230,0.9983982847079726,0.009928999817930162,0.034475693812257506,7.059921697919293,6,0.5,0_75_p6_h1_3_6_12_s0_50,0.75,False,False,highs
random,9,186.76407988752825,321.00730293302206,134.2432230454938,15,249,0.7840726062793458,0.00995230011176318,0.034556597610288814,-18.8409144924822,6,0.5,0_75_p6_h1_3_6_12_s0_50,0.75,False,False,highs
random,10,169.77158598475526,319.1031885382402,149.33160255348494,14,221,0.9044416926042936,0.010254800348775461,0.03560694565547035,-35.83340839525519,6,0.5,0_75_p6_h1_3_6_12_s0_50,0.75,False,False,highs
random,11,202.48943968910635,318.1350658443638,115.64562615525745,14,197,0.8116708213590745,0.010159200115595013,0.035275000401371576,-3.115554690904105,6,0.5,0_75_p6_h1_3_6_12_s0_50,0.75,False,False,highs
random,12,203.90639283520142,319.32019111133377,115.41379827613237,12,235,0.6104586025307635,0.010246799647575244,0.0355791654429696,-1.698601544809037,6,0.5,0_75_p6_h1_3_6_12_s0_50,0.75,False,False,highs
random,13,206.13073628748006,319.8808950221944,113.75015873471435,8,217,0.6994050805554549,0.009843699779594317,0.03417951312359138,0.5257419074696088,6,0.5,0_75_p6_h1_3_6_12_s0_50,0.75,False,False,highs
random,14,200.93135840452766,319.8802149779302,118.94885657340258,11,242,0.7747283392565532,0.009759900014614686,0.0338885417174121,-4.673635975482796,6,0.5,0_75_p6_h1_3_6_12_s0_50,0.75,False,False,highs
random,15,210.9429786855184,320.3266967297182,109.38371804419981,11,216,0.9985317545699519,0.010181900026509538,0.03535381953649145,5.337984305507945,6,0.5,0_75_p6_h1_3_6_12_s0_50,0.75,False,False,highs
random,16,200.10652720232355,320.53461912718836,120.42809192486482,9,223,0.9993106985021564,0.010058099898742512,0.03492395798174483,-5.498467177686905,6,0.5,0_75_p6_h1_3_6_12_s0_50,0.75,False,False,highs
random,17,182.13244134709413,315.0014442945055,132.8690029474114,15,223,0.6352427697867317,0.00982210019719787,0.034104514573603716,-23.472553032916323,6,0.5,0_75_p6_h1_3_6_12_s0_50,0.75,False,False,highs
random,18,240.3065449603709,318.0349202288308,77.72837526845991,13,227,0.9641925917934032,0.009802899992791936,0.03403784719719422,34.70155058036045,6,0.5,0_75_p6_h1_3_6_12_s0_50,0.75,False,False,highs
random,19,198.34277866095778,316.31886471390885,117.97608605295109,9,195,0.8130835561631363,0.010099400067701936,0.03506736134618728,-7.262215719052676,6,0.5,0_75_p6_h1_3_6_12_s0_50,0.75,False,False,highs
random,20,228.06243776463572,316.25500480860626,88.19256704397054,11,234,0.8467216758218968,0.00998419988900423,0.03466736072570913,22.457443384625265,6,0.5,0_75_p6_h1_3_6_12_s0_50,0.75,False,False,highs
random,21,181.4041952650621,317.1964448842172,135.79224961915511,11,231,0.8700506378894591,0.010516299778828397,0.0365149297875986,-24.200799114948353,6,0.5,0_75_p6_h1_3_6_12_s0_50,0.75,False,False,highs
random,22,231.07183682529615,322.0276732143955,90.95583638909939,12,234,0.997268064835335,0.010159400175325572,0.03527569505321379,25.466842445285693,6,0.5,0_75_p6_h1_3_6_12_s0_50,0.75,False,False,highs
random,23,210.68088095183717,319.26366415923644,108.58278320739927,10,237,0.8661620142933799,0.009947100072167814,0.03453854191724935,5.0758865718267145,6,0.5,0_75_p6_h1_3_6_12_s0_50,0.75,False,False,highs
random,24,203.62826487511367,319.580292105125,115.95202723001134,9,234,0.9988694590516581,0.01024909969419241,0.03558715171594587,-1.976729504896781,6,0.5,0_75_p6_h1_3_6_12_s0_50,0.75,False,False,highs
random,25,160.1503331415977,320.35655977792646,160.20622663632875,8,240,0.0,0.010176600131671876,0.03533541712386068,-45.45466123841274,6,0.5,0_75_p6_h1_3_6_12_s0_50,0.75,False,False,highs
random,26,200.97092149857195,319.80432958560743,118.83340808703548,15,201,0.8978483511112955,0.010033800237579271,0.034839584158261355,-4.634072881438499,6,0.5,0_75_p6_h1_3_6_12_s0_50,0.75,False,False,highs
random,27,244.90700073386708,321.3134189747209,76.40641824085381,12,250,0.9950947998807281,0.010171900066779926,0.03531909745409697,39.302006353856626,6,0.5,0_75_p6_h1_3_6_12_s0_50,0.75,False,False,highs
random,28,185.97845681562865,318.8366619855177,132.85820516988906,9,248,0.9651789170567289,0.01037239984725602,0.03601527724741674,-19.626537564381806,6,0.5,0_75_p6_h1_3_6_12_s0_50,0.75,False,False,highs
random,29,196.4849303120863,318.34379542028864,121.85886510820232,10,234,0.9950339046153468,0.010273200023220852,0.035670833413961295,-9.120064067924147,6,0.5,0_75_p6_h1_3_6_12_s0_50,0.75,False,False,highs
milp_h1,0,410.7630617221196,640.8999999999999,230.1369382778803,23,203,0.8543371613511234,5.577709700271953,19.367047570388724,1.2781133895450125,12,0.5,0_75_p12_h1_3_6_12_s0_50,0.75,False,False,highs
milp_h1,1,417.56911510229105,640.7499999999999,223.18088489770884,17,206,0.9267829676890417,6.050071699952241,21.007193402611946,8.08416676971649,12,0.5,0_75_p12_h1_3_6_12_s0_50,0.75,False,False,highs
milp_h1,2,424.94708106915147,641.0499999999998,216.10291893084838,17,215,0.8756411321992966,5.628148499963572,19.542182291540183,15.462132736576905,12,0.5,0_75_p12_h1_3_6_12_s0_50,0.75,False,False,highs
milp_h1,3,410.9181785960991,639.9499999999998,229.03182140390072,18,206,0.7077414423161202,5.714069899986498,19.84052048606423,1.4332302635245355,12,0.5,0_75_p12_h1_3_6_12_s0_50,0.75,False,False,highs
milp_h1,4,398.19411983489977,643.7999999999998,245.60588016510005,29,201,0.8876642652573647,6.357333099876996,22.07407326346179,-11.290828497674795,12,0.5,0_75_p12_h1_3_6_12_s0_50,0.75,False,False,highs
milp_h1,5,422.4516028165816,636.8999999999999,214.44839718341822,33,212,0.7430287789715212,4.338685500173597,15.0648802089361,12.966654484007051,12,0.5,0_75_p12_h1_3_6_12_s0_50,0.75,False,False,highs
milp_h1,6,397.27535843849176,632.9999999999999,235.72464156150812,19,251,0.9990829401178359,4.769293200079119,16.56004583360805,-12.209589894082796,12,0.5,0_75_p12_h1_3_6_12_s0_50,0.75,False,False,highs
milp_h1,7,463.4691906670728,639.9499999999998,176.48080933292704,18,200,0.7326885596961886,5.791804600099567,20.11043263923461,53.98424233449822,12,0.5,0_75_p12_h1_3_6_12_s0_50,0.75,False,False,highs
milp_h1,8,427.0058165609836,637.0499999999998,210.04418343901628,20,217,0.7786849833971322,5.716079000238096,19.847496528604502,17.52086822840903,12,0.5,0_75_p12_h1_3_6_12_s0_50,0.75,False,False,highs
milp_h1,9,373.52663361032796,642.0499999999998,268.5233663896719,20,238,0.8089777995573743,6.392013200180372,22.19449027840407,-35.9583147222466,12,0.5,0_75_p12_h1_3_6_12_s0_50,0.75,False,False,highs
milp_h1,10,341.1096421639124,640.8999999999999,299.7903578360875,19,210,0.8210417459784777,5.5727553999458905,19.34984513870101,-68.37530616866218,12,0.5,0_75_p12_h1_3_6_12_s0_50,0.75,False,False,highs
milp_h1,11,404.16743844151495,634.9499999999999,230.78256155848499,22,183,0.8137562801595224,6.102611399721354,21.189622915699147,-5.317509891059615,12,0.5,0_75_p12_h1_3_6_12_s0_50,0.75,False,False,highs
milp_h1,12,408.767709416151,640.0999999999999,231.3322905838489,25,216,0.6047787489896924,5.7972153996815905,20.1292201377833,-0.7172389164235824,12,0.5,0_75_p12_h1_3_6_12_s0_50,0.75,False,False,highs
milp_h1,13,414.29197080930066,642.9999999999999,228.7080291906992,16,203,0.6623847149684451,5.795205699920189,20.122242013611768,4.807022476726104,12,0.5,0_75_p12_h1_3_6_12_s0_50,0.75,False,False,highs
milp_h1,14,403.92500030994404,642.9999999999999,239.07499969005582,17,230,0.7598241577619004,5.626712400116958,19.537195833739435,-5.559948022630522,12,0.5,0_75_p12_h1_3_6_12_s0_50,0.75,False,False,highs
milp_h1,15,423.34787617226436,642.8499999999999,219.50212382773552,25,196,0.8853133682747063,5.770277699950384,20.035686458161056,13.862927839689803,12,0.5,0_75_p12_h1_3_6_12_s0_50,0.75,False,False,highs
milp_h1,16,401.3204430321852,642.8499999999999,241.5295569678147,22,205,0.9810620355321892,6.007179200067185,20.85826111134439,-8.16450530038935,12,0.5,0_75_p12_h1_3_6_12_s0_50,0.75,False,False,highs
milp_h1,17,364.0265602032343,629.6499999999999,265.6234397967656,17,215,0.8795429505933253,6.119222400040599,21.247300000140967,-45.45838812934028,12,0.5,0_75_p12_h1_3_6_12_s0_50,0.75,False,False,highs
milp_h1,18,482.48255210121465,638.4999999999999,156.01744789878524,21,213,0.8974343190840097,5.734156300255563,19.910264931442928,72.99760376864009,12,0.5,0_75_p12_h1_3_6_12_s0_50,0.75,False,False,highs
milp_h1,19,397.523813009262,633.9999999999999,236.47618699073786,17,181,0.9127304383430855,6.471471499855397,22.470387152275684,-11.961135323312533,12,0.5,0_75_p12_h1_3_6_12_s0_50,0.75,False,False,highs
milp_h1,20,457.6160387486218,634.6499999999999,177.03396125137803,19,221,0.9971148880325029,5.656958799896529,19.64221805519628,48.13109041604724,12,0.5,0_75_p12_h1_3_6_12_s0_50,0.75,False,False,highs
milp_h1,21,363.71573435068126,636.0999999999999,272.38426564931865,26,210,0.8803698104144378,6.1748006997513585,21.440280207469996,-45.7692139818933,12,0.5,0_75_p12_h1_3_6_12_s0_50,0.75,False,False,highs
milp_h1,22,462.8112284461656,645.0999999999999,182.28877155383427,15,225,0.6886419204886951,6.632570799556561,23.029759720682502,53.326280113591054,12,0.5,0_75_p12_h1_3_6_12_s0_50,0.75,False,False,highs
milp_h1,23,422.2807253082592,639.9499999999998,217.6692746917406,19,222,0.9200536552713046,5.646110500121722,19.604550347644867,12.795776975684646,12,0.5,0_75_p12_h1_3_6_12_s0_50,0.75,False,False,highs
milp_h1,24,408.2568985521793,640.7499999999999,232.4931014478206,18,219,0.7519420847159767,6.145090900041396,21.33712118069929,-1.2280497803952812,12,0.5,0_75_p12_h1_3_6_12_s0_50,0.75,False,False,highs
milp_h1,25,321.85728782415384,643.6499999999999,321.792712175846,18,224,0.997610881101355,5.846556699863868,20.30054409674954,-87.62766050842072,12,0.5,0_75_p12_h1_3_6_12_s0_50,0.75,False,False,highs
milp_h1,26,403.61950554847704,642.1999999999998,238.58049445152278,16,194,0.9963860823402194,6.230836700036889,21.634849652905864,-5.8654427840975245,12,0.5,0_75_p12_h1_3_6_12_s0_50,0.75,False,False,highs
milp_h1,27,491.08156824906655,644.2999999999998,153.2184317509333,20,236,0.9406167839738275,6.384253299998818,22.16754618055145,81.59661991649199,12,0.5,0_75_p12_h1_3_6_12_s0_50,0.75,False,False,highs
milp_h1,28,372.6523819605508,638.7999999999998,266.147618039449,11,240,0.9993418833972144,5.650858300010441,19.621035763925143,-36.832566372023734,12,0.5,0_75_p12_h1_3_6_12_s0_50,0.75,False,False,highs
milp_h1,29,393.57391691207886,637.6999999999999,244.12608308792107,22,216,0.9452961518383722,5.498819899599766,19.093124651388077,-15.911031420495704,12,0.5,0_75_p12_h1_3_6_12_s0_50,0.75,False,False,highs
milp_h3,0,410.7630617221196,640.8999999999999,230.1369382778803,12,212,0.8520410226717839,16.26245779983583,56.46686736054107,1.2781133895450125,12,0.5,0_75_p12_h1_3_6_12_s0_50,0.75,False,False,highs
milp_h3,1,417.569115102291,640.7499999999999,223.18088489770886,12,211,0.878150282075533,15.93256160011515,55.32139444484427,8.084166769716433,12,0.5,0_75_p12_h1_3_6_12_s0_50,0.75,False,False,highs
milp_h3,2,424.9470810691514,641.0499999999998,216.1029189308484,13,220,0.9192025355987433,16.30121630022768,56.60144548690167,15.462132736576848,12,0.5,0_75_p12_h1_3_6_12_s0_50,0.75,False,False,highs
milp_h3,3,410.9181785960992,639.9499999999999,229.03182140390072,16,208,0.8161492165620566,16.692496900301194,57.96005868160137,1.4332302635246492,12,0.5,0_75_p12_h1_3_6_12_s0_50,0.75,False,False,highs
milp_h3,4,398.19411983489977,643.7999999999998,245.60588016510005,11,219,0.9589878018924946,16.387776500283508,56.90200173709551,-11.290828497674795,12,0.5,0_75_p12_h1_3_6_12_s0_50,0.75,False,False,highs
milp_h3,5,422.4516028165816,636.8999999999999,214.44839718341822,18,227,0.8163494511079177,16.78603199950885,58.28483333162795,12.966654484007051,12,0.5,0_75_p12_h1_3_6_12_s0_50,0.75,False,False,highs
milp_h3,6,397.27535843849176,632.9999999999999,235.72464156150812,11,259,0.9984930936407043,14.825303299701773,51.47674756840893,-12.209589894082796,12,0.5,0_75_p12_h1_3_6_12_s0_50,0.75,False,False,highs
milp_h3,7,463.4691906670729,639.9499999999999,176.48080933292704,15,203,0.778230662402029,16.234211700269952,56.368790625937336,53.98424233449833,12,0.5,0_75_p12_h1_3_6_12_s0_50,0.75,False,False,highs
milp_h3,8,427.00581656098353,637.0499999999998,210.0441834390163,13,224,0.8201752676299303,14.518520099809393,50.41152812433817,17.520868228408972,12,0.5,0_75_p12_h1_3_6_12_s0_50,0.75,False,False,highs
milp_h3,9,373.5266336103279,642.0499999999998,268.52336638967193,14,244,0.7139902650458798,15.595539300091332,54.151178125317124,-35.958314722246655,12,0.5,0_75_p12_h1_3_6_12_s0_50,0.75,False,False,highs
milp_h3,10,341.1096421639124,640.8999999999999,299.7903578360875,12,217,0.8017202761175929,16.422486899857176,57.02252395783742,-68.37530616866218,12,0.5,0_75_p12_h1_3_6_12_s0_50,0.75,False,False,highs
milp_h3,11,404.16743844151495,634.9499999999999,230.78256155848499,9,196,0.7602429255293611,15.437320099998033,53.60180590277095,-5.317509891059615,12,0.5,0_75_p12_h1_3_6_12_s0_50,0.75,False,False,highs
milp_h3,12,408.767709416151,640.0999999999999,231.3322905838489,15,226,0.6299509971941106,16.87369669994223,58.58922465257719,-0.7172389164235824,12,0.5,0_75_p12_h1_3_6_12_s0_50,0.75,False,False,highs
milp_h3,13,414.29197080930066,642.9999999999999,228.70802919069922,11,208,0.6782965958214754,15.310010999877704,53.15976041624203,4.807022476726104,12,0.5,0_75_p12_h1_3_6_12_s0_50,0.75,False,False,highs
milp_h3,14,403.9250003099441,642.9999999999999,239.0749996900558,11,236,0.9979831117584046,14.425631599791814,50.088998610388245,-5.559948022630465,12,0.5,0_75_p12_h1_3_6_12_s0_50,0.75,False,False,highs
milp_h3,15,423.34787617226436,642.8499999999999,219.50212382773555,15,206,0.6780198033713125,15.697920999897178,54.50667013853187,13.862927839689803,12,0.5,0_75_p12_h1_3_6_12_s0_50,0.75,False,False,highs
milp_h3,16,401.32044303218515,642.8499999999999,241.52955696781473,11,215,0.9977032730423399,16.164205399894854,56.12571319407935,-8.164505300389408,12,0.5,0_75_p12_h1_3_6_12_s0_50,0.75,False,False,highs
milp_h3,17,364.0265602032343,629.6499999999999,265.6234397967656,13,219,0.7835647647606361,16.096920500218403,55.89208507020279,-45.45838812934028,12,0.5,0_75_p12_h1_3_6_12_s0_50,0.75,False,False,highs
milp_h3,18,482.48255210121465,638.4999999999999,156.01744789878524,14,220,0.994351785893866,15.615273899806198,54.21970104099374,72.99760376864009,12,0.5,0_75_p12_h1_3_6_12_s0_50,0.75,False,False,highs
milp_h3,19,397.523813009262,633.9999999999999,236.47618699073786,9,189,0.8577861533354648,15.767827399889939,54.74940069406229,-11.961135323312533,12,0.5,0_75_p12_h1_3_6_12_s0_50,0.75,False,False,highs
milp_h3,20,457.6160387486218,634.6499999999999,177.03396125137803,17,222,0.8164818479522273,15.81720619997941,54.920854861039615,48.13109041604724,12,0.5,0_75_p12_h1_3_6_12_s0_50,0.75,False,False,highs
milp_h3,21,363.71573435068126,636.0999999999999,272.38426564931865,14,224,0.8464085020406465,11.838964999973541,41.10751736101924,-45.7692139818933,12,0.5,0_75_p12_h1_3_6_12_s0_50,0.75,False,False,highs
milp_h3,22,462.81122844616567,645.0999999999999,182.28877155383424,14,226,0.8563032323660904,16.36517940007616,56.82353958359777,53.32628011359111,12,0.5,0_75_p12_h1_3_6_12_s0_50,0.75,False,False,highs
milp_h3,23,422.2807253082592,639.9499999999998,217.66927469174064,13,228,0.7280611434275982,15.618125299806707,54.22960173543996,12.795776975684646,12,0.5,0_75_p12_h1_3_6_12_s0_50,0.75,False,False,highs
milp_h3,24,408.2568985521793,640.7499999999999,232.4931014478206,9,228,0.9971033756274732,15.929804100072943,55.31181979191994,-1.2280497803952812,12,0.5,0_75_p12_h1_3_6_12_s0_50,0.75,False,False,highs
milp_h3,25,321.85728782415384,643.6499999999999,321.792712175846,11,231,0.9975421043255085,16.582653700112132,57.578658680944905,-87.62766050842072,12,0.5,0_75_p12_h1_3_6_12_s0_50,0.75,False,False,highs
milp_h3,26,403.61950554847715,642.1999999999999,238.58049445152275,11,200,0.9978220934822484,13.184280299930833,45.7787510414265,-5.865442784097411,12,0.5,0_75_p12_h1_3_6_12_s0_50,0.75,False,False,highs
milp_h3,27,491.08156824906655,644.2999999999998,153.2184317509333,11,245,0.9921910010606112,17.086086100141983,59.32668784771522,81.59661991649199,12,0.5,0_75_p12_h1_3_6_12_s0_50,0.75,False,False,highs
milp_h3,28,372.6523819605508,638.7999999999998,266.147618039449,10,241,0.9985902577832876,15.441608299675863,53.616695484985634,-36.832566372023734,12,0.5,0_75_p12_h1_3_6_12_s0_50,0.75,False,False,highs
milp_h3,29,393.57391691207874,637.6999999999998,244.1260830879211,11,227,0.9983421028697005,15.885770399851026,55.15892499948273,-15.911031420495817,12,0.5,0_75_p12_h1_3_6_12_s0_50,0.75,False,False,highs
milp_h6,0,410.7630617221196,640.8999999999999,230.1369382778803,12,212,0.8520410226717839,23.122906700446038,80.28787048765986,1.2781133895450125,12,0.5,0_75_p12_h1_3_6_12_s0_50,0.75,False,False,highs
milp_h6,1,417.569115102291,640.7499999999999,223.18088489770886,12,211,0.878150282075533,24.329483300127322,84.47737256988654,8.084166769716433,12,0.5,0_75_p12_h1_3_6_12_s0_50,0.75,False,False,highs
milp_h6,2,424.9470810691514,641.0499999999998,216.1029189308484,13,220,0.9111307250710949,23.358023999724537,81.10424999904353,15.462132736576848,12,0.5,0_75_p12_h1_3_6_12_s0_50,0.75,False,False,highs
milp_h6,3,410.9181785960992,639.9499999999999,229.03182140390072,16,208,0.816149238056559,24.098298699886072,83.67464826349331,1.4332302635246492,12,0.5,0_75_p12_h1_3_6_12_s0_50,0.75,False,False,highs
milp_h6,4,398.19411983489977,643.7999999999998,245.60588016510005,11,219,0.9657898640290442,24.634531000017887,85.53656597228434,-11.290828497674795,12,0.5,0_75_p12_h1_3_6_12_s0_50,0.75,False,False,highs
milp_h6,5,422.4516028165816,636.8999999999999,214.44839718341822,18,227,0.8169260558123034,24.34614910010714,84.53523993092757,12.966654484007051,12,0.5,0_75_p12_h1_3_6_12_s0_50,0.75,False,False,highs
milp_h6,6,397.27535843849176,632.9999999999999,235.72464156150812,11,259,0.9984930936407043,21.95171309998841,76.22122604162642,-12.209589894082796,12,0.5,0_75_p12_h1_3_6_12_s0_50,0.75,False,False,highs
milp_h6,7,463.4691906670729,639.9499999999999,176.48080933292704,16,202,0.803301304545609,23.93977860020823,83.12423125072301,53.98424233449833,12,0.5,0_75_p12_h1_3_6_12_s0_50,0.75,False,False,highs
milp_h6,8,427.00581656098353,637.0499999999998,210.0441834390163,13,224,0.8204274529235658,22.06952569988789,76.63029756905517,17.520868228408972,12,0.5,0_75_p12_h1_3_6_12_s0_50,0.75,False,False,highs
milp_h6,9,373.5266336103279,642.0499999999998,268.52336638967193,14,244,0.7139902650458798,23.151858100260142,80.38839618145883,-35.958314722246655,12,0.5,0_75_p12_h1_3_6_12_s0_50,0.75,False,False,highs
milp_h6,10,341.1096421639124,640.8999999999999,299.7903578360875,12,217,0.8017202761175929,24.558651200204622,85.27309444515494,-68.37530616866218,12,0.5,0_75_p12_h1_3_6_12_s0_50,0.75,False,False,highs
milp_h6,11,404.16743844151495,634.9499999999999,230.78256155848499,9,196,0.7602429255293611,24.704084699624218,85.7780718736952,-5.317509891059615,12,0.5,0_75_p12_h1_3_6_12_s0_50,0.75,False,False,highs
milp_h6,12,408.767709416151,640.0999999999999,231.3322905838489,17,224,0.6304006638912742,24.02497110029799,83.42003854270135,-0.7172389164235824,12,0.5,0_75_p12_h1_3_6_12_s0_50,0.75,False,False,highs
milp_h6,13,414.29197080930066,642.9999999999999,228.70802919069922,11,208,0.6782965958214754,23.23297309980262,80.67004548542576,4.807022476726104,12,0.5,0_75_p12_h1_3_6_12_s0_50,0.75,False,False,highs
milp_h6,14,403.9250003099441,642.9999999999999,239.0749996900558,11,236,0.9979831117584046,23.139169400179526,80.34433819506779,-5.559948022630465,12,0.5,0_75_p12_h1_3_6_12_s0_50,0.75,False,False,highs
milp_h6,15,423.34787617226436,642.8499999999999,219.50212382773555,15,206,0.6780198033713125,20.66340390042751,71.74793020981775,13.862927839689803,12,0.5,0_75_p12_h1_3_6_12_s0_50,0.75,False,False,highs
milp_h6,16,401.32044303218515,642.8499999999999,241.52955696781473,11,215,0.9977032730423399,19.918806100235088,69.16252118137183,-8.164505300389408,12,0.5,0_75_p12_h1_3_6_12_s0_50,0.75,False,False,highs
milp_h6,17,364.0265602032343,629.6499999999999,265.6234397967656,13,219,0.7835647647606361,24.066214800288435,83.56324583433485,-45.45838812934028,12,0.5,0_75_p12_h1_3_6_12_s0_50,0.75,False,False,highs
milp_h6,18,482.48255210121465,638.4999999999999,156.01744789878524,17,217,0.995461072950359,23.42218650013092,81.32703645878792,72.99760376864009,12,0.5,0_75_p12_h1_3_6_12_s0_50,0.75,False,False,highs
milp_h6,19,397.523813009262,633.9999999999999,236.47618699073786,10,188,0.8594823257579305,22.637069400341716,78.60093541785318,-11.961135323312533,12,0.5,0_75_p12_h1_3_6_12_s0_50,0.75,False,False,highs
milp_h6,20,457.6160387486218,634.6499999999999,177.03396125137803,15,224,0.9981375311494328,20.178974599926732,70.06588402752338,48.13109041604724,12,0.5,0_75_p12_h1_3_6_12_s0_50,0.75,False,False,highs
milp_h6,21,363.71573435068126,636.0999999999999,272.38426564931865,12,224,0.8468117898081465,21.19967339988216,73.60997708292416,-45.7692139818933,12,0.5,0_75_p12_h1_3_6_12_s0_50,0.75,False,False,highs
milp_h6,22,462.81122844616567,645.0999999999999,182.28877155383424,14,226,0.877001470195319,23.146575000020675,80.37005208340513,53.32628011359111,12,0.5,0_75_p12_h1_3_6_12_s0_50,0.75,False,False,highs
milp_h6,23,422.2807253082592,639.9499999999998,217.66927469174064,13,228,0.7280611434275982,21.717909000144573,75.40940625050199,12.795776975684646,12,0.5,0_75_p12_h1_3_6_12_s0_50,0.75,False,False,highs
milp_h6,24,408.2568985521793,640.7499999999999,232.4931014478206,9,228,0.9971033756274732,19.778512499964563,68.67539062487695,-1.2280497803952812,12,0.5,0_75_p12_h1_3_6_12_s0_50,0.75,False,False,highs
milp_h6,25,321.85728782415384,643.6499999999999,321.792712175846,11,231,0.9975656083432979,23.41415060008876,81.29913402808597,-87.62766050842072,12,0.5,0_75_p12_h1_3_6_12_s0_50,0.75,False,False,highs
milp_h6,26,403.61950554847715,642.1999999999999,238.58049445152275,11,200,0.9978220934822484,20.723500000021886,71.95659722229821,-5.865442784097411,12,0.5,0_75_p12_h1_3_6_12_s0_50,0.75,False,False,highs
milp_h6,27,491.08156824906655,644.2999999999998,153.2184317509333,11,245,0.9951408807622674,23.96092330032843,83.19765034836261,81.59661991649199,12,0.5,0_75_p12_h1_3_6_12_s0_50,0.75,False,False,highs
milp_h6,28,372.6523819605508,638.7999999999998,266.147618039449,10,241,0.9985902577832876,20.09710069996072,69.78159965264139,-36.832566372023734,12,0.5,0_75_p12_h1_3_6_12_s0_50,0.75,False,False,highs
milp_h6,29,393.57391691207874,637.6999999999998,244.1260830879211,11,227,0.9983421028697005,20.522678800072754,71.25930138914151,-15.911031420495817,12,0.5,0_75_p12_h1_3_6_12_s0_50,0.75,False,False,highs
milp_h12,0,410.7630617221196,640.8999999999999,230.13693827788032,12,212,0.8503139691114968,38.80087020006613,134.72524375022962,1.2781133895450125,12,0.5,0_75_p12_h1_3_6_12_s0_50,0.75,False,False,highs
milp_h12,1,417.569115102291,640.7499999999999,223.18088489770886,12,211,0.878150282075533,40.40357799996855,140.29020138877968,8.084166769716433,12,0.5,0_75_p12_h1_3_6_12_s0_50,0.75,False,False,highs
milp_h12,2,424.9470810691514,641.0499999999998,216.1029189308484,13,220,0.9111307250710949,38.468336999823805,133.57061458272153,15.462132736576848,12,0.5,0_75_p12_h1_3_6_12_s0_50,0.75,False,False,highs
milp_h12,3,410.9181785960991,639.9499999999998,229.03182140390072,14,210,0.8568928966823837,38.6744683002471,134.28634826474686,1.4332302635245355,12,0.5,0_75_p12_h1_3_6_12_s0_50,0.75,False,False,highs
milp_h12,4,398.19411983489977,643.7999999999998,245.60588016510005,11,219,0.9594611869226535,41.711042199953226,144.83000763872647,-11.290828497674795,12,0.5,0_75_p12_h1_3_6_12_s0_50,0.75,False,False,highs
milp_h12,5,422.4516028165816,636.8999999999999,214.44839718341822,18,227,0.8164123946977715,41.04152470000554,142.50529409724146,12.966654484007051,12,0.5,0_75_p12_h1_3_6_12_s0_50,0.75,False,False,highs
milp_h12,6,397.27535843849176,632.9999999999999,235.72464156150812,11,259,0.9985089036763907,46.11137539995252,160.10894236094626,-12.209589894082796,12,0.5,0_75_p12_h1_3_6_12_s0_50,0.75,False,False,highs
milp_h12,7,463.4691906670729,639.9499999999999,176.48080933292704,13,205,0.7310728665055043,38.28691939992132,132.94069236083791,53.98424233449833,12,0.5,0_75_p12_h1_3_6_12_s0_50,0.75,False,False,highs
milp_h12,8,427.00581656098353,637.0499999999998,210.0441834390163,13,224,0.8703886706645708,38.80565660033608,134.7418631956114,17.520868228408972,12,0.5,0_75_p12_h1_3_6_12_s0_50,0.75,False,False,highs
milp_h12,9,373.5266336103279,642.0499999999998,268.52336638967193,15,243,0.6575933136522498,37.095321999921,128.80320138861458,-35.958314722246655,12,0.5,0_75_p12_h1_3_6_12_s0_50,0.75,False,False,highs
milp_h12,10,341.1096421639124,640.8999999999999,299.7903578360875,12,217,0.8017202761175929,36.99983410030836,128.47164618162626,-68.37530616866218,12,0.5,0_75_p12_h1_3_6_12_s0_50,0.75,False,False,highs
milp_h12,11,404.16743844151495,634.9499999999999,230.78256155848499,12,193,0.896679626643658,33.42162210025708,116.04729895922598,-5.317509891059615,12,0.5,0_75_p12_h1_3_6_12_s0_50,0.75,False,False,highs
milp_h12,12,408.767709416151,640.0999999999999,231.3322905838489,14,227,0.5935332912587608,35.51963950006757,123.33208159745683,-0.7172389164235824,12,0.5,0_75_p12_h1_3_6_12_s0_50,0.75,False,False,highs
milp_h12,13,414.29197080930066,642.9999999999999,228.70802919069922,11,208,0.6795306187192116,33.103603900410235,114.94306909864665,4.807022476726104,12,0.5,0_75_p12_h1_3_6_12_s0_50,0.75,False,False,highs
milp_h12,14,403.9250003099441,642.9999999999999,239.0749996900558,11,236,0.9979831117584046,33.593359100224916,116.64360798689206,-5.559948022630465,12,0.5,0_75_p12_h1_3_6_12_s0_50,0.75,False,False,highs
milp_h12,15,423.34787617226436,642.8499999999999,219.50212382773555,15,206,0.6780198033713125,34.477204500028165,119.7125156250978,13.862927839689803,12,0.5,0_75_p12_h1_3_6_12_s0_50,0.75,False,False,highs
milp_h12,16,401.3204430321852,642.8499999999999,241.5295569678147,16,210,0.77961480778782,36.0982294997375,125.34107465186632,-8.16450530038935,12,0.5,0_75_p12_h1_3_6_12_s0_50,0.75,False,False,highs
milp_h12,17,364.0265602032343,629.6499999999999,265.6234397967656,13,219,0.7282364322300362,33.311074400146026,115.6634527782848,-45.45838812934028,12,0.5,0_75_p12_h1_3_6_12_s0_50,0.75,False,False,highs
milp_h12,18,482.48255210121465,638.4999999999999,156.01744789878524,17,217,0.9953754530065841,28.592059900372988,99.27798576518398,72.99760376864009,12,0.5,0_75_p12_h1_3_6_12_s0_50,0.75,False,False,highs
milp_h12,19,397.523813009262,633.9999999999999,236.47618699073786,10,188,0.8580725980310507,30.37380109989317,105.46458715240685,-11.961135323312533,12,0.5,0_75_p12_h1_3_6_12_s0_50,0.75,False,False,highs
milp_h12,20,457.6160387486218,634.6499999999999,177.03396125137803,18,221,0.9064106604834811,52.59922340000048,182.6361923611128,48.13109041604724,12,0.5,0_75_p12_h1_3_6_12_s0_50,0.75,False,False,highs
milp_h12,21,363.71573435068126,636.0999999999999,272.38426564931865,12,224,0.8468117898081465,69.16006709993235,240.1391218747651,-45.7692139818933,12,0.5,0_75_p12_h1_3_6_12_s0_50,0.75,False,False,highs
milp_h12,22,462.81122844616567,645.0999999999999,182.28877155383424,10,230,0.8250461667899927,81.15566699983901,281.7905104161077,53.32628011359111,12,0.5,0_75_p12_h1_3_6_12_s0_50,0.75,False,False,highs
milp_h12,23,422.2807253082592,639.9499999999998,217.66927469174064,10,231,0.7621152176061975,74.13283160023275,257.40566527858596,12.795776975684646,12,0.5,0_75_p12_h1_3_6_12_s0_50,0.75,False,False,highs
milp_h12,24,408.2568985521793,640.7499999999999,232.4931014478206,9,228,0.9971033756274732,77.3102122998971,268.43823715242047,-1.2280497803952812,12,0.5,0_75_p12_h1_3_6_12_s0_50,0.75,False,False,highs
milp_h12,25,321.85728782415384,643.6499999999999,321.792712175846,11,231,0.9975195974019154,78.57456479975372,272.82834999914485,-87.62766050842072,12,0.5,0_75_p12_h1_3_6_12_s0_50,0.75,False,False,highs
milp_h12,26,403.61950554847704,642.1999999999998,238.58049445152275,11,200,0.9978220934822484,43.13461019989336,149.77295208296306,-5.8654427840975245,12,0.5,0_75_p12_h1_3_6_12_s0_50,0.75,False,False,highs
milp_h12,27,491.08156824906655,644.2999999999998,153.2184317509333,11,245,0.9954539247862554,37.19711060018744,129.1566340284286,81.59661991649199,12,0.5,0_75_p12_h1_3_6_12_s0_50,0.75,False,False,highs
milp_h12,28,372.6523819605508,638.7999999999998,266.147618039449,10,241,0.9985902577832876,35.48141899978509,123.19937152703157,-36.832566372023734,12,0.5,0_75_p12_h1_3_6_12_s0_50,0.75,False,False,highs
milp_h12,29,393.57391691207886,637.6999999999999,244.1260830879211,11,227,0.9983421028697005,35.32026749965735,122.63981770714356,-15.911031420495704,12,0.5,0_75_p12_h1_3_6_12_s0_50,0.75,False,False,highs
equal_share,0,376.54000152199103,586.3315560745061,209.79155455251512,16,208,0.774927914908999,0.005083900032332167,0.017652430667820025,-32.94494681058353,12,0.5,0_75_p12_h1_3_6_12_s0_50,0.75,False,False,highs
equal_share,1,384.94470435951723,589.7255322421397,204.78082788262248,18,205,0.9967377413637354,0.005235200107563287,0.01817777815126141,-24.54024397305733,12,0.5,0_75_p12_h1_3_6_12_s0_50,0.75,False,False,highs
equal_share,2,349.06633657055124,525.1956524270399,176.1293158564887,20,212,0.8451574662340426,0.005307899846229702,0.01843020779940869,-60.41861176202332,12,0.5,0_75_p12_h1_3_6_12_s0_50,0.75,False,False,highs
equal_share,3,370.2526260754213,579.3160550423328,209.06342896691146,14,210,0.8220899669789435,0.005354000284569338,0.018590278765865758,-39.23232225715327,12,0.5,0_75_p12_h1_3_6_12_s0_50,0.75,False,False,highs
equal_share,4,345.28871694150405,557.0259056698158,211.7371887283117,24,206,0.8912929306603212,0.005062500131316483,0.01757812545596001,-64.19623139107051,12,0.5,0_75_p12_h1_3_6_12_s0_50,0.75,False,False,highs
equal_share,5,351.5464398556634,529.3101489798679,177.76370912420452,20,225,0.7911861806271617,0.00525550008751452,0.01824826419275875,-57.93850847691118,12,0.5,0_75_p12_h1_3_6_12_s0_50,0.75,False,False,highs
equal_share,6,297.45395359303836,472.49141847912784,175.03746488608945,18,252,0.9980245068446297,0.004908500181045383,0.01704340340640758,-112.0309947395362,12,0.5,0_75_p12_h1_3_6_12_s0_50,0.75,False,False,highs
equal_share,7,370.5658381672531,507.9636012367442,137.3977630694911,14,204,0.7697506257359298,0.0050394000427331775,0.017497916815045755,-38.919110165321456,12,0.5,0_75_p12_h1_3_6_12_s0_50,0.75,False,False,highs
equal_share,8,321.11935668706104,478.4152894496625,157.29593276260147,17,220,0.7409182686078385,0.005036199989262968,0.017486805518274195,-88.36559164551352,12,0.5,0_75_p12_h1_3_6_12_s0_50,0.75,False,False,highs
equal_share,9,323.7852041930899,553.0755473737094,229.29034318061946,20,238,0.828182989740928,0.0051463000709190965,0.017869097468469083,-85.69974413948466,12,0.5,0_75_p12_h1_3_6_12_s0_50,0.75,False,False,highs
equal_share,10,306.0174108362199,575.042496524993,269.0250856887731,21,208,0.996855005521847,0.004928999813273549,0.017114582684977602,-103.46753749635468,12,0.5,0_75_p12_h1_3_6_12_s0_50,0.75,False,False,highs
equal_share,11,335.36620395697724,525.6409418623301,190.27473790535288,19,186,0.842753931000585,0.00516190001508221,0.017923263941257674,-74.11874437559732,12,0.5,0_75_p12_h1_3_6_12_s0_50,0.75,False,False,highs
equal_share,12,310.6812325341215,483.97465831397193,173.29342577985042,20,221,0.6959408091334065,0.005206499685300514,0.01807812390729345,-98.80371579845308,12,0.5,0_75_p12_h1_3_6_12_s0_50,0.75,False,False,highs
equal_share,13,363.2295111706024,562.3963292512148,199.16681808061236,18,201,0.8916325988299205,0.00508360008825548,0.01765138919533153,-46.25543716197217,12,0.5,0_75_p12_h1_3_6_12_s0_50,0.75,False,False,highs
equal_share,14,334.87287319533846,533.2363756682436,198.36350247290508,9,238,0.9974324586151112,0.005383899697335437,0.0186940961713036,-74.6120751372361,12,0.5,0_75_p12_h1_3_6_12_s0_50,0.75,False,False,highs
equal_share,15,389.32417536795384,588.5115902100705,199.18741484211665,22,199,0.5970887060756548,0.0049671004235278815,0.01724687647058292,-20.16077296462072,12,0.5,0_75_p12_h1_3_6_12_s0_50,0.75,False,False,highs
equal_share,16,318.385334286554,507.4947639406271,189.10942965407312,14,212,0.8759570366468682,0.005009200191125274,0.01739305621918498,-91.09961404602058,12,0.5,0_75_p12_h1_3_6_12_s0_50,0.75,False,False,highs
equal_share,17,310.94409527166323,531.1388846959479,220.1947894242847,16,217,0.8446851137325474,0.0049122998607344925,0.01705659673866143,-98.54085306091133,12,0.5,0_75_p12_h1_3_6_12_s0_50,0.75,False,False,highs
equal_share,18,402.4793168477239,531.4257482271418,128.94643137941785,19,215,0.9969111549895975,0.005099300004076213,0.017705902791931294,-7.005631484850653,12,0.5,0_75_p12_h1_3_6_12_s0_50,0.75,False,False,highs
equal_share,19,351.15391366089364,558.5981976339855,207.44428397309187,20,178,0.8487763613244803,0.005043400218710303,0.017511806314966332,-58.331034671680925,12,0.5,0_75_p12_h1_3_6_12_s0_50,0.75,False,False,highs
equal_share,20,440.56339552352426,610.8389758346103,170.27558031108603,26,213,0.8166515920078521,0.005302400153595954,0.018411111644430395,31.078447190949703,12,0.5,0_75_p12_h1_3_6_12_s0_50,0.75,False,False,highs
equal_share,21,346.21885199694617,606.1860029247435,259.9671509277974,24,212,0.8270821790636201,0.004871500044828281,0.01691493071120931,-63.26609633562839,12,0.5,0_75_p12_h1_3_6_12_s0_50,0.75,False,False,highs
equal_share,22,371.2259617816576,517.3508786239354,146.1249168422778,19,221,0.870036238268517,0.0053380997269414365,0.01853506849632443,-38.25898655091697,12,0.5,0_75_p12_h1_3_6_12_s0_50,0.75,False,False,highs
equal_share,23,361.4303204505788,547.6728128224978,186.242492371919,19,222,0.8659395808279604,0.005876000039279461,0.020402777914164796,-48.05462788199577,12,0.5,0_75_p12_h1_3_6_12_s0_50,0.75,False,False,highs
equal_share,24,394.2614666002188,618.5062166332503,224.24475003303152,22,215,0.907464543131463,0.00511670031119138,0.01776632052497007,-15.223481732355765,12,0.5,0_75_p12_h1_3_6_12_s0_50,0.75,False,False,highs
equal_share,25,299.8057310133804,598.1918672101797,298.38613619679927,28,214,0.9182622592357644,0.005217899946728721,0.018117708148363616,-109.67921731919415,12,0.5,0_75_p12_h1_3_6_12_s0_50,0.75,False,False,highs
equal_share,26,385.4907962427218,613.5093618292591,228.0185655865373,22,188,0.9635349965401602,0.0050922000664286315,0.01768125023065497,-23.994152089852776,12,0.5,0_75_p12_h1_3_6_12_s0_50,0.75,False,False,highs
equal_share,27,427.2489635874988,560.1100957698968,132.86113218239805,16,240,0.9979109381741154,0.005310800072038546,0.01844027802791162,17.76401525492423,12,0.5,0_75_p12_h1_3_6_12_s0_50,0.75,False,False,highs
equal_share,28,342.4226723970909,586.4322752981265,244.00960290103555,22,229,0.9953774073531921,0.004802799987373874,0.01667638884504817,-67.06227593548368,12,0.5,0_75_p12_h1_3_6_12_s0_50,0.75,False,False,highs
equal_share,29,337.117642100857,545.7460193443718,208.62837724351482,15,223,0.9960728389402332,0.004760400042869151,0.016529166815517884,-72.36730623171758,12,0.5,0_75_p12_h1_3_6_12_s0_50,0.75,False,False,highs
max_charge,0,410.7630617221196,640.8999999999999,230.13693827788032,24,200,0.8299836832254128,0.0016113000165205449,0.0055947917240296696,1.2781133895450125,12,0.5,0_75_p12_h1_3_6_12_s0_50,0.75,False,False,highs
max_charge,1,417.569115102291,640.7499999999999,223.18088489770886,24,199,0.9970256116442853,0.0016184000705834478,0.00561944468952586,8.084166769716433,12,0.5,0_75_p12_h1_3_6_12_s0_50,0.75,False,False,highs
max_charge,2,424.9470810691514,641.0499999999998,216.1029189308484,23,209,0.9120603840344638,0.0016718005354050547,0.00580486297015644,15.462132736576848,12,0.5,0_75_p12_h1_3_6_12_s0_50,0.75,False,False,highs
max_charge,3,410.9181785960992,639.9499999999999,229.03182140390075,21,203,0.8516531561987913,0.0015597993915434927,0.005415970109526016,1.4332302635246492,12,0.5,0_75_p12_h1_3_6_12_s0_50,0.75,False,False,highs
max_charge,4,398.19411983489977,643.7999999999998,245.60588016510007,29,201,0.9204574003808275,0.0015029999776743352,0.005218749922480331,-11.290828497674795,12,0.5,0_75_p12_h1_3_6_12_s0_50,0.75,False,False,highs
max_charge,5,422.4516028165816,636.8999999999999,214.44839718341825,34,212,0.8459931427917523,0.0018326998688280582,0.006363541211208535,12.966654484007051,12,0.5,0_75_p12_h1_3_6_12_s0_50,0.75,False,False,highs
max_charge,6,397.2753584384917,632.9999999999999,235.72464156150815,32,238,0.9988369113424453,0.0017310998227912933,0.006010763273580879,-12.209589894082853,12,0.5,0_75_p12_h1_3_6_12_s0_50,0.75,False,False,highs
max_charge,7,463.4691906670729,639.9499999999999,176.48080933292704,23,195,0.8527054414412347,0.0017985998129006475,0.006245138239238359,53.98424233449833,12,0.5,0_75_p12_h1_3_6_12_s0_50,0.75,False,False,highs
max_charge,8,427.00581656098353,637.0499999999998,210.0441834390163,30,207,0.8879388939438077,0.0017807000840548426,0.006182986402968204,17.520868228408972,12,0.5,0_75_p12_h1_3_6_12_s0_50,0.75,False,False,highs
max_charge,9,373.5266336103279,642.0499999999998,268.52336638967193,29,229,0.8675047852984004,0.00177650002297014,0.0061684028575352086,-35.958314722246655,12,0.5,0_75_p12_h1_3_6_12_s0_50,0.75,False,False,highs
max_charge,10,341.1096421639124,640.8999999999999,299.7903578360875,24,205,0.9972655646909576,0.0017862002132460475,0.006202084073770998,-68.37530616866218,12,0.5,0_75_p12_h1_3_6_12_s0_50,0.75,False,False,highs
max_charge,11,404.16743844151495,634.9499999999999,230.78256155848499,31,174,0.8830937841859927,0.001708599942503497,0.005932638689248254,-5.317509891059615,12,0.5,0_75_p12_h1_3_6_12_s0_50,0.75,False,False,highs
max_charge,12,408.767709416151,640.0999999999999,231.33229058384893,30,211,0.8581624752864416,0.0019349996582604945,0.006718748813404495,-0.7172389164235824,12,0.5,0_75_p12_h1_3_6_12_s0_50,0.75,False,False,highs
max_charge,13,414.29197080930066,642.9999999999999,228.70802919069922,24,196,0.9107638766760604,0.0018405995797365904,0.0063909707629742725,4.807022476726104,12,0.5,0_75_p12_h1_3_6_12_s0_50,0.75,False,False,highs
max_charge,14,403.92500030994404,642.9999999999999,239.07499969005582,19,228,0.9126886381158859,0.0017744001816026866,0.006161111741675995,-5.559948022630522,12,0.5,0_75_p12_h1_3_6_12_s0_50,0.75,False,False,highs
max_charge,15,423.34787617226436,642.8499999999999,219.50212382773555,26,195,0.6864041070992085,0.0018831000779755414,0.0065385419374150745,13.862927839689803,12,0.5,0_75_p12_h1_3_6_12_s0_50,0.75,False,False,highs
max_charge,16,401.32044303218515,642.8499999999999,241.52955696781473,22,204,0.8646153093026622,0.0017680999590083957,0.006139235968779151,-8.164505300389408,12,0.5,0_75_p12_h1_3_6_12_s0_50,0.75,False,False,highs
max_charge,17,364.0265602032342,629.6499999999999,265.62343979676564,31,202,0.7915338941004523,0.0016452001873403788,0.005712500650487427,-45.458388129340335,12,0.5,0_75_p12_h1_3_6_12_s0_50,0.75,False,False,highs
max_charge,18,482.48255210121465,638.4999999999999,156.01744789878524,33,201,0.9840488217701481,0.0017900000093504786,0.006215277810244718,72.99760376864009,12,0.5,0_75_p12_h1_3_6_12_s0_50,0.75,False,False,highs
max_charge,19,397.52381300926197,633.9999999999999,236.4761869907379,27,171,0.8834818992415676,0.0019964000093750656,0.006931944476996755,-11.96113532331259,12,0.5,0_75_p12_h1_3_6_12_s0_50,0.75,False,False,highs
max_charge,20,457.6160387486218,634.6499999999999,177.03396125137803,28,211,0.8166515920078521,0.001659399742493406,0.005761804661435437,48.13109041604724,12,0.5,0_75_p12_h1_3_6_12_s0_50,0.75,False,False,highs
max_charge,21,363.71573435068126,636.0999999999999,272.38426564931865,28,209,0.783859315768351,0.0018065003387164325,0.006272570620543168,-45.7692139818933,12,0.5,0_75_p12_h1_3_6_12_s0_50,0.75,False,False,highs
max_charge,22,462.8112284461656,645.0999999999999,182.28877155383427,28,212,0.8534519166350518,0.001888099854113534,0.006555902271227549,53.326280113591054,12,0.5,0_75_p12_h1_3_6_12_s0_50,0.75,False,False,highs
max_charge,23,422.2807253082593,639.9499999999999,217.66927469174064,27,215,0.8924810302391578,0.0017925995052792132,0.006224303837775046,12.79577697568476,12,0.5,0_75_p12_h1_3_6_12_s0_50,0.75,False,False,highs
max_charge,24,408.2568985521792,640.7499999999999,232.49310144782064,24,213,0.9167180443458347,0.0017113002249971032,0.005942014670128831,-1.228049780395338,12,0.5,0_75_p12_h1_3_6_12_s0_50,0.75,False,False,highs
max_charge,25,321.8572878241538,643.6499999999999,321.7927121758461,31,211,0.9256207020795433,0.001813799812225625,0.006297916014672309,-87.62766050842077,12,0.5,0_75_p12_h1_3_6_12_s0_50,0.75,False,False,highs
max_charge,26,403.61950554847715,642.1999999999999,238.58049445152278,24,186,0.9635349965401602,0.0019236000371165574,0.006679166795543602,-5.865442784097411,12,0.5,0_75_p12_h1_3_6_12_s0_50,0.75,False,False,highs
max_charge,27,491.08156824906655,644.2999999999998,153.2184317509333,26,231,0.9985789295482018,0.0019005000067409128,0.006598958356739281,81.59661991649199,12,0.5,0_75_p12_h1_3_6_12_s0_50,0.75,False,False,highs
max_charge,28,372.65238196055094,638.8,266.147618039449,31,220,0.9967701110961916,0.0016930997953750193,0.005878818733941039,-36.83256637202362,12,0.5,0_75_p12_h1_3_6_12_s0_50,0.75,False,False,highs
max_charge,29,393.57391691207886,637.6999999999999,244.1260830879211,23,215,0.9971550480117367,0.0017151000211015344,0.00595520840660255,-15.911031420495704,12,0.5,0_75_p12_h1_3_6_12_s0_50,0.75,False,False,highs
random,0,405.95480458943507,633.337865365331,227.38306077589598,24,200,0.7915313133960907,0.020974399958504364,0.0728277776336957,-3.53014374313949,12,0.5,0_75_p12_h1_3_6_12_s0_50,0.75,False,False,highs
random,1,415.29034346314575,637.1474647699293,221.8571213067836,24,199,0.9324821694819053,0.019815599982393906,0.0688041666055344,5.805395130571185,12,0.5,0_75_p12_h1_3_6_12_s0_50,0.75,False,False,highs
random,2,419.2174241018082,632.4025237832504,213.1850996814422,21,211,0.8427003902744169,0.02029209991451353,0.07045868025872754,9.732475769233645,12,0.5,0_75_p12_h1_3_6_12_s0_50,0.75,False,False,highs
random,3,409.26349106970724,637.3845399597382,228.1210488900309,22,202,0.7402925269319847,0.019644499785499647,0.06821006869965156,-0.22145726286731815,12,0.5,0_75_p12_h1_3_6_12_s0_50,0.75,False,False,highs
random,4,393.4900657397933,636.3959275177548,242.90586177796146,31,199,0.9015414992241534,0.02232299992465414,0.0775104164050491,-15.994882592781266,12,0.5,0_75_p12_h1_3_6_12_s0_50,0.75,False,False,highs
random,5,418.676900416718,630.970775676947,212.293875260229,28,217,0.834773765603437,0.020066700322786346,0.0696760427874526,9.191952084143452,12,0.5,0_75_p12_h1_3_6_12_s0_50,0.75,False,False,highs
random,6,392.2981201159213,625.2394768783047,232.94135676238338,21,249,0.9943013585076566,0.02023170012398623,0.07024895876384107,-17.186828216653282,12,0.5,0_75_p12_h1_3_6_12_s0_50,0.75,False,False,highs
random,7,459.9879181151738,634.8168577015218,174.82893958634807,23,195,0.7504893651752157,0.020191999821690843,0.0701111104919821,50.50296978259922,12,0.5,0_75_p12_h1_3_6_12_s0_50,0.75,False,False,highs
random,8,424.22307322862434,632.6366832624872,208.41361003386285,23,215,0.8726867456546918,0.02254290005657822,0.07827395852978548,14.738124896049783,12,0.5,0_75_p12_h1_3_6_12_s0_50,0.75,False,False,highs
random,9,367.6102367734074,632.4904037344395,264.8801669610321,21,237,0.8030133881037835,0.02198560006218031,0.07633888910479275,-41.87471155916717,12,0.5,0_75_p12_h1_3_6_12_s0_50,0.75,False,False,highs
random,10,338.52942393656554,636.469680272459,297.9402563358934,24,205,0.8118259881579681,0.019833700207527727,0.06886701460947127,-70.95552439600903,12,0.5,0_75_p12_h1_3_6_12_s0_50,0.75,False,False,highs
random,11,398.81708937072824,626.3008522471708,227.48376287644263,25,181,0.796148122659505,0.021755700086941943,0.07554062530188174,-10.66785896184632,12,0.5,0_75_p12_h1_3_6_12_s0_50,0.75,False,False,highs
random,12,404.399174746461,633.6872524413474,229.28807769488637,28,213,0.7825666613178391,0.021711099980166182,0.07538576382002146,-5.085773586113589,12,0.5,0_75_p12_h1_3_6_12_s0_50,0.75,False,False,highs
random,13,411.98206913278966,639.3534777239489,227.37140859115928,22,198,0.9178542392736909,0.021848300035344437,0.07586215290050152,2.4971208002151,12,0.5,0_75_p12_h1_3_6_12_s0_50,0.75,False,False,highs
random,14,401.43399938267794,639.0734538342166,237.63945445153868,25,222,0.6979157116656002,0.024155399936717004,0.08387291644693404,-8.050948949896622,12,0.5,0_75_p12_h1_3_6_12_s0_50,0.75,False,False,highs
random,15,421.0541087901032,639.674669012069,218.6205602219658,27,194,0.7737407132866347,0.02073360010399483,0.07199166702775983,11.569160457528653,12,0.5,0_75_p12_h1_3_6_12_s0_50,0.75,False,False,highs
random,16,394.9327001568873,632.8888499866454,237.9561498297581,23,203,0.9972755897684153,0.02251679982873611,0.07818333273866705,-14.552248175687282,12,0.5,0_75_p12_h1_3_6_12_s0_50,0.75,False,False,highs
random,17,359.89106247172083,623.1550921872224,263.2640297155016,32,200,0.8934714618474101,0.02264820007258095,0.07863958358535052,-49.59388586085373,12,0.5,0_75_p12_h1_3_6_12_s0_50,0.75,False,False,highs
random,18,478.98022948980395,633.9468774327785,154.96664794297456,26,208,0.9359745565352714,0.021001800138037652,0.07292291714596406,69.49528115722939,12,0.5,0_75_p12_h1_3_6_12_s0_50,0.75,False,False,highs
random,19,392.2298318711481,625.5801098685423,233.35027799739416,21,177,0.9433234780888945,0.019279400032246485,0.06694236122307808,-17.25511646142644,12,0.5,0_75_p12_h1_3_6_12_s0_50,0.75,False,False,highs
random,20,455.318781403957,631.3460879763608,176.02730657240372,25,214,0.8397644423119295,0.018776200158754364,0.06519513944011932,45.83383307138246,12,0.5,0_75_p12_h1_3_6_12_s0_50,0.75,False,False,highs
random,21,361.6139109160526,632.5575214188111,270.94361050275853,21,216,0.998528151081544,0.020347900048363954,0.07065243072348595,-47.87103741652197,12,0.5,0_75_p12_h1_3_6_12_s0_50,0.75,False,False,highs
random,22,458.97461119645754,639.1338734026348,180.15926220617726,23,217,0.8972829804742466,0.019998500036308542,0.06943923623718244,49.489662863882984,12,0.5,0_75_p12_h1_3_6_12_s0_50,0.75,False,False,highs
random,23,421.1412005537878,638.1497271307738,217.00852657698601,20,223,0.8801022362038777,0.019809799938229844,0.06878402756329807,11.656252221213265,12,0.5,0_75_p12_h1_3_6_12_s0_50,0.75,False,False,highs
random,24,401.8580875993101,630.6910285194488,228.83294092013867,17,220,0.9957068130387353,0.02123519979068078,0.07373333260653049,-7.6268607332644365,12,0.5,0_75_p12_h1_3_6_12_s0_50,0.75,False,False,highs
random,25,316.8198137722029,634.438668283413,317.6188545112101,22,220,0.7002707625532838,0.019369900197489187,0.06725659790794856,-92.66513456037165,12,0.5,0_75_p12_h1_3_6_12_s0_50,0.75,False,False,highs
random,26,398.3707418073219,634.0631181183679,235.69237631104605,24,186,0.9294112339603899,0.018523199891205877,0.0643166662889093,-11.114206525252655,12,0.5,0_75_p12_h1_3_6_12_s0_50,0.75,False,False,highs
random,27,489.79166192935406,642.6172793744117,152.82561744505765,20,236,0.9060967244462346,0.020272299996577203,0.07038993054367085,80.3067135967795,12,0.5,0_75_p12_h1_3_6_12_s0_50,0.75,False,False,highs
random,28,369.09977171058057,632.8759551183833,263.77618340780276,21,230,0.9968766508763001,0.021576000144705176,0.0749166671691152,-40.38517662199399,12,0.5,0_75_p12_h1_3_6_12_s0_50,0.75,False,False,highs
random,29,391.3145001924522,634.1368606350816,242.82236044262936,23,215,0.9126446106296238,0.02186400006758049,0.07591666690132115,-18.170448140122346,12,0.5,0_75_p12_h1_3_6_12_s0_50,0.75,False,False,highs
