controller,seed,net_profit,total_revenue,total_cost,served_customers,rejected_customers,mean_soc_fulfillment,total_compute_s,mean_step_ms,gap_to_best,ports,grid_cap_strain,experiment_id,tariff,bess_enabled,v2g_enabled,solver
milp_h1,0,206.08833387096723,321.575,115.48666612903277,7,226,0.997209218164327,4.34038980002515,15.070797916753994,0.5258242131274073,3,1.0,0_75_p3_h1_3_6_12,0.75,False,False,highs
milp_h1,1,209.0236748854319,320.775,111.75132511456808,8,224,0.9266320062023139,4.2660814998234855,14.812782985498213,3.461165227592062,3,1.0,0_75_p3_h1_3_6_12,0.75,False,False,highs
milp_h1,2,213.59508116195596,322.22499999999997,108.629918838044,7,234,0.9972467616108048,4.217988099931972,14.645792013652681,8.032571504116135,3,1.0,0_75_p3_h1_3_6_12,0.75,False,False,highs
milp_h1,3,205.75292596817016,320.45,114.69707403182983,9,224,0.9987592341986259,5.160392699763179,17.918030207511038,0.19041631033033468,3,1.0,0_75_p3_h1_3_6_12,0.75,False,False,highs
milp_h1,4,199.31232692797977,322.22499999999997,122.91267307202021,7,232,0.9971516417460076,6.588027399877319,22.875095138462914,-6.250182729860057,3,1.0,0_75_p3_h1_3_6_12,0.75,False,False,highs
milp_h1,5,211.4478697503606,318.84999999999997,107.40213024963934,11,243,0.9979893815875872,6.677626600008807,23.186203472252803,5.885360092520784,3,1.0,0_75_p3_h1_3_6_12,0.75,False,False,highs
milp_h1,6,200.55980220933753,319.47499999999997,118.91519779066245,9,270,0.9982641915483644,7.048695199919166,24.47463611083044,-5.002707448502292,3,1.0,0_75_p3_h1_3_6_12,0.75,False,False,highs
milp_h1,7,232.17133466899395,320.625,88.45366533100605,8,219,0.6965307305871591,6.501199400037876,22.573609027909292,26.608825011154124,3,1.0,0_75_p3_h1_3_6_12,0.75,False,False,highs
milp_h1,8,214.71668495535852,320.45,105.73331504464149,7,239,0.9370744070515914,6.554890100087505,22.76003506974828,9.154175297518691,3,1.0,0_75_p3_h1_3_6_12,0.75,False,False,highs
milp_h1,9,187.0112634648879,321.42499999999995,134.41373653511206,10,257,0.9415270558675743,6.713368600059766,23.31030763909641,-18.551246192951936,3,1.0,0_75_p3_h1_3_6_12,0.75,False,False,highs
milp_h1,10,170.75936308900512,320.59999999999997,149.84063691099485,10,228,0.9253035647993034,7.5783252001565415,26.313629167210213,-34.803146568834705,3,1.0,0_75_p3_h1_3_6_12,0.75,False,False,highs
milp_h1,11,203.57580386996267,319.95,116.3741961300373,7,207,0.8232209894612665,7.0418658000126015,24.45092291671042,-1.9867057878771561,3,1.0,0_75_p3_h1_3_6_12,0.75,False,False,highs
milp_h1,12,205.64412404894827,321.9,116.2558759510517,7,243,0.9992164180580284,4.567379400003119,15.85895625001083,0.08161439110844526,3,1.0,0_75_p3_h1_3_6_12,0.75,False,False,highs
milp_h1,13,207.6057287285725,322.22499999999997,114.61927127142746,5,223,0.9981276896561557,4.124918999877991,14.322635416243024,2.0432190707326754,3,1.0,0_75_p3_h1_3_6_12,0.75,False,False,highs
milp_h1,14,202.00501449306805,321.575,119.56998550693194,11,245,0.8858837588292723,3.357876099922578,11.659292013620062,-3.5574951647717796,3,1.0,0_75_p3_h1_3_6_12,0.75,False,False,highs
milp_h1,15,211.90883941948414,321.75,109.84116058051586,9,221,0.7939649660136578,3.2175456000841223,11.172033333625425,6.346329761644313,3,1.0,0_75_p3_h1_3_6_12,0.75,False,False,highs
milp_h1,16,201.17241351107754,322.22499999999997,121.05258648892243,6,229,0.9990052817897035,3.2890629999310477,11.42035763864947,-4.390096146762289,3,1.0,0_75_p3_h1_3_6_12,0.75,False,False,highs
milp_h1,17,183.86103148361042,317.69999999999993,133.8389685163895,7,234,0.9972423063189055,3.2616356999933487,11.325123958310238,-21.701478174229408,3,1.0,0_75_p3_h1_3_6_12,0.75,False,False,highs
milp_h1,18,241.65743172913784,319.79999999999995,78.1425682708621,8,235,0.8801345137349612,3.2349748000706313,11.232551389134137,36.094922071298015,3,1.0,0_75_p3_h1_3_6_12,0.75,False,False,highs
milp_h1,19,200.0113731622696,319.0,118.9886268377304,10,197,0.9992044224362902,3.3217724001733586,11.533931945046383,-5.551136495570233,3,1.0,0_75_p3_h1_3_6_12,0.75,False,False,highs
milp_h1,20,229.64080338329074,318.525,88.88419661670923,11,238,0.9986927215200395,3.3270947999699274,11.552412499895581,24.07829372545092,3,1.0,0_75_p3_h1_3_6_12,0.75,False,False,highs
milp_h1,21,181.4234201610088,317.4,135.97657983899117,8,237,0.9979485983877938,3.3808416000538273,11.739033333520233,-24.13908949683102,3,1.0,0_75_p3_h1_3_6_12,0.75,False,False,highs
milp_h1,22,231.6146108955145,322.875,91.26038910448551,9,240,0.8076725083498408,3.238804300126503,11.245848264328137,26.052101237674663,3,1.0,0_75_p3_h1_3_6_12,0.75,False,False,highs
milp_h1,23,211.5517953336239,320.625,109.07320466637611,11,239,0.9107948215980276,3.3010598001274047,11.462013194886822,5.9892856757840605,3,1.0,0_75_p3_h1_3_6_12,0.75,False,False,highs
milp_h1,24,204.88800196746985,321.575,116.68699803253014,10,236,0.8929746309146098,3.4928709999803687,12.128024305487392,-0.6745076903699783,3,1.0,0_75_p3_h1_3_6_12,0.75,False,False,highs
milp_h1,25,161.32512223720548,322.54999999999995,161.22487776279448,6,245,0.9982012897623769,3.8266247999854386,13.286891666616107,-44.23738742063435,3,1.0,0_75_p3_h1_3_6_12,0.75,False,False,highs
milp_h1,26,202.10456476708254,321.575,119.47043523291747,9,210,0.8034096213332306,3.3438282001006883,11.610514583682946,-3.4579448907572896,3,1.0,0_75_p3_h1_3_6_12,0.75,False,False,highs
milp_h1,27,245.3454174598058,321.9,76.55458254019419,6,259,0.9960864380896622,3.3866882998408983,11.759334374447564,39.78290780196596,3,1.0,0_75_p3_h1_3_6_12,0.75,False,False,highs
milp_h1,28,187.34334265887733,321.09999999999997,133.75665734112263,5,255,0.9965996911049922,3.3425887000048533,11.606210763905741,-18.219166998962493,3,1.0,0_75_p3_h1_3_6_12,0.75,False,False,highs
milp_h1,29,197.10917347272238,319.325,122.21582652727761,7,240,0.9971013765550532,3.4901252997951815,12.118490624288825,-8.45333618511745,3,1.0,0_75_p3_h1_3_6_12,0.75,False,False,highs
milp_h3,0,205.44464753667512,320.59999999999997,115.15535246332486,14,219,0.8388088982619897,4.958661699900404,17.2175753468764,-0.11786212116470551,3,1.0,0_75_p3_h1_3_6_12,0.75,False,False,highs
milp_h3,1,209.44873154759404,321.42499999999995,111.97626845240592,8,224,0.49459815192911133,5.46900929993717,18.98961562478184,3.8862218897542107,3,1.0,0_75_p3_h1_3_6_12,0.75,False,False,highs
milp_h3,2,213.81284849842393,322.55,108.7371515015761,6,235,0.9968856645654653,4.634432799837668,16.091780554991903,8.250338840584106,3,1.0,0_75_p3_h1_3_6_12,0.75,False,False,highs
milp_h3,3,206.18469930092493,321.09999999999997,114.91530069907505,7,226,0.9988614323107382,6.415936900055385,22.277558680747866,0.6221896430851075,3,1.0,0_75_p3_h1_3_6_12,0.75,False,False,highs
milp_h3,4,199.7165099233389,322.875,123.1584900766611,6,233,0.8582836269246363,5.512763799924869,19.14154097196135,-5.845999734500936,3,1.0,0_75_p3_h1_3_6_12,0.75,False,False,highs
milp_h3,5,211.6873557517926,319.175,107.4876442482074,12,242,0.9978899662773228,4.54255599998578,15.772763888839513,6.124846093952783,3,1.0,0_75_p3_h1_3_6_12,0.75,False,False,highs
milp_h3,6,200.9530392040809,320.125,119.17196079591909,9,270,0.9975792043781283,4.851156899909256,16.844294791351583,-4.609470453758917,3,1.0,0_75_p3_h1_3_6_12,0.75,False,False,highs
milp_h3,7,232.17133466899395,320.625,88.45366533100604,7,220,0.7696408425849078,5.387131700059399,18.705318402984023,26.608825011154124,3,1.0,0_75_p3_h1_3_6_12,0.75,False,False,highs
milp_h3,8,214.71668495535852,320.45,105.73331504464149,12,234,0.9553967707342087,5.278484500086051,18.328071180854344,9.154175297518691,3,1.0,0_75_p3_h1_3_6_12,0.75,False,False,highs
milp_h3,9,187.01126346488792,321.42499999999995,134.41373653511204,6,261,0.8575412120104131,5.764730900147697,20.01642673662395,-18.551246192951908,3,1.0,0_75_p3_h1_3_6_12,0.75,False,False,highs
milp_h3,10,171.22024774551392,321.575,150.35475225448607,12,226,0.8773316255705866,5.195768400095403,18.04086250033126,-34.34226191232591,3,1.0,0_75_p3_h1_3_6_12,0.75,False,False,highs
milp_h3,11,204.004552535216,320.59999999999997,116.59544746478397,12,202,0.6553964585673655,5.255618199968012,18.248674305444485,-1.557957122623833,3,1.0,0_75_p3_h1_3_6_12,0.75,False,False,highs
milp_h3,12,205.64412404894827,321.9,116.2558759510517,10,240,0.9987965251783721,5.422904300139635,18.829528819929287,0.08161439110844526,3,1.0,0_75_p3_h1_3_6_12,0.75,False,False,highs
milp_h3,13,207.81111140052474,322.54999999999995,114.73888859947522,7,221,0.9980766092937555,5.304562600067584,18.418620139123554,2.2486017426849116,3,1.0,0_75_p3_h1_3_6_12,0.75,False,False,highs
milp_h3,14,202.62862016558643,322.54999999999995,119.92137983441351,10,246,0.8751261597167289,5.165592399833258,17.936084721643258,-2.9338894922533996,3,1.0,0_75_p3_h1_3_6_12,0.75,False,False,highs
milp_h3,15,211.90883941948414,321.75,109.84116058051585,8,222,0.996716465488038,5.350739999936195,18.57895833311179,6.346329761644313,3,1.0,0_75_p3_h1_3_6_12,0.75,False,False,highs
milp_h3,16,201.17241351107754,322.22499999999997,121.05258648892243,8,227,0.9973230710429394,1968.4620278999791,6834.937596874927,-4.390096146762289,3,1.0,0_75_p3_h1_3_6_12,0.75,False,False,highs
milp_h3,17,184.04664547840753,318.025,133.97835452159245,9,232,0.5838705378656405,4.860319600062212,16.876109722438237,-21.5158641794323,3,1.0,0_75_p3_h1_3_6_12,0.75,False,False,highs
milp_h3,18,242.41432639211416,320.775,78.36067360788583,10,234,0.8035640719171513,5.666741100023501,19.6761843750816,36.85181673427434,3,1.0,0_75_p3_h1_3_6_12,0.75,False,False,highs
milp_h3,19,200.01137316226954,318.99999999999994,118.9886268377304,5,202,0.9992915993433429,6.845426100000623,23.768840625002163,-5.55113649557029,3,1.0,0_75_p3_h1_3_6_12,0.75,False,False,highs
milp_h3,20,229.64080338329074,318.525,88.88419661670922,11,237,0.9588149917901028,5.780492399921059,20.071154166392564,24.07829372545092,3,1.0,0_75_p3_h1_3_6_12,0.75,False,False,highs
milp_h3,21,182.05069617927072,318.37499999999994,136.32430382072923,7,238,0.9966820066502171,5.89328500010015,20.462795139236633,-23.51181347856911,3,1.0,0_75_p3_h1_3_6_12,0.75,False,False,highs
milp_h3,22,231.61461089551443,322.87499999999994,91.2603891044855,9,240,0.998002002939284,6.585221500165062,22.865352431128688,26.052101237674606,3,1.0,0_75_p3_h1_3_6_12,0.75,False,False,highs
milp_h3,23,211.5517953336239,320.625,109.0732046663761,10,240,0.8700655804988332,4.987574000100722,17.317965278127506,5.9892856757840605,3,1.0,0_75_p3_h1_3_6_12,0.75,False,False,highs
milp_h3,24,204.88800196746985,321.575,116.68699803253014,10,236,0.7750767328475426,4.946674100123346,17.175951736539396,-0.6745076903699783,3,1.0,0_75_p3_h1_3_6_12,0.75,False,False,highs
milp_h3,25,161.32512223720548,322.54999999999995,161.22487776279448,11,240,0.8671700873866698,5.26563059988257,18.283439582925592,-44.23738742063435,3,1.0,0_75_p3_h1_3_6_12,0.75,False,False,highs
milp_h3,26,202.53845277130603,322.22499999999997,119.68654722869395,8,211,0.9978895542273741,5.240870000066934,18.19746527801019,-3.024056886533799,3,1.0,0_75_p3_h1_3_6_12,0.75,False,False,highs
milp_h3,27,245.34912679394085,321.9,76.55087320605914,9,256,0.9981418921767142,5.341051899988088,18.54531909718086,39.78661713610103,3,1.0,0_75_p3_h1_3_6_12,0.75,False,False,highs
milp_h3,28,187.5405699898799,321.42499999999995,133.88443001012004,8,252,0.9966333304020967,6.118918899985147,21.24624618050398,-18.021939667959913,3,1.0,0_75_p3_h1_3_6_12,0.75,False,False,highs
milp_h3,29,197.49917346239087,319.97499999999997,122.4758265376091,8,239,0.9978631988953314,5.008707100045285,17.391344097379463,-8.063336195448954,3,1.0,0_75_p3_h1_3_6_12,0.75,False,False,highs
milp_h6,0,206.08833387096718,321.57499999999993,115.48666612903276,8,225,0.9973209229897897,7.338114399972255,25.479563888792555,0.5258242131273505,3,1.0,0_75_p3_h1_3_6_12,0.75,False,False,highs
milp_h6,1,209.44873154759404,321.42499999999995,111.97626845240592,8,224,0.49459815192911133,6.793377200228861,23.58811527857243,3.8862218897542107,3,1.0,0_75_p3_h1_3_6_12,0.75,False,False,highs
milp_h6,2,213.81284849842393,322.55,108.7371515015761,6,235,0.9968856645654653,5.738803999964148,19.92640277765329,8.250338840584106,3,1.0,0_75_p3_h1_3_6_12,0.75,False,False,highs
milp_h6,3,206.18469930092493,321.09999999999997,114.91530069907505,7,226,0.9988614323107382,7.713343699928373,26.782443402529072,0.6221896430851075,3,1.0,0_75_p3_h1_3_6_12,0.75,False,False,highs
milp_h6,4,199.7165099233389,322.875,123.1584900766611,6,233,0.8582836269246363,6.560070000094129,22.778020833660168,-5.845999734500936,3,1.0,0_75_p3_h1_3_6_12,0.75,False,False,highs
milp_h6,5,211.6873557517926,319.175,107.4876442482074,12,242,0.9978899662773228,5.789097199914977,20.101031944149227,6.124846093952783,3,1.0,0_75_p3_h1_3_6_12,0.75,False,False,highs
milp_h6,6,200.9530392040809,320.125,119.17196079591909,9,270,0.9975792043781283,5.770735099969897,20.037274652673254,-4.609470453758917,3,1.0,0_75_p3_h1_3_6_12,0.75,False,False,highs
milp_h6,7,232.17133466899395,320.625,88.45366533100604,7,220,0.7696408425849078,6.660457200137898,23.126587500478813,26.608825011154124,3,1.0,0_75_p3_h1_3_6_12,0.75,False,False,highs
milp_h6,8,214.71668495535852,320.45,105.73331504464149,12,234,0.9553967707342087,6.128479799852357,21.279443749487353,9.154175297518691,3,1.0,0_75_p3_h1_3_6_12,0.75,False,False,highs
milp_h6,9,187.01126346488792,321.42499999999995,134.41373653511204,6,261,0.8575412120104131,7.01787189982133,24.367610763268505,-18.551246192951908,3,1.0,0_75_p3_h1_3_6_12,0.75,False,False,highs
milp_h6,10,171.5885810891787,322.22499999999997,150.63641891082128,12,226,0.8311885300757503,6.397666100034257,22.214118402896727,-33.97392856866114,3,1.0,0_75_p3_h1_3_6_12,0.75,False,False,highs
milp_h6,11,204.004552535216,320.59999999999997,116.59544746478397,12,202,0.6553964585673655,6.06441589986207,21.056999652298853,-1.557957122623833,3,1.0,0_75_p3_h1_3_6_12,0.75,False,False,highs
milp_h6,12,205.64412404894827,321.9,116.2558759510517,10,240,0.9987965251783721,6.696993299978203,23.25344895825765,0.08161439110844526,3,1.0,0_75_p3_h1_3_6_12,0.75,False,False,highs
milp_h6,13,207.81111140052474,322.54999999999995,114.73888859947522,7,221,0.9980766092937555,6.232435400044778,21.640400694599926,2.2486017426849116,3,1.0,0_75_p3_h1_3_6_12,0.75,False,False,highs
milp_h6,14,202.421096838514,322.22499999999997,119.80390316148598,10,246,0.9062898057833072,6.598985699922196,22.913144791396512,-3.1414128193258364,3,1.0,0_75_p3_h1_3_6_12,0.75,False,False,highs
milp_h6,15,211.90883941948414,321.75,109.84116058051585,8,222,0.996716465488038,1784.4386297000308,6195.967464236219,6.346329761644313,3,1.0,0_75_p3_h1_3_6_12,0.75,False,False,highs
milp_h6,16,201.17241351107754,322.22499999999997,121.05258648892243,8,227,0.9973230710429394,5.338721100022667,18.53722604174537,-4.390096146762289,3,1.0,0_75_p3_h1_3_6_12,0.75,False,False,highs
milp_h6,17,184.04664547840753,318.025,133.97835452159245,9,232,0.5838705378656405,4.764976299993577,16.54505659719992,-21.5158641794323,3,1.0,0_75_p3_h1_3_6_12,0.75,False,False,highs
milp_h6,18,242.41432639211416,320.775,78.36067360788583,10,234,0.8035640719171513,5.703258399909828,19.802980555242456,36.85181673427434,3,1.0,0_75_p3_h1_3_6_12,0.75,False,False,highs
milp_h6,19,200.01137316226954,318.99999999999994,118.9886268377304,5,202,0.9992915993433429,6.456987799945637,22.420096527589017,-5.55113649557029,3,1.0,0_75_p3_h1_3_6_12,0.75,False,False,highs
milp_h6,20,229.64080338329074,318.525,88.88419661670922,11,237,0.965274988625967,5.169943499917281,17.951192708046115,24.07829372545092,3,1.0,0_75_p3_h1_3_6_12,0.75,False,False,highs
milp_h6,21,182.05069617927072,318.37499999999994,136.32430382072923,7,238,0.9966820066502171,5.629532200109679,19.546986805936385,-23.51181347856911,3,1.0,0_75_p3_h1_3_6_12,0.75,False,False,highs
milp_h6,22,231.61461089551443,322.87499999999994,91.2603891044855,9,240,0.998002002939284,6.804893899941817,23.62810381924242,26.052101237674606,3,1.0,0_75_p3_h1_3_6_12,0.75,False,False,highs
milp_h6,23,211.5517953336239,320.625,109.0732046663761,10,240,0.8948727759490069,5.510174299997743,19.132549652769942,5.9892856757840605,3,1.0,0_75_p3_h1_3_6_12,0.75,False,False,highs
milp_h6,24,204.88800196746985,321.575,116.68699803253014,10,236,0.7750767328475426,5.5766817999247,19.36347847196076,-0.6745076903699783,3,1.0,0_75_p3_h1_3_6_12,0.75,False,False,highs
milp_h6,25,161.32512223720548,322.54999999999995,161.22487776279448,11,240,0.8671700873866698,5.492243099943153,19.07028854146928,-44.23738742063435,3,1.0,0_75_p3_h1_3_6_12,0.75,False,False,highs
milp_h6,26,202.53845277130603,322.22499999999997,119.68654722869395,8,211,0.9978895542273741,6.171208199943067,21.427806249802316,-3.024056886533799,3,1.0,0_75_p3_h1_3_6_12,0.75,False,False,highs
milp_h6,27,245.34912679394085,321.9,76.55087320605914,9,256,0.9984370188035769,5.642019700069795,19.5903461807979,39.78661713610103,3,1.0,0_75_p3_h1_3_6_12,0.75,False,False,highs
milp_h6,28,187.5405699898799,321.42499999999995,133.88443001012004,8,252,0.9966333304020967,7.006325499925879,24.327519096964856,-18.021939667959913,3,1.0,0_75_p3_h1_3_6_12,0.75,False,False,highs
milp_h6,29,197.49917346239087,319.97499999999997,122.4758265376091,8,239,0.9978631988953314,5.510839800132089,19.13486041712531,-8.063336195448954,3,1.0,0_75_p3_h1_3_6_12,0.75,False,False,highs
milp_h12,0,206.08833387096718,321.57499999999993,115.48666612903276,7,226,0.9967111944440056,10.05422010019538,34.910486459011736,0.5258242131273505,3,1.0,0_75_p3_h1_3_6_12,0.75,False,False,highs
milp_h12,1,209.44873154759404,321.42499999999995,111.9762684524059,5,227,0.6389185676218602,10.623764800009667,36.888072222255786,3.8862218897542107,3,1.0,0_75_p3_h1_3_6_12,0.75,False,False,highs
milp_h12,2,213.81284849842393,322.55,108.7371515015761,6,235,0.9986063530989715,7.557855499762809,26.242553818620863,8.250338840584106,3,1.0,0_75_p3_h1_3_6_12,0.75,False,False,highs
milp_h12,3,206.18469930092493,321.09999999999997,114.91530069907505,7,226,0.9988614323107382,10.621257400067407,36.87936597245627,0.6221896430851075,3,1.0,0_75_p3_h1_3_6_12,0.75,False,False,highs
milp_h12,4,199.7165099233389,322.875,123.1584900766611,6,233,0.8582836269246363,8.022700800152961,27.856600000531117,-5.845999734500936,3,1.0,0_75_p3_h1_3_6_12,0.75,False,False,highs
milp_h12,5,211.68735575179255,319.17499999999995,107.4876442482074,11,243,0.9581983394066601,7.995935900034965,27.76366631956585,6.124846093952726,3,1.0,0_75_p3_h1_3_6_12,0.75,False,False,highs
milp_h12,6,200.9530392040809,320.125,119.17196079591909,9,270,0.9975792043781283,7.612048600116395,26.430724305959707,-4.609470453758917,3,1.0,0_75_p3_h1_3_6_12,0.75,False,False,highs
milp_h12,7,232.17133466899395,320.625,88.45366533100604,7,220,0.7696408425849078,8.357222800026648,29.01813472231475,26.608825011154124,3,1.0,0_75_p3_h1_3_6_12,0.75,False,False,highs
milp_h12,8,214.71668495535852,320.45,105.73331504464149,12,234,0.9553967707342087,7.494170400168514,26.02142500058512,9.154175297518691,3,1.0,0_75_p3_h1_3_6_12,0.75,False,False,highs
milp_h12,9,187.01126346488792,321.42499999999995,134.41373653511204,6,261,0.8575412120104131,9.370485600098618,32.53640833367576,-18.551246192951908,3,1.0,0_75_p3_h1_3_6_12,0.75,False,False,highs
milp_h12,10,171.5885810891787,322.22499999999997,150.63641891082128,8,230,0.9181464701849354,8.086193600029219,28.077061111212565,-33.97392856866114,3,1.0,0_75_p3_h1_3_6_12,0.75,False,False,highs
milp_h12,11,204.004552535216,320.59999999999997,116.59544746478397,13,201,0.7241804863216807,7.400804400007473,25.69723750002595,-1.557957122623833,3,1.0,0_75_p3_h1_3_6_12,0.75,False,False,highs
milp_h12,12,205.64412404894827,321.9,116.2558759510517,10,240,0.9933560015795184,7.2116585999319796,25.04048124976382,0.08161439110844526,3,1.0,0_75_p3_h1_3_6_12,0.75,False,False,highs
milp_h12,13,207.60848473906515,322.22499999999997,114.61651526093482,8,220,0.997932696115869,7.872097899962682,27.333673263759312,2.045975081225322,3,1.0,0_75_p3_h1_3_6_12,0.75,False,False,highs
milp_h12,14,202.421096838514,322.22499999999997,119.80390316148598,10,246,0.9062898057833072,8.220872899953974,28.544697569284633,-3.1414128193258364,3,1.0,0_75_p3_h1_3_6_12,0.75,False,False,highs
milp_h12,15,211.90883941948414,321.75,109.84116058051585,8,222,0.996716465488038,9.42157520003093,32.71380277788517,6.346329761644313,3,1.0,0_75_p3_h1_3_6_12,0.75,False,False,highs
milp_h12,16,201.17241351107754,322.22499999999997,121.05258648892243,8,228,0.9999089195378799,8.655505499991705,30.053838541637862,-4.390096146762289,3,1.0,0_75_p3_h1_3_6_12,0.75,False,False,highs
milp_h12,17,184.04664547840753,318.025,133.97835452159245,9,232,0.5838705378656405,7.331634199988912,25.457063194405944,-21.5158641794323,3,1.0,0_75_p3_h1_3_6_12,0.75,False,False,highs
milp_h12,18,242.41432639211416,320.775,78.36067360788583,10,234,0.8034264423204414,8.258108400041237,28.673987500143184,36.85181673427434,3,1.0,0_75_p3_h1_3_6_12,0.75,False,False,highs
milp_h12,19,200.01137316226954,318.99999999999994,118.9886268377304,5,202,0.9992915993433429,9.370264700002735,32.535641319453944,-5.55113649557029,3,1.0,0_75_p3_h1_3_6_12,0.75,False,False,highs
milp_h12,20,229.64080338329074,318.525,88.88419661670923,9,239,0.9486685144020233,8.204021899931831,28.48618715254108,24.07829372545092,3,1.0,0_75_p3_h1_3_6_12,0.75,False,False,highs
milp_h12,21,182.05069617927072,318.37499999999994,136.32430382072923,7,238,0.9966820066502171,8.784481999944546,30.501673610918562,-23.51181347856911,3,1.0,0_75_p3_h1_3_6_12,0.75,False,False,highs
milp_h12,22,231.61461089551443,322.87499999999994,91.2603891044855,9,240,0.998002002939284,9.80021560008754,34.02852638919285,26.052101237674606,3,1.0,0_75_p3_h1_3_6_12,0.75,False,False,highs
milp_h12,23,211.55179533362383,320.62499999999994,109.0732046663761,7,243,0.7430307557650159,9.050432100062608,31.42511145855072,5.989285675784004,3,1.0,0_75_p3_h1_3_6_12,0.75,False,False,highs
milp_h12,24,204.88800196746985,321.575,116.68699803253013,8,238,0.8225029854913805,9.202467099996284,31.953010763875984,-0.6745076903699783,3,1.0,0_75_p3_h1_3_6_12,0.75,False,False,highs
milp_h12,25,161.32512223720548,322.54999999999995,161.22487776279448,8,243,0.9964436413739025,8.68954320003104,30.172025000107777,-44.23738742063435,3,1.0,0_75_p3_h1_3_6_12,0.75,False,False,highs
milp_h12,26,202.53845277130603,322.22499999999997,119.68654722869395,8,211,0.9982266110458811,9.363735700055258,32.51297118074743,-3.024056886533799,3,1.0,0_75_p3_h1_3_6_12,0.75,False,False,highs
milp_h12,27,245.34912679394085,321.9,76.55087320605914,9,256,0.9984370188035769,7.795937099974253,27.069226041577267,39.78661713610103,3,1.0,0_75_p3_h1_3_6_12,0.75,False,False,highs
milp_h12,28,186.44310997029143,319.47499999999997,133.03189002970853,10,250,0.9979459794820313,7.645656399952713,26.547418055391365,-19.119399687548395,3,1.0,0_75_p3_h1_3_6_12,0.75,False,False,highs
milp_h12,29,197.4991734623909,319.97499999999997,122.47582653760908,8,239,0.9979295183450602,8.14226269997016,28.271745486007504,-8.063336195448926,3,1.0,0_75_p3_h1_3_6_12,0.75,False,False,highs
equal_share,0,129.67620431526865,202.10038467833814,72.42418036306951,8,225,0.9945230821795376,0.002286200164235197,0.007938195014705544,-75.88630534257118,3,1.0,0_75_p3_h1_3_6_12,0.75,False,False,highs
equal_share,1,111.32410628372946,169.75750936865808,58.43340308492862,2,230,0.6406227845783328,0.002196800021920353,0.007627777853890115,-94.23840337411036,3,1.0,0_75_p3_h1_3_6_12,0.75,False,False,highs
equal_share,2,118.67999274980178,178.76106043457986,60.08106768477808,3,238,0.9982376239275677,0.0021126001374796033,0.0073354171440264005,-86.88251690803804,3,1.0,0_75_p3_h1_3_6_12,0.75,False,False,highs
equal_share,3,165.80994758905155,260.84256701444417,95.03261942539264,7,226,0.9978373259501343,0.002115900148055516,0.007346875514081653,-39.75256206878828,3,1.0,0_75_p3_h1_3_6_12,0.75,False,False,highs
equal_share,4,97.7023165969162,155.5331143144217,57.83079771750551,2,237,0.9966434284727544,0.0021235000458545983,0.007373264048106244,-107.86019306092362,3,1.0,0_75_p3_h1_3_6_12,0.75,False,False,highs
equal_share,5,145.84772528183638,220.67447085979398,74.82674557795761,6,248,0.9980665270160616,0.002102800048305653,0.007301389056616851,-59.71478437600345,3,1.0,0_75_p3_h1_3_6_12,0.75,False,False,highs
equal_share,6,147.09179661470387,234.11087483801634,87.01907822331246,6,273,0.9969955671913019,0.0021781996765639633,0.00756319332140265,-58.47071304313596,3,1.0,0_75_p3_h1_3_6_12,0.75,False,False,highs
equal_share,7,229.97844352275916,317.57673917880345,87.5982956560443,9,218,0.8816116535195606,0.002176900001359172,0.007558680560274904,24.41593386491934,3,1.0,0_75_p3_h1_3_6_12,0.75,False,False,highs
equal_share,8,180.87816704645593,271.0851617149421,90.20699466848616,8,238,0.9980808153807884,0.0021420999546535313,0.007437847064769206,-24.684342611383897,3,1.0,0_75_p3_h1_3_6_12,0.75,False,False,highs
equal_share,9,185.5254301499588,318.80011539911044,133.27468524915164,10,257,0.7846772939730045,0.0021969000226818025,0.007628125078756259,-20.03707950788103,3,1.0,0_75_p3_h1_3_6_12,0.75,False,False,highs
equal_share,10,148.29709088668596,278.76299335141744,130.46590246473147,11,227,0.9338356262441522,0.0021601000626105815,0.007500347439620075,-57.26541877115386,3,1.0,0_75_p3_h1_3_6_12,0.75,False,False,highs
equal_share,11,147.06100454239692,231.22783602365828,84.16683148126138,6,208,0.9947447065166739,0.0020776999735971913,0.007214236019434692,-58.50150511544291,3,1.0,0_75_p3_h1_3_6_12,0.75,False,False,highs
equal_share,12,161.57107083968347,251.05477694803554,89.48370610835207,8,242,0.9959151943420026,0.0022445999056799337,0.00779374967249977,-43.991438818156354,3,1.0,0_75_p3_h1_3_6_12,0.75,False,False,highs
equal_share,13,205.2082020646654,318.47829698208426,113.27009491741887,6,222,0.9952220450507673,0.0020655999396694824,0.007172222012741258,-0.3543075931744397,3,1.0,0_75_p3_h1_3_6_12,0.75,False,False,highs
equal_share,14,200.66966749673173,319.3984618176445,118.72879432091277,12,244,0.8404143834755303,0.0021027000329922885,0.0073010417812232236,-4.892842161108092,3,1.0,0_75_p3_h1_3_6_12,0.75,False,False,highs
equal_share,15,197.84755458028354,298.73406667629513,100.88651209601159,10,220,0.9970108480290975,0.002202800053055398,0.0076486112953312434,-7.714955077556283,3,1.0,0_75_p3_h1_3_6_12,0.75,False,False,highs
equal_share,16,173.42859624087058,277.05472737379125,103.62613113292068,6,229,0.9986632602846172,0.0021057999692857265,0.007311805448908772,-32.13391341696925,3,1.0,0_75_p3_h1_3_6_12,0.75,False,False,highs
equal_share,17,155.78325534798347,265.9239743067466,110.1407189587631,7,234,0.9964993002256387,0.0020837000192841515,0.007235069511403304,-49.779254309856356,3,1.0,0_75_p3_h1_3_6_12,0.75,False,False,highs
equal_share,18,240.02294405888637,317.64102571626825,77.6180816573819,11,232,0.8795763167792285,0.00239269997109659,0.008307986010752048,34.46043440104654,3,1.0,0_75_p3_h1_3_6_12,0.75,False,False,highs
equal_share,19,111.86447950438927,176.98623255590428,65.12175305151501,1,206,0.0,0.0026083001284860075,0.009056597668354193,-93.69803015345056,3,1.0,0_75_p3_h1_3_6_12,0.75,False,False,highs
equal_share,20,220.77124882720636,305.96683068140396,85.1955818541976,12,236,0.9700005454800573,0.0021552001853706315,0.0074833339769813595,15.208739169366538,3,1.0,0_75_p3_h1_3_6_12,0.75,False,False,highs
equal_share,21,179.9234432385068,314.636468895834,134.71302565732722,9,236,0.9963342618647122,0.0021450999920489267,0.007448263861280995,-25.639066419333034,3,1.0,0_75_p3_h1_3_6_12,0.75,False,False,highs
equal_share,22,168.30058183411887,236.0663469439237,67.76576510980483,9,240,0.8663495446143976,0.0021562999609159306,0.007487152642069204,-37.26192782372095,3,1.0,0_75_p3_h1_3_6_12,0.75,False,False,highs
equal_share,23,187.73189049436854,282.371626161148,94.63973566677946,10,241,0.868617803573245,0.0021116000862093642,0.007331944743782515,-17.830619163471283,3,1.0,0_75_p3_h1_3_6_12,0.75,False,False,highs
equal_share,24,76.32805360435776,120.15142329982783,43.82336969547007,3,243,0.7330111660717463,0.002403599995886907,0.008345833319051761,-129.23445605348206,3,1.0,0_75_p3_h1_3_6_12,0.75,False,False,highs
equal_share,25,159.92990337707246,319.72476142336194,159.79485804628948,9,242,0.997987757976848,0.0021829000615980476,0.007579514102770999,-45.63260628076736,3,1.0,0_75_p3_h1_3_6_12,0.75,False,False,highs
equal_share,26,127.3990505536572,201.9622970630081,74.56324650935089,3,216,0.9981162002262349,0.0021534000406973064,0.007477083474643425,-78.16345910418262,3,1.0,0_75_p3_h1_3_6_12,0.75,False,False,highs
equal_share,27,183.58384238013883,239.95617362514844,56.37233124500961,6,259,0.9984190544786145,0.002289199983351864,0.007948611053305084,-21.978667277700993,3,1.0,0_75_p3_h1_3_6_12,0.75,False,False,highs
equal_share,28,144.871890817359,248.06590520171375,103.19401438435474,7,253,0.9971599368230762,0.0021577999723376706,0.007492361015061356,-60.69061884048082,3,1.0,0_75_p3_h1_3_6_12,0.75,False,False,highs
equal_share,29,189.53235766219643,306.72371341025655,117.1913557480601,8,239,0.9973436027659769,0.002093499933835119,0.007269096992483052,-16.030151995643394,3,1.0,0_75_p3_h1_3_6_12,0.75,False,False,highs
max_charge,0,206.50981553395576,322.22499999999985,115.71518446604408,13,220,0.9954488652558668,0.0009224999957950786,0.0032031249853995782,0.9473058761159336,3,1.0,0_75_p3_h1_3_6_12,0.75,False,False,highs
max_charge,1,209.44873154759398,321.4249999999999,111.9762684524059,11,221,0.9268824374094706,0.0008957000391092151,0.00311006958024033,3.886221889754154,3,1.0,0_75_p3_h1_3_6_12,0.75,False,False,highs
max_charge,2,213.5991718371708,322.22499999999985,108.62582816282905,7,234,0.9984183928156549,0.0009448001510463655,0.0032805560800221022,8.03666217933096,3,1.0,0_75_p3_h1_3_6_12,0.75,False,False,highs
max_charge,3,205.75292596817008,320.4499999999999,114.6970740318298,11,222,0.7782526646569141,0.000890000257641077,0.003090278672364851,0.19041631033024942,3,1.0,0_75_p3_h1_3_6_12,0.75,False,False,highs
max_charge,4,199.7165099233388,322.8749999999999,123.15849007666108,7,232,0.9969857748375461,0.000893399934284389,0.0031020831051541287,-5.845999734501021,3,1.0,0_75_p3_h1_3_6_12,0.75,False,False,highs
max_charge,5,211.68735575179252,319.1749999999999,107.48764424820737,10,244,0.998378414143515,0.0009102000040002167,0.003160416680556308,6.124846093952698,3,1.0,0_75_p3_h1_3_6_12,0.75,False,False,highs
max_charge,6,200.95303920408082,320.1249999999999,119.17196079591908,13,266,0.997153332064982,0.001076600281521678,0.003738195421950271,-4.609470453759002,3,1.0,0_75_p3_h1_3_6_12,0.75,False,False,highs
max_charge,7,232.17133466899386,320.6249999999999,88.45366533100602,9,218,0.8816116535195606,0.0009062999015441164,0.003146874658139293,26.60882501115404,3,1.0,0_75_p3_h1_3_6_12,0.75,False,False,highs
max_charge,8,214.7166849553584,320.4499999999999,105.73331504464147,11,235,0.8586881228052153,0.0009259001380996779,0.0032149310350683257,9.154175297518577,3,1.0,0_75_p3_h1_3_6_12,0.75,False,False,highs
max_charge,9,187.01126346488786,321.4249999999999,134.41373653511204,10,257,0.7846772939730045,0.0009059999429155141,0.003145833135123313,-18.551246192951965,3,1.0,0_75_p3_h1_3_6_12,0.75,False,False,highs
max_charge,10,171.5885810891786,322.22499999999985,150.63641891082125,13,225,0.9338356262441522,0.0009402998693985865,0.0032649301020784252,-33.97392856866122,3,1.0,0_75_p3_h1_3_6_12,0.75,False,False,highs
max_charge,11,204.00455253521596,320.5999999999999,116.59544746478396,10,204,0.9022886270155325,0.0009284000698244199,0.0032236113535570135,-1.5579571226238613,3,1.0,0_75_p3_h1_3_6_12,0.75,False,False,highs
max_charge,12,205.64412404894819,321.89999999999986,116.25587595105168,12,238,0.9971551239712794,0.0009268000576412305,0.003218055755698717,0.08161439110836,3,1.0,0_75_p3_h1_3_6_12,0.75,False,False,highs
max_charge,13,207.8111114005247,322.5499999999999,114.73888859947519,7,221,0.9952220450507673,0.0009126998338615522,0.0031690966453526118,2.248601742684883,3,1.0,0_75_p3_h1_3_6_12,0.75,False,False,highs
max_charge,14,202.20985549887013,321.89999999999986,119.69014450112975,12,244,0.8404143834755303,0.0011878998775500804,0.004124652352604446,-3.352654158969699,3,1.0,0_75_p3_h1_3_6_12,0.75,False,False,highs
max_charge,15,211.90883941948405,321.7499999999999,109.84116058051583,11,219,0.9974426545316666,0.0014958999963710085,0.005194097209621557,6.346329761644228,3,1.0,0_75_p3_h1_3_6_12,0.75,False,False,highs
max_charge,16,201.17241351107745,322.22499999999985,121.0525864889224,8,227,0.9980612067033654,0.001343500058283098,0.004664930757927423,-4.3900961467623745,3,1.0,0_75_p3_h1_3_6_12,0.75,False,False,highs
max_charge,17,184.04664547840744,318.02499999999986,133.97835452159242,10,232,0.996737490798618,0.0012604000075953081,0.0043763889152614865,-21.515864179432384,3,1.0,0_75_p3_h1_3_6_12,0.75,False,False,highs
max_charge,18,242.41432639211405,320.77499999999986,78.36067360788581,12,232,0.8795763167792285,0.0013040001067565754,0.004527778148460331,36.85181673427422,3,1.0,0_75_p3_h1_3_6_12,0.75,False,False,highs
max_charge,19,200.0113731622695,318.9999999999999,118.98862683773038,11,196,0.9985683377144811,0.001275999951758422,0.0044305553880500765,-5.551136495570319,3,1.0,0_75_p3_h1_3_6_12,0.75,False,False,highs
max_charge,20,229.64080338329066,318.52499999999986,88.8841966167092,13,235,0.9736623266616763,0.0012666999828070402,0.004398263829191112,24.078293725450834,3,1.0,0_75_p3_h1_3_6_12,0.75,False,False,highs
max_charge,21,182.05069617927066,318.3749999999999,136.32430382072923,9,236,0.9963342618647122,0.0013207001466071233,0.0045857643979414,-23.511813478569167,3,1.0,0_75_p3_h1_3_6_12,0.75,False,False,highs
max_charge,22,231.6146108955144,322.8749999999999,91.26038910448548,13,236,0.8884118050608579,0.001512100046966225,0.005250347385299392,26.052101237674577,3,1.0,0_75_p3_h1_3_6_12,0.75,False,False,highs
max_charge,23,211.5517953336238,320.6249999999999,109.07320466637609,12,239,0.8948335093799965,0.0012762999685946852,0.00443159711317599,5.989285675783975,3,1.0,0_75_p3_h1_3_6_12,0.75,False,False,highs
max_charge,24,204.88800196746976,321.5749999999999,116.68699803253011,10,236,0.9098346035409576,0.0015087999636307359,0.005238888762606721,-0.6745076903700635,3,1.0,0_75_p3_h1_3_6_12,0.75,False,False,highs
max_charge,25,161.32512223720545,322.5499999999999,161.22487776279445,9,242,0.997987757976848,0.0013472000719048083,0.004677778027447251,-44.23738742063438,3,1.0,0_75_p3_h1_3_6_12,0.75,False,False,highs
max_charge,26,202.5384527713059,322.22499999999985,119.68654722869393,9,210,0.9978946464489683,0.0017504001589259133,0.006077778329603866,-3.024056886533913,3,1.0,0_75_p3_h1_3_6_12,0.75,False,False,highs
max_charge,27,245.84740812381102,322.5499999999999,76.70259187618889,10,255,0.9985811031767753,0.0022709998447680846,0.00788541612766696,40.284898465971196,3,1.0,0_75_p3_h1_3_6_12,0.75,False,False,highs
max_charge,28,187.54056998987986,321.4249999999999,133.88443001012004,10,250,0.9971599368230762,0.0014208999054972082,0.004933680227420862,-18.02193966795997,3,1.0,0_75_p3_h1_3_6_12,0.75,False,False,highs
max_charge,29,197.4991734623908,319.97499999999985,122.47582653760907,9,238,0.9979836472733054,0.0012472001690184698,0.004330556142425242,-8.06333619544904,3,1.0,0_75_p3_h1_3_6_12,0.75,False,False,highs
random,0,184.75083075618278,288.23848917178327,103.48765841560049,13,220,0.9974609166744965,0.013221000102930702,0.04590625035739827,-20.811678901657046,3,1.0,0_75_p3_h1_3_6_12,0.75,False,False,highs
random,1,180.84013021969923,277.56731241402133,96.72718219432211,8,224,0.9364387223217784,0.011808100040070713,0.04100034736135664,-24.722379438140592,3,1.0,0_75_p3_h1_3_6_12,0.75,False,False,highs
random,2,186.6889538764832,281.5379072208271,94.8489533443439,7,235,0.9974806168201835,0.011403099837480113,0.039594096657917056,-18.87355578135663,3,1.0,0_75_p3_h1_3_6_12,0.75,False,False,highs
random,3,182.0222971476136,283.89807042021954,101.87577327260593,9,224,0.9969769913336473,0.010956400117720477,0.03804305596430721,-23.540212510226212,3,1.0,0_75_p3_h1_3_6_12,0.75,False,False,highs
random,4,173.53807219600375,280.4107667682263,106.87269457222257,7,232,0.9980684761952595,0.011009999987436458,0.03822916662304326,-32.02443746183607,3,1.0,0_75_p3_h1_3_6_12,0.75,False,False,highs
random,5,186.90502781817557,281.83137064504126,94.92634282686569,10,244,0.98678410191979,0.011511600168887526,0.03997083391974835,-18.657481839664257,3,1.0,0_75_p3_h1_3_6_12,0.75,False,False,highs
random,6,177.39910545863398,282.63596453973986,105.23685908110588,6,273,0.9995824738348882,0.011225300229853019,0.03897673690921187,-28.163404199205843,3,1.0,0_75_p3_h1_3_6_12,0.75,False,False,highs
random,7,200.02772895235253,276.67295795121464,76.64522899886211,6,221,0.9978819240477697,0.010769100103061646,0.03739270869118627,-5.534780705487293,3,1.0,0_75_p3_h1_3_6_12,0.75,False,False,highs
random,8,187.59606482872374,279.9539719638585,92.3579071351348,9,237,0.8350203009821946,0.010991099989041686,0.038163541628616966,-17.966444829116085,3,1.0,0_75_p3_h1_3_6_12,0.75,False,False,highs
random,9,168.00212703714573,288.9058985666896,120.90377152954386,10,257,0.9028904306784731,0.011207199902855791,0.03891388855158261,-37.5603826206941,3,1.0,0_75_p3_h1_3_6_12,0.75,False,False,highs
random,10,152.94972580949525,287.5365241175035,134.58679830800827,10,228,0.99800215226156,0.011266199973761104,0.03911874990889272,-52.61278384834458,3,1.0,0_75_p3_h1_3_6_12,0.75,False,False,highs
random,11,176.15069432505175,277.0363646721926,100.88567034714083,9,205,0.9379207398183091,0.010780600030557252,0.03743263899499046,-29.41181533278808,3,1.0,0_75_p3_h1_3_6_12,0.75,False,False,highs
random,12,179.2880692742462,280.8711231705942,101.58305389634803,8,242,0.9175867815843173,0.011520100117195398,0.04000034762915069,-26.274440383593628,3,1.0,0_75_p3_h1_3_6_12,0.75,False,False,highs
random,13,183.3705255914153,284.3849583890898,101.01443279767449,7,221,0.9973435892985427,0.012209699838422239,0.042394791105632774,-22.19198406642454,3,1.0,0_75_p3_h1_3_6_12,0.75,False,False,highs
random,14,181.63435409609312,289.1547548844533,107.5204007883602,11,245,0.9971015025233205,0.01117830011935439,0.03881354208109163,-23.928155561746706,3,1.0,0_75_p3_h1_3_6_12,0.75,False,False,highs
random,15,183.38966021131588,278.1730701798285,94.78340996851264,9,221,0.997079835728616,0.01101950004522223,0.03826215293479941,-22.17284944652394,3,1.0,0_75_p3_h1_3_6_12,0.75,False,False,highs
random,16,182.26731707633428,292.226155514755,109.95883843842073,9,226,0.9955813135415035,0.010830099985469133,0.03760451383843449,-23.295192581505546,3,1.0,0_75_p3_h1_3_6_12,0.75,False,False,highs
random,17,163.6471207452633,283.34573264738543,119.69861190212212,8,233,0.9968305079663529,0.01094320003176108,0.03799722233250375,-41.91538891257653,3,1.0,0_75_p3_h1_3_6_12,0.75,False,False,highs
random,18,213.0113022933927,281.8018316010373,68.7905293076446,7,236,0.7517311664703754,0.010578799934592098,0.036731944217333674,7.448792635552877,3,1.0,0_75_p3_h1_3_6_12,0.75,False,False,highs
random,19,178.3535616810101,284.37583115214215,106.02226947113205,8,199,0.9970319280578718,0.010913600199273787,0.03789444513636732,-27.208947976829734,3,1.0,0_75_p3_h1_3_6_12,0.75,False,False,highs
random,20,200.70427670404476,278.29999743292905,77.59572072888429,9,239,0.9980805081781396,0.010726800202974118,0.03724583403810458,-4.858232953795067,3,1.0,0_75_p3_h1_3_6_12,0.75,False,False,highs
random,21,161.36914411435112,281.8759757928891,120.50683167853799,8,238,0.9965509216569964,0.011193399972398765,0.0388659721263846,-44.19336554348871,3,1.0,0_75_p3_h1_3_6_12,0.75,False,False,highs
random,22,207.0768126200008,288.85784791468427,81.78103529468349,9,240,0.9960407264129894,0.011356500108377077,0.039432292042975964,1.5143029621609685,3,1.0,0_75_p3_h1_3_6_12,0.75,False,False,highs
random,23,186.90558904212202,283.0436301477219,96.1380411055999,9,242,0.6815005746905909,0.01116589993762318,0.038770485894524934,-18.65692061571781,3,1.0,0_75_p3_h1_3_6_12,0.75,False,False,highs
random,24,183.5676563393261,287.821477472738,104.2538211334119,10,236,0.8945386569397125,0.010876900123548694,0.037767014317877406,-21.99485331851372,3,1.0,0_75_p3_h1_3_6_12,0.75,False,False,highs
random,25,140.15810535669635,281.0427479569104,140.88464260021402,10,241,0.9945691825643436,0.011003599778632633,0.03820694367580776,-65.40440430114347,3,1.0,0_75_p3_h1_3_6_12,0.75,False,False,highs
random,26,173.78661161151823,276.72077832813596,102.93416671661774,8,211,0.9978423992775878,0.011575200071092695,0.040191666913516305,-31.7758980463216,3,1.0,0_75_p3_h1_3_6_12,0.75,False,False,highs
random,27,213.92943599396207,280.7186507617976,66.78921476783555,10,255,0.9941577743473855,0.011784899907070212,0.04091979134399379,8.366926336122248,3,1.0,0_75_p3_h1_3_6_12,0.75,False,False,highs
random,28,166.24446143622447,285.1629202765497,118.91845884032524,10,250,0.9967545478931227,0.011519300081999972,0.03999756972916657,-39.318048221615356,3,1.0,0_75_p3_h1_3_6_12,0.75,False,False,highs
random,29,174.1431181150001,282.35512074136017,108.21200262636007,7,240,0.8230841267743687,0.01060920006420929,0.036837500222948925,-31.41939154283972,3,1.0,0_75_p3_h1_3_6_12,0.75,False,False,highs
milp_h1,0,410.7630617221197,640.9,230.13693827788032,21,209,0.6724811687327794,3.545703099691309,12.311469096150379,1.2781133895451262,6,1.0,0_75_p6_h1_3_6_12,0.75,False,False,highs
milp_h1,1,417.5691151022911,640.75,223.18088489770886,21,209,0.9973886775110813,3.6504497999267187,12.675172916412217,8.084166769716546,6,1.0,0_75_p6_h1_3_6_12,0.75,False,False,highs
milp_h1,2,424.9470810691515,641.05,216.1029189308484,19,219,0.997806958350937,3.697992299537873,12.840251040062059,15.462132736576962,6,1.0,0_75_p6_h1_3_6_12,0.75,False,False,highs
milp_h1,3,410.9181785960992,639.9499999999999,229.03182140390075,20,210,0.9898002413758584,3.976891300000716,13.808650347224708,1.4332302635246492,6,1.0,0_75_p6_h1_3_6_12,0.75,False,False,highs
milp_h1,4,398.1941198348999,643.8,245.60588016510005,18,218,0.9858001649197531,3.400516699592117,11.807349651361518,-11.290828497674681,6,1.0,0_75_p6_h1_3_6_12,0.75,False,False,highs
milp_h1,5,422.4516028165817,636.9,214.44839718341825,15,238,0.7797112054795806,3.1784221004054416,11.036187848630005,12.966654484007165,6,1.0,0_75_p6_h1_3_6_12,0.75,False,False,highs
milp_h1,6,397.2753584384918,633.0,235.72464156150815,16,260,0.8928059844247865,3.4498767998302355,11.978738888299429,-12.20958989408274,6,1.0,0_75_p6_h1_3_6_12,0.75,False,False,highs
milp_h1,7,463.4691906670729,639.9499999999999,176.48080933292707,23,201,0.7100100751382654,2.979553099750774,10.345670485245742,53.98424233449833,6,1.0,0_75_p6_h1_3_6_12,0.75,False,False,highs
milp_h1,8,427.00581656098365,637.05,210.0441834390163,20,223,0.9302922680209248,2.879011600423837,9.996568057027211,17.520868228409086,6,1.0,0_75_p6_h1_3_6_12,0.75,False,False,highs
milp_h1,9,373.526633610328,642.05,268.52336638967193,19,245,0.8914596507222807,2.9530084002180956,10.253501389646166,-35.95831472224654,6,1.0,0_75_p6_h1_3_6_12,0.75,False,False,highs
milp_h1,10,341.10964216391244,640.9,299.79035783608754,23,212,0.9496273439932743,3.118591700185789,10.828443403422877,-68.37530616866212,6,1.0,0_75_p6_h1_3_6_12,0.75,False,False,highs
milp_h1,11,404.16743844151495,634.9499999999999,230.782561558485,20,191,0.932041092392636,2.9818790997669566,10.353746874190822,-5.317509891059615,6,1.0,0_75_p6_h1_3_6_12,0.75,False,False,highs
milp_h1,12,408.767709416151,640.0999999999999,231.33229058384893,16,231,0.7913086819578986,3.064208600175334,10.639613195053244,-0.7172389164235824,6,1.0,0_75_p6_h1_3_6_12,0.75,False,False,highs
milp_h1,13,414.2919708093008,643.0,228.70802919069925,16,209,0.7195823426952814,3.151553400035482,10.9428937501232,4.8070224767262175,6,1.0,0_75_p6_h1_3_6_12,0.75,False,False,highs
milp_h1,14,403.92500030994404,642.9999999999999,239.07499969005582,15,238,0.902008208804936,2.9765262998989783,10.33516076353812,-5.559948022630522,6,1.0,0_75_p6_h1_3_6_12,0.75,False,False,highs
milp_h1,15,423.34787617226436,642.8499999999999,219.50212382773555,19,208,0.8132638004862749,3.059461499709869,10.623130207325934,13.862927839689803,6,1.0,0_75_p6_h1_3_6_12,0.75,False,False,highs
milp_h1,16,401.32044303218515,642.8499999999999,241.52955696781473,22,210,0.9245388205569437,3.2230658002372365,11.191200695268183,-8.164505300389408,6,1.0,0_75_p6_h1_3_6_12,0.75,False,False,highs
milp_h1,17,364.0265602032342,629.6499999999999,265.62343979676564,16,222,0.8667519676553476,3.3903313998889644,11.771984027392238,-45.458388129340335,6,1.0,0_75_p6_h1_3_6_12,0.75,False,False,highs
milp_h1,18,482.48255210121465,638.4999999999999,156.01744789878526,22,218,0.9004225756907143,3.2987345998408273,11.45393958278065,72.99760376864009,6,1.0,0_75_p6_h1_3_6_12,0.75,False,False,highs
milp_h1,19,397.5238130092621,634.0,236.4761869907379,14,190,0.853704840821309,3.313886000600178,11.506548613195061,-11.961135323312476,6,1.0,0_75_p6_h1_3_6_12,0.75,False,False,highs
milp_h1,20,457.6160387486219,634.65,177.03396125137803,20,225,0.9672656906748162,3.3003986000840086,11.459717361402808,48.13109041604736,6,1.0,0_75_p6_h1_3_6_12,0.75,False,False,highs
milp_h1,21,363.71573435068126,636.0999999999999,272.38426564931865,28,214,0.8067955272647462,3.3353438999620266,11.581055208201482,-45.7692139818933,6,1.0,0_75_p6_h1_3_6_12,0.75,False,False,highs
milp_h1,22,462.8112284461656,645.0999999999999,182.28877155383427,22,224,0.9197632517432566,3.4245519999531098,11.890805555392742,53.326280113591054,6,1.0,0_75_p6_h1_3_6_12,0.75,False,False,highs
milp_h1,23,422.28072530825926,639.9499999999999,217.66927469174067,19,230,0.9300409019460758,4.300882199750049,14.933618749132116,12.795776975684703,6,1.0,0_75_p6_h1_3_6_12,0.75,False,False,highs
milp_h1,24,408.25689855217934,640.75,232.49310144782066,18,225,0.9173310816508725,4.3274954000953585,15.02602569477555,-1.2280497803952244,6,1.0,0_75_p6_h1_3_6_12,0.75,False,False,highs
milp_h1,25,321.8572878241539,643.65,321.7927121758461,15,233,0.9978557901386348,4.515984199824743,15.680500693835913,-87.62766050842066,6,1.0,0_75_p6_h1_3_6_12,0.75,False,False,highs
milp_h1,26,403.61950554847715,642.1999999999999,238.5804944515228,17,199,0.9980388996074747,4.96090780000668,17.22537430557875,-5.865442784097411,6,1.0,0_75_p6_h1_3_6_12,0.75,False,False,highs
milp_h1,27,491.08156824906666,644.3,153.21843175093332,25,237,0.7821010295959029,4.29510689995368,14.913565624839167,81.5966199164921,6,1.0,0_75_p6_h1_3_6_12,0.75,False,False,highs
milp_h1,28,372.65238196055094,638.8,266.147618039449,18,239,0.9858023306712526,3.853079200402135,13.378747223618525,-36.83256637202362,6,1.0,0_75_p6_h1_3_6_12,0.75,False,False,highs
milp_h1,29,393.57391691207886,637.6999999999999,244.1260830879211,19,225,0.9704411807903524,3.5183810997987166,12.216601040967767,-15.911031420495704,6,1.0,0_75_p6_h1_3_6_12,0.75,False,False,highs
milp_h3,0,410.7630617221196,640.8999999999999,230.13693827788032,16,217,0.842048756675931,5.501756699668476,19.103321873848877,1.2781133895450125,6,1.0,0_75_p6_h1_3_6_12,0.75,False,False,highs
milp_h3,1,417.569115102291,640.7499999999999,223.18088489770886,17,214,0.8827874207863523,5.5621395001071505,19.31298437537205,8.084166769716433,6,1.0,0_75_p6_h1_3_6_12,0.75,False,False,highs
milp_h3,2,424.9470810691515,641.05,216.1029189308484,17,221,0.8895295636692636,4.58672469999874,15.926127430551182,15.462132736576962,6,1.0,0_75_p6_h1_3_6_12,0.75,False,False,highs
milp_h3,3,410.9181785960992,639.9499999999999,229.03182140390075,17,213,0.8300143906705107,4.582182400103193,15.910355555913863,1.4332302635246492,6,1.0,0_75_p6_h1_3_6_12,0.75,False,False,highs
milp_h3,4,398.1941198348999,643.8,245.60588016510007,12,225,0.9367170483354528,4.542789099679794,15.773573262777063,-11.290828497674681,6,1.0,0_75_p6_h1_3_6_12,0.75,False,False,highs
milp_h3,5,422.4516028165816,636.8999999999999,214.44839718341825,16,235,0.6686250710487971,6.216514900123002,21.585121180982647,12.966654484007051,6,1.0,0_75_p6_h1_3_6_12,0.75,False,False,highs
milp_h3,6,397.2753584384917,632.9999999999999,235.72464156150815,13,263,0.9955755535741222,5.984498099831399,20.779507291081245,-12.209589894082853,6,1.0,0_75_p6_h1_3_6_12,0.75,False,False,highs
milp_h3,7,463.4691906670729,639.9499999999999,176.48080933292704,12,212,0.9991826181169818,5.012884699885035,17.405849652378592,53.98424233449833,6,1.0,0_75_p6_h1_3_6_12,0.75,False,False,highs
milp_h3,8,426.5862979034582,636.3999999999999,209.81370209654168,18,225,0.9499832815229202,5.090568199957488,17.675584027630165,17.101349570883656,6,1.0,0_75_p6_h1_3_6_12,0.75,False,False,highs
milp_h3,9,373.5266336103279,642.0499999999998,268.52336638967193,16,248,0.802092992679165,7.655181000067387,26.580489583567314,-35.958314722246655,6,1.0,0_75_p6_h1_3_6_12,0.75,False,False,highs
milp_h3,10,341.10964216391244,640.9,299.79035783608754,15,220,0.9338132504518836,4.10322920003091,14.247323611218437,-68.37530616866212,6,1.0,0_75_p6_h1_3_6_12,0.75,False,False,highs
milp_h3,11,402.65132647156713,632.3499999999999,229.6986735284328,19,192,0.947292618635857,4.722063099965453,16.396052430435603,-6.83362186100743,6,1.0,0_75_p6_h1_3_6_12,0.75,False,False,highs
milp_h3,12,408.767709416151,640.0999999999999,231.3322905838489,16,231,0.7924990026669897,5.402004399802536,18.75695972153658,-0.7172389164235824,6,1.0,0_75_p6_h1_3_6_12,0.75,False,False,highs
milp_h3,13,414.29197080930066,642.9999999999999,228.70802919069922,9,216,0.8580041235545489,5.461374300066382,18.963105208563825,4.807022476726104,6,1.0,0_75_p6_h1_3_6_12,0.75,False,False,highs
milp_h3,14,403.92500030994404,642.9999999999999,239.07499969005582,16,237,0.9906172659743995,4.436527899932116,15.404610763653181,-5.559948022630522,6,1.0,0_75_p6_h1_3_6_12,0.75,False,False,highs
milp_h3,15,423.34787617226436,642.8499999999999,219.50212382773555,15,213,0.9983353690774777,4.957188699801918,17.212460763201104,13.862927839689803,6,1.0,0_75_p6_h1_3_6_12,0.75,False,False,highs
milp_h3,16,401.32044303218515,642.8499999999999,241.52955696781473,12,220,0.9983749196791043,5.162061099836137,17.92382326331992,-8.164505300389408,6,1.0,0_75_p6_h1_3_6_12,0.75,False,False,highs
milp_h3,17,364.0265602032344,629.65,265.6234397967656,17,222,0.9137305990640447,4.299122099851957,14.927507291152628,-45.458388129340165,6,1.0,0_75_p6_h1_3_6_12,0.75,False,False,highs
milp_h3,18,482.48255210121465,638.4999999999999,156.01744789878526,14,228,0.9391762466522934,4.43693840020569,15.406036111825314,72.99760376864009,6,1.0,0_75_p6_h1_3_6_12,0.75,False,False,highs
milp_h3,19,397.52381300926197,633.9999999999999,236.4761869907379,16,188,0.888833976543079,5.241739300166955,18.20048368113526,-11.96113532331259,6,1.0,0_75_p6_h1_3_6_12,0.75,False,False,highs
milp_h3,20,457.6160387486218,634.6499999999999,177.03396125137803,15,230,0.9981772283039341,4.154943300061859,14.426886458548122,48.13109041604724,6,1.0,0_75_p6_h1_3_6_12,0.75,False,False,highs
milp_h3,21,363.71573435068126,636.0999999999999,272.38426564931865,16,227,0.8831266301223338,5.815417899866588,20.192423263425653,-45.7692139818933,6,1.0,0_75_p6_h1_3_6_12,0.75,False,False,highs
milp_h3,22,461.9877217610677,643.8,181.81227823893227,15,231,0.9984031870941954,4.439956700080074,15.416516319722481,52.50277342849313,6,1.0,0_75_p6_h1_3_6_12,0.75,False,False,highs
milp_h3,23,418.2196000615754,633.1499999999999,214.93039993842442,17,231,0.9307208629803551,4.084302999894135,14.181607638521301,8.73465172900086,6,1.0,0_75_p6_h1_3_6_12,0.75,False,False,highs
milp_h3,24,407.37750922044114,639.4499999999999,232.0724907795588,17,227,0.9290084844375391,4.198609099723399,14.578503818484023,-2.10743911213342,6,1.0,0_75_p6_h1_3_6_12,0.75,False,False,highs
milp_h3,25,321.8572878241538,643.6499999999999,321.7927121758461,11,237,0.9988549845856479,4.894192400184693,16.993723611752404,-87.62766050842077,6,1.0,0_75_p6_h1_3_6_12,0.75,False,False,highs
milp_h3,26,403.61950554847715,642.1999999999999,238.58049445152278,20,197,0.8911339010652832,5.0653597999189515,17.588054860829693,-5.865442784097411,6,1.0,0_75_p6_h1_3_6_12,0.75,False,False,highs
milp_h3,27,491.08156824906666,644.3,153.2184317509333,14,249,0.9975965189692939,5.920585699961521,20.557589235977503,81.5966199164921,6,1.0,0_75_p6_h1_3_6_12,0.75,False,False,highs
milp_h3,28,372.65238196055094,638.8,266.147618039449,14,243,0.9643827408985455,4.6885641999251675,16.27973680529572,-36.83256637202362,6,1.0,0_75_p6_h1_3_6_12,0.75,False,False,highs
milp_h3,29,393.57391691207886,637.6999999999999,244.1260830879211,16,230,0.9966581502655805,5.914274599897908,20.53567569408996,-15.911031420495704,6,1.0,0_75_p6_h1_3_6_12,0.75,False,False,highs
milp_h6,0,410.7630617221196,640.8999999999999,230.13693827788032,16,217,0.842048756675931,7.482698200008599,25.98159097225208,1.2781133895450125,6,1.0,0_75_p6_h1_3_6_12,0.75,False,False,highs
milp_h6,1,417.569115102291,640.7499999999999,223.18088489770886,17,213,0.9104753742829009,8.07650800034753,28.04343055676226,8.084166769716433,6,1.0,0_75_p6_h1_3_6_12,0.75,False,False,highs
milp_h6,2,424.9470810691515,641.05,216.1029189308484,16,223,0.7436897402799497,6.064001699880464,21.055561457918277,15.462132736576962,6,1.0,0_75_p6_h1_3_6_12,0.75,False,False,highs
milp_h6,3,410.9181785960992,639.9499999999999,229.03182140390075,17,213,0.8300143906705107,6.48860849995981,22.52989062486045,1.4332302635246492,6,1.0,0_75_p6_h1_3_6_12,0.75,False,False,highs
milp_h6,4,398.1941198348999,643.8,245.60588016510005,12,225,0.9986352988405671,6.363436800224008,22.095266667444474,-11.290828497674681,6,1.0,0_75_p6_h1_3_6_12,0.75,False,False,highs
milp_h6,5,422.4516028165816,636.8999999999999,214.44839718341825,14,237,0.5864190205204608,7.809290599660017,27.115592359930613,12.966654484007051,6,1.0,0_75_p6_h1_3_6_12,0.75,False,False,highs
milp_h6,6,397.2753584384917,632.9999999999999,235.72464156150815,13,263,0.9955755535741222,6.9702832996845245,24.202372568349045,-12.209589894082853,6,1.0,0_75_p6_h1_3_6_12,0.75,False,False,highs
milp_h6,7,461.34065733353293,636.6999999999999,175.359342666467,13,211,0.9988119022574229,6.697313200100325,23.254559722570573,51.85570900095837,6,1.0,0_75_p6_h1_3_6_12,0.75,False,False,highs
milp_h6,8,426.5862979034582,636.3999999999999,209.81370209654168,18,225,0.9499832815229202,6.659250500058988,23.122397569649266,17.101349570883656,6,1.0,0_75_p6_h1_3_6_12,0.75,False,False,highs
milp_h6,9,373.5266336103279,642.0499999999998,268.52336638967193,16,248,0.802092992679165,10.0378047999111,34.85348888858021,-35.958314722246655,6,1.0,0_75_p6_h1_3_6_12,0.75,False,False,highs
milp_h6,10,341.10964216391244,640.9,299.79035783608754,15,220,0.9338132504518836,5.83125819999259,20.247424305529826,-68.37530616866212,6,1.0,0_75_p6_h1_3_6_12,0.75,False,False,highs
milp_h6,11,402.65132647156713,632.3499999999999,229.6986735284328,19,192,0.9485033255134999,6.830997299781302,23.71874062424063,-6.83362186100743,6,1.0,0_75_p6_h1_3_6_12,0.75,False,False,highs
milp_h6,12,408.767709416151,640.0999999999999,231.33229058384893,14,233,0.7584745255387637,6.503033599903574,22.579977777442966,-0.7172389164235824,6,1.0,0_75_p6_h1_3_6_12,0.75,False,False,highs
milp_h6,13,414.29197080930066,642.9999999999999,228.70802919069922,9,216,0.8580041235545489,8.001481699757278,27.78292256860166,4.807022476726104,6,1.0,0_75_p6_h1_3_6_12,0.75,False,False,highs
milp_h6,14,403.92500030994404,642.9999999999999,239.07499969005582,16,237,0.992109737644932,5.854967599734664,20.329748610189807,-5.559948022630522,6,1.0,0_75_p6_h1_3_6_12,0.75,False,False,highs
milp_h6,15,423.34787617226436,642.8499999999999,219.50212382773555,17,211,0.9976534726596856,5.834474100032821,20.258590625113964,13.862927839689803,6,1.0,0_75_p6_h1_3_6_12,0.75,False,False,highs
milp_h6,16,401.32044303218515,642.8499999999999,241.52955696781473,13,219,0.7712320808229994,8.469934000226203,29.409493056340985,-8.164505300389408,6,1.0,0_75_p6_h1_3_6_12,0.75,False,False,highs
milp_h6,17,364.0265602032344,629.65,265.6234397967656,17,222,0.9137305990640447,6.055739100469509,21.02687187663024,-45.458388129340165,6,1.0,0_75_p6_h1_3_6_12,0.75,False,False,highs
milp_h6,18,482.48255210121465,638.4999999999999,156.01744789878526,20,220,0.8322033518347768,7.067416500125546,24.539640625435922,72.99760376864009,6,1.0,0_75_p6_h1_3_6_12,0.75,False,False,highs
milp_h6,19,397.52381300926197,633.9999999999999,236.4761869907379,16,188,0.8891092687733737,6.703433000104269,23.275809028139822,-11.96113532331259,6,1.0,0_75_p6_h1_3_6_12,0.75,False,False,highs
milp_h6,20,457.6160387486218,634.6499999999999,177.03396125137803,16,229,0.8553101426778964,6.871601800376084,23.85972847352807,48.13109041604724,6,1.0,0_75_p6_h1_3_6_12,0.75,False,False,highs
milp_h6,21,363.71573435068126,636.0999999999999,272.38426564931865,16,227,0.8835474751347906,7.834763699647738,27.204040623776866,-45.7692139818933,6,1.0,0_75_p6_h1_3_6_12,0.75,False,False,highs
milp_h6,22,462.8112284461656,645.0999999999999,182.28877155383427,13,233,0.9981106809486844,5.9768105004914105,20.752814237817397,53.326280113591054,6,1.0,0_75_p6_h1_3_6_12,0.75,False,False,highs
milp_h6,23,422.2807253082593,639.9499999999999,217.66927469174064,17,230,0.924403544397881,5.816946900187759,20.197732292318605,12.79577697568476,6,1.0,0_75_p6_h1_3_6_12,0.75,False,False,highs
milp_h6,24,408.2568985521792,640.7499999999999,232.49310144782064,17,227,0.9976378308863748,6.130760899774032,21.2873642353265,-1.228049780395338,6,1.0,0_75_p6_h1_3_6_12,0.75,False,False,highs
milp_h6,25,321.8572878241538,643.6499999999999,321.7927121758461,13,235,0.9981963058116046,7.139397699589608,24.78957534579725,-87.62766050842077,6,1.0,0_75_p6_h1_3_6_12,0.75,False,False,highs
milp_h6,26,403.61950554847715,642.1999999999999,238.58049445152278,16,200,0.9234908216411728,9.46669319999637,32.8704624999874,-5.865442784097411,6,1.0,0_75_p6_h1_3_6_12,0.75,False,False,highs
milp_h6,27,491.08156824906655,644.2999999999998,153.2184317509333,16,247,0.9975965189692939,8.597766500053694,29.853355902964218,81.59661991649199,6,1.0,0_75_p6_h1_3_6_12,0.75,False,False,highs
milp_h6,28,372.65238196055094,638.8,266.147618039449,14,243,0.9644319056984435,6.683426999778021,23.20634374922924,-36.83256637202362,6,1.0,0_75_p6_h1_3_6_12,0.75,False,False,highs
milp_h6,29,393.57391691207886,637.6999999999999,244.1260830879211,17,228,0.9969764407173225,8.126296899834415,28.216308679980607,-15.911031420495704,6,1.0,0_75_p6_h1_3_6_12,0.75,False,False,highs
milp_h12,0,410.3896583894888,640.2499999999999,229.8603416105111,17,213,0.8802907016731382,9.128748299815925,31.697042707694184,0.9047100569142117,6,1.0,0_75_p6_h1_3_6_12,0.75,False,False,highs
milp_h12,1,417.569115102291,640.7499999999999,223.18088489770886,21,208,0.8599947939874263,12.629448399937246,43.85225138867099,8.084166769716433,6,1.0,0_75_p6_h1_3_6_12,0.75,False,False,highs
milp_h12,2,424.9470810691515,641.05,216.1029189308484,17,222,0.8075622019932827,9.999901699920883,34.72188090250307,15.462132736576962,6,1.0,0_75_p6_h1_3_6_12,0.75,False,False,highs
milp_h12,3,410.9181785960992,639.9499999999999,229.03182140390075,16,214,0.9985098840932048,8.990955700224731,31.218596181335872,1.4332302635246492,6,1.0,0_75_p6_h1_3_6_12,0.75,False,False,highs
milp_h12,4,398.1941198348999,643.8,245.60588016510005,11,226,0.9987932910017939,9.096015299874125,31.583386457896268,-11.290828497674681,6,1.0,0_75_p6_h1_3_6_12,0.75,False,False,highs
milp_h12,5,422.4516028165816,636.8999999999999,214.44839718341825,16,235,0.8889400154921587,12.09309709991794,41.98992048582618,12.966654484007051,6,1.0,0_75_p6_h1_3_6_12,0.75,False,False,highs
milp_h12,6,396.8549644470214,632.3499999999999,235.4950355529785,14,262,0.9987580344175828,10.623814700025832,36.88824548620081,-12.629983885553145,6,1.0,0_75_p6_h1_3_6_12,0.75,False,False,highs
milp_h12,7,463.4691906670729,639.9499999999999,176.48080933292704,16,209,0.9978741138688454,8.885486000188394,30.85238194509859,53.98424233449833,6,1.0,0_75_p6_h1_3_6_12,0.75,False,False,highs
milp_h12,8,427.00581656098365,637.05,210.0441834390163,16,227,0.9250540322303448,12.727205400035018,44.19168541678826,17.520868228409086,6,1.0,0_75_p6_h1_3_6_12,0.75,False,False,highs
milp_h12,9,373.5266336103279,642.0499999999998,268.52336638967193,16,248,0.8031642388914985,15.592027100006817,54.13898298613478,-35.958314722246655,6,1.0,0_75_p6_h1_3_6_12,0.75,False,False,highs
milp_h12,10,341.1096421639124,640.8999999999999,299.7903578360875,16,219,0.9120487649749628,9.426475400367053,32.7308173623856,-68.37530616866218,6,1.0,0_75_p6_h1_3_6_12,0.75,False,False,highs
milp_h12,11,403.74710509578387,634.3,230.5528949042161,15,196,0.9378321639842988,12.103174000076251,42.02490972248698,-5.737843236790695,6,1.0,0_75_p6_h1_3_6_12,0.75,False,False,highs
milp_h12,12,408.767709416151,640.0999999999999,231.33229058384893,16,231,0.792902840066714,10.209786099992925,35.45064618053099,-0.7172389164235824,6,1.0,0_75_p6_h1_3_6_12,0.75,False,False,highs
milp_h12,13,414.29197080930066,642.9999999999999,228.70802919069922,11,214,0.8771892407623375,14.270189300150378,49.54926840329992,4.807022476726104,6,1.0,0_75_p6_h1_3_6_12,0.75,False,False,highs
milp_h12,14,403.92500030994404,642.9999999999999,239.07499969005582,19,234,0.9884246532999195,9.071005999896443,31.496548610751535,-5.559948022630522,6,1.0,0_75_p6_h1_3_6_12,0.75,False,False,highs
milp_h12,15,423.34787617226436,642.8499999999999,219.50212382773555,15,213,0.9979840418978689,9.713825400074711,33.72856041692608,13.862927839689803,6,1.0,0_75_p6_h1_3_6_12,0.75,False,False,highs
milp_h12,16,401.32044303218515,642.8499999999999,241.52955696781473,12,220,0.9983749196791043,10.585769600322237,36.75614444556332,-8.164505300389408,6,1.0,0_75_p6_h1_3_6_12,0.75,False,False,highs
milp_h12,17,364.0265602032344,629.65,265.6234397967656,19,220,0.9271277191340673,8.21792319972883,28.53445555461399,-45.458388129340165,6,1.0,0_75_p6_h1_3_6_12,0.75,False,False,highs
milp_h12,18,482.48255210121465,638.4999999999999,156.01744789878526,15,225,0.8494331004732603,9.203198899893323,31.955551735740706,72.99760376864009,6,1.0,0_75_p6_h1_3_6_12,0.75,False,False,highs
milp_h12,19,397.523813009262,633.9999999999999,236.47618699073786,15,189,0.8534293082292672,10.554298300150549,36.64686909774496,-11.961135323312533,6,1.0,0_75_p6_h1_3_6_12,0.75,False,False,highs
milp_h12,20,457.6160387486218,634.6499999999999,177.03396125137803,12,233,0.997338213924461,8.923342600144679,30.98382847272458,48.13109041604724,6,1.0,0_75_p6_h1_3_6_12,0.75,False,False,highs
milp_h12,21,363.71573435068126,636.0999999999999,272.38426564931865,15,229,0.8261563206878193,12.155950899672462,42.20816284608494,-45.7692139818933,6,1.0,0_75_p6_h1_3_6_12,0.75,False,False,highs
milp_h12,22,460.75246173342066,641.8499999999999,181.09753826657928,14,232,0.9988134152424379,9.393220900004962,32.615350347239456,51.2675134008461,6,1.0,0_75_p6_h1_3_6_12,0.75,False,False,highs
milp_h12,23,422.2807253082593,639.9499999999999,217.66927469174064,16,231,0.8506987476481394,10.279567399906227,35.69294236078551,12.79577697568476,6,1.0,0_75_p6_h1_3_6_12,0.75,False,False,highs
milp_h12,24,408.2568985521792,640.7499999999999,232.49310144782064,16,228,0.997276049929641,9.402789299580036,32.648573956875126,-1.228049780395338,6,1.0,0_75_p6_h1_3_6_12,0.75,False,False,highs
milp_h12,25,321.8572878241538,643.6499999999999,321.7927121758461,13,235,0.998436350205508,11.328111500450177,39.33372048767423,-87.62766050842077,6,1.0,0_75_p6_h1_3_6_12,0.75,False,False,highs
milp_h12,26,403.61950554847715,642.1999999999999,238.58049445152278,16,200,0.8960881709647376,9.881313399848295,34.31011597169547,-5.865442784097411,6,1.0,0_75_p6_h1_3_6_12,0.75,False,False,highs
milp_h12,27,491.08156824906655,644.2999999999998,153.2184317509333,15,247,0.9015710398724968,13.06125670002075,45.351585763960934,81.59661991649199,6,1.0,0_75_p6_h1_3_6_12,0.75,False,False,highs
milp_h12,28,372.6523819605508,638.7999999999998,266.147618039449,18,239,0.9696273134551543,9.676642300211824,33.599452431291056,-36.832566372023734,6,1.0,0_75_p6_h1_3_6_12,0.75,False,False,highs
milp_h12,29,393.57391691207886,637.6999999999999,244.1260830879211,15,230,0.8833549370557352,9.148082599742338,31.764175693549785,-15.911031420495704,6,1.0,0_75_p6_h1_3_6_12,0.75,False,False,highs
equal_share,0,324.5593857930147,504.32642730203077,179.76704150901602,19,211,0.47239527559058797,0.0030765999399591237,0.010682638680413624,-84.92556253955985,6,1.0,0_75_p6_h1_3_6_12,0.75,False,False,highs
equal_share,1,340.59303961857574,520.4191980328544,179.8261584142787,19,210,0.9240221560737132,0.0029849998536519706,0.010364582825180454,-68.89190871399882,6,1.0,0_75_p6_h1_3_6_12,0.75,False,False,highs
equal_share,2,360.1646984908915,542.0610831421143,181.8963846512228,15,223,0.9968673428093261,0.0027296000625938177,0.009477777995117422,-49.32024984168305,6,1.0,0_75_p6_h1_3_6_12,0.75,False,False,highs
equal_share,3,357.8317205861179,559.6250339520426,201.7933133659247,19,211,0.8872156023162154,0.0029403003863990307,0.010209376341663301,-51.65322774645665,6,1.0,0_75_p6_h1_3_6_12,0.75,False,False,highs
equal_share,4,274.9945647951581,441.77836690025924,166.7838021051011,8,228,0.9972995497434946,0.002944100386230275,0.010222570785521789,-134.49038353741645,6,1.0,0_75_p6_h1_3_6_12,0.75,False,False,highs
equal_share,5,326.1133133370762,493.3914056866059,167.27809234952971,12,239,0.7289236974547028,0.002774699794827029,0.009634374287593851,-83.37163499549837,6,1.0,0_75_p6_h1_3_6_12,0.75,False,False,highs
equal_share,6,255.32345837453641,405.9421519791837,150.61869360464726,6,270,0.9933597209196346,0.0027281001093797386,0.009472569824235203,-154.16148995803815,6,1.0,0_75_p6_h1_3_6_12,0.75,False,False,highs
equal_share,7,374.2403086527373,511.9956744439702,137.75536579123286,18,206,0.900275997239176,0.002722600329434499,0.009453473366092011,-35.244639679837235,6,1.0,0_75_p6_h1_3_6_12,0.75,False,False,highs
equal_share,8,369.53672020009304,549.670030023134,180.13330982304097,15,228,0.997682670197846,0.0028054998838342726,0.009741319041091224,-39.94822813248152,6,1.0,0_75_p6_h1_3_6_12,0.75,False,False,highs
equal_share,9,296.1236846085983,504.15556713392044,208.03188252532215,17,247,0.8298865514320928,0.0028048998792655766,0.009739235691894364,-113.36126372397626,6,1.0,0_75_p6_h1_3_6_12,0.75,False,False,highs
equal_share,10,217.96406072873432,406.7869432402505,188.82288251151616,12,223,0.6839349494818774,0.0029485002742148936,0.010237848174357269,-191.52088760384024,6,1.0,0_75_p6_h1_3_6_12,0.75,False,False,highs
equal_share,11,281.7297397805762,442.27205081754647,160.5423110369703,10,201,0.7414838379050295,0.002785200224025175,0.009670834111198524,-127.75520855199835,6,1.0,0_75_p6_h1_3_6_12,0.75,False,False,highs
equal_share,12,371.58001525413425,580.1951616989709,208.61514644483663,16,231,0.8162461790737547,0.0028187001298647374,0.009787153228697006,-37.90493307844031,6,1.0,0_75_p6_h1_3_6_12,0.75,False,False,highs
equal_share,13,341.1171623633464,529.171044969043,188.05388260569663,12,213,0.6651421728961397,0.0027381002146285027,0.009507292411904523,-68.36778596922818,6,1.0,0_75_p6_h1_3_6_12,0.75,False,False,highs
equal_share,14,309.5062898032561,492.5441095350174,183.0378197317613,9,244,0.9977500592226989,0.002804299962008372,0.009737152645862402,-99.97865852931847,6,1.0,0_75_p6_h1_3_6_12,0.75,False,False,highs
equal_share,15,236.93406943240385,350.5496538973651,113.61558446496124,7,220,0.9931384947049453,0.002866899943910539,0.009954513694133816,-172.55087890017072,6,1.0,0_75_p6_h1_3_6_12,0.75,False,False,highs
equal_share,16,306.95741577195736,489.915616436613,182.95820066465566,14,218,0.8957565309865806,0.0027830999752040952,0.009663541580569776,-102.5275325606172,6,1.0,0_75_p6_h1_3_6_12,0.75,False,False,highs
equal_share,17,276.68420171267235,473.01518146078877,196.33097974811642,10,228,0.8964236815303417,0.002818599808961153,0.009786804892226227,-132.8007466199022,6,1.0,0_75_p6_h1_3_6_12,0.75,False,False,highs
equal_share,18,341.04533897328196,449.3394160610382,108.29407708775626,11,229,0.8690877766611955,0.002816799795255065,0.009780554844635643,-68.4396093592926,6,1.0,0_75_p6_h1_3_6_12,0.75,False,False,highs
equal_share,19,357.5291397885503,569.7890796652724,212.2599398767221,16,188,0.8069381870592136,0.002802499773679301,0.009730901991942018,-51.95580854402425,6,1.0,0_75_p6_h1_3_6_12,0.75,False,False,highs
equal_share,20,419.36279137146823,581.4407071312013,162.07791575973303,17,228,0.8763727610437968,0.002810400095768273,0.00975833366586206,9.877843038893673,6,1.0,0_75_p6_h1_3_6_12,0.75,False,False,highs
equal_share,21,294.9525263010603,514.0989909068593,219.14646460579897,18,224,0.863058266183899,0.0027330001757945865,0.009489583943731204,-114.53242203151427,6,1.0,0_75_p6_h1_3_6_12,0.75,False,False,highs
equal_share,22,264.8211925705368,374.9549966059189,110.13380403538204,11,235,0.9969006041665981,0.0028955997549928725,0.010054165815947473,-144.66375576203774,6,1.0,0_75_p6_h1_3_6_12,0.75,False,False,highs
equal_share,23,264.5770926742082,397.476279979951,132.8991873057428,9,238,0.8492869738762175,0.002829799457686022,0.009825692561409798,-144.90785565836637,6,1.0,0_75_p6_h1_3_6_12,0.75,False,False,highs
equal_share,24,344.3684310980273,539.3770842023944,195.00865310436706,20,223,0.8492621679727926,0.0029272997053340077,0.010164235087965304,-65.11651723454725,6,1.0,0_75_p6_h1_3_6_12,0.75,False,False,highs
equal_share,25,215.12640200069382,425.4399753483643,210.3135733476705,7,241,0.9970874256858044,0.0027936998521909118,0.009700346708996221,-194.35854633188075,6,1.0,0_75_p6_h1_3_6_12,0.75,False,False,highs
equal_share,26,202.02919796313694,320.1500323090162,118.12083434587923,7,209,0.9929623231533972,0.0028037000738549978,0.00973506970088541,-207.45575036943762,6,1.0,0_75_p6_h1_3_6_12,0.75,False,False,highs
equal_share,27,355.9893177516171,466.2864712690782,110.29715351746114,17,245,0.8942395017207712,0.0029273994732648134,0.010164581504391713,-53.49563058095748,6,1.0,0_75_p6_h1_3_6_12,0.75,False,False,highs
equal_share,28,270.2330660898833,463.39747870195094,193.16441261206765,10,247,0.9719802276266827,0.0027881004207301885,0.009680904238646489,-139.25188224269124,6,1.0,0_75_p6_h1_3_6_12,0.75,False,False,highs
equal_share,29,334.1355773426698,540.6118511940915,206.4762738514217,19,225,0.995895875882578,0.0027690998977050185,0.009614930200364647,-75.34937098990474,6,1.0,0_75_p6_h1_3_6_12,0.75,False,False,highs
max_charge,0,410.7630617221196,640.8999999999999,230.13693827788032,27,203,0.6793857851814975,0.0012124000350013375,0.0042097223437546445,1.2781133895450125,6,1.0,0_75_p6_h1_3_6_12,0.75,False,False,highs
max_charge,1,417.569115102291,640.7499999999999,223.18088489770886,25,204,0.937884020538042,0.0010902998910751194,0.003785763510677498,8.084166769716433,6,1.0,0_75_p6_h1_3_6_12,0.75,False,False,highs
max_charge,2,424.9470810691514,641.0499999999998,216.1029189308484,18,220,0.997653273212586,0.0011249999515712261,0.003906249831844535,15.462132736576848,6,1.0,0_75_p6_h1_3_6_12,0.75,False,False,highs
max_charge,3,410.9181785960992,639.9499999999999,229.03182140390075,23,207,0.8872156023162154,0.0011245999194215983,0.003904860831324994,1.4332302635246492,6,1.0,0_75_p6_h1_3_6_12,0.75,False,False,highs
max_charge,4,398.19411983489977,643.7999999999998,245.60588016510007,18,218,0.9960543472322695,0.0011069999600294977,0.0038437498612135337,-11.290828497674795,6,1.0,0_75_p6_h1_3_6_12,0.75,False,False,highs
max_charge,5,422.4516028165816,636.8999999999999,214.44839718341825,16,235,0.7793579642651576,0.0010943000670522451,0.0037996530105980733,12.966654484007051,6,1.0,0_75_p6_h1_3_6_12,0.75,False,False,highs
max_charge,6,397.2753584384917,632.9999999999999,235.72464156150815,17,259,0.9969510615758187,0.0011668999795801938,0.0040517360402090065,-12.209589894082853,6,1.0,0_75_p6_h1_3_6_12,0.75,False,False,highs
max_charge,7,463.4691906670729,639.9499999999999,176.48080933292704,28,196,0.9250619163612622,0.001156399870524183,0.004015277328208968,53.98424233449833,6,1.0,0_75_p6_h1_3_6_12,0.75,False,False,highs
max_charge,8,427.00581656098353,637.0499999999998,210.0441834390163,22,221,0.9348185469870951,0.001080500049283728,0.0037517362822351665,17.520868228408972,6,1.0,0_75_p6_h1_3_6_12,0.75,False,False,highs
max_charge,9,373.5266336103279,642.0499999999998,268.52336638967193,25,239,0.8679675299143553,0.0010690001072362065,0.003711805927903495,-35.958314722246655,6,1.0,0_75_p6_h1_3_6_12,0.75,False,False,highs
max_charge,10,341.1096421639124,640.8999999999999,299.7903578360875,21,214,0.8193242502421872,0.001074599800631404,0.0037312493077479303,-68.37530616866218,6,1.0,0_75_p6_h1_3_6_12,0.75,False,False,highs
max_charge,11,404.16743844151495,634.9499999999999,230.78256155848499,20,191,0.9255589421781848,0.0010655001096893102,0.003699653158643438,-5.317509891059615,6,1.0,0_75_p6_h1_3_6_12,0.75,False,False,highs
max_charge,12,408.767709416151,640.0999999999999,231.33229058384893,18,229,0.8526564386110251,0.0010786000057123601,0.0037451389087234726,-0.7172389164235824,6,1.0,0_75_p6_h1_3_6_12,0.75,False,False,highs
max_charge,13,414.29197080930066,642.9999999999999,228.70802919069922,20,205,0.615273350075105,0.001174500008346513,0.004078125028980948,4.807022476726104,6,1.0,0_75_p6_h1_3_6_12,0.75,False,False,highs
max_charge,14,403.92500030994404,642.9999999999999,239.07499969005582,16,237,0.9028865100303556,0.0011172000668011606,0.003879166898615141,-5.559948022630522,6,1.0,0_75_p6_h1_3_6_12,0.75,False,False,highs
max_charge,15,423.34787617226436,642.8499999999999,219.50212382773555,20,207,0.996475033305462,0.0010962001397274435,0.003806250485164734,13.862927839689803,6,1.0,0_75_p6_h1_3_6_12,0.75,False,False,highs
max_charge,16,401.32044303218515,642.8499999999999,241.52955696781473,17,215,0.8818620503607922,0.0010749002103693783,0.003732292397115897,-8.164505300389408,6,1.0,0_75_p6_h1_3_6_12,0.75,False,False,highs
max_charge,17,364.0265602032343,629.6499999999999,265.6234397967656,18,220,0.9257087726860759,0.001052499865181744,0.003654513420769945,-45.45838812934028,6,1.0,0_75_p6_h1_3_6_12,0.75,False,False,highs
max_charge,18,482.48255210121465,638.4999999999999,156.01744789878524,20,220,0.8980431635606939,0.0011138999252580106,0.003867708073812537,72.99760376864009,6,1.0,0_75_p6_h1_3_6_12,0.75,False,False,highs
max_charge,19,397.52381300926197,633.9999999999999,236.4761869907379,18,186,0.8262705542205481,0.0010892001155298203,0.003781944845589654,-11.96113532331259,6,1.0,0_75_p6_h1_3_6_12,0.75,False,False,highs
max_charge,20,457.6160387486218,634.6499999999999,177.03396125137803,19,226,0.9008868673694345,0.001097099797334522,0.003809374296300424,48.13109041604724,6,1.0,0_75_p6_h1_3_6_12,0.75,False,False,highs
max_charge,21,363.71573435068126,636.0999999999999,272.38426564931865,25,218,0.8688335128930876,0.001136300154030323,0.003945486645938622,-45.7692139818933,6,1.0,0_75_p6_h1_3_6_12,0.75,False,False,highs
max_charge,22,462.8112284461656,645.0999999999999,182.28877155383427,20,226,0.9966900351945464,0.0010971998854074627,0.003809721824331468,53.326280113591054,6,1.0,0_75_p6_h1_3_6_12,0.75,False,False,highs
max_charge,23,422.2807253082593,639.9499999999999,217.66927469174064,19,229,0.9058810113123421,0.0010789001535158604,0.0037461810885967375,12.79577697568476,6,1.0,0_75_p6_h1_3_6_12,0.75,False,False,highs
max_charge,24,408.2568985521792,640.7499999999999,232.49310144782064,24,219,0.8620215009395036,0.0011090000625699759,0.003850694661701305,-1.228049780395338,6,1.0,0_75_p6_h1_3_6_12,0.75,False,False,highs
max_charge,25,321.85728782415384,643.6499999999999,321.792712175846,14,234,0.9989613394224574,0.0011088999162893742,0.0038503469315603273,-87.62766050842072,6,1.0,0_75_p6_h1_3_6_12,0.75,False,False,highs
max_charge,26,403.61950554847715,642.1999999999999,238.5804944515228,21,195,0.9976059685783607,0.0010911001591011882,0.003788542219101348,-5.865442784097411,6,1.0,0_75_p6_h1_3_6_12,0.75,False,False,highs
max_charge,27,491.08156824906655,644.2999999999998,153.2184317509333,24,238,0.855508679946329,0.001068400131771341,0.0037097226797616007,81.59661991649199,6,1.0,0_75_p6_h1_3_6_12,0.75,False,False,highs
max_charge,28,372.6523819605508,638.7999999999998,266.147618039449,23,234,0.899826019269114,0.0010884999646805227,0.003779513766251815,-36.832566372023734,6,1.0,0_75_p6_h1_3_6_12,0.75,False,False,highs
max_charge,29,393.57391691207886,637.6999999999999,244.1260830879211,24,220,0.997025777503453,0.0010896999447140843,0.00378368036359057,-15.911031420495704,6,1.0,0_75_p6_h1_3_6_12,0.75,False,False,highs
random,0,378.7273346717816,590.8071239159564,212.07978924417478,16,214,0.7880842169704306,0.010380799591075629,0.036044443024568155,-30.75761366079297,6,1.0,0_75_p6_h1_3_6_12,0.75,False,False,highs
random,1,380.8466690410809,584.509580215756,203.66291117467517,23,206,0.8855886171407977,0.010069200245197862,0.034962500851381466,-28.63827929149369,6,1.0,0_75_p6_h1_3_6_12,0.75,False,False,highs
random,2,387.38539287850557,584.2669808565171,196.8815879780115,21,217,0.8978772755006325,0.010195599723374471,0.03540138792838358,-22.09955545406899,6,1.0,0_75_p6_h1_3_6_12,0.75,False,False,highs
random,3,375.1606541639586,583.9030092472661,208.7423550833075,18,212,0.8063644303693187,0.010408299916889518,0.036139930266977496,-34.32429416861595,6,1.0,0_75_p6_h1_3_6_12,0.75,False,False,highs
random,4,366.9095826103966,593.2413001643031,226.33171755390646,13,223,0.9981599133732412,0.01051250027376227,0.036501737061674554,-42.575365722177935,6,1.0,0_75_p6_h1_3_6_12,0.75,False,False,highs
random,5,390.2798903039916,588.5027929339429,198.22290262995134,21,231,0.868807013871295,0.010643699730280787,0.03695729073014162,-19.205058028582982,6,1.0,0_75_p6_h1_3_6_12,0.75,False,False,highs
random,6,363.07321597541517,578.7326341131866,215.6594181377714,17,259,0.9977133012325274,0.0103517999232281,0.0359437497334309,-46.411732357159394,6,1.0,0_75_p6_h1_3_6_12,0.75,False,False,highs
random,7,429.46402409832467,592.6090345704848,163.14501047216015,20,204,0.8336833112578806,0.010772600158816203,0.037404861662556264,19.97907576575011,6,1.0,0_75_p6_h1_3_6_12,0.75,False,False,highs
random,8,396.99320441776223,591.7620471250505,194.76884270728823,17,226,0.9970029220740679,0.01047650002874434,0.036376736210917845,-12.491743914812332,6,1.0,0_75_p6_h1_3_6_12,0.75,False,False,highs
random,9,346.65026360607885,596.469592228665,249.81932862258614,24,241,0.8254615646974995,0.011176400090334937,0.03880694475810742,-62.83468472649571,6,1.0,0_75_p6_h1_3_6_12,0.75,False,False,highs
random,10,310.19271114253297,583.7933533968188,273.60064225428584,20,215,0.9469812220222658,0.010717699973611161,0.0372142360194832,-99.29223719004159,6,1.0,0_75_p6_h1_3_6_12,0.75,False,False,highs
random,11,376.6118992583207,591.540018925925,214.9281196676043,24,187,0.7742465159238227,0.010831500258063897,0.0376093758960552,-32.873049074253856,6,1.0,0_75_p6_h1_3_6_12,0.75,False,False,highs
random,12,374.17955125316246,586.4818775222783,212.30232626911587,19,228,0.7369737401718853,0.010526199999731034,0.036549305554621644,-35.3053970794121,6,1.0,0_75_p6_h1_3_6_12,0.75,False,False,highs
random,13,375.08006330791176,581.7479909028131,206.6679275949013,17,208,0.7857028753167372,0.01049580005928874,0.036443750205863684,-34.4048850246628,6,1.0,0_75_p6_h1_3_6_12,0.75,False,False,highs
random,14,372.61900546483844,592.9656940529768,220.34668858813836,11,242,0.9092216684760791,0.011322599923005328,0.03931458306599072,-36.86594286773612,6,1.0,0_75_p6_h1_3_6_12,0.75,False,False,highs
random,15,388.1693485326381,589.155308541652,200.9859600090139,17,210,0.9973461816462591,0.011695899680489674,0.04061076277947803,-21.31559979993648,6,1.0,0_75_p6_h1_3_6_12,0.75,False,False,highs
random,16,366.6854946561291,587.016288243632,220.33079358750282,17,215,0.9407168832305063,0.010380000225268304,0.03604166744884828,-42.79945367644547,6,1.0,0_75_p6_h1_3_6_12,0.75,False,False,highs
random,17,330.27696496605734,571.6296583620784,241.3526933960211,18,220,0.822809955429193,0.010509500018088147,0.036491319507250514,-79.20798336651723,6,1.0,0_75_p6_h1_3_6_12,0.75,False,False,highs
random,18,441.0439700401377,583.7349816644097,142.691011624272,20,221,0.892963399775689,0.01039629997103475,0.036098263788315106,31.559021707563147,6,1.0,0_75_p6_h1_3_6_12,0.75,False,False,highs
random,19,367.2773466577746,585.8487066164126,218.571359958638,15,189,0.8694078781740053,0.010565900069195777,0.036687153018040895,-42.207601674799946,6,1.0,0_75_p6_h1_3_6_12,0.75,False,False,highs
random,20,425.81413065600645,589.2547835446836,163.44065288867714,17,228,0.8711404126679086,0.010527000180445611,0.0365520839598806,16.329182323431894,6,1.0,0_75_p6_h1_3_6_12,0.75,False,False,highs
random,21,336.90434413995104,588.77558415552,251.871240015569,19,223,0.9978341658696367,0.010773099929792807,0.03740659697844725,-72.58060419262353,6,1.0,0_75_p6_h1_3_6_12,0.75,False,False,highs
random,22,431.6344302645808,601.3957935124222,169.76136324784133,20,226,0.9981644176157219,0.010740099562099203,0.03729201236840001,22.149481932006267,6,1.0,0_75_p6_h1_3_6_12,0.75,False,False,highs
random,23,390.441106107937,591.3600606722587,200.9189545643217,20,228,0.9133295647744661,0.010485899896593764,0.03640937464095057,-19.043842224637558,6,1.0,0_75_p6_h1_3_6_12,0.75,False,False,highs
random,24,372.4578556558185,584.3454369060023,211.8875812501838,21,222,0.9162924646534933,0.01028619971475564,0.03571597123179041,-37.02709267675607,6,1.0,0_75_p6_h1_3_6_12,0.75,False,False,highs
random,25,296.2868960540485,593.270556398395,296.9836603443465,16,232,0.99940515759073,0.010456500021973625,0.036307291742963974,-113.19805227852606,6,1.0,0_75_p6_h1_3_6_12,0.75,False,False,highs
random,26,362.5325741557218,576.9989216798623,214.46634752414045,18,198,0.999215122935251,0.010313199600204825,0.03580972083404453,-46.95237417685274,6,1.0,0_75_p6_h1_3_6_12,0.75,False,False,highs
random,27,448.2628077156926,588.0951682513756,139.83236053568305,23,240,0.9879649380665034,0.011355899972841144,0.03943020823903175,38.77785938311803,6,1.0,0_75_p6_h1_3_6_12,0.75,False,False,highs
random,28,337.9526660001638,579.7294218501414,241.77675584997763,19,238,0.9858391801770665,0.010824399651028216,0.03758472101051464,-71.53228233241077,6,1.0,0_75_p6_h1_3_6_12,0.75,False,False,highs
random,29,362.02790292439755,586.5957531444897,224.5678502200921,17,227,0.8549976535872771,0.010543800424784422,0.036610418141612575,-47.45704540817701,6,1.0,0_75_p6_h1_3_6_12,0.75,False,False,highs
milp_h1,0,812.3091500600177,1267.2999999999997,454.990849939982,26,198,0.8270906033586524,3.9488728002470452,13.711363889746686,0.2176778106556867,12,1.0,0_75_p12_h1_3_6_12,0.75,False,False,highs
milp_h1,1,831.2796955585479,1275.3999999999999,444.12030444145194,33,190,0.9234646855361641,4.054324599943357,14.077515972025544,19.1882233091859,12,1.0,0_75_p12_h1_3_6_12,0.75,False,False,highs
milp_h1,2,835.5777384420235,1260.4999999999998,424.9222615579763,32,200,0.884997616153129,3.928713699511718,13.641367012193465,23.486266192661446,12,1.0,0_75_p12_h1_3_6_12,0.75,False,False,highs
milp_h1,3,818.9339171806969,1275.3999999999996,456.4660828193028,25,199,0.9235998661627342,3.943100099917501,13.691319791380213,6.842444931334853,12,1.0,0_75_p12_h1_3_6_12,0.75,False,False,highs
milp_h1,4,787.3665062506993,1273.3999999999999,486.03349374930053,32,198,0.857501082817252,3.9389640998269897,13.676958679954826,-24.724965998662697,12,1.0,0_75_p12_h1_3_6_12,0.75,False,False,highs
milp_h1,5,838.091893494129,1263.0999999999997,425.0081065058707,35,210,0.7742664429856186,4.045950399828143,14.048438888292164,26.000421244766926,12,1.0,0_75_p12_h1_3_6_12,0.75,False,False,highs
milp_h1,6,782.466258128484,1247.1999999999998,464.7337418715158,38,232,0.9479095396533532,3.9948762998974416,13.871098263532783,-29.625214120878013,12,1.0,0_75_p12_h1_3_6_12,0.75,False,False,highs
milp_h1,7,913.0876039425531,1258.9999999999998,345.9123960574467,36,182,0.7980029656336348,3.9570757004839834,13.739846182236054,100.99613169319105,12,1.0,0_75_p12_h1_3_6_12,0.75,False,False,highs
milp_h1,8,848.0215664148328,1264.5999999999997,416.57843358516686,29,209,0.92191825255945,4.013580799975898,13.936044444360757,35.93009416547079,12,1.0,0_75_p12_h1_3_6_12,0.75,False,False,highs
milp_h1,9,740.420694073041,1273.3999999999996,532.9793059269587,37,221,0.7837384548256523,4.143589500017697,14.387463541728115,-71.67077817632105,12,1.0,0_75_p12_h1_3_6_12,0.75,False,False,highs
milp_h1,10,675.9293642838795,1270.9999999999998,595.0706357161203,41,188,0.8440035111328517,3.9411819002125412,13.68465937573799,-136.1621079654825,12,1.0,0_75_p12_h1_3_6_12,0.75,False,False,highs
milp_h1,11,801.8194102803864,1259.2999999999997,457.4805897196133,31,174,0.9017718322912867,3.9262197998759802,13.632707638458264,-10.272061968975663,12,1.0,0_75_p12_h1_3_6_12,0.75,False,False,highs
milp_h1,12,809.6331894516943,1268.5999999999997,458.96681054830543,32,210,0.9316079123307477,3.895057899528183,13.524506595583969,-2.458282797667721,12,1.0,0_75_p12_h1_3_6_12,0.75,False,False,highs
milp_h1,13,822.2494083245595,1275.9999999999998,453.7505916754404,24,195,0.8991819481442468,3.9060178998624906,13.562562152300314,10.157936075197426,12,1.0,0_75_p12_h1_3_6_12,0.75,False,False,highs
milp_h1,14,803.662960553169,1279.3999999999996,475.73703944683064,34,213,0.9987351324617874,3.91393579999567,13.590054861096077,-8.428511696193027,12,1.0,0_75_p12_h1_3_6_12,0.75,False,False,highs
milp_h1,15,843.6601043442884,1281.4999999999998,437.8398956557114,39,182,0.8339425277495615,3.9293381003662944,13.6435350707163,31.56863209492633,12,1.0,0_75_p12_h1_3_6_12,0.75,False,False,highs
milp_h1,16,788.3913822253544,1263.4999999999998,475.1086177746454,31,195,0.987200848919932,3.9630231999617536,13.760497222089421,-23.700090024007636,12,1.0,0_75_p12_h1_3_6_12,0.75,False,False,highs
milp_h1,17,720.8568630218505,1247.9999999999998,527.1431369781493,38,195,0.8156884226080608,4.078431099973386,14.161219097129813,-91.23460922751156,12,1.0,0_75_p12_h1_3_6_12,0.75,False,False,highs
milp_h1,18,959.1190828283627,1269.3999999999999,310.28091717163716,32,202,0.9687325143449363,4.107069099962246,14.260656597091131,147.02761057900068,12,1.0,0_75_p12_h1_3_6_12,0.75,False,False,highs
milp_h1,19,787.4429527163505,1255.8999999999999,468.45704728364933,33,168,0.9331812863229133,3.8835064001905266,13.484397222883773,-24.648519533011495,12,1.0,0_75_p12_h1_3_6_12,0.75,False,False,highs
milp_h1,20,910.512968113025,1262.4999999999998,351.9870318869749,30,209,0.8776161620198482,3.942936100065708,13.690750347450376,98.42149586366293,12,1.0,0_75_p12_h1_3_6_12,0.75,False,False,highs
milp_h1,21,723.693552625179,1265.8999999999996,542.2064473748206,39,198,0.9519110693631007,3.8713806002633646,13.44229375091446,-88.39791962418303,12,1.0,0_75_p12_h1_3_6_12,0.75,False,False,highs
milp_h1,22,919.3847100536027,1280.4999999999998,361.11528994639707,37,203,0.9062379954357477,4.10208519976004,14.243351388055695,107.29323780424068,12,1.0,0_75_p12_h1_3_6_12,0.75,False,False,highs
milp_h1,23,841.3965838511782,1274.8999999999996,433.50341614882143,28,215,0.8109429249381273,3.9354710999759845,13.664830208249946,29.30511160181618,12,1.0,0_75_p12_h1_3_6_12,0.75,False,False,highs
milp_h1,24,806.3324234684308,1265.4999999999998,459.16757653156907,29,209,0.997903885678864,3.9571287998114713,13.740030554900942,-5.759048780931266,12,1.0,0_75_p12_h1_3_6_12,0.75,False,False,highs
milp_h1,25,633.7005158265431,1268.9999999999998,635.2994841734567,30,212,0.9441469359115071,3.968191900290549,13.778444098231072,-178.39095642281893,12,1.0,0_75_p12_h1_3_6_12,0.75,False,False,highs
milp_h1,26,797.5230111360547,1269.3999999999996,471.8769888639449,38,172,0.9228806817714903,3.9247539999778382,13.627618055478605,-14.568461113307308,12,1.0,0_75_p12_h1_3_6_12,0.75,False,False,highs
milp_h1,27,978.7902725060779,1284.1999999999998,305.4097274939219,28,229,0.9974856116246675,4.092345900513465,14.209534376782862,166.6988002567159,12,1.0,0_75_p12_h1_3_6_12,0.75,False,False,highs
milp_h1,28,739.4277692079543,1267.7999999999997,528.3722307920455,36,215,0.854492405842839,3.957534300046973,13.741438541829767,-72.66370304140776,12,1.0,0_75_p12_h1_3_6_12,0.75,False,False,highs
milp_h1,29,782.3364257812498,1267.7999999999997,485.4635742187499,26,212,0.9540397043281937,3.9866737000993453,13.842617014233838,-29.755046468112255,12,1.0,0_75_p12_h1_3_6_12,0.75,False,False,highs
milp_h3,0,812.3091500600177,1267.2999999999997,454.990849939982,28,197,0.773837326911891,8.305137400049716,28.837282639061513,0.2176778106556867,12,1.0,0_75_p12_h1_3_6_12,0.75,False,False,highs
milp_h3,1,831.2796955585477,1275.3999999999996,444.12030444145194,29,196,0.9750741747671104,6.36492089976673,22.1004197908567,19.188223309185673,12,1.0,0_75_p12_h1_3_6_12,0.75,False,False,highs
milp_h3,2,835.5777384420235,1260.4999999999998,424.9222615579763,25,209,0.8794576724103891,6.798957800026983,23.6074923612048,23.486266192661446,12,1.0,0_75_p12_h1_3_6_12,0.75,False,False,highs
milp_h3,3,818.9339171806969,1275.3999999999996,456.46608281930276,26,200,0.9268964327990694,6.210820499865804,21.565348957867375,6.842444931334853,12,1.0,0_75_p12_h1_3_6_12,0.75,False,False,highs
milp_h3,4,787.3665062506993,1273.3999999999999,486.03349374930053,33,199,0.9056025932575269,6.069350199919427,21.07413263860912,-24.724965998662697,12,1.0,0_75_p12_h1_3_6_12,0.75,False,False,highs
milp_h3,5,838.091893494129,1263.0999999999997,425.0081065058707,30,217,0.7937919952818743,9.11136759983492,31.636693054982363,26.000421244766926,12,1.0,0_75_p12_h1_3_6_12,0.75,False,False,highs
milp_h3,6,782.466258128484,1247.1999999999998,464.7337418715158,21,249,0.9972260051675644,6.670855799748097,23.162693749125335,-29.625214120878013,12,1.0,0_75_p12_h1_3_6_12,0.75,False,False,highs
milp_h3,7,920.8240306377409,1270.7999999999997,349.97596936225887,27,192,0.8871041101844046,6.617652899876703,22.977961457905216,108.73255838837883,12,1.0,0_75_p12_h1_3_6_12,0.75,False,False,highs
milp_h3,8,848.0215664148328,1264.5999999999997,416.57843358516686,24,215,0.8762470338010071,6.256973899871809,21.72560381899934,35.93009416547079,12,1.0,0_75_p12_h1_3_6_12,0.75,False,False,highs
milp_h3,9,740.4206940730412,1273.3999999999999,532.9793059269587,24,237,0.6794591172953298,6.812704299634788,23.655223262620794,-71.67077817632082,12,1.0,0_75_p12_h1_3_6_12,0.75,False,False,highs
milp_h3,10,675.9293642838795,1270.9999999999998,595.0706357161203,22,208,0.8947952348646612,6.965372900012881,24.18532256948917,-136.1621079654825,12,1.0,0_75_p12_h1_3_6_12,0.75,False,False,highs
milp_h3,11,801.8194102803864,1259.2999999999997,457.4805897196133,34,171,0.8917183414022797,6.20934730002773,21.56023368065184,-10.272061968975663,12,1.0,0_75_p12_h1_3_6_12,0.75,False,False,highs
milp_h3,12,808.0668560783066,1266.0999999999997,458.03314392169307,29,212,0.9394342998936361,7.231292800104711,25.108655555919135,-4.024616171055413,12,1.0,0_75_p12_h1_3_6_12,0.75,False,False,highs
milp_h3,13,822.2494083245595,1275.9999999999998,453.7505916754404,25,195,0.8949629442048983,6.986384899704717,24.25828090175249,10.157936075197426,12,1.0,0_75_p12_h1_3_6_12,0.75,False,False,highs
milp_h3,14,803.6629605531691,1279.3999999999999,475.7370394468307,20,227,0.9985973076137946,6.80597140014288,23.631845139385,-8.428511696192913,12,1.0,0_75_p12_h1_3_6_12,0.75,False,False,highs
milp_h3,15,843.6601043442884,1281.4999999999998,437.8398956557114,25,197,0.8358741813461278,6.44646549996105,22.383560763753646,31.56863209492633,12,1.0,0_75_p12_h1_3_6_12,0.75,False,False,highs
milp_h3,16,788.3913822253544,1263.4999999999998,475.1086177746454,27,200,0.9397971823375098,6.527487400046084,22.664886805715568,-23.700090024007636,12,1.0,0_75_p12_h1_3_6_12,0.75,False,False,highs
milp_h3,17,720.8568630218505,1247.9999999999998,527.1431369781493,27,206,0.8794999087062935,6.429009700194001,22.322950347895837,-91.23460922751156,12,1.0,0_75_p12_h1_3_6_12,0.75,False,False,highs
milp_h3,18,959.1190828283627,1269.3999999999999,310.28091717163716,28,208,0.9521326859813518,6.488773600081913,22.53046388917331,147.02761057900068,12,1.0,0_75_p12_h1_3_6_12,0.75,False,False,highs
milp_h3,19,787.2521807193754,1255.5999999999997,468.3478192806243,28,174,0.9723994314796426,6.954848399851471,24.14877916615094,-24.839291529986667,12,1.0,0_75_p12_h1_3_6_12,0.75,False,False,highs
milp_h3,20,910.512968113025,1262.4999999999998,351.9870318869749,28,211,0.9268490121555585,6.409771299775457,22.25615034644256,98.42149586366293,12,1.0,0_75_p12_h1_3_6_12,0.75,False,False,highs
milp_h3,21,723.693552625179,1265.8999999999996,542.2064473748206,27,211,0.9455450182112725,6.078508399921702,21.10593194417258,-88.39791962418303,12,1.0,0_75_p12_h1_3_6_12,0.75,False,False,highs
milp_h3,22,918.5612033685047,1279.1999999999998,360.6387966314951,29,214,0.9546352961256692,7.103763199964305,24.665844444320506,106.4697311191427,12,1.0,0_75_p12_h1_3_6_12,0.75,False,False,highs
milp_h3,23,841.3965838511784,1274.8999999999999,433.50341614882143,28,216,0.9032515891165034,6.523350299859885,22.65052187451349,29.305111601816407,12,1.0,0_75_p12_h1_3_6_12,0.75,False,False,highs
milp_h3,24,806.3324234684308,1265.4999999999998,459.16757653156907,25,214,0.8228373154394374,6.483711000153562,22.51288541719987,-5.759048780931266,12,1.0,0_75_p12_h1_3_6_12,0.75,False,False,highs
milp_h3,25,633.7005158265431,1268.9999999999998,635.2994841734567,24,218,0.9982430389853268,6.859229299530853,23.816768401148792,-178.39095642281893,12,1.0,0_75_p12_h1_3_6_12,0.75,False,False,highs
milp_h3,26,797.523011136055,1269.3999999999999,471.8769888639449,26,186,0.8718993068650533,7.745497499970952,26.894088541565807,-14.56846111330708,12,1.0,0_75_p12_h1_3_6_12,0.75,False,False,highs
milp_h3,27,978.7902725060779,1284.1999999999998,305.4097274939219,29,229,0.9434110855990961,6.969649900216609,24.200173264641005,166.6988002567159,12,1.0,0_75_p12_h1_3_6_12,0.75,False,False,highs
milp_h3,28,739.4277692079543,1267.7999999999997,528.3722307920455,25,227,0.9541285130789108,6.16099259982002,21.392335416041735,-72.66370304140776,12,1.0,0_75_p12_h1_3_6_12,0.75,False,False,highs
milp_h3,29,782.3364257812498,1267.7999999999997,485.4635742187499,19,220,0.9989243263411608,6.989931199990679,24.27059444441208,-29.755046468112255,12,1.0,0_75_p12_h1_3_6_12,0.75,False,False,highs
milp_h6,0,812.3091500600177,1267.2999999999997,454.990849939982,24,201,0.9401435476365921,9.678146700112848,33.6046760420585,0.2176778106556867,12,1.0,0_75_p12_h1_3_6_12,0.75,False,False,highs
milp_h6,1,829.6027195930478,1272.5999999999997,442.9972804069518,29,194,0.9985907809015199,9.248042199993506,32.11125763886634,17.511247343685795,12,1.0,0_75_p12_h1_3_6_12,0.75,False,False,highs
milp_h6,2,835.5777384420235,1260.4999999999998,424.9222615579763,25,209,0.8794576724103891,9.811596599931363,34.06804374976168,23.486266192661446,12,1.0,0_75_p12_h1_3_6_12,0.75,False,False,highs
milp_h6,3,818.9339171806969,1275.3999999999996,456.46608281930276,27,199,0.8954904554887673,9.266194500174606,32.174286458939605,6.842444931334853,12,1.0,0_75_p12_h1_3_6_12,0.75,False,False,highs
milp_h6,4,787.3665062506993,1273.3999999999999,486.03349374930053,40,191,0.8526765322824187,8.90798219977296,30.930493749211664,-24.724965998662697,12,1.0,0_75_p12_h1_3_6_12,0.75,False,False,highs
milp_h6,5,838.091893494129,1263.0999999999997,425.0081065058707,26,221,0.8086154081379823,11.169533399981447,38.783102083268915,26.000421244766926,12,1.0,0_75_p12_h1_3_6_12,0.75,False,False,highs
milp_h6,6,782.466258128484,1247.1999999999998,464.7337418715158,21,249,0.9980148193490866,9.59883160024765,33.329276389748784,-29.625214120878013,12,1.0,0_75_p12_h1_3_6_12,0.75,False,False,highs
milp_h6,7,920.8240306377409,1270.7999999999997,349.97596936225887,27,192,0.8871041101844046,9.478609700046945,32.91183923627412,108.73255838837883,12,1.0,0_75_p12_h1_3_6_12,0.75,False,False,highs
milp_h6,8,848.0215664148328,1264.5999999999997,416.57843358516686,32,208,0.9334294201375934,8.949160400341498,31.073473612296866,35.93009416547079,12,1.0,0_75_p12_h1_3_6_12,0.75,False,False,highs
milp_h6,9,740.4206940730412,1273.3999999999999,532.9793059269587,24,237,0.6794591172953298,9.928028700174764,34.472321875606816,-71.67077817632082,12,1.0,0_75_p12_h1_3_6_12,0.75,False,False,highs
milp_h6,10,675.9293642838795,1270.9999999999998,595.0706357161203,29,202,0.9985532995795968,10.356394499889575,35.95970312461658,-136.1621079654825,12,1.0,0_75_p12_h1_3_6_12,0.75,False,False,highs
milp_h6,11,801.8194102803864,1259.2999999999997,457.4805897196133,34,171,0.8917183414022797,8.922742600436322,30.9817451404039,-10.272061968975663,12,1.0,0_75_p12_h1_3_6_12,0.75,False,False,highs
milp_h6,12,808.0668560783066,1266.0999999999997,458.03314392169307,31,210,0.9471639498814456,10.855628199846251,37.69315347168837,-4.024616171055413,12,1.0,0_75_p12_h1_3_6_12,0.75,False,False,highs
milp_h6,13,822.2494083245595,1275.9999999999998,453.7505916754404,26,194,0.8660321868219499,9.140332599927206,31.737265971969464,10.157936075197426,12,1.0,0_75_p12_h1_3_6_12,0.75,False,False,highs
milp_h6,14,803.6629605531691,1279.3999999999999,475.7370394468307,27,220,0.9585049188875537,10.229241599707166,35.518199998983214,-8.428511696192913,12,1.0,0_75_p12_h1_3_6_12,0.75,False,False,highs
milp_h6,15,843.6601043442884,1281.4999999999998,437.8398956557114,29,195,0.8709204744200549,9.383094100136077,32.58018784769471,31.56863209492633,12,1.0,0_75_p12_h1_3_6_12,0.75,False,False,highs
milp_h6,16,788.3913822253544,1263.4999999999998,475.1086177746454,26,202,0.9978652308560618,9.313211799861165,32.337540971740154,-23.700090024007636,12,1.0,0_75_p12_h1_3_6_12,0.75,False,False,highs
milp_h6,17,720.8568630218505,1247.9999999999998,527.1431369781493,25,209,0.876153689522683,9.625505399977555,33.42189374992207,-91.23460922751156,12,1.0,0_75_p12_h1_3_6_12,0.75,False,False,highs
milp_h6,18,959.1190828283627,1269.3999999999999,310.28091717163716,30,207,0.9982316712618143,8.791231600072933,30.525109722475463,147.02761057900068,12,1.0,0_75_p12_h1_3_6_12,0.75,False,False,highs
milp_h6,19,789.0327193578084,1258.3999999999999,469.3672806421915,24,175,0.9565047172700994,10.262279299786314,35.63291423536915,-23.05875289155358,12,1.0,0_75_p12_h1_3_6_12,0.75,False,False,highs
milp_h6,20,910.512968113025,1262.4999999999998,351.9870318869749,28,212,0.9200925727924247,9.322302400309127,32.36910555662891,98.42149586366293,12,1.0,0_75_p12_h1_3_6_12,0.75,False,False,highs
milp_h6,21,723.6935526251792,1265.8999999999999,542.2064473748206,27,211,0.9974705696314377,9.025216000154614,31.33755555609241,-88.3979196241828,12,1.0,0_75_p12_h1_3_6_12,0.75,False,False,highs
milp_h6,22,919.3847100536027,1280.4999999999998,361.11528994639707,29,211,0.9340482307436139,10.87746369978413,37.76897117980601,107.29323780424068,12,1.0,0_75_p12_h1_3_6_12,0.75,False,False,highs
milp_h6,23,841.3965838511784,1274.8999999999999,433.50341614882143,28,216,0.9032515891165034,9.501085599826183,32.98988055495202,29.305111601816407,12,1.0,0_75_p12_h1_3_6_12,0.75,False,False,highs
milp_h6,24,806.3324234684308,1265.4999999999998,459.16757653156907,25,214,0.8228373154394374,9.228329699864844,32.04281145786404,-5.759048780931266,12,1.0,0_75_p12_h1_3_6_12,0.75,False,False,highs
milp_h6,25,633.7005158265431,1268.9999999999998,635.2994841734567,24,218,0.919054413863225,10.250652999820886,35.59254513826696,-178.39095642281893,12,1.0,0_75_p12_h1_3_6_12,0.75,False,False,highs
milp_h6,26,797.523011136055,1269.3999999999999,471.8769888639449,26,186,0.8718993068650533,11.712348200002452,40.66787569445296,-14.56846111330708,12,1.0,0_75_p12_h1_3_6_12,0.75,False,False,highs
milp_h6,27,978.7902725060779,1284.1999999999998,305.4097274939219,28,230,0.9776562177574248,10.081822800333612,35.006329167825044,166.6988002567159,12,1.0,0_75_p12_h1_3_6_12,0.75,False,False,highs
milp_h6,28,739.4277692079543,1267.7999999999997,528.3722307920455,25,227,0.9541285130789108,8.94747510011075,31.06762187538455,-72.66370304140776,12,1.0,0_75_p12_h1_3_6_12,0.75,False,False,highs
milp_h6,29,782.3364257812498,1267.7999999999997,485.4635742187499,22,217,0.9978446839339066,10.037542100209976,34.85257673684019,-29.755046468112255,12,1.0,0_75_p12_h1_3_6_12,0.75,False,False,highs
milp_h12,0,812.3091500600177,1267.2999999999997,454.990849939982,27,197,0.9320113116001573,16.15155609996873,56.08179201378031,0.2176778106556867,12,1.0,0_75_p12_h1_3_6_12,0.75,False,False,highs
milp_h12,1,831.2796955585477,1275.3999999999996,444.12030444145194,26,198,0.9401772753914528,16.618659399915487,57.703678471928775,19.188223309185673,12,1.0,0_75_p12_h1_3_6_12,0.75,False,False,highs
milp_h12,2,835.5777384420235,1260.4999999999998,424.9222615579763,22,212,0.917067980779939,16.193028900190257,56.22579479232728,23.486266192661446,12,1.0,0_75_p12_h1_3_6_12,0.75,False,False,highs
milp_h12,3,818.9339171806969,1275.3999999999996,456.46608281930276,26,199,0.8672624703194637,15.359232899732888,53.330669790739194,6.842444931334853,12,1.0,0_75_p12_h1_3_6_12,0.75,False,False,highs
milp_h12,4,787.0819129268327,1272.8999999999999,485.8180870731671,38,192,0.9451348470178936,16.444511700130533,57.098998958786574,-25.0095593225293,12,1.0,0_75_p12_h1_3_6_12,0.75,False,False,highs
milp_h12,5,838.091893494129,1263.0999999999997,425.0081065058707,28,218,0.8085087222622402,25.792413200077135,89.5569902780456,26.000421244766926,12,1.0,0_75_p12_h1_3_6_12,0.75,False,False,highs
milp_h12,6,782.466258128484,1247.1999999999998,464.7337418715158,22,248,0.9983006552092926,20.6775487998093,71.7970444437823,-29.625214120878013,12,1.0,0_75_p12_h1_3_6_12,0.75,False,False,highs
milp_h12,7,920.8240306377409,1270.7999999999997,349.9759693622588,26,193,0.8944295976570765,19.975684100179933,69.36001423673588,108.73255838837883,12,1.0,0_75_p12_h1_3_6_12,0.75,False,False,highs
milp_h12,8,848.0215664148328,1264.5999999999997,416.57843358516686,31,207,0.884049758096324,18.389827300299658,63.85356701492937,35.93009416547079,12,1.0,0_75_p12_h1_3_6_12,0.75,False,False,highs
milp_h12,9,740.420694073041,1273.3999999999996,532.9793059269587,24,237,0.6794591172953298,22.396133299946086,77.76435173592391,-71.67077817632105,12,1.0,0_75_p12_h1_3_6_12,0.75,False,False,highs
milp_h12,10,675.9293642838795,1270.9999999999998,595.0706357161203,22,208,0.8947952348646612,23.773026999813737,82.54523263824214,-136.1621079654825,12,1.0,0_75_p12_h1_3_6_12,0.75,False,False,highs
milp_h12,11,801.8194102803865,1259.2999999999997,457.48058971961325,31,175,0.954129228819441,20.434328700066544,70.95253020856438,-10.27206196897555,12,1.0,0_75_p12_h1_3_6_12,0.75,False,False,highs
milp_h12,12,809.6331894516943,1268.5999999999997,458.96681054830543,29,213,0.9238564072263086,23.416793200012762,81.30830972226653,-2.458282797667721,12,1.0,0_75_p12_h1_3_6_12,0.75,False,False,highs
milp_h12,13,822.2494083245595,1275.9999999999998,453.7505916754404,23,197,0.9350621521796926,21.89018080016831,76.00757222280663,10.157936075197426,12,1.0,0_75_p12_h1_3_6_12,0.75,False,False,highs
milp_h12,14,803.662960553169,1279.3999999999996,475.73703944683064,24,223,0.9095712643502724,22.36458180009504,77.65479791699666,-8.428511696193027,12,1.0,0_75_p12_h1_3_6_12,0.75,False,False,highs
milp_h12,15,843.6601043442884,1281.4999999999998,437.8398956557114,28,193,0.8372779857889763,21.216075699863723,73.66692951341571,31.56863209492633,12,1.0,0_75_p12_h1_3_6_12,0.75,False,False,highs
milp_h12,16,788.3913822253544,1263.4999999999998,475.1086177746454,26,202,0.9919609525734999,14.298662699962733,49.6481343748706,-23.700090024007636,12,1.0,0_75_p12_h1_3_6_12,0.75,False,False,highs
milp_h12,17,720.8568630218505,1247.9999999999998,527.1431369781493,20,214,0.7173191239771028,13.741056999773718,47.712003471436525,-91.23460922751156,12,1.0,0_75_p12_h1_3_6_12,0.75,False,False,highs
milp_h12,18,959.1190828283625,1269.3999999999996,310.28091717163716,28,207,0.9511265665040264,12.767636099742958,44.33206979077416,147.02761057900045,12,1.0,0_75_p12_h1_3_6_12,0.75,False,False,highs
milp_h12,19,789.0327193578084,1258.3999999999999,469.3672806421915,32,166,0.9376223249061448,14.623642500053393,50.77653645851873,-23.05875289155358,12,1.0,0_75_p12_h1_3_6_12,0.75,False,False,highs
milp_h12,20,910.512968113025,1262.4999999999998,351.9870318869749,27,212,0.8004959412656882,13.870543400058523,48.16160902798098,98.42149586366293,12,1.0,0_75_p12_h1_3_6_12,0.75,False,False,highs
milp_h12,21,723.1524459640185,1264.8999999999999,541.7475540359814,31,206,0.9581329360977163,12.392754300060915,43.03039687521151,-88.93902628534352,12,1.0,0_75_p12_h1_3_6_12,0.75,False,False,highs
milp_h12,22,919.3847100536027,1280.4999999999998,361.11528994639707,30,210,0.9391867780149559,16.327863000158686,56.693968750550994,107.29323780424068,12,1.0,0_75_p12_h1_3_6_12,0.75,False,False,highs
milp_h12,23,837.5600612401961,1268.4999999999998,430.9399387598037,32,214,0.9377280494257934,14.524091599829262,50.43087361051827,25.468588990834064,12,1.0,0_75_p12_h1_3_6_12,0.75,False,False,highs
milp_h12,24,806.3324234684308,1265.4999999999998,459.16757653156907,25,213,0.9228470699079783,14.788101300160633,51.34757395889109,-5.759048780931266,12,1.0,0_75_p12_h1_3_6_12,0.75,False,False,highs
milp_h12,25,633.7005158265431,1268.9999999999998,635.2994841734567,24,218,0.919054413863225,14.875371300033294,51.65059479178227,-178.39095642281893,12,1.0,0_75_p12_h1_3_6_12,0.75,False,False,highs
milp_h12,26,797.5230111360547,1269.3999999999996,471.8769888639449,23,189,0.9974557068846214,17.177238600008423,59.64318958336258,-14.568461113307308,12,1.0,0_75_p12_h1_3_6_12,0.75,False,False,highs
milp_h12,27,978.790272506078,1284.1999999999998,305.4097274939218,23,234,0.9980893151315265,14.880530399794225,51.668508332618835,166.69880025671603,12,1.0,0_75_p12_h1_3_6_12,0.75,False,False,highs
milp_h12,28,739.4277692079543,1267.7999999999997,528.3722307920455,25,227,0.9541285130789108,13.455293399572838,46.7197687485168,-72.66370304140776,12,1.0,0_75_p12_h1_3_6_12,0.75,False,False,highs
milp_h12,29,782.0364257891971,1267.2999999999997,485.26357421080263,27,211,0.9649273167788753,14.591844800219405,50.666127778539604,-30.05504646016493,12,1.0,0_75_p12_h1_3_6_12,0.75,False,False,highs
equal_share,0,703.0225132524995,1094.8086846644483,391.78617141194877,35,191,0.8946870983562462,0.0038234999810811132,0.013276041600976087,-109.06895899686253,12,1.0,0_75_p12_h1_3_6_12,0.75,False,False,highs
equal_share,1,567.4398136169903,868.5720763488729,301.1322627318827,20,203,0.9319321660757488,0.0036252996360417455,0.012587845958478283,-244.65165863237178,12,1.0,0_75_p12_h1_3_6_12,0.75,False,False,highs
equal_share,2,654.9951220770182,987.326398555117,332.33127647809874,29,203,0.926687188566079,0.003613399778259918,0.012546527007846938,-157.09635017234382,12,1.0,0_75_p12_h1_3_6_12,0.75,False,False,highs
equal_share,3,630.5306922530142,986.1577167423535,355.6270244893393,27,197,0.9150407010732791,0.0036417001101654023,0.012644792049185425,-181.56077999634783,12,1.0,0_75_p12_h1_3_6_12,0.75,False,False,highs
equal_share,4,652.8482230311345,1052.989475384461,400.1412523533265,33,197,0.9854542398761454,0.00362320028943941,0.012580556560553506,-159.24324921822756,12,1.0,0_75_p12_h1_3_6_12,0.75,False,False,highs
equal_share,5,682.7425118253293,1030.4466350568537,347.7041232315244,30,215,0.762118317022892,0.003572400048142299,0.012404166833827427,-129.34896042403273,12,1.0,0_75_p12_h1_3_6_12,0.75,False,False,highs
equal_share,6,606.5582080992931,965.2072805967575,358.64907249746443,30,240,0.9956255765621396,0.003572000132407993,0.012402778237527754,-205.53326415006893,12,1.0,0_75_p12_h1_3_6_12,0.75,False,False,highs
equal_share,7,799.6739568944381,1101.8431473784399,302.1691904840017,28,190,0.8678885014045212,0.003701899870065972,0.012853818993284626,-12.417515354923921,12,1.0,0_75_p12_h1_3_6_12,0.75,False,False,highs
equal_share,8,723.5146842957089,1079.828751329036,356.3140670333272,30,207,0.9274483617068574,0.003637299931142479,0.012629513649800275,-88.57678795365314,12,1.0,0_75_p12_h1_3_6_12,0.75,False,False,highs
equal_share,9,600.8927909888788,1024.2879809931917,423.3951900043129,24,234,0.8304089562161278,0.003453300043474883,0.011990625150954455,-211.19868126048323,12,1.0,0_75_p12_h1_3_6_12,0.75,False,False,highs
equal_share,10,505.80377107395304,947.9150991407782,442.1113280668252,24,205,0.9041634282583332,0.003511699818773195,0.012193402148518039,-306.287701175409,12,1.0,0_75_p12_h1_3_6_12,0.75,False,False,highs
equal_share,11,645.9994295772126,1012.637669945762,366.6382403685494,30,176,0.9559099698911505,0.003603100049076602,0.012510764059293756,-166.09204267214943,12,1.0,0_75_p12_h1_3_6_12,0.75,False,False,highs
equal_share,12,587.0550864863587,914.9210717081306,327.8659852217719,29,212,0.8334043719038571,0.0034109997504856437,0.011843749133630708,-225.0363857630033,12,1.0,0_75_p12_h1_3_6_12,0.75,False,False,highs
equal_share,13,621.5425338078204,960.356199418608,338.81366561078755,23,196,0.8422212706703087,0.003646499593742192,0.012661456922715943,-190.54893844154162,12,1.0,0_75_p12_h1_3_6_12,0.75,False,False,highs
equal_share,14,658.9146524955884,1049.8244144835817,390.90976198799336,20,227,0.9972766288996553,0.0036596001009456813,0.012706944794950282,-153.17681975377366,12,1.0,0_75_p12_h1_3_6_12,0.75,False,False,highs
equal_share,15,816.1671607104668,1238.0267533631852,421.8595926527185,38,184,0.9080208403578149,0.003486900241114199,0.012107292503868747,4.075688461104733,12,1.0,0_75_p12_h1_3_6_12,0.75,False,False,highs
equal_share,16,557.216825352482,888.4029254613253,331.1861001088432,22,204,0.99532066228776,0.0034131999709643424,0.011851388788070634,-254.87464689688,12,1.0,0_75_p12_h1_3_6_12,0.75,False,False,highs
equal_share,17,570.0759912205028,971.7834692426146,401.70747802211184,29,203,0.8083373434987687,0.0035734998527914286,0.012407985599970238,-242.0154810288592,12,1.0,0_75_p12_h1_3_6_12,0.75,False,False,highs
equal_share,18,519.2064333469943,682.1836364818527,162.9772031348583,12,222,0.8259337529688471,0.003944300056900829,0.013695486308683434,-292.8850389023677,12,1.0,0_75_p12_h1_3_6_12,0.75,False,False,highs
equal_share,19,530.9235639169731,840.9074543496545,309.98389043268133,17,181,0.7272352412282536,0.0034204002586193383,0.011876389786872702,-281.16790833238895,12,1.0,0_75_p12_h1_3_6_12,0.75,False,False,highs
equal_share,20,748.6604094187934,1035.9200043335968,287.2595949148034,32,207,0.8850261335675446,0.0032726001227274537,0.011363194870581437,-63.431062830568635,12,1.0,0_75_p12_h1_3_6_12,0.75,False,False,highs
equal_share,21,549.3598060552213,957.7214271928299,408.36162113760867,25,213,0.9013141396735597,0.003424800088396296,0.01189166697359825,-262.73166619414076,12,1.0,0_75_p12_h1_3_6_12,0.75,False,False,highs
equal_share,22,767.4287711052791,1068.0957027041763,300.6669315988973,29,211,0.9150544482960141,0.0036995999107602984,0.012845833023473259,-44.66270114408292,12,1.0,0_75_p12_h1_3_6_12,0.75,False,False,highs
equal_share,23,687.0528118917445,1035.7225954601024,348.66978356835796,23,218,0.8658201471759512,0.0036480000417213887,0.0126666668115326,-125.03866035761757,12,1.0,0_75_p12_h1_3_6_12,0.75,False,False,highs
equal_share,24,519.134178029298,813.8695206709231,294.7353426416251,15,222,0.9950126580129999,0.003506200067931786,0.012174305791429814,-292.957294220064,12,1.0,0_75_p12_h1_3_6_12,0.75,False,False,highs
equal_share,25,473.7058047311244,938.450520228469,464.74471549734466,24,218,0.9953704856256378,0.003636199835455045,0.012625693873107795,-338.38566751823765,12,1.0,0_75_p12_h1_3_6_12,0.75,False,False,highs
equal_share,26,685.6575999634565,1092.4270587881756,406.76945882471915,27,183,0.9418129556027798,0.003759000188438222,0.013052083987632714,-126.43387228590552,12,1.0,0_75_p12_h1_3_6_12,0.75,False,False,highs
equal_share,27,726.38785998854,951.1518600227024,224.76400003416242,20,236,0.9610642644465255,0.003539200028171763,0.01228888898670751,-85.70361226082207,12,1.0,0_75_p12_h1_3_6_12,0.75,False,False,highs
equal_share,28,511.01505515626906,875.7438384769239,364.7287833206548,23,228,0.6285576849865616,0.0034882999898400158,0.012112152742500056,-301.07641709309297,12,1.0,0_75_p12_h1_3_6_12,0.75,False,False,highs
equal_share,29,525.8322294749385,848.1217907068051,322.2895612318666,21,217,0.9889455470763381,0.003521199891110882,0.012226388510801675,-286.25924277442357,12,1.0,0_75_p12_h1_3_6_12,0.75,False,False,highs
max_charge,0,812.3091500600177,1267.2999999999997,454.990849939982,39,187,0.8955688183530749,0.0018606000230647624,0.006460416746752647,0.2176778106556867,12,1.0,0_75_p12_h1_3_6_12,0.75,False,False,highs
max_charge,1,831.2796955585479,1275.3999999999999,444.120304441452,41,182,0.964782600386167,0.0013198998640291393,0.004582985638990067,19.1882233091859,12,1.0,0_75_p12_h1_3_6_12,0.75,False,False,highs
max_charge,2,835.5777384420235,1260.4999999999998,424.92226155797636,35,197,0.9057877148929259,0.001329100428847596,0.004614932044609709,23.486266192661446,12,1.0,0_75_p12_h1_3_6_12,0.75,False,False,highs
max_charge,3,818.9339171806971,1275.3999999999999,456.4660828193028,37,187,0.9389401162033668,0.0013376998831517994,0.004644791260943748,6.842444931335081,12,1.0,0_75_p12_h1_3_6_12,0.75,False,False,highs
max_charge,4,787.3665062506993,1273.3999999999999,486.0334937493006,43,187,0.9089711971686169,0.0013236002414487302,0.00459583417169698,-24.724965998662697,12,1.0,0_75_p12_h1_3_6_12,0.75,False,False,highs
max_charge,5,838.0918934941292,1263.1,425.0081065058708,43,203,0.8495210074102768,0.001379899709718302,0.004791318436521881,26.000421244767153,12,1.0,0_75_p12_h1_3_6_12,0.75,False,False,highs
max_charge,6,782.466258128484,1247.1999999999998,464.73374187151586,41,229,0.9961480287547907,0.0013838003214914352,0.004804862227400817,-29.625214120878013,12,1.0,0_75_p12_h1_3_6_12,0.75,False,False,highs
max_charge,7,920.8240306377409,1270.7999999999997,349.97596936225887,35,183,0.8797805945475088,0.0013008000969421118,0.004516667003271222,108.73255838837883,12,1.0,0_75_p12_h1_3_6_12,0.75,False,False,highs
max_charge,8,848.021566414833,1264.6,416.57843358516686,40,197,0.9516399793644877,0.0013480003108270466,0.004680556634816134,35.93009416547102,12,1.0,0_75_p12_h1_3_6_12,0.75,False,False,highs
max_charge,9,740.4206940730412,1273.3999999999999,532.9793059269587,38,220,0.8831937883083713,0.0013242002169135958,0.004597917419838875,-71.67077817632082,12,1.0,0_75_p12_h1_3_6_12,0.75,False,False,highs
max_charge,10,675.9293642838794,1270.9999999999998,595.0706357161204,40,189,0.9069967578140683,0.001398900174535811,0.004857292272693788,-136.16210796548262,12,1.0,0_75_p12_h1_3_6_12,0.75,False,False,highs
max_charge,11,801.8194102803864,1259.2999999999997,457.4805897196133,38,167,0.9675340542214251,0.001294200075790286,0.004493750263160716,-10.272061968975663,12,1.0,0_75_p12_h1_3_6_12,0.75,False,False,highs
max_charge,12,809.6331894516943,1268.5999999999997,458.96681054830543,42,200,0.8768028466246841,0.0013514002203010023,0.004692361876045147,-2.458282797667721,12,1.0,0_75_p12_h1_3_6_12,0.75,False,False,highs
max_charge,13,822.2494083245593,1275.9999999999998,453.75059167544043,40,179,0.8560321397408357,0.0013586000713985413,0.004717361359022713,10.157936075197313,12,1.0,0_75_p12_h1_3_6_12,0.75,False,False,highs
max_charge,14,803.6629605531691,1279.3999999999999,475.7370394468307,32,215,0.9975022324910681,0.0014067995070945472,0.004884720510744955,-8.428511696192913,12,1.0,0_75_p12_h1_3_6_12,0.75,False,False,highs
max_charge,15,843.6601043442884,1281.4999999999998,437.8398956557114,42,180,0.9123298078613389,0.001368999684927985,0.00475347112822217,31.56863209492633,12,1.0,0_75_p12_h1_3_6_12,0.75,False,False,highs
max_charge,16,788.3913822253544,1263.4999999999998,475.10861777464544,37,189,0.9967987704002462,0.0013022000493947417,0.004521527949287297,-23.700090024007636,12,1.0,0_75_p12_h1_3_6_12,0.75,False,False,highs
max_charge,17,720.8568630218505,1247.9999999999998,527.1431369781493,42,190,0.8487137220071888,0.0014325999945867807,0.004974305536759655,-91.23460922751156,12,1.0,0_75_p12_h1_3_6_12,0.75,False,False,highs
max_charge,18,959.1190828283627,1269.3999999999999,310.28091717163716,37,197,0.9169481990145427,0.0013519998756237328,0.0046944440125824055,147.02761057900068,12,1.0,0_75_p12_h1_3_6_12,0.75,False,False,highs
max_charge,19,789.0327193578083,1258.3999999999999,469.36728064219153,40,158,0.8865175111894673,0.0016880999028217047,0.005861457995908697,-23.058752891553695,12,1.0,0_75_p12_h1_3_6_12,0.75,False,False,highs
max_charge,20,910.5129681130248,1262.4999999999998,351.98703188697493,41,198,0.9036422023084038,0.0018285999249201268,0.006349305294861551,98.42149586366281,12,1.0,0_75_p12_h1_3_6_12,0.75,False,False,highs
max_charge,21,723.6935526251792,1265.8999999999999,542.2064473748206,40,198,0.9366054945394486,0.0018647000833880156,0.006474653067319498,-88.3979196241828,12,1.0,0_75_p12_h1_3_6_12,0.75,False,False,highs
max_charge,22,919.3847100536027,1280.4999999999998,361.11528994639707,39,201,0.8882395027768435,0.0019622001564130187,0.0068131949875452034,107.29323780424068,12,1.0,0_75_p12_h1_3_6_12,0.75,False,False,highs
max_charge,23,841.3965838511783,1274.8999999999999,433.5034161488215,37,206,0.9163414928750355,0.0018754004267975688,0.006511807037491558,29.305111601816293,12,1.0,0_75_p12_h1_3_6_12,0.75,False,False,highs
max_charge,24,806.3324234684306,1265.4999999999998,459.1675765315691,37,200,0.9852946488880845,0.0018428000330459327,0.006398611225853933,-5.75904878093138,12,1.0,0_75_p12_h1_3_6_12,0.75,False,False,highs
max_charge,25,633.7005158265431,1268.9999999999998,635.2994841734567,43,199,0.9970413937404117,0.0018007000617217273,0.006252430769867108,-178.39095642281893,12,1.0,0_75_p12_h1_3_6_12,0.75,False,False,highs
max_charge,26,797.523011136055,1269.3999999999999,471.876988863945,42,170,0.9367666038224087,0.0018783000414259732,0.0065218751438401844,-14.56846111330708,12,1.0,0_75_p12_h1_3_6_12,0.75,False,False,highs
max_charge,27,978.7902725060779,1284.1999999999998,305.4097274939219,33,223,0.975701866100674,0.0017330999253317714,0.006017708074068651,166.6988002567159,12,1.0,0_75_p12_h1_3_6_12,0.75,False,False,highs
max_charge,28,739.4277692079542,1267.7999999999997,528.3722307920456,41,210,0.9258407416535476,0.0016997998172882944,0.005902082698917689,-72.66370304140787,12,1.0,0_75_p12_h1_3_6_12,0.75,False,False,highs
max_charge,29,782.3364257812498,1267.7999999999997,485.46357421874995,41,197,0.9039679553697075,0.0018900996656157076,0.006562846061165651,-29.755046468112255,12,1.0,0_75_p12_h1_3_6_12,0.75,False,False,highs
random,0,766.7502929298117,1196.5216527276339,429.77135979782213,27,197,0.92670183721499,0.02080909998039715,0.072253819376379,-45.34117931955029,12,1.0,0_75_p12_h1_3_6_12,0.75,False,False,highs
random,1,776.5502221145737,1190.041725428224,413.49150331365036,33,190,0.9805889427804433,0.021676800039131194,0.07526666680253886,-35.541250134788356,12,1.0,0_75_p12_h1_3_6_12,0.75,False,False,highs
random,2,784.1416948214729,1182.8824866258622,398.74079180438923,37,196,0.8989311456690264,0.021601400134386495,0.07500486157773088,-27.949777427889103,12,1.0,0_75_p12_h1_3_6_12,0.75,False,False,highs
random,3,778.1279855698551,1212.1266287268159,433.99864315696067,31,193,0.8980621195697592,0.01994910032954067,0.06926770947757177,-33.9634866795069,12,1.0,0_75_p12_h1_3_6_12,0.75,False,False,highs
random,4,740.7852895200677,1198.8994331876615,458.1141436675938,40,190,0.905169189245421,0.02086109993979335,0.07243437479094912,-71.30618272929428,12,1.0,0_75_p12_h1_3_6_12,0.75,False,False,highs
random,5,792.7775883218865,1194.3743648372226,401.59677651533616,43,202,0.8035660410842816,0.02331139982561581,0.08094236050561045,-19.31388392747556,12,1.0,0_75_p12_h1_3_6_12,0.75,False,False,highs
random,6,733.2639666325649,1169.177295362655,435.91332873009014,32,238,0.9977409785703018,0.02136100019561127,0.07417013956809468,-78.82750561679711,12,1.0,0_75_p12_h1_3_6_12,0.75,False,False,highs
random,7,858.337205317313,1182.7987406376924,324.4615353203795,32,186,0.8849649549296339,0.021328099974198267,0.07405590268818843,46.24573306795094,12,1.0,0_75_p12_h1_3_6_12,0.75,False,False,highs
random,8,807.0043505778629,1202.434614213494,395.43026363563104,34,203,0.9273255734125825,0.020873600093182176,0.072477778101327,-5.087121671499176,12,1.0,0_75_p12_h1_3_6_12,0.75,False,False,highs
random,9,685.0384621114597,1180.7178311751088,495.6793690636492,33,225,0.7934576364579337,0.021361699851695448,0.07417256892949808,-127.05301013790233,12,1.0,0_75_p12_h1_3_6_12,0.75,False,False,highs
random,10,639.5957042986066,1203.865648007399,564.2699437087923,34,195,0.9420892441487744,0.020082799630472437,0.06973194316136262,-172.4957679507554,12,1.0,0_75_p12_h1_3_6_12,0.75,False,False,highs
random,11,749.3939507138944,1176.1202435238115,426.7262928099171,36,169,0.9517630830647238,0.022746499889763072,0.07898090239501067,-62.69752153546767,12,1.0,0_75_p12_h1_3_6_12,0.75,False,False,highs
random,12,761.0099331431903,1193.8754265228501,432.8654933796598,36,205,0.8783503641098364,0.021388999797636643,0.07426736040846056,-51.081539106171704,12,1.0,0_75_p12_h1_3_6_12,0.75,False,False,highs
random,13,766.6032041572151,1190.1242968144284,423.5210926572132,39,180,0.8914528237050324,0.02090709999902174,0.07259409721882548,-45.48826809214688,12,1.0,0_75_p12_h1_3_6_12,0.75,False,False,highs
random,14,750.5357401150663,1195.2039737577775,444.6682336427111,31,216,0.9846009424635263,0.02051819968619384,0.07124374891039527,-61.55573213429568,12,1.0,0_75_p12_h1_3_6_12,0.75,False,False,highs
random,15,793.8491057328182,1208.1726596453382,414.32355391251997,38,183,0.834295358408154,0.022938999958569184,0.07964930541169855,-18.242366516543825,12,1.0,0_75_p12_h1_3_6_12,0.75,False,False,highs
random,16,736.9739764416954,1181.6829223760988,444.70894593440335,36,190,0.8192281653335572,0.02300690012634732,0.07988506988315042,-75.11749580766661,12,1.0,0_75_p12_h1_3_6_12,0.75,False,False,highs
random,17,669.8830439148579,1161.8836921233565,492.00064820849855,31,202,0.9380056487090576,0.019441500393440947,0.06750520969944773,-142.2084283345041,12,1.0,0_75_p12_h1_3_6_12,0.75,False,False,highs
random,18,893.9273033303621,1183.3210900206082,289.39378669024603,31,203,0.997823037645514,0.02272980019915849,0.0789229173581892,81.83583108100004,12,1.0,0_75_p12_h1_3_6_12,0.75,False,False,highs
random,19,725.6012768380175,1156.9016280685864,431.30035123056894,37,161,0.8665114582300605,0.02086340033565648,0.072442362276585,-86.49019541134453,12,1.0,0_75_p12_h1_3_6_12,0.75,False,False,highs
random,20,843.7183764126768,1169.2643128906498,325.545936477973,38,201,0.9072310745016504,0.019446300255367532,0.06752187588669283,31.626904163314748,12,1.0,0_75_p12_h1_3_6_12,0.75,False,False,highs
random,21,680.029610711018,1191.3573754603772,511.32776474935923,32,204,0.9978608949769555,0.02193219991750084,0.0761534719357668,-132.06186153834403,12,1.0,0_75_p12_h1_3_6_12,0.75,False,False,highs
random,22,868.2344544910234,1206.1810870517436,337.9466325607203,38,202,0.8900587709553517,0.021854999795323238,0.07588541595598347,56.14298224166134,12,1.0,0_75_p12_h1_3_6_12,0.75,False,False,highs
random,23,783.5397033400814,1185.7611238498193,402.2214205097379,31,210,0.9197251600007532,0.021093999937875196,0.07324305533984443,-28.551768909280668,12,1.0,0_75_p12_h1_3_6_12,0.75,False,False,highs
random,24,750.6112889702035,1177.883506246728,427.27221727652454,34,203,0.8472346605176141,0.020547499938402325,0.07134548589723029,-61.480183279158496,12,1.0,0_75_p12_h1_3_6_12,0.75,False,False,highs
random,25,596.8859598248235,1196.7052955513052,599.8193357264817,31,211,0.9317037807886194,0.022212799958651885,0.07712777763420793,-215.20551242453848,12,1.0,0_75_p12_h1_3_6_12,0.75,False,False,highs
random,26,739.6624344766253,1177.7288248265081,438.06639034988285,40,170,0.8923845200367027,0.02004350020433776,0.06959548682061723,-72.4290377727367,12,1.0,0_75_p12_h1_3_6_12,0.75,False,False,highs
random,27,929.3512387880269,1219.408384859782,290.0571460717552,33,224,0.9984450924571132,0.020604999765055254,0.07154513807310853,117.25976653866485,12,1.0,0_75_p12_h1_3_6_12,0.75,False,False,highs
random,28,697.9053809840323,1197.063958366927,499.15857738289463,37,214,0.978688337314118,0.021368299901951104,0.07419548577066355,-114.18609126532976,12,1.0,0_75_p12_h1_3_6_12,0.75,False,False,highs
random,29,727.5062676736595,1178.6892803157325,451.183012642073,31,207,0.9688930860716809,0.022509500267915428,0.07815798704137301,-84.5852045757025,12,1.0,0_75_p12_h1_3_6_12,0.75,False,False,highs
