controller,seed,net_profit,total_revenue,total_cost,served_customers,rejected_customers,mean_soc_fulfillment,total_compute_s,mean_step_ms,gap_to_best,ports,grid_cap_strain,experiment_id,tariff,bess_enabled,v2g_enabled,solver
milp_h1,0,14.494001224637032,43.482003673911095,28.988002449274063,1,232,0.0,3.1447960999357747,10.919430902554772,0.020486145932228084,3,0.25,dynamic_1_5_p3_h1_3_6_12_s0_25,dynamic:1.5,False,False,highs
milp_h1,1,14.011961348354816,42.03588404506445,28.023922696709633,3,229,0.7842874217134553,3.4421156999160303,11.951790624708439,-0.46155373034998703,3,0.25,dynamic_1_5_p3_h1_3_6_12_s0_25,dynamic:1.5,False,False,highs
milp_h1,2,13.60590010508895,40.81770031526685,27.2118002101779,4,237,0.9986996912183178,3.0812848000932718,10.698905555879415,-0.8676149736158543,3,0.25,dynamic_1_5_p3_h1_3_6_12_s0_25,dynamic:1.5,False,False,highs
milp_h1,3,14.393257420510054,43.17977226153016,28.786514841020107,1,232,0.9972760036049202,3.1422487998497672,10.91058611058947,-0.08025765819474984,3,0.25,dynamic_1_5_p3_h1_3_6_12_s0_25,dynamic:1.5,False,False,highs
milp_h1,4,15.394811259582639,46.184433778747916,30.789622519165277,1,238,0.0,3.2181586000224343,11.174161805633453,0.9212961808778353,3,0.25,dynamic_1_5_p3_h1_3_6_12_s0_25,dynamic:1.5,False,False,highs
milp_h1,5,13.450717572122812,40.35215271636844,26.901435144245625,2,252,0.0,3.3033762001577998,11.470056250547916,-1.0227975065819912,3,0.25,dynamic_1_5_p3_h1_3_6_12_s0_25,dynamic:1.5,False,False,highs
milp_h1,6,14.969880100339651,44.90964030101895,29.939760200679302,3,276,0.9980862918466256,3.1582507999701193,10.966148611007359,0.49636502163484764,3,0.25,dynamic_1_5_p3_h1_3_6_12_s0_25,dynamic:1.5,False,False,highs
milp_h1,7,11.056708166375756,33.17012449912727,22.113416332751513,0,227,0.0,3.1891806000785436,11.073543750272721,-3.416806912329047,3,0.25,dynamic_1_5_p3_h1_3_6_12_s0_25,dynamic:1.5,False,False,highs
milp_h1,8,13.276702713221312,39.830108139663935,26.553405426442623,1,245,0.0,3.2248999999137595,11.197569444144998,-1.196812365483492,3,0.25,dynamic_1_5_p3_h1_3_6_12_s0_25,dynamic:1.5,False,False,highs
milp_h1,9,16.817159984260798,50.45147995278239,33.634319968521595,3,264,0.658221248923907,3.248226800147677,11.278565278290545,2.343644905555994,3,0.25,dynamic_1_5_p3_h1_3_6_12_s0_25,dynamic:1.5,False,False,highs
milp_h1,10,18.863482363522053,56.59044709056616,37.726964727044106,2,236,0.9960253973142259,3.092502300016349,10.737855208390101,4.389967284817249,3,0.25,dynamic_1_5_p3_h1_3_6_12_s0_25,dynamic:1.5,False,False,highs
milp_h1,11,14.684010101482272,44.052030304446816,29.368020202964544,4,210,0.5445862547113499,3.256258799956413,11.306454166515323,0.21049502277746868,3,0.25,dynamic_1_5_p3_h1_3_6_12_s0_25,dynamic:1.5,False,False,highs
milp_h1,12,14.570834993384778,43.712504980154335,29.141669986769557,2,248,0.0,3.3379500001465203,11.590104167175419,0.09731991467997503,3,0.25,dynamic_1_5_p3_h1_3_6_12_s0_25,dynamic:1.5,False,False,highs
milp_h1,13,14.357252033427358,43.07175610028207,28.714504066854715,1,227,0.0,3.1625044999818783,10.980918402714856,-0.1162630452774458,3,0.25,dynamic_1_5_p3_h1_3_6_12_s0_25,dynamic:1.5,False,False,highs
milp_h1,14,15.005024978891015,45.015074936673045,30.01004995778203,7,249,0.9963495270838596,3.167888799813227,10.99961388824037,0.5315099001862116,3,0.25,dynamic_1_5_p3_h1_3_6_12_s0_25,dynamic:1.5,False,False,highs
milp_h1,15,13.730145072564483,41.19043521769345,27.460290145128965,1,229,0.0,3.2285159999446478,11.210124999807805,-0.7433700061403208,3,0.25,dynamic_1_5_p3_h1_3_6_12_s0_25,dynamic:1.5,False,False,highs
milp_h1,16,15.160803811624646,45.48241143487394,30.321607623249292,2,233,0.0,3.296703999862075,11.446888888409982,0.6872887329198427,3,0.25,dynamic_1_5_p3_h1_3_6_12_s0_25,dynamic:1.5,False,False,highs
milp_h1,17,16.865780644118786,50.59734193235636,33.73156128823757,1,240,0.0,3.139888600053382,10.902390972407577,2.3922655654139824,3,0.25,dynamic_1_5_p3_h1_3_6_12_s0_25,dynamic:1.5,False,False,highs
milp_h1,18,9.823211325332522,29.469633975997567,19.646422650665045,3,240,0.4730959770393176,3.2186308000964345,11.17580138922373,-4.650303753372281,3,0.25,dynamic_1_5_p3_h1_3_6_12_s0_25,dynamic:1.5,False,False,highs
milp_h1,19,14.949804397299886,44.84941319189966,29.89960879459977,1,206,0.0,3.164330600062385,10.987259027994392,0.4762893185950823,3,0.25,dynamic_1_5_p3_h1_3_6_12_s0_25,dynamic:1.5,False,False,highs
milp_h1,20,11.147819951176643,33.44345985352993,22.295639902353287,3,245,1.0,3.293932700136793,11.43726631991942,-3.32569512752816,3,0.25,dynamic_1_5_p3_h1_3_6_12_s0_25,dynamic:1.5,False,False,highs
milp_h1,21,17.040537977591157,51.12161393277347,34.081075955182314,3,242,0.0,3.0553115000220714,10.608720486187748,2.5670228988863535,3,0.25,dynamic_1_5_p3_h1_3_6_12_s0_25,dynamic:1.5,False,False,highs
milp_h1,22,11.407548638060689,34.22264591418207,22.815097276121378,5,244,0.7830954184023884,3.154930399978184,10.954619444368696,-3.0659664406441145,3,0.25,dynamic_1_5_p3_h1_3_6_12_s0_25,dynamic:1.5,False,False,highs
milp_h1,23,13.634150583297014,40.90245174989104,27.26830116659403,5,246,0.27933997118768095,3.26453710005444,11.335198264077917,-0.8393644954077892,3,0.25,dynamic_1_5_p3_h1_3_6_12_s0_25,dynamic:1.5,False,False,highs
milp_h1,24,14.64457300119102,43.93371900357306,29.28914600238204,5,241,0.7056527757961402,3.1548272000363795,10.954261111237429,0.17105792248621654,3,0.25,dynamic_1_5_p3_h1_3_6_12_s0_25,dynamic:1.5,False,False,highs
milp_h1,25,20.17151826247573,60.51455478742719,40.34303652495146,3,248,0.997858249148476,3.1712694999441737,11.011352430361715,5.6980031837709255,3,0.25,dynamic_1_5_p3_h1_3_6_12_s0_25,dynamic:1.5,False,False,highs
milp_h1,26,14.989440070465207,44.96832021139562,29.978880140930414,3,216,0.7760666651779532,3.252549100041506,11.293573264033007,0.5159249917604036,3,0.25,dynamic_1_5_p3_h1_3_6_12_s0_25,dynamic:1.5,False,False,highs
milp_h1,27,9.597307484596968,28.791922453790903,19.194614969193935,1,264,0.0,3.336864499884541,11.586335069043546,-4.876207594107836,3,0.25,dynamic_1_5_p3_h1_3_6_12_s0_25,dynamic:1.5,False,False,highs
milp_h1,28,16.75181620940566,50.25544862821698,33.50363241881132,3,257,0.9992132100429153,3.418388199977926,11.869403472145576,2.278301130700857,3,0.25,dynamic_1_5_p3_h1_3_6_12_s0_25,dynamic:1.5,False,False,highs
milp_h1,29,15.283040564507246,45.84912169352174,30.566081129014492,4,243,0.9992333405417053,2.9573255000723293,10.268491319695588,0.8095254858024425,3,0.25,dynamic_1_5_p3_h1_3_6_12_s0_25,dynamic:1.5,False,False,highs
milp_h3,0,14.494001224637032,43.482003673911095,28.988002449274063,3,230,0.9956920856304501,5.792992700153263,20.114557986643277,0.020486145932228084,3,0.25,dynamic_1_5_p3_h1_3_6_12_s0_25,dynamic:1.5,False,False,highs
milp_h3,1,14.011961348354816,42.03588404506445,28.023922696709633,2,230,0.7843385961882147,3.4844215999619337,12.098686110978937,-0.46155373034998703,3,0.25,dynamic_1_5_p3_h1_3_6_12_s0_25,dynamic:1.5,False,False,highs
milp_h3,2,13.60590010508895,40.81770031526685,27.2118002101779,1,240,0.0,4.247640599991428,14.748752083303568,-0.8676149736158543,3,0.25,dynamic_1_5_p3_h1_3_6_12_s0_25,dynamic:1.5,False,False,highs
milp_h3,3,14.393257420510054,43.17977226153016,28.786514841020107,4,229,0.5120012601390305,5.493270000020857,19.073854166739086,-0.08025765819474984,3,0.25,dynamic_1_5_p3_h1_3_6_12_s0_25,dynamic:1.5,False,False,highs
milp_h3,4,15.394811259582639,46.184433778747916,30.789622519165277,2,237,0.9992575843884703,5.058023899953696,17.562582985950332,0.9212961808778353,3,0.25,dynamic_1_5_p3_h1_3_6_12_s0_25,dynamic:1.5,False,False,highs
milp_h3,5,13.450717572122812,40.35215271636844,26.901435144245625,5,249,0.9982754602058562,6.153857300174423,21.36756007005008,-1.0227975065819912,3,0.25,dynamic_1_5_p3_h1_3_6_12_s0_25,dynamic:1.5,False,False,highs
milp_h3,6,14.969880100339651,44.90964030101895,29.939760200679302,4,275,0.9986466593455886,5.8347022999223555,20.259382985841512,0.49636502163484764,3,0.25,dynamic_1_5_p3_h1_3_6_12_s0_25,dynamic:1.5,False,False,highs
milp_h3,7,11.056708166375756,33.17012449912727,22.113416332751513,4,223,0.9997073358572152,5.678937100019539,19.718531597290067,-3.416806912329047,3,0.25,dynamic_1_5_p3_h1_3_6_12_s0_25,dynamic:1.5,False,False,highs
milp_h3,8,13.276702713221312,39.830108139663935,26.553405426442623,2,244,0.0,4.90520810012822,17.031972569889653,-1.196812365483492,3,0.25,dynamic_1_5_p3_h1_3_6_12_s0_25,dynamic:1.5,False,False,highs
milp_h3,9,16.817159984260798,50.45147995278239,33.634319968521595,2,265,0.658221248923907,5.8161772001039935,20.19505972258331,2.343644905555994,3,0.25,dynamic_1_5_p3_h1_3_6_12_s0_25,dynamic:1.5,False,False,highs
milp_h3,10,18.863482363522053,56.59044709056616,37.726964727044106,2,236,0.999475608325069,4.652718999946956,16.155274305371375,4.389967284817249,3,0.25,dynamic_1_5_p3_h1_3_6_12_s0_25,dynamic:1.5,False,False,highs
milp_h3,11,14.684010101482272,44.052030304446816,29.368020202964544,4,210,0.6059126251878888,5.202372800122248,18.06379444486892,0.21049502277746868,3,0.25,dynamic_1_5_p3_h1_3_6_12_s0_25,dynamic:1.5,False,False,highs
milp_h3,12,14.570834993384778,43.712504980154335,29.141669986769557,4,246,0.9983630779027938,5.817073100071866,20.198170486360645,0.09731991467997503,3,0.25,dynamic_1_5_p3_h1_3_6_12_s0_25,dynamic:1.5,False,False,highs
milp_h3,13,14.357252033427358,43.07175610028207,28.714504066854715,1,227,0.9971125289318451,5.5886580998922,19.405062846847915,-0.1162630452774458,3,0.25,dynamic_1_5_p3_h1_3_6_12_s0_25,dynamic:1.5,False,False,highs
milp_h3,14,15.005024978891015,45.015074936673045,30.01004995778203,6,250,0.6953741991359254,4.936972400028026,17.14226527787509,0.5315099001862116,3,0.25,dynamic_1_5_p3_h1_3_6_12_s0_25,dynamic:1.5,False,False,highs
milp_h3,15,13.730145072564483,41.19043521769345,27.460290145128965,2,228,0.9970983176356866,5.5878745000227354,19.402342013967832,-0.7433700061403208,3,0.25,dynamic_1_5_p3_h1_3_6_12_s0_25,dynamic:1.5,False,False,highs
milp_h3,16,15.160803811624646,45.48241143487394,30.321607623249292,2,233,0.0,6.2161098000069614,21.583714583357505,0.6872887329198427,3,0.25,dynamic_1_5_p3_h1_3_6_12_s0_25,dynamic:1.5,False,False,highs
milp_h3,17,16.865780644118786,50.59734193235636,33.73156128823757,2,239,0.9978074830560558,4.52485810010694,15.71131284759354,2.3922655654139824,3,0.25,dynamic_1_5_p3_h1_3_6_12_s0_25,dynamic:1.5,False,False,highs
milp_h3,18,9.823211325332522,29.469633975997567,19.646422650665045,6,237,0.6306248090656197,4.889131599848042,16.97615138836126,-4.650303753372281,3,0.25,dynamic_1_5_p3_h1_3_6_12_s0_25,dynamic:1.5,False,False,highs
milp_h3,19,14.949804397299886,44.84941319189966,29.89960879459977,1,206,0.0,4.727366300081485,16.414466319727378,0.4762893185950823,3,0.25,dynamic_1_5_p3_h1_3_6_12_s0_25,dynamic:1.5,False,False,highs
milp_h3,20,11.147819951176643,33.44345985352993,22.295639902353287,3,245,0.9990005547237913,5.5928659998608055,19.419673610627797,-3.32569512752816,3,0.25,dynamic_1_5_p3_h1_3_6_12_s0_25,dynamic:1.5,False,False,highs
milp_h3,21,17.040537977591157,51.12161393277347,34.081075955182314,2,243,0.0,6.136491700002807,21.307262847231968,2.5670228988863535,3,0.25,dynamic_1_5_p3_h1_3_6_12_s0_25,dynamic:1.5,False,False,highs
milp_h3,22,11.407548638060689,34.22264591418207,22.815097276121378,3,246,0.0,5.606335000164108,19.466440972792043,-3.0659664406441145,3,0.25,dynamic_1_5_p3_h1_3_6_12_s0_25,dynamic:1.5,False,False,highs
milp_h3,23,13.634150583297014,40.90245174989104,27.26830116659403,7,243,0.626914928090401,6.712777599997935,23.308255555548385,-0.8393644954077892,3,0.25,dynamic_1_5_p3_h1_3_6_12_s0_25,dynamic:1.5,False,False,highs
milp_h3,24,14.64457300119102,43.93371900357306,29.28914600238204,7,239,0.8031152812232474,5.061832699895604,17.575807985748625,0.17105792248621654,3,0.25,dynamic_1_5_p3_h1_3_6_12_s0_25,dynamic:1.5,False,False,highs
milp_h3,25,20.17151826247573,60.51455478742719,40.34303652495146,5,246,0.9969584599021689,5.648399899917422,19.61249965249105,5.6980031837709255,3,0.25,dynamic_1_5_p3_h1_3_6_12_s0_25,dynamic:1.5,False,False,highs
milp_h3,26,14.989440070465207,44.96832021139562,29.978880140930414,3,216,0.9990820282460549,4.637022300157696,16.100771875547554,0.5159249917604036,3,0.25,dynamic_1_5_p3_h1_3_6_12_s0_25,dynamic:1.5,False,False,highs
milp_h3,27,9.597307484596968,28.791922453790903,19.194614969193935,2,263,0.9997285936499445,6.044339799918816,20.987290971940336,-4.876207594107836,3,0.25,dynamic_1_5_p3_h1_3_6_12_s0_25,dynamic:1.5,False,False,highs
milp_h3,28,16.75181620940566,50.25544862821698,33.50363241881132,3,257,0.9958253380935879,4.545953900116729,15.784562153183085,2.278301130700857,3,0.25,dynamic_1_5_p3_h1_3_6_12_s0_25,dynamic:1.5,False,False,highs
milp_h3,29,15.33929056674242,46.01787170022726,30.67858113348484,2,245,0.9971727796499704,4.921828300197376,17.089681597907557,0.8657754880376167,3,0.25,dynamic_1_5_p3_h1_3_6_12_s0_25,dynamic:1.5,False,False,highs
milp_h6,0,14.494001224637032,43.482003673911095,28.988002449274063,3,230,0.9979238637908264,7.3525518998503685,25.52969409670267,0.020486145932228084,3,0.25,dynamic_1_5_p3_h1_3_6_12_s0_25,dynamic:1.5,False,False,highs
milp_h6,1,14.011961348354816,42.03588404506445,28.023922696709633,2,230,0.7843385961882147,4.3201471999054775,15.000511110782908,-0.46155373034998703,3,0.25,dynamic_1_5_p3_h1_3_6_12_s0_25,dynamic:1.5,False,False,highs
milp_h6,2,13.60590010508895,40.81770031526685,27.2118002101779,1,240,0.0,5.038054699980421,17.49324548604313,-0.8676149736158543,3,0.25,dynamic_1_5_p3_h1_3_6_12_s0_25,dynamic:1.5,False,False,highs
milp_h6,3,14.393257420510054,43.17977226153016,28.786514841020107,4,229,0.5120012601390305,5.94735319983738,20.65053194387979,-0.08025765819474984,3,0.25,dynamic_1_5_p3_h1_3_6_12_s0_25,dynamic:1.5,False,False,highs
milp_h6,4,15.394811259582639,46.184433778747916,30.789622519165277,2,237,0.9992575843884703,5.485659400103032,19.04742847257997,0.9212961808778353,3,0.25,dynamic_1_5_p3_h1_3_6_12_s0_25,dynamic:1.5,False,False,highs
milp_h6,5,13.450717572122812,40.35215271636844,26.901435144245625,5,249,0.9993442668770616,6.628790500049945,23.016633680728976,-1.0227975065819912,3,0.25,dynamic_1_5_p3_h1_3_6_12_s0_25,dynamic:1.5,False,False,highs
milp_h6,6,14.969880100339651,44.90964030101895,29.939760200679302,4,275,0.9986466593455886,6.032301999934134,20.945493055326853,0.49636502163484764,3,0.25,dynamic_1_5_p3_h1_3_6_12_s0_25,dynamic:1.5,False,False,highs
milp_h6,7,11.056708166375756,33.17012449912727,22.113416332751513,4,223,0.9997073358572152,6.153780499880668,21.36729340236343,-3.416806912329047,3,0.25,dynamic_1_5_p3_h1_3_6_12_s0_25,dynamic:1.5,False,False,highs
milp_h6,8,13.276702713221312,39.830108139663935,26.553405426442623,2,244,0.0,5.218791000064812,18.120802083558374,-1.196812365483492,3,0.25,dynamic_1_5_p3_h1_3_6_12_s0_25,dynamic:1.5,False,False,highs
milp_h6,9,16.817159984260798,50.45147995278239,33.634319968521595,2,265,0.658221248923907,6.157680600139429,21.380835417150795,2.343644905555994,3,0.25,dynamic_1_5_p3_h1_3_6_12_s0_25,dynamic:1.5,False,False,highs
milp_h6,10,18.863482363522053,56.59044709056616,37.726964727044106,2,236,0.999475608325069,5.098877199925482,17.70443472196348,4.389967284817249,3,0.25,dynamic_1_5_p3_h1_3_6_12_s0_25,dynamic:1.5,False,False,highs
milp_h6,11,14.684010101482272,44.052030304446816,29.368020202964544,4,210,0.6059126251878888,5.331387699974584,18.511762847133973,0.21049502277746868,3,0.25,dynamic_1_5_p3_h1_3_6_12_s0_25,dynamic:1.5,False,False,highs
milp_h6,12,14.570834993384778,43.712504980154335,29.141669986769557,4,246,0.9983630779027938,6.4231495000422,22.302602430702084,0.09731991467997503,3,0.25,dynamic_1_5_p3_h1_3_6_12_s0_25,dynamic:1.5,False,False,highs
milp_h6,13,14.357252033427358,43.07175610028207,28.714504066854715,1,227,0.9971125289318451,6.025523099975544,20.921955208248416,-0.1162630452774458,3,0.25,dynamic_1_5_p3_h1_3_6_12_s0_25,dynamic:1.5,False,False,highs
milp_h6,14,15.005024978891015,45.015074936673045,30.01004995778203,6,250,0.6926236405832986,5.509958599926904,19.131800694190638,0.5315099001862116,3,0.25,dynamic_1_5_p3_h1_3_6_12_s0_25,dynamic:1.5,False,False,highs
milp_h6,15,13.730145072564483,41.19043521769345,27.460290145128965,2,228,0.9970983176356866,6.097858399909455,21.17311944413005,-0.7433700061403208,3,0.25,dynamic_1_5_p3_h1_3_6_12_s0_25,dynamic:1.5,False,False,highs
milp_h6,16,15.160803811624646,45.48241143487394,30.321607623249292,2,233,0.0,6.9487674999109,24.127664930246183,0.6872887329198427,3,0.25,dynamic_1_5_p3_h1_3_6_12_s0_25,dynamic:1.5,False,False,highs
milp_h6,17,16.865780644118786,50.59734193235636,33.73156128823757,2,239,0.9978074830560558,4.884683799973573,16.96070763879713,2.3922655654139824,3,0.25,dynamic_1_5_p3_h1_3_6_12_s0_25,dynamic:1.5,False,False,highs
milp_h6,18,9.823211325332522,29.469633975997567,19.646422650665045,6,237,0.6306248090656197,5.275731500194524,18.31851215345321,-4.650303753372281,3,0.25,dynamic_1_5_p3_h1_3_6_12_s0_25,dynamic:1.5,False,False,highs
milp_h6,19,14.949804397299886,44.84941319189966,29.89960879459977,1,206,0.0,5.266406900016591,18.286135069502052,0.4762893185950823,3,0.25,dynamic_1_5_p3_h1_3_6_12_s0_25,dynamic:1.5,False,False,highs
milp_h6,20,11.147819951176643,33.44345985352993,22.295639902353287,3,245,0.9990005547237913,6.295326499850489,21.85877256892531,-3.32569512752816,3,0.25,dynamic_1_5_p3_h1_3_6_12_s0_25,dynamic:1.5,False,False,highs
milp_h6,21,17.040537977591157,51.12161393277347,34.081075955182314,2,243,0.0,6.6141080999950645,22.965653124982865,2.5670228988863535,3,0.25,dynamic_1_5_p3_h1_3_6_12_s0_25,dynamic:1.5,False,False,highs
milp_h6,22,11.407548638060689,34.22264591418207,22.815097276121378,3,246,0.0,6.403860300066299,22.23562604189687,-3.0659664406441145,3,0.25,dynamic_1_5_p3_h1_3_6_12_s0_25,dynamic:1.5,False,False,highs
milp_h6,23,13.634150583297014,40.90245174989104,27.26830116659403,7,243,0.5030724722168006,7.140611599985277,24.793790277726657,-0.8393644954077892,3,0.25,dynamic_1_5_p3_h1_3_6_12_s0_25,dynamic:1.5,False,False,highs
milp_h6,24,14.64457300119102,43.93371900357306,29.28914600238204,7,239,0.38713584251413224,6.0114881000627065,20.873222569662175,0.17105792248621654,3,0.25,dynamic_1_5_p3_h1_3_6_12_s0_25,dynamic:1.5,False,False,highs
milp_h6,25,20.17151826247573,60.51455478742719,40.34303652495146,5,246,0.9969584599021689,6.5808123998576775,22.85004305506138,5.6980031837709255,3,0.25,dynamic_1_5_p3_h1_3_6_12_s0_25,dynamic:1.5,False,False,highs
milp_h6,26,14.989440070465207,44.96832021139562,29.978880140930414,3,216,0.9990820282460549,5.080662900058087,17.64119062520169,0.5159249917604036,3,0.25,dynamic_1_5_p3_h1_3_6_12_s0_25,dynamic:1.5,False,False,highs
milp_h6,27,9.597307484596968,28.791922453790903,19.194614969193935,2,263,0.9997285936499445,7.607983700014302,26.4166100694941,-4.876207594107836,3,0.25,dynamic_1_5_p3_h1_3_6_12_s0_25,dynamic:1.5,False,False,highs
milp_h6,28,16.75181620940566,50.25544862821698,33.50363241881132,3,257,0.9958253380935879,5.461895599946729,18.96491527759281,2.278301130700857,3,0.25,dynamic_1_5_p3_h1_3_6_12_s0_25,dynamic:1.5,False,False,highs
milp_h6,29,15.33929056674242,46.01787170022726,30.67858113348484,2,245,0.9971727796499704,5.926949899920146,20.579687152500508,0.8657754880376167,3,0.25,dynamic_1_5_p3_h1_3_6_12_s0_25,dynamic:1.5,False,False,highs
milp_h12,0,14.494001224637032,43.482003673911095,28.988002449274063,3,230,0.9979239276343531,10.75178790006612,37.332596875229584,0.020486145932228084,3,0.25,dynamic_1_5_p3_h1_3_6_12_s0_25,dynamic:1.5,False,False,highs
milp_h12,1,14.011961348354816,42.03588404506445,28.023922696709633,2,230,0.7843385961882147,6.163880700070877,21.402363541912766,-0.46155373034998703,3,0.25,dynamic_1_5_p3_h1_3_6_12_s0_25,dynamic:1.5,False,False,highs
milp_h12,2,13.60590010508895,40.81770031526685,27.2118002101779,1,240,0.0,7.32966149992717,25.450213541413785,-0.8676149736158543,3,0.25,dynamic_1_5_p3_h1_3_6_12_s0_25,dynamic:1.5,False,False,highs
milp_h12,3,14.393257420510054,43.17977226153016,28.786514841020107,4,229,0.5120012601390305,10987.892797400316,38152.40554652888,-0.08025765819474984,3,0.25,dynamic_1_5_p3_h1_3_6_12_s0_25,dynamic:1.5,False,False,highs
milp_h12,4,15.394811259582639,46.184433778747916,30.789622519165277,2,237,0.9992575843884703,20.833577000012156,72.33880902781999,0.9212961808778353,3,0.25,dynamic_1_5_p3_h1_3_6_12_s0_25,dynamic:1.5,False,False,highs
milp_h12,5,13.450717572122812,40.35215271636844,26.901435144245625,5,249,0.9993442668770616,21.992235799931223,76.3619298608723,-1.0227975065819912,3,0.25,dynamic_1_5_p3_h1_3_6_12_s0_25,dynamic:1.5,False,False,highs
milp_h12,6,14.969880100339651,44.90964030101895,29.939760200679302,4,275,0.9986466593455886,21.174615099822404,73.52296909660556,0.49636502163484764,3,0.25,dynamic_1_5_p3_h1_3_6_12_s0_25,dynamic:1.5,False,False,highs
milp_h12,7,11.056708166375756,33.17012449912727,22.113416332751513,4,223,0.9997073358572152,19.881515700311866,69.03304062608287,-3.416806912329047,3,0.25,dynamic_1_5_p3_h1_3_6_12_s0_25,dynamic:1.5,False,False,highs
milp_h12,8,13.276702713221312,39.830108139663935,26.553405426442623,2,244,0.9992857510678782,16.425560599949677,57.033196527603046,-1.196812365483492,3,0.25,dynamic_1_5_p3_h1_3_6_12_s0_25,dynamic:1.5,False,False,highs
milp_h12,9,16.817159984260798,50.45147995278239,33.634319968521595,2,265,0.658221248923907,19.74450579963741,68.55731180429656,2.343644905555994,3,0.25,dynamic_1_5_p3_h1_3_6_12_s0_25,dynamic:1.5,False,False,highs
milp_h12,10,18.863482363522053,56.59044709056616,37.726964727044106,2,236,0.999475608325069,16.995013699954143,59.010464235951886,4.389967284817249,3,0.25,dynamic_1_5_p3_h1_3_6_12_s0_25,dynamic:1.5,False,False,highs
milp_h12,11,14.684010101482272,44.052030304446816,29.368020202964544,4,210,0.6059126251878888,17.44913859970984,60.58728680454806,0.21049502277746868,3,0.25,dynamic_1_5_p3_h1_3_6_12_s0_25,dynamic:1.5,False,False,highs
milp_h12,12,14.570834993384778,43.712504980154335,29.141669986769557,4,246,0.9983630779027938,20.28865680017043,70.44672500059177,0.09731991467997503,3,0.25,dynamic_1_5_p3_h1_3_6_12_s0_25,dynamic:1.5,False,False,highs
milp_h12,13,14.357252033427358,43.07175610028207,28.714504066854715,1,227,0.9971125289318451,18.35365110001294,63.72795520837826,-0.1162630452774458,3,0.25,dynamic_1_5_p3_h1_3_6_12_s0_25,dynamic:1.5,False,False,highs
milp_h12,14,15.005024978891015,45.015074936673045,30.01004995778203,7,249,0.7499630604271128,17.681125200208044,61.392795834055704,0.5315099001862116,3,0.25,dynamic_1_5_p3_h1_3_6_12_s0_25,dynamic:1.5,False,False,highs
milp_h12,15,13.730145072564483,41.19043521769345,27.460290145128965,2,228,0.9970983176356866,19.739044800051488,68.53835000017878,-0.7433700061403208,3,0.25,dynamic_1_5_p3_h1_3_6_12_s0_25,dynamic:1.5,False,False,highs
milp_h12,16,15.160803811624646,45.48241143487394,30.321607623249292,2,233,0.0,21.977833599812584,76.31192222157148,0.6872887329198427,3,0.25,dynamic_1_5_p3_h1_3_6_12_s0_25,dynamic:1.5,False,False,highs
milp_h12,17,16.865780644118786,50.59734193235636,33.73156128823757,2,239,0.9978074830560558,15.08351819991367,52.37332708303357,2.3922655654139824,3,0.25,dynamic_1_5_p3_h1_3_6_12_s0_25,dynamic:1.5,False,False,highs
milp_h12,18,9.823211325332522,29.469633975997567,19.646422650665045,6,237,0.6306248090656197,16.32161170008476,56.67226284751652,-4.650303753372281,3,0.25,dynamic_1_5_p3_h1_3_6_12_s0_25,dynamic:1.5,False,False,highs
milp_h12,19,14.949804397299886,44.84941319189966,29.89960879459977,1,206,0.0,16.342927299934672,56.74627534699539,0.4762893185950823,3,0.25,dynamic_1_5_p3_h1_3_6_12_s0_25,dynamic:1.5,False,False,highs
milp_h12,20,11.147819951176643,33.44345985352993,22.295639902353287,4,244,1.0,16.447037699836073,57.107769791097475,-3.32569512752816,3,0.25,dynamic_1_5_p3_h1_3_6_12_s0_25,dynamic:1.5,False,False,highs
milp_h12,21,17.040537977591157,51.12161393277347,34.081075955182314,2,243,0.0,20.84684119990561,72.38486527745005,2.5670228988863535,3,0.25,dynamic_1_5_p3_h1_3_6_12_s0_25,dynamic:1.5,False,False,highs
milp_h12,22,11.407548638060689,34.22264591418207,22.815097276121378,3,246,0.0,19.781542500073556,68.68591145858873,-3.0659664406441145,3,0.25,dynamic_1_5_p3_h1_3_6_12_s0_25,dynamic:1.5,False,False,highs
milp_h12,23,13.634150583297014,40.90245174989104,27.26830116659403,7,243,0.626914928090401,22.484237399912672,78.07026874969678,-0.8393644954077892,3,0.25,dynamic_1_5_p3_h1_3_6_12_s0_25,dynamic:1.5,False,False,highs
milp_h12,24,14.64457300119102,43.93371900357306,29.28914600238204,6,240,0.6864631037765729,17.641578500100877,61.255480903128046,0.17105792248621654,3,0.25,dynamic_1_5_p3_h1_3_6_12_s0_25,dynamic:1.5,False,False,highs
milp_h12,25,20.17151826247573,60.51455478742719,40.34303652495146,4,247,0.9988956902600976,21.76342519983882,75.56744861055147,5.6980031837709255,3,0.25,dynamic_1_5_p3_h1_3_6_12_s0_25,dynamic:1.5,False,False,highs
milp_h12,26,14.989440070465207,44.96832021139562,29.978880140930414,3,216,0.9990820282460549,16.38887149989023,56.905803819063294,0.5159249917604036,3,0.25,dynamic_1_5_p3_h1_3_6_12_s0_25,dynamic:1.5,False,False,highs
milp_h12,27,9.597307484596968,28.791922453790903,19.194614969193935,2,263,0.9997285936499445,22.130448799871374,76.84183611066449,-4.876207594107836,3,0.25,dynamic_1_5_p3_h1_3_6_12_s0_25,dynamic:1.5,False,False,highs
milp_h12,28,16.75181620940566,50.25544862821698,33.50363241881132,3,257,0.9958253380935879,16.443210199882742,57.09447986070396,2.278301130700857,3,0.25,dynamic_1_5_p3_h1_3_6_12_s0_25,dynamic:1.5,False,False,highs
milp_h12,29,15.33929056674242,46.01787170022726,30.67858113348484,2,245,0.9971727796499704,17.966045700217364,62.38210312575474,0.8657754880376167,3,0.25,dynamic_1_5_p3_h1_3_6_12_s0_25,dynamic:1.5,False,False,highs
equal_share,0,14.491147287943104,43.473441863829315,28.98229457588621,6,227,0.6940820037845934,0.004203799762763083,0.014596526954038482,0.017632209238300334,3,0.25,dynamic_1_5_p3_h1_3_6_12_s0_25,dynamic:1.5,False,False,highs
equal_share,1,14.011961348354816,42.03588404506445,28.023922696709633,3,229,0.7842874217134553,0.004475199937587604,0.015538888672179181,-0.46155373034998703,3,0.25,dynamic_1_5_p3_h1_3_6_12_s0_25,dynamic:1.5,False,False,highs
equal_share,2,13.601545445123087,40.80463633536927,27.20309089024618,3,238,0.9982179892519383,0.004776000103447586,0.01658333369252634,-0.8719696335817169,3,0.25,dynamic_1_5_p3_h1_3_6_12_s0_25,dynamic:1.5,False,False,highs
equal_share,3,12.106566309785688,36.31969892935707,24.21313261957138,4,229,0.9965804920105077,0.004325800109654665,0.015020139269634254,-2.3669487689191158,3,0.25,dynamic_1_5_p3_h1_3_6_12_s0_25,dynamic:1.5,False,False,highs
equal_share,4,14.509849562734978,43.52954868820493,29.019699125469955,3,236,0.9968502011676512,0.004319500119891018,0.014998264305177145,0.03633448403017425,3,0.25,dynamic_1_5_p3_h1_3_6_12_s0_25,dynamic:1.5,False,False,highs
equal_share,5,7.116677396942363,21.350032190827093,14.23335479388473,3,251,0.9986096534701598,0.004522000177530572,0.015701389505314484,-7.356837681762441,3,0.25,dynamic_1_5_p3_h1_3_6_12_s0_25,dynamic:1.5,False,False,highs
equal_share,6,14.951265822123112,44.85379746636933,29.902531644246217,2,277,0.9978401051365625,0.0043260997626930475,0.015021179731573082,0.4777507434183086,3,0.25,dynamic_1_5_p3_h1_3_6_12_s0_25,dynamic:1.5,False,False,highs
equal_share,7,11.052182891026742,33.15654867308022,22.10436578205348,5,222,0.5373329682866669,0.004488499951548874,0.01558506927621137,-3.421332187678061,3,0.25,dynamic_1_5_p3_h1_3_6_12_s0_25,dynamic:1.5,False,False,highs
equal_share,8,12.415467936443328,37.24640380932998,24.830935872886656,1,245,0.0,0.004317500104662031,0.014991319807854274,-2.0580471422614757,3,0.25,dynamic_1_5_p3_h1_3_6_12_s0_25,dynamic:1.5,False,False,highs
equal_share,9,14.651505737878232,43.95451721363469,29.303011475756456,2,265,0.658221248923907,0.00433700013672933,0.015059028252532395,0.17799065917342816,3,0.25,dynamic_1_5_p3_h1_3_6_12_s0_25,dynamic:1.5,False,False,highs
equal_share,10,17.298383212597976,51.89514963779393,34.59676642519595,4,234,0.9934788482177143,0.004317800223361701,0.014992361886672571,2.8248681338931725,3,0.25,dynamic_1_5_p3_h1_3_6_12_s0_25,dynamic:1.5,False,False,highs
equal_share,11,14.681498912596027,44.04449673778808,29.362997825192053,3,211,0.9962609856796876,0.004037899983813986,0.014020486054909674,0.2079838338912232,3,0.25,dynamic_1_5_p3_h1_3_6_12_s0_25,dynamic:1.5,False,False,highs
equal_share,12,14.554722937621538,43.66416881286461,29.109445875243072,4,246,0.9967336388170459,0.004629699658835307,0.016075346037622593,0.08120785891673421,3,0.25,dynamic_1_5_p3_h1_3_6_12_s0_25,dynamic:1.5,False,False,highs
equal_share,13,14.348254023058985,43.044762069176954,28.69650804611797,3,225,0.9990311382874397,0.004826400021556765,0.01675833340818321,-0.1252610556458187,3,0.25,dynamic_1_5_p3_h1_3_6_12_s0_25,dynamic:1.5,False,False,highs
equal_share,14,9.713317957516,29.139953872548006,19.426635915032005,3,253,0.9970053296976537,0.004505999764660373,0.015645832516181853,-4.760197121188803,3,0.25,dynamic_1_5_p3_h1_3_6_12_s0_25,dynamic:1.5,False,False,highs
equal_share,15,13.725240744942838,41.17572223482851,27.450481489885675,2,228,0.9981910769333866,0.0046264999255072325,0.016064235852455668,-0.748274333761966,3,0.25,dynamic_1_5_p3_h1_3_6_12_s0_25,dynamic:1.5,False,False,highs
equal_share,16,11.078605955850122,33.23581786755037,22.157211911700244,2,233,0.9975392024563218,0.004536900174571201,0.015753125606150005,-3.3949091228546813,3,0.25,dynamic_1_5_p3_h1_3_6_12_s0_25,dynamic:1.5,False,False,highs
equal_share,17,16.406162277100634,49.21848683130191,32.812324554201275,3,238,0.9935512932923343,0.004384600120829418,0.015224305975102147,1.9326471983958307,3,0.25,dynamic_1_5_p3_h1_3_6_12_s0_25,dynamic:1.5,False,False,highs
equal_share,18,8.983415694113773,26.950247082341328,17.966831388227554,5,238,0.8223225909344024,0.004244700074195862,0.014738541924291186,-5.49009938459103,3,0.25,dynamic_1_5_p3_h1_3_6_12_s0_25,dynamic:1.5,False,False,highs
equal_share,19,14.94707592967345,44.841227789020344,29.894151859346895,4,203,0.9981754849450106,0.004087700363015756,0.014193404038249154,0.47356085096864575,3,0.25,dynamic_1_5_p3_h1_3_6_12_s0_25,dynamic:1.5,False,False,highs
equal_share,20,8.227544366880363,24.68263310064109,16.45508873376073,1,247,1.0,0.004428500134963542,0.015376736579734521,-6.245970711824441,3,0.25,dynamic_1_5_p3_h1_3_6_12_s0_25,dynamic:1.5,False,False,highs
equal_share,21,16.399018457240047,49.19705537172014,32.79803691448009,4,241,0.9962154946745928,0.004534000036073849,0.015743055680811975,1.9255033785352431,3,0.25,dynamic_1_5_p3_h1_3_6_12_s0_25,dynamic:1.5,False,False,highs
equal_share,22,10.549747837198694,31.64924351159608,21.099495674397385,6,243,0.99837732416167,0.004368399677332491,0.015168054435182259,-3.923767241506109,3,0.25,dynamic_1_5_p3_h1_3_6_12_s0_25,dynamic:1.5,False,False,highs
equal_share,23,9.997255319356647,29.991765958069934,19.994510638713287,3,247,0.4288309093323224,0.004307699768105522,0.014957290861477505,-4.476259759348157,3,0.25,dynamic_1_5_p3_h1_3_6_12_s0_25,dynamic:1.5,False,False,highs
equal_share,24,9.197700716052509,27.593102148157524,18.395401432105015,3,243,0.41177357406046994,0.0047342995821964,0.01643854021595972,-5.275814362652294,3,0.25,dynamic_1_5_p3_h1_3_6_12_s0_25,dynamic:1.5,False,False,highs
equal_share,25,12.837304861786624,38.51191458535987,25.674609723573244,2,249,0.9964392750331617,0.004341800056863576,0.015075694641887417,-1.6362102169181796,3,0.25,dynamic_1_5_p3_h1_3_6_12_s0_25,dynamic:1.5,False,False,highs
equal_share,26,14.989440070465207,44.96832021139562,29.978880140930414,6,213,0.7213256407893465,0.004441900091478601,0.015423264206522921,0.5159249917604036,3,0.25,dynamic_1_5_p3_h1_3_6_12_s0_25,dynamic:1.5,False,False,highs
equal_share,27,7.220177293109135,21.660531879327408,14.440354586218273,1,264,0.0,0.004432000161614269,0.015388889450049546,-7.253337785595669,3,0.25,dynamic_1_5_p3_h1_3_6_12_s0_25,dynamic:1.5,False,False,highs
equal_share,28,14.498281920218442,43.49484576065533,28.996563840436888,6,254,0.9960051096616739,0.004325500194681808,0.015019097898200724,0.024766841513638838,3,0.25,dynamic_1_5_p3_h1_3_6_12_s0_25,dynamic:1.5,False,False,highs
equal_share,29,12.547993908073312,37.64398172421994,25.09598781614663,1,246,0.0,0.004615399957401678,0.016025694296533603,-1.925521170631491,3,0.25,dynamic_1_5_p3_h1_3_6_12_s0_25,dynamic:1.5,False,False,highs
max_charge,0,14.494001224637024,43.48200367391108,28.988002449274056,6,227,0.6940820037845934,0.002013300225371495,0.0069906257825399125,0.020486145932220978,3,0.25,dynamic_1_5_p3_h1_3_6_12_s0_25,dynamic:1.5,False,False,highs
max_charge,1,14.01196134835481,42.035884045064435,28.023922696709626,3,229,0.7842874217134553,0.0018601000774651766,0.006458680824531863,-0.46155373034999414,3,0.25,dynamic_1_5_p3_h1_3_6_12_s0_25,dynamic:1.5,False,False,highs
max_charge,2,13.605900105088942,40.81770031526683,27.21180021017789,3,238,0.9982179892519383,0.0019339003192726523,0.006714931664141154,-0.8676149736158614,3,0.25,dynamic_1_5_p3_h1_3_6_12_s0_25,dynamic:1.5,False,False,highs
max_charge,3,14.393257420510047,43.17977226153015,28.7865148410201,6,227,0.9973540914511898,0.001836100040236488,0.00637534736193225,-0.08025765819475694,3,0.25,dynamic_1_5_p3_h1_3_6_12_s0_25,dynamic:1.5,False,False,highs
max_charge,4,15.394811259582632,46.1844337787479,30.78962251916527,5,234,0.9977840808389519,0.00181750045157969,0.0063107654568739235,0.9212961808778282,3,0.25,dynamic_1_5_p3_h1_3_6_12_s0_25,dynamic:1.5,False,False,highs
max_charge,5,13.450717572122805,40.35215271636842,26.901435144245617,6,248,0.9982213291008168,0.00187310014734976,0.006503819956075556,-1.0227975065819983,3,0.25,dynamic_1_5_p3_h1_3_6_12_s0_25,dynamic:1.5,False,False,highs
max_charge,6,14.969880100339644,44.90964030101894,29.939760200679295,3,276,0.9978401051365625,0.0019393002148717642,0.0067336813016380705,0.49636502163484053,3,0.25,dynamic_1_5_p3_h1_3_6_12_s0_25,dynamic:1.5,False,False,highs
max_charge,7,11.056708166375756,33.17012449912726,22.113416332751505,5,222,0.5373329682866669,0.001758400205289945,0.006105556268367864,-3.416806912329047,3,0.25,dynamic_1_5_p3_h1_3_6_12_s0_25,dynamic:1.5,False,False,highs
max_charge,8,13.276702713221304,39.83010813966392,26.553405426442616,3,243,0.0,0.001873800007160753,0.0065062500248637255,-1.196812365483499,3,0.25,dynamic_1_5_p3_h1_3_6_12_s0_25,dynamic:1.5,False,False,highs
max_charge,9,16.81715998426079,50.45147995278238,33.63431996852159,4,263,0.658221248923907,0.001845900056650862,0.006409375196704382,2.343644905555987,3,0.25,dynamic_1_5_p3_h1_3_6_12_s0_25,dynamic:1.5,False,False,highs
max_charge,10,18.863482363522046,56.590447090566144,37.7269647270441,5,233,0.9934788482177143,0.0018708003626670688,0.006495834592593989,4.389967284817242,3,0.25,dynamic_1_5_p3_h1_3_6_12_s0_25,dynamic:1.5,False,False,highs
max_charge,11,14.684010101482265,44.0520303044468,29.368020202964537,3,211,0.9962609856796876,0.001833100337535143,0.00636493172755258,0.21049502277746157,3,0.25,dynamic_1_5_p3_h1_3_6_12_s0_25,dynamic:1.5,False,False,highs
max_charge,12,14.570834993384771,43.71250498015432,29.14166998676955,4,246,0.9967336388170459,0.0018767000874504447,0.006516319748091822,0.09731991467996792,3,0.25,dynamic_1_5_p3_h1_3_6_12_s0_25,dynamic:1.5,False,False,highs
max_charge,13,14.35725203342735,43.07175610028206,28.71450406685471,3,225,0.9990311382874397,0.001876900001661852,0.006517013894659208,-0.1162630452774529,3,0.25,dynamic_1_5_p3_h1_3_6_12_s0_25,dynamic:1.5,False,False,highs
max_charge,14,15.005024978891008,45.01507493667303,30.010049957782023,10,246,0.9988982367459591,0.0019145001715514809,0.0066475700401093085,0.5315099001862045,3,0.25,dynamic_1_5_p3_h1_3_6_12_s0_25,dynamic:1.5,False,False,highs
max_charge,15,13.730145072564476,41.190435217693434,27.46029014512896,2,228,0.9981910769333866,0.001976999861653894,0.006864582852964911,-0.7433700061403279,3,0.25,dynamic_1_5_p3_h1_3_6_12_s0_25,dynamic:1.5,False,False,highs
max_charge,16,15.160803811624639,45.482411434873924,30.321607623249285,8,227,0.9987416245606414,0.001800300000468269,0.006251041668292601,0.6872887329198356,3,0.25,dynamic_1_5_p3_h1_3_6_12_s0_25,dynamic:1.5,False,False,highs
max_charge,17,16.86578064411878,50.59734193235634,33.731561288237565,4,237,0.9967473769780442,0.0018415002268739045,0.006394098009978835,2.3922655654139753,3,0.25,dynamic_1_5_p3_h1_3_6_12_s0_25,dynamic:1.5,False,False,highs
max_charge,18,9.823211325332519,29.46963397599756,19.64642265066504,7,236,0.8223225909344024,0.001832799956900999,0.00636388873923958,-4.650303753372285,3,0.25,dynamic_1_5_p3_h1_3_6_12_s0_25,dynamic:1.5,False,False,highs
max_charge,19,14.949804397299879,44.84941319189964,29.899608794599764,4,203,0.9981754849450106,0.0019049000111408532,0.006614236149794629,0.4762893185950752,3,0.25,dynamic_1_5_p3_h1_3_6_12_s0_25,dynamic:1.5,False,False,highs
max_charge,20,11.147819951176643,33.44345985352992,22.29563990235328,5,243,0.9991494589989994,0.002008500334341079,0.0069739594942398574,-3.32569512752816,3,0.25,dynamic_1_5_p3_h1_3_6_12_s0_25,dynamic:1.5,False,False,highs
max_charge,21,17.04053797759115,51.12161393277346,34.08107595518231,5,240,0.9962154946745928,0.002300799882505089,0.007988888480920449,2.5670228988863464,3,0.25,dynamic_1_5_p3_h1_3_6_12_s0_25,dynamic:1.5,False,False,highs
max_charge,22,11.407548638060682,34.22264591418205,22.81509727612137,8,241,0.99837732416167,0.001881000294815749,0.006531251023665795,-3.0659664406441216,3,0.25,dynamic_1_5_p3_h1_3_6_12_s0_25,dynamic:1.5,False,False,highs
max_charge,23,13.634150583297007,40.90245174989103,27.26830116659402,5,245,0.4288309093323224,0.0019163998949807137,0.006654166302016367,-0.8393644954077963,3,0.25,dynamic_1_5_p3_h1_3_6_12_s0_25,dynamic:1.5,False,False,highs
max_charge,24,14.644573001191013,43.933719003573046,29.289146002382033,6,240,0.7056527757961402,0.001953599916305393,0.006783333042727059,0.17105792248620943,3,0.25,dynamic_1_5_p3_h1_3_6_12_s0_25,dynamic:1.5,False,False,highs
max_charge,25,20.17151826247573,60.51455478742717,40.343036524951444,7,244,0.997056748370023,0.002030299772741273,0.0070496519886849756,5.6980031837709255,3,0.25,dynamic_1_5_p3_h1_3_6_12_s0_25,dynamic:1.5,False,False,highs
max_charge,26,14.9894400704652,44.96832021139561,29.978880140930407,6,213,0.7213256407893465,0.00195259993779473,0.006779860895120591,0.5159249917603965,3,0.25,dynamic_1_5_p3_h1_3_6_12_s0_25,dynamic:1.5,False,False,highs
max_charge,27,9.597307484596964,28.791922453790896,19.194614969193932,3,263,0.0,0.0020380003843456507,0.007076390223422398,-4.876207594107839,3,0.25,dynamic_1_5_p3_h1_3_6_12_s0_25,dynamic:1.5,False,False,highs
max_charge,28,16.751816209405654,50.25544862821697,33.503632418811314,7,253,0.9979661957219386,0.0019431000691838562,0.006746875240221723,2.27830113070085,3,0.25,dynamic_1_5_p3_h1_3_6_12_s0_25,dynamic:1.5,False,False,highs
max_charge,29,15.339290566742413,46.017871700227246,30.678581133484833,5,242,0.36376406873069933,0.0016535000468138605,0.005741319606992572,0.8657754880376096,3,0.25,dynamic_1_5_p3_h1_3_6_12_s0_25,dynamic:1.5,False,False,highs
random,0,14.428479931714293,43.28543979514287,28.856959863428578,5,228,0.9960639823666053,0.009237200079951435,0.03207361138872026,-0.04503514699051081,3,0.25,dynamic_1_5_p3_h1_3_6_12_s0_25,dynamic:1.5,False,False,highs
random,1,13.998453448129382,41.99536034438814,27.996906896258757,2,230,0.5741583232758991,0.008449000277323648,0.02933680651848489,-0.4750616305754214,3,0.25,dynamic_1_5_p3_h1_3_6_12_s0_25,dynamic:1.5,False,False,highs
random,2,13.581295579310048,40.74388673793014,27.162591158620092,0,241,0.0,0.008763399993767962,0.0304284722005832,-0.8922194993947556,3,0.25,dynamic_1_5_p3_h1_3_6_12_s0_25,dynamic:1.5,False,False,highs
random,3,14.364600590337904,43.0938017710137,28.729201180675798,3,230,0.9983271873203314,0.008603500347817317,0.029873265096587904,-0.10891448836689932,3,0.25,dynamic_1_5_p3_h1_3_6_12_s0_25,dynamic:1.5,False,False,highs
random,4,15.361767787801128,46.08530336340339,30.723535575602263,1,238,0.0,0.008524800068698823,0.02960000023853758,0.8882527090963244,3,0.25,dynamic_1_5_p3_h1_3_6_12_s0_25,dynamic:1.5,False,False,highs
random,5,13.401408446407146,40.204225339221445,26.8028168928143,3,251,0.99800709725068,0.010100900020916015,0.035072569517069496,-1.0721066322976576,3,0.25,dynamic_1_5_p3_h1_3_6_12_s0_25,dynamic:1.5,False,False,highs
random,6,14.943225768091555,44.829677304274654,29.8864515361831,3,276,0.0,0.011112500098533928,0.03858506978657614,0.4697106893867513,3,0.25,dynamic_1_5_p3_h1_3_6_12_s0_25,dynamic:1.5,False,False,highs
random,7,10.989648545798573,32.96894563739572,21.979297091597147,3,224,0.0,0.011768200114602223,0.04086180595347994,-3.48386653290623,3,0.25,dynamic_1_5_p3_h1_3_6_12_s0_25,dynamic:1.5,False,False,highs
random,8,13.22901943886879,39.68705831660637,26.45803887773758,4,242,0.4466179117877224,0.010513400105992332,0.03650486147914004,-1.244495639836014,3,0.25,dynamic_1_5_p3_h1_3_6_12_s0_25,dynamic:1.5,False,False,highs
random,9,16.7990533305561,50.397159991668296,33.5981066611122,4,263,0.757269862578029,0.011554700409760699,0.040120487533891316,2.3255382518512953,3,0.25,dynamic_1_5_p3_h1_3_6_12_s0_25,dynamic:1.5,False,False,highs
random,10,18.773432705079358,56.32029811523808,37.54686541015872,4,234,0.9951450720354823,0.00928550006938167,0.032241319685353015,4.299917626374555,3,0.25,dynamic_1_5_p3_h1_3_6_12_s0_25,dynamic:1.5,False,False,highs
random,11,14.559384029934016,43.678152089802055,29.11876805986804,5,209,0.9982556428843345,0.010371000156737864,0.03601041721089536,0.08586895122921234,3,0.25,dynamic_1_5_p3_h1_3_6_12_s0_25,dynamic:1.5,False,False,highs
random,12,14.550153824045704,43.65046147213712,29.100307648091412,3,247,0.0,0.009510900272289291,0.03302395927878226,0.07663874534090098,3,0.25,dynamic_1_5_p3_h1_3_6_12_s0_25,dynamic:1.5,False,False,highs
random,13,14.31541473961811,42.946244218854325,28.630829479236215,1,227,0.9947542641045637,0.009558600082527846,0.03318958361988836,-0.15810033908669396,3,0.25,dynamic_1_5_p3_h1_3_6_12_s0_25,dynamic:1.5,False,False,highs
random,14,15.005024978891015,45.015074936673045,30.01004995778203,5,251,0.5616507935654587,0.010641400120221078,0.03694930597298986,0.5315099001862116,3,0.25,dynamic_1_5_p3_h1_3_6_12_s0_25,dynamic:1.5,False,False,highs
random,15,13.662945916326152,40.98883774897846,27.32589183265231,2,228,0.0,0.010403300140751526,0.03612256993316502,-0.810569162378652,3,0.25,dynamic_1_5_p3_h1_3_6_12_s0_25,dynamic:1.5,False,False,highs
random,16,15.090422256971998,45.271266770915986,30.18084451394399,3,232,0.9975211797799269,0.010120099759660661,0.03513923527659952,0.6169071782671942,3,0.25,dynamic_1_5_p3_h1_3_6_12_s0_25,dynamic:1.5,False,False,highs
random,17,16.826954806183196,50.48086441854958,33.653909612366384,3,238,0.0,0.009921199991367757,0.034448611081138045,2.353439727478392,3,0.25,dynamic_1_5_p3_h1_3_6_12_s0_25,dynamic:1.5,False,False,highs
random,18,9.785572906273618,29.356718718820854,19.571145812547236,4,239,0.4780531244629384,0.009651299769757316,0.03351145753387957,-4.687942172431185,3,0.25,dynamic_1_5_p3_h1_3_6_12_s0_25,dynamic:1.5,False,False,highs
random,19,14.843352771968785,44.530058315906345,29.68670554393756,1,206,0.998799043298955,0.00919190002605319,0.03191631953490691,0.36983769326398175,3,0.25,dynamic_1_5_p3_h1_3_6_12_s0_25,dynamic:1.5,False,False,highs
random,20,11.118448497424797,33.3553454922744,22.236896994849605,3,245,0.9992231469973829,0.009641300013754517,0.03347673615886985,-3.3550665812800062,3,0.25,dynamic_1_5_p3_h1_3_6_12_s0_25,dynamic:1.5,False,False,highs
random,21,16.97108992435964,50.91326977307892,33.942179848719285,2,243,0.0,0.010339599946746603,0.03590138870398126,2.4975748456548352,3,0.25,dynamic_1_5_p3_h1_3_6_12_s0_25,dynamic:1.5,False,False,highs
random,22,11.392039315953216,34.176117947859645,22.78407863190643,4,245,0.0,0.009197499777656049,0.03193576311686128,-3.0814757627515874,3,0.25,dynamic_1_5_p3_h1_3_6_12_s0_25,dynamic:1.5,False,False,highs
random,23,13.620342527278904,40.86102758183671,27.240685054557805,4,246,0.7129482150198886,0.009743500122567639,0.0338315976478043,-0.8531725514258994,3,0.25,dynamic_1_5_p3_h1_3_6_12_s0_25,dynamic:1.5,False,False,highs
random,24,14.559144107373488,43.67743232212047,29.11828821474698,5,241,0.8457856975559661,0.009690599632449448,0.03364791539044947,0.08562902866868427,3,0.25,dynamic_1_5_p3_h1_3_6_12_s0_25,dynamic:1.5,False,False,highs
random,25,20.117599729892937,60.35279918967882,40.23519945978588,3,248,0.0,0.008803900273051113,0.030569098170316365,5.644084651188134,3,0.25,dynamic_1_5_p3_h1_3_6_12_s0_25,dynamic:1.5,False,False,highs
random,26,14.958313769506738,44.874941308520214,29.916627539013476,2,217,0.9986272238755775,0.008923000248614699,0.03098263975213437,0.4847986908019344,3,0.25,dynamic_1_5_p3_h1_3_6_12_s0_25,dynamic:1.5,False,False,highs
random,27,9.593653488100706,28.780960464302115,19.18730697620141,3,262,0.9995304930005471,0.009660399664426222,0.03354305439036883,-4.879861590604097,3,0.25,dynamic_1_5_p3_h1_3_6_12_s0_25,dynamic:1.5,False,False,highs
random,28,16.73007503488988,50.19022510466963,33.46015006977975,3,257,0.9971444080117567,0.009989700251026079,0.03468645920495166,2.2565599561850753,3,0.25,dynamic_1_5_p3_h1_3_6_12_s0_25,dynamic:1.5,False,False,highs
random,29,15.305301776757506,45.915905330272516,30.61060355351501,3,244,0.9990547758216086,0.00939019996440038,0.03260486098750132,0.8317866980527029,3,0.25,dynamic_1_5_p3_h1_3_6_12_s0_25,dynamic:1.5,False,False,highs
milp_h1,0,28.988002449274063,86.96400734782219,57.976004898548126,6,226,0.7715745349589165,3.1300157000659965,10.868110069673598,0.04097229186445617,6,0.25,dynamic_1_5_p6_h1_3_6_12_s0_25,dynamic:1.5,False,False,highs
milp_h1,1,28.023922696709633,84.0717680901289,56.047845393419266,4,226,0.9988900429475708,3.110754099849146,10.80122951336509,-0.9231074606999741,6,0.25,dynamic_1_5_p6_h1_3_6_12_s0_25,dynamic:1.5,False,False,highs
milp_h1,2,27.2118002101779,81.6354006305337,54.4236004203558,3,235,0.9984874153506453,3.1317063001333736,10.873980208796436,-1.7352299472317085,6,0.25,dynamic_1_5_p6_h1_3_6_12_s0_25,dynamic:1.5,False,False,highs
milp_h1,3,28.786514841020107,86.35954452306032,57.573029682040215,3,227,0.0,3.1932399001379963,11.08763854214582,-0.16051531638949967,6,0.25,dynamic_1_5_p6_h1_3_6_12_s0_25,dynamic:1.5,False,False,highs
milp_h1,4,30.789622519165277,92.36886755749583,61.579245038330555,2,234,0.9982935423113727,3.1591580997628625,10.96929895750994,1.8425923617556705,6,0.25,dynamic_1_5_p6_h1_3_6_12_s0_25,dynamic:1.5,False,False,highs
milp_h1,5,26.901435144245625,80.70430543273687,53.80287028849125,3,248,0.06876515905592273,3.1279682999884244,10.861001041626473,-2.0455950131639824,6,0.25,dynamic_1_5_p6_h1_3_6_12_s0_25,dynamic:1.5,False,False,highs
milp_h1,6,29.939760200679302,89.8192806020379,59.879520401358604,2,274,0.9987093590163263,3.1467208999965806,10.926114236099238,0.9927300432696953,6,0.25,dynamic_1_5_p6_h1_3_6_12_s0_25,dynamic:1.5,False,False,highs
milp_h1,7,22.113416332751513,66.34024899825454,44.226832665503025,4,220,0.997890912952772,3.145864799997071,10.923141666656496,-6.833613824658094,6,0.25,dynamic_1_5_p6_h1_3_6_12_s0_25,dynamic:1.5,False,False,highs
milp_h1,8,26.553405426442623,79.66021627932787,53.106810852885246,6,237,0.998592046920079,3.152635199978249,10.946649999924476,-2.393624730966984,6,0.25,dynamic_1_5_p6_h1_3_6_12_s0_25,dynamic:1.5,False,False,highs
milp_h1,9,33.634319968521595,100.90295990556479,67.26863993704319,9,255,0.7306628631571003,3.1430111998633947,10.91323333285901,4.687289811111988,6,0.25,dynamic_1_5_p6_h1_3_6_12_s0_25,dynamic:1.5,False,False,highs
milp_h1,10,37.726964727044106,113.18089418113232,75.45392945408821,6,229,0.8535295130008558,3.141324800089933,10.907377778090044,8.779934569634499,6,0.25,dynamic_1_5_p6_h1_3_6_12_s0_25,dynamic:1.5,False,False,highs
milp_h1,11,29.368020202964544,88.10406060889363,58.73604040592909,3,208,0.6854228904587228,3.1890990997781046,11.07326076311842,0.42099004555493735,6,0.25,dynamic_1_5_p6_h1_3_6_12_s0_25,dynamic:1.5,False,False,highs
milp_h1,12,29.141669986769557,87.42500996030867,58.283339973539114,7,240,0.7728785213813232,3.1987172999652103,11.106657291545869,0.19463982935995006,6,0.25,dynamic_1_5_p6_h1_3_6_12_s0_25,dynamic:1.5,False,False,highs
milp_h1,13,28.714504066854715,86.14351220056415,57.42900813370943,3,222,0.0808270779204179,3.2986595003458206,11.45367882064521,-0.2325260905548916,6,0.25,dynamic_1_5_p6_h1_3_6_12_s0_25,dynamic:1.5,False,False,highs
milp_h1,14,30.01004995778203,90.03014987334609,60.02009991556406,1,252,0.0,3.120673300116323,10.835671180959455,1.0630198003724232,6,0.25,dynamic_1_5_p6_h1_3_6_12_s0_25,dynamic:1.5,False,False,highs
milp_h1,15,27.460290145128965,82.3808704353869,54.92058029025793,5,222,0.9990266009372571,3.1141403001965955,10.812987153460401,-1.4867400122806416,6,0.25,dynamic_1_5_p6_h1_3_6_12_s0_25,dynamic:1.5,False,False,highs
milp_h1,16,30.321607623249292,90.96482286974788,60.643215246498585,2,230,0.0,3.176761299953796,11.030421180395125,1.3745774658396854,6,0.25,dynamic_1_5_p6_h1_3_6_12_s0_25,dynamic:1.5,False,False,highs
milp_h1,17,33.73156128823757,101.19468386471272,67.46312257647514,4,234,0.4518828322807449,3.1357061998860445,10.887868749604321,4.784531130827965,6,0.25,dynamic_1_5_p6_h1_3_6_12_s0_25,dynamic:1.5,False,False,highs
milp_h1,18,19.646422650665045,58.939267951995134,39.29284530133009,5,235,0.9202282113521586,3.266189099434996,11.34093437303818,-9.300607506744562,6,0.25,dynamic_1_5_p6_h1_3_6_12_s0_25,dynamic:1.5,False,False,highs
milp_h1,19,29.89960879459977,89.69882638379931,59.79921758919954,2,202,0.06735670222305658,3.1524552998598665,10.946025346735647,0.9525786371901646,6,0.25,dynamic_1_5_p6_h1_3_6_12_s0_25,dynamic:1.5,False,False,highs
milp_h1,20,22.295639902353287,66.88691970705986,44.59127980470657,2,243,0.0,3.1469109999306966,10.926774305314918,-6.65139025505632,6,0.25,dynamic_1_5_p6_h1_3_6_12_s0_25,dynamic:1.5,False,False,highs
milp_h1,21,34.081075955182314,102.24322786554694,68.16215191036463,3,239,0.0,3.2627629001508467,11.329037847745996,5.134045797772707,6,0.25,dynamic_1_5_p6_h1_3_6_12_s0_25,dynamic:1.5,False,False,highs
milp_h1,22,22.815097276121378,68.44529182836413,45.630194552242756,5,241,0.8032024640774361,3.163414700218709,10.984078820203852,-6.131932881288229,6,0.25,dynamic_1_5_p6_h1_3_6_12_s0_25,dynamic:1.5,False,False,highs
milp_h1,23,27.26830116659403,81.80490349978209,54.53660233318806,6,241,0.7976932482934805,3.1793307000480127,11.039342708500044,-1.6787289908155785,6,0.25,dynamic_1_5_p6_h1_3_6_12_s0_25,dynamic:1.5,False,False,highs
milp_h1,24,29.28914600238204,87.86743800714612,58.57829200476408,2,241,0.0,3.186308900214499,11.063572570189232,0.3421158449724331,6,0.25,dynamic_1_5_p6_h1_3_6_12_s0_25,dynamic:1.5,False,False,highs
milp_h1,25,40.34303652495146,121.02910957485437,80.68607304990292,1,247,0.0,3.2997101997898426,11.45732708260362,11.396006367541851,6,0.25,dynamic_1_5_p6_h1_3_6_12_s0_25,dynamic:1.5,False,False,highs
milp_h1,26,29.978880140930414,89.93664042279124,59.95776028186083,4,212,0.9989024329162067,3.184356999990996,11.056795138857625,1.0318499835208073,6,0.25,dynamic_1_5_p6_h1_3_6_12_s0_25,dynamic:1.5,False,False,highs
milp_h1,27,19.194614969193935,57.583844907581806,38.38922993838787,4,258,0.9974547053226811,3.089960100071039,10.729028125246664,-9.752415188215672,6,0.25,dynamic_1_5_p6_h1_3_6_12_s0_25,dynamic:1.5,False,False,highs
milp_h1,28,33.50363241881132,100.51089725643396,67.00726483762264,5,252,0.9302821602026049,3.109527499967953,10.796970485999838,4.556602261401714,6,0.25,dynamic_1_5_p6_h1_3_6_12_s0_25,dynamic:1.5,False,False,highs
milp_h1,29,30.67858113348484,92.03574340045452,61.35716226696968,7,237,0.9980270840623358,3.1089160001429264,10.794847222718495,1.7315509760752335,6,0.25,dynamic_1_5_p6_h1_3_6_12_s0_25,dynamic:1.5,False,False,highs
milp_h3,0,28.988002449274063,86.96400734782219,57.976004898548126,5,225,0.08937317036682138,6.4228298000234645,22.301492361192587,0.04097229186445617,6,0.25,dynamic_1_5_p6_h1_3_6_12_s0_25,dynamic:1.5,False,False,highs
milp_h3,1,28.023922696709633,84.0717680901289,56.047845393419266,5,224,0.9974942404634071,7.555890600167913,26.235731250583033,-0.9231074606999741,6,0.25,dynamic_1_5_p6_h1_3_6_12_s0_25,dynamic:1.5,False,False,highs
milp_h3,2,27.2118002101779,81.6354006305337,54.4236004203558,3,235,0.9994823809107216,6.643806300387951,23.06877187634705,-1.7352299472317085,6,0.25,dynamic_1_5_p6_h1_3_6_12_s0_25,dynamic:1.5,False,False,highs
milp_h3,3,28.786514841020107,86.35954452306032,57.573029682040215,4,226,0.9932140583321726,7.249548200081335,25.172042361393526,-0.16051531638949967,6,0.25,dynamic_1_5_p6_h1_3_6_12_s0_25,dynamic:1.5,False,False,highs
milp_h3,4,30.789622519165277,92.36886755749583,61.579245038330555,3,233,0.9919657301638828,6.154593399929581,21.37011597197771,1.8425923617556705,6,0.25,dynamic_1_5_p6_h1_3_6_12_s0_25,dynamic:1.5,False,False,highs
milp_h3,5,26.901435144245625,80.70430543273687,53.80287028849125,4,247,0.6878291963401338,5.9620126001827884,20.70143263952357,-2.0455950131639824,6,0.25,dynamic_1_5_p6_h1_3_6_12_s0_25,dynamic:1.5,False,False,highs
milp_h3,6,29.939760200679302,89.8192806020379,59.879520401358604,5,271,0.9975070669742172,5.992559099919163,20.807496874719316,0.9927300432696953,6,0.25,dynamic_1_5_p6_h1_3_6_12_s0_25,dynamic:1.5,False,False,highs
milp_h3,7,22.113416332751513,66.34024899825454,44.226832665503025,3,221,0.0,5.916471700038528,20.543304514022665,-6.833613824658094,6,0.25,dynamic_1_5_p6_h1_3_6_12_s0_25,dynamic:1.5,False,False,highs
milp_h3,8,26.553405426442623,79.66021627932787,53.106810852885246,6,237,0.9946052080891247,6.3855525998806115,22.172057638474346,-2.393624730966984,6,0.25,dynamic_1_5_p6_h1_3_6_12_s0_25,dynamic:1.5,False,False,highs
milp_h3,9,33.634319968521595,100.90295990556479,67.26863993704319,7,257,0.5531630116672595,6.983661799720721,24.24882569347473,4.687289811111988,6,0.25,dynamic_1_5_p6_h1_3_6_12_s0_25,dynamic:1.5,False,False,highs
milp_h3,10,37.726964727044106,113.18089418113232,75.45392945408821,5,230,0.7104472943497888,7.556595100060804,26.23817743076668,8.779934569634499,6,0.25,dynamic_1_5_p6_h1_3_6_12_s0_25,dynamic:1.5,False,False,highs
milp_h3,11,29.368020202964544,88.10406060889363,58.73604040592909,3,208,0.6866875777744839,7.563219700008631,26.261179513918858,0.42099004555493735,6,0.25,dynamic_1_5_p6_h1_3_6_12_s0_25,dynamic:1.5,False,False,highs
milp_h3,12,29.141669986769557,87.42500996030867,58.283339973539114,5,242,0.20969966429160197,6.071757500234526,21.082491320258768,0.19463982935995006,6,0.25,dynamic_1_5_p6_h1_3_6_12_s0_25,dynamic:1.5,False,False,highs
milp_h3,13,28.714504066854715,86.14351220056415,57.42900813370943,3,222,0.5391787941510308,5.025017300300533,17.44797673715463,-0.2325260905548916,6,0.25,dynamic_1_5_p6_h1_3_6_12_s0_25,dynamic:1.5,False,False,highs
milp_h3,14,30.01004995778203,90.03014987334609,60.02009991556406,2,251,0.9955621499392225,7.13718940000399,24.781907638902744,1.0630198003724232,6,0.25,dynamic_1_5_p6_h1_3_6_12_s0_25,dynamic:1.5,False,False,highs
milp_h3,15,27.460290145128965,82.3808704353869,54.92058029025793,4,223,0.9993075733111623,6.5984785995970014,22.911384026378478,-1.4867400122806416,6,0.25,dynamic_1_5_p6_h1_3_6_12_s0_25,dynamic:1.5,False,False,highs
milp_h3,16,30.321607623249292,90.96482286974788,60.643215246498585,1,231,0.0,6.029750700137811,20.93663437547851,1.3745774658396854,6,0.25,dynamic_1_5_p6_h1_3_6_12_s0_25,dynamic:1.5,False,False,highs
milp_h3,17,33.73156128823757,101.19468386471272,67.46312257647514,6,232,0.8151203112201575,5.749351500213379,19.963026042407567,4.784531130827965,6,0.25,dynamic_1_5_p6_h1_3_6_12_s0_25,dynamic:1.5,False,False,highs
milp_h3,18,19.646422650665045,58.939267951995134,39.29284530133009,4,236,0.9408728744410337,6.790828999772202,23.579267360320145,-9.300607506744562,6,0.25,dynamic_1_5_p6_h1_3_6_12_s0_25,dynamic:1.5,False,False,highs
milp_h3,19,29.89960879459977,89.69882638379931,59.79921758919954,5,199,0.6866817960822904,6.098403100069845,21.175010764131407,0.9525786371901646,6,0.25,dynamic_1_5_p6_h1_3_6_12_s0_25,dynamic:1.5,False,False,highs
milp_h3,20,22.295639902353287,66.88691970705986,44.59127980470657,3,242,0.9988807179942466,6.92682180023985,24.051464584166144,-6.65139025505632,6,0.25,dynamic_1_5_p6_h1_3_6_12_s0_25,dynamic:1.5,False,False,highs
milp_h3,21,34.081075955182314,102.24322786554694,68.16215191036463,3,239,0.0,6.953204099845607,24.14306979113058,5.134045797772707,6,0.25,dynamic_1_5_p6_h1_3_6_12_s0_25,dynamic:1.5,False,False,highs
milp_h3,22,22.815097276121378,68.44529182836413,45.630194552242756,5,241,0.9968666896458871,5.924372000066796,20.57073611134304,-6.131932881288229,6,0.25,dynamic_1_5_p6_h1_3_6_12_s0_25,dynamic:1.5,False,False,highs
milp_h3,23,27.26830116659403,81.80490349978209,54.53660233318806,6,241,0.5964453415587053,6.646281600027578,23.077366666762423,-1.6787289908155785,6,0.25,dynamic_1_5_p6_h1_3_6_12_s0_25,dynamic:1.5,False,False,highs
milp_h3,24,29.28914600238204,87.86743800714612,58.57829200476408,2,241,0.0,7.738471399905393,26.869692360782615,0.3421158449724331,6,0.25,dynamic_1_5_p6_h1_3_6_12_s0_25,dynamic:1.5,False,False,highs
milp_h3,25,40.34303652495146,121.02910957485437,80.68607304990292,4,244,0.9989096224160126,7.464760700415354,25.919307987553314,11.396006367541851,6,0.25,dynamic_1_5_p6_h1_3_6_12_s0_25,dynamic:1.5,False,False,highs
milp_h3,26,29.978880140930414,89.93664042279124,59.95776028186083,4,212,0.9995352341057108,6.177933899947675,21.451159374818317,1.0318499835208073,6,0.25,dynamic_1_5_p6_h1_3_6_12_s0_25,dynamic:1.5,False,False,highs
milp_h3,27,19.194614969193935,57.583844907581806,38.38922993838787,6,256,0.9988636088855105,7.1963331001170445,24.987267708739736,-9.752415188215672,6,0.25,dynamic_1_5_p6_h1_3_6_12_s0_25,dynamic:1.5,False,False,highs
milp_h3,28,33.50363241881132,100.51089725643396,67.00726483762264,8,249,0.8642216027893153,6.502693800139241,22.57879791715014,4.556602261401714,6,0.25,dynamic_1_5_p6_h1_3_6_12_s0_25,dynamic:1.5,False,False,highs
milp_h3,29,30.67858113348484,92.03574340045452,61.35716226696968,5,239,0.9370877204412871,7.182620999956271,24.939656249848163,1.7315509760752335,6,0.25,dynamic_1_5_p6_h1_3_6_12_s0_25,dynamic:1.5,False,False,highs
milp_h6,0,28.988002449274063,86.96400734782219,57.976004898548126,5,225,0.08937317036682138,8.777981800143607,30.47910347272086,0.04097229186445617,6,0.25,dynamic_1_5_p6_h1_3_6_12_s0_25,dynamic:1.5,False,False,highs
milp_h6,1,28.023922696709633,84.0717680901289,56.047845393419266,6,223,0.8456745922243625,10.31362479942618,35.811197220229786,-0.9231074606999741,6,0.25,dynamic_1_5_p6_h1_3_6_12_s0_25,dynamic:1.5,False,False,highs
milp_h6,2,27.2118002101779,81.6354006305337,54.4236004203558,3,235,0.9994823809107216,8.80710829992313,30.580237152510865,-1.7352299472317085,6,0.25,dynamic_1_5_p6_h1_3_6_12_s0_25,dynamic:1.5,False,False,highs
milp_h6,3,28.786514841020107,86.35954452306032,57.573029682040215,4,226,0.9932140583321726,9.457739599893102,32.83937361073994,-0.16051531638949967,6,0.25,dynamic_1_5_p6_h1_3_6_12_s0_25,dynamic:1.5,False,False,highs
milp_h6,4,30.789622519165277,92.36886755749583,61.579245038330555,3,233,0.9919657301638828,8.394183900207281,29.146471875719726,1.8425923617556705,6,0.25,dynamic_1_5_p6_h1_3_6_12_s0_25,dynamic:1.5,False,False,highs
milp_h6,5,26.901435144245625,80.70430543273687,53.80287028849125,4,247,0.6878291963401338,8.077960299822735,28.048473263273383,-2.0455950131639824,6,0.25,dynamic_1_5_p6_h1_3_6_12_s0_25,dynamic:1.5,False,False,highs
milp_h6,6,29.939760200679302,89.8192806020379,59.879520401358604,5,271,0.9975070669742172,8.221123999683186,28.545569443344398,0.9927300432696953,6,0.25,dynamic_1_5_p6_h1_3_6_12_s0_25,dynamic:1.5,False,False,highs
milp_h6,7,22.113416332751513,66.34024899825454,44.226832665503025,3,221,0.0,8.067154300020775,28.01095243062769,-6.833613824658094,6,0.25,dynamic_1_5_p6_h1_3_6_12_s0_25,dynamic:1.5,False,False,highs
milp_h6,8,26.553405426442623,79.66021627932787,53.106810852885246,6,237,0.9946052080891247,8.848884100298164,30.725292014924182,-2.393624730966984,6,0.25,dynamic_1_5_p6_h1_3_6_12_s0_25,dynamic:1.5,False,False,highs
milp_h6,9,33.634319968521595,100.90295990556479,67.26863993704319,7,257,0.5531630116672595,9.281230399792548,32.22649444372413,4.687289811111988,6,0.25,dynamic_1_5_p6_h1_3_6_12_s0_25,dynamic:1.5,False,False,highs
milp_h6,10,37.726964727044106,113.18089418113232,75.45392945408821,5,230,0.7104472943497888,10.383913700294215,36.055255903799356,8.779934569634499,6,0.25,dynamic_1_5_p6_h1_3_6_12_s0_25,dynamic:1.5,False,False,highs
milp_h6,11,29.368020202964544,88.10406060889363,58.73604040592909,3,208,0.6866875777744839,10.111527699918952,35.10947118027414,0.42099004555493735,6,0.25,dynamic_1_5_p6_h1_3_6_12_s0_25,dynamic:1.5,False,False,highs
milp_h6,12,29.141669986769557,87.42500996030867,58.283339973539114,5,242,0.20969966429160197,8.258557800145354,28.675547917171368,0.19463982935995006,6,0.25,dynamic_1_5_p6_h1_3_6_12_s0_25,dynamic:1.5,False,False,highs
milp_h6,13,28.714504066854715,86.14351220056415,57.42900813370943,3,222,0.5391787941510308,6.999953200051095,24.30539305573297,-0.2325260905548916,6,0.25,dynamic_1_5_p6_h1_3_6_12_s0_25,dynamic:1.5,False,False,highs
milp_h6,14,30.01004995778203,90.03014987334609,60.02009991556406,2,251,0.9955621499392225,9.491072999866446,32.955114582869605,1.0630198003724232,6,0.25,dynamic_1_5_p6_h1_3_6_12_s0_25,dynamic:1.5,False,False,highs
milp_h6,15,27.460290145128965,82.3808704353869,54.92058029025793,4,223,0.9996178320345275,8.572690199827775,29.766285416068666,-1.4867400122806416,6,0.25,dynamic_1_5_p6_h1_3_6_12_s0_25,dynamic:1.5,False,False,highs
milp_h6,16,30.321607623249292,90.96482286974788,60.643215246498585,1,231,0.0,8.20495039987145,28.489411110664758,1.3745774658396854,6,0.25,dynamic_1_5_p6_h1_3_6_12_s0_25,dynamic:1.5,False,False,highs
milp_h6,17,33.73156128823757,101.19468386471272,67.46312257647514,6,232,0.8151203112201575,7.626521700323792,26.480978126124278,4.784531130827965,6,0.25,dynamic_1_5_p6_h1_3_6_12_s0_25,dynamic:1.5,False,False,highs
milp_h6,18,19.646422650665045,58.939267951995134,39.29284530133009,4,236,0.9408728744410337,9.134169900178676,31.715867708953738,-9.300607506744562,6,0.25,dynamic_1_5_p6_h1_3_6_12_s0_25,dynamic:1.5,False,False,highs
milp_h6,19,29.89960879459977,89.69882638379931,59.79921758919954,5,199,0.6856532050085197,8.32220969980699,28.89656145766316,0.9525786371901646,6,0.25,dynamic_1_5_p6_h1_3_6_12_s0_25,dynamic:1.5,False,False,highs
milp_h6,20,22.295639902353287,66.88691970705986,44.59127980470657,3,242,0.9988807179942466,9.328654200187884,32.39116041731904,-6.65139025505632,6,0.25,dynamic_1_5_p6_h1_3_6_12_s0_25,dynamic:1.5,False,False,highs
milp_h6,21,34.081075955182314,102.24322786554694,68.16215191036463,3,239,0.0,9.56324679980753,33.20571805488726,5.134045797772707,6,0.25,dynamic_1_5_p6_h1_3_6_12_s0_25,dynamic:1.5,False,False,highs
milp_h6,22,22.815097276121378,68.44529182836413,45.630194552242756,5,241,0.9968666896458871,8.09185190012795,28.09670798655538,-6.131932881288229,6,0.25,dynamic_1_5_p6_h1_3_6_12_s0_25,dynamic:1.5,False,False,highs
milp_h6,23,27.26830116659403,81.80490349978209,54.53660233318806,6,241,0.5964453415587053,9.074239699839382,31.507776735553406,-1.6787289908155785,6,0.25,dynamic_1_5_p6_h1_3_6_12_s0_25,dynamic:1.5,False,False,highs
milp_h6,24,29.28914600238204,87.86743800714612,58.57829200476408,2,241,0.0,10.286456500383792,35.71686284855483,0.3421158449724331,6,0.25,dynamic_1_5_p6_h1_3_6_12_s0_25,dynamic:1.5,False,False,highs
milp_h6,25,40.34303652495146,121.02910957485437,80.68607304990292,6,242,0.9992584019525531,9.12303870022879,31.677217709127742,11.396006367541851,6,0.25,dynamic_1_5_p6_h1_3_6_12_s0_25,dynamic:1.5,False,False,highs
milp_h6,26,29.978880140930414,89.93664042279124,59.95776028186083,4,212,0.9995352341057108,8.564922000427032,29.73931250148275,1.0318499835208073,6,0.25,dynamic_1_5_p6_h1_3_6_12_s0_25,dynamic:1.5,False,False,highs
milp_h6,27,19.194614969193935,57.583844907581806,38.38922993838787,6,256,0.9988636088855105,9.698691399913514,33.67601180525526,-9.752415188215672,6,0.25,dynamic_1_5_p6_h1_3_6_12_s0_25,dynamic:1.5,False,False,highs
milp_h6,28,33.50363241881132,100.51089725643396,67.00726483762264,9,248,0.6237346058700182,8.86782660020981,30.79106458406184,4.556602261401714,6,0.25,dynamic_1_5_p6_h1_3_6_12_s0_25,dynamic:1.5,False,False,highs
milp_h6,29,30.67858113348484,92.03574340045452,61.35716226696968,5,239,0.9370877204412871,9.758098300022539,33.88228576396715,1.7315509760752335,6,0.25,dynamic_1_5_p6_h1_3_6_12_s0_25,dynamic:1.5,False,False,highs
milp_h12,0,28.988002449274063,86.96400734782219,57.976004898548126,5,225,0.08937317036682138,13.57016030017985,47.11861215340226,0.04097229186445617,6,0.25,dynamic_1_5_p6_h1_3_6_12_s0_25,dynamic:1.5,False,False,highs
milp_h12,1,28.023922696709633,84.0717680901289,56.047845393419266,5,224,0.6057046888494416,15.878328400227474,55.13308472301206,-0.9231074606999741,6,0.25,dynamic_1_5_p6_h1_3_6_12_s0_25,dynamic:1.5,False,False,highs
milp_h12,2,27.2118002101779,81.6354006305337,54.4236004203558,3,235,0.9994823809107216,13.801483199815266,47.92181666602523,-1.7352299472317085,6,0.25,dynamic_1_5_p6_h1_3_6_12_s0_25,dynamic:1.5,False,False,highs
milp_h12,3,28.786514841020107,86.35954452306032,57.573029682040215,4,226,0.9932140583321726,15.108035800018115,52.458457638951785,-0.16051531638949967,6,0.25,dynamic_1_5_p6_h1_3_6_12_s0_25,dynamic:1.5,False,False,highs
milp_h12,4,30.789622519165277,92.36886755749583,61.579245038330555,3,233,0.9919657301638828,12.673937099956675,44.00672604151623,1.8425923617556705,6,0.25,dynamic_1_5_p6_h1_3_6_12_s0_25,dynamic:1.5,False,False,highs
milp_h12,5,26.901435144245625,80.70430543273687,53.80287028849125,4,247,0.6878291963401338,12.65048379986547,43.9252909717551,-2.0455950131639824,6,0.25,dynamic_1_5_p6_h1_3_6_12_s0_25,dynamic:1.5,False,False,highs
milp_h12,6,29.939760200679302,89.8192806020379,59.879520401358604,5,271,0.9975070669742172,12.760590000107186,44.30760416703884,0.9927300432696953,6,0.25,dynamic_1_5_p6_h1_3_6_12_s0_25,dynamic:1.5,False,False,highs
milp_h12,7,22.113416332751513,66.34024899825454,44.226832665503025,3,221,0.0,12.49639600008959,43.390263889199964,-6.833613824658094,6,0.25,dynamic_1_5_p6_h1_3_6_12_s0_25,dynamic:1.5,False,False,highs
milp_h12,8,26.553405426442623,79.66021627932787,53.106810852885246,8,235,0.7243929834682491,11.361152999859769,39.44844791617975,-2.393624730966984,6,0.25,dynamic_1_5_p6_h1_3_6_12_s0_25,dynamic:1.5,False,False,highs
milp_h12,9,33.634319968521595,100.90295990556479,67.26863993704319,7,257,0.3304829620364733,14.668139299959876,50.93103923597179,4.687289811111988,6,0.25,dynamic_1_5_p6_h1_3_6_12_s0_25,dynamic:1.5,False,False,highs
milp_h12,10,37.726964727044106,113.18089418113232,75.45392945408821,5,230,0.7104472943497888,15.94666389998747,55.37036076384538,8.779934569634499,6,0.25,dynamic_1_5_p6_h1_3_6_12_s0_25,dynamic:1.5,False,False,highs
milp_h12,11,29.368020202964544,88.10406060889363,58.73604040592909,4,207,0.7777296126868781,15.386297700024443,53.42464479175154,0.42099004555493735,6,0.25,dynamic_1_5_p6_h1_3_6_12_s0_25,dynamic:1.5,False,False,highs
milp_h12,12,29.141669986769557,87.42500996030867,58.283339973539114,5,242,0.20969966429160197,13.103155099670403,45.49706631830001,0.19463982935995006,6,0.25,dynamic_1_5_p6_h1_3_6_12_s0_25,dynamic:1.5,False,False,highs
milp_h12,13,28.714504066854715,86.14351220056415,57.42900813370943,3,222,0.5391787941510308,10.648482300166506,36.97389687557815,-0.2325260905548916,6,0.25,dynamic_1_5_p6_h1_3_6_12_s0_25,dynamic:1.5,False,False,highs
milp_h12,14,30.01004995778203,90.03014987334609,60.02009991556406,2,251,0.9955621499392225,14.883113699848764,51.677478124474874,1.0630198003724232,6,0.25,dynamic_1_5_p6_h1_3_6_12_s0_25,dynamic:1.5,False,False,highs
milp_h12,15,27.460290145128965,82.3808704353869,54.92058029025793,4,223,0.9990764170689747,13.512537100119516,46.91853159763721,-1.4867400122806416,6,0.25,dynamic_1_5_p6_h1_3_6_12_s0_25,dynamic:1.5,False,False,highs
milp_h12,16,30.321607623249292,90.96482286974788,60.643215246498585,1,231,0.0,12.723940000141738,44.18034722271437,1.3745774658396854,6,0.25,dynamic_1_5_p6_h1_3_6_12_s0_25,dynamic:1.5,False,False,highs
milp_h12,17,33.73156128823757,101.19468386471272,67.46312257647514,6,232,0.8151203112201575,11.900831200007815,41.32233055558269,4.784531130827965,6,0.25,dynamic_1_5_p6_h1_3_6_12_s0_25,dynamic:1.5,False,False,highs
milp_h12,18,19.646422650665045,58.939267951995134,39.29284530133009,4,236,0.92419176575139,13.861482900043484,48.13014895848432,-9.300607506744562,6,0.25,dynamic_1_5_p6_h1_3_6_12_s0_25,dynamic:1.5,False,False,highs
milp_h12,19,29.89960879459977,89.69882638379931,59.79921758919954,5,199,0.6856532050085197,12.710301699698903,44.13299201284341,0.9525786371901646,6,0.25,dynamic_1_5_p6_h1_3_6_12_s0_25,dynamic:1.5,False,False,highs
milp_h12,20,22.295639902353287,66.88691970705986,44.59127980470657,3,242,0.9988807179942466,14.784991999884369,51.336777777376284,-6.65139025505632,6,0.25,dynamic_1_5_p6_h1_3_6_12_s0_25,dynamic:1.5,False,False,highs
milp_h12,21,34.081075955182314,102.24322786554694,68.16215191036463,3,239,0.0,15.207443500024965,52.803623263975574,5.134045797772707,6,0.25,dynamic_1_5_p6_h1_3_6_12_s0_25,dynamic:1.5,False,False,highs
milp_h12,22,22.815097276121378,68.44529182836413,45.630194552242756,3,243,0.9991454367346166,12.867371700063813,44.67837395855491,-6.131932881288229,6,0.25,dynamic_1_5_p6_h1_3_6_12_s0_25,dynamic:1.5,False,False,highs
milp_h12,23,27.26830116659403,81.80490349978209,54.53660233318806,6,241,0.5964453415587053,14.12873709993437,49.05811493032767,-1.6787289908155785,6,0.25,dynamic_1_5_p6_h1_3_6_12_s0_25,dynamic:1.5,False,False,highs
milp_h12,24,29.28914600238204,87.86743800714612,58.57829200476408,2,241,0.0,17.458633900096174,60.620256597556164,0.3421158449724331,6,0.25,dynamic_1_5_p6_h1_3_6_12_s0_25,dynamic:1.5,False,False,highs
milp_h12,25,40.34303652495146,121.02910957485437,80.68607304990292,4,244,0.9992584019525531,14.428656400123145,50.09950138931648,11.396006367541851,6,0.25,dynamic_1_5_p6_h1_3_6_12_s0_25,dynamic:1.5,False,False,highs
milp_h12,26,29.978880140930414,89.93664042279124,59.95776028186083,3,213,0.9877679002940774,15.96991060016444,55.45107847279319,1.0318499835208073,6,0.25,dynamic_1_5_p6_h1_3_6_12_s0_25,dynamic:1.5,False,False,highs
milp_h12,27,19.194614969193935,57.583844907581806,38.38922993838787,6,256,0.9996840162233193,14.838087399984943,51.521136805503275,-9.752415188215672,6,0.25,dynamic_1_5_p6_h1_3_6_12_s0_25,dynamic:1.5,False,False,highs
milp_h12,28,33.50363241881132,100.51089725643396,67.00726483762264,6,251,0.9600707777050418,14.019249500066508,48.67794965300871,4.556602261401714,6,0.25,dynamic_1_5_p6_h1_3_6_12_s0_25,dynamic:1.5,False,False,highs
milp_h12,29,30.67858113348484,92.03574340045452,61.35716226696968,5,239,0.9998015789174329,15.344381699804217,53.279103124320194,1.7315509760752335,6,0.25,dynamic_1_5_p6_h1_3_6_12_s0_25,dynamic:1.5,False,False,highs
equal_share,0,28.97755875724517,86.93267627173552,57.95511751449035,7,223,0.8161183672460744,0.0026720001187641174,0.009277778190153185,0.030528599835562886,6,0.25,dynamic_1_5_p6_h1_3_6_12_s0_25,dynamic:1.5,False,False,highs
equal_share,1,24.1791955086481,72.53758652594429,48.35839101729619,8,221,0.9973113340558801,0.002771499945083633,0.00962326369820706,-4.767834648761507,6,0.25,dynamic_1_5_p6_h1_3_6_12_s0_25,dynamic:1.5,False,False,highs
equal_share,2,20.64048393498028,61.92145180494083,41.28096786996055,3,235,0.0,0.0027831999177578837,0.009663888603325985,-8.306546222429326,6,0.25,dynamic_1_5_p6_h1_3_6_12_s0_25,dynamic:1.5,False,False,highs
equal_share,3,28.179935607605792,84.53980682281737,56.35987121521158,7,223,0.7943715930246343,0.0029836003377567977,0.010359723394988881,-0.7670945498038151,6,0.25,dynamic_1_5_p6_h1_3_6_12_s0_25,dynamic:1.5,False,False,highs
equal_share,4,30.783890931633216,92.35167279489964,61.567781863266426,5,231,0.9970106114024948,0.0026422002410981804,0.009174306392702015,1.8368607742236094,6,0.25,dynamic_1_5_p6_h1_3_6_12_s0_25,dynamic:1.5,False,False,highs
equal_share,5,21.74826735180079,65.24480205540237,43.49653470360158,5,246,0.6881397274532546,0.0026717002619989216,0.009276737020829588,-7.1987628056088155,6,0.25,dynamic_1_5_p6_h1_3_6_12_s0_25,dynamic:1.5,False,False,highs
equal_share,6,29.91225655834907,89.73676967504721,59.82451311669814,5,271,0.9977995026998832,0.0026477000501472503,0.009193402951900175,0.9652264009394642,6,0.25,dynamic_1_5_p6_h1_3_6_12_s0_25,dynamic:1.5,False,False,highs
equal_share,7,18.826584519286428,56.47975355785929,37.65316903857286,6,218,0.9957161534578418,0.002679299912415445,0.009303124695886962,-10.12044563812318,6,0.25,dynamic_1_5_p6_h1_3_6_12_s0_25,dynamic:1.5,False,False,highs
equal_share,8,23.181250099166483,69.54375029749944,46.36250019833296,8,235,0.7678941163416407,0.0026185001770500094,0.009092014503645865,-5.765780058243124,6,0.25,dynamic_1_5_p6_h1_3_6_12_s0_25,dynamic:1.5,False,False,highs
equal_share,9,32.26048071284542,96.78144213853626,64.52096142569084,11,253,0.7309812831902691,0.0026770001859404147,0.009295139534515329,3.3134505554358142,6,0.25,dynamic_1_5_p6_h1_3_6_12_s0_25,dynamic:1.5,False,False,highs
equal_share,10,32.69766819277599,98.09300457832796,65.39533638555197,6,229,0.8047197458642789,0.002874999539926648,0.009982637291411973,3.7506380353663857,6,0.25,dynamic_1_5_p6_h1_3_6_12_s0_25,dynamic:1.5,False,False,highs
equal_share,11,26.62270980815923,79.8681294244777,53.24541961631847,7,204,0.8725900224191776,0.0026009997818619013,0.009031249242576046,-2.324320349250378,6,0.25,dynamic_1_5_p6_h1_3_6_12_s0_25,dynamic:1.5,False,False,highs
equal_share,12,26.25856154999652,78.77568464998956,52.517123099993036,11,236,0.6023435636960737,0.0026275001000612974,0.009123264236323949,-2.6884686074130855,6,0.25,dynamic_1_5_p6_h1_3_6_12_s0_25,dynamic:1.5,False,False,highs
equal_share,13,23.87697330556351,71.63091991669052,47.753946611127006,3,222,0.5389411694187132,0.00278969993814826,0.009686458118570348,-5.070056851846097,6,0.25,dynamic_1_5_p6_h1_3_6_12_s0_25,dynamic:1.5,False,False,highs
equal_share,14,29.615376885268716,88.84613065580615,59.23075377053743,5,248,0.9978510979328935,0.002622299682116136,0.009105207229569916,0.6683467278591095,6,0.25,dynamic_1_5_p6_h1_3_6_12_s0_25,dynamic:1.5,False,False,highs
equal_share,15,19.736355185238196,59.209065555714574,39.47271037047638,6,221,0.08757434560409307,0.002886300178943202,0.010021875621330563,-9.210674972171411,6,0.25,dynamic_1_5_p6_h1_3_6_12_s0_25,dynamic:1.5,False,False,highs
equal_share,16,29.563583954729275,88.69075186418783,59.12716790945856,4,228,0.6907724593211807,0.0027256002358626574,0.00946388970785645,0.6165537973196678,6,0.25,dynamic_1_5_p6_h1_3_6_12_s0_25,dynamic:1.5,False,False,highs
equal_share,17,31.547094662780474,94.64128398834141,63.09418932556094,6,232,0.816066455635768,0.0026115001819562167,0.009067708965125753,2.6000645053708666,6,0.25,dynamic_1_5_p6_h1_3_6_12_s0_25,dynamic:1.5,False,False,highs
equal_share,18,16.4786853795878,49.43605613876339,32.95737075917559,6,234,0.9279608901782526,0.0026373998553026468,0.009157638386467524,-12.468344777821805,6,0.25,dynamic_1_5_p6_h1_3_6_12_s0_25,dynamic:1.5,False,False,highs
equal_share,19,28.75584426328927,86.2675327898678,57.51168852657853,7,197,0.865065787854774,0.0026219997671432793,0.009104165858136386,-0.1911858941203377,6,0.25,dynamic_1_5_p6_h1_3_6_12_s0_25,dynamic:1.5,False,False,highs
equal_share,20,19.196952742064838,57.590858226194506,38.39390548412967,6,239,0.9972666865780995,0.0026932000182569027,0.009351388952280913,-9.75007741534477,6,0.25,dynamic_1_5_p6_h1_3_6_12_s0_25,dynamic:1.5,False,False,highs
equal_share,21,31.036643206937867,93.10992962081359,62.07328641387572,8,234,0.9980706775425037,0.002815600368194282,0.009776390167341257,2.0896130495282605,6,0.25,dynamic_1_5_p6_h1_3_6_12_s0_25,dynamic:1.5,False,False,highs
equal_share,22,20.614416865220186,61.84325059566057,41.228833730440385,6,240,0.9970402878712503,0.002613699878565967,0.009075346800576275,-8.332613292189421,6,0.25,dynamic_1_5_p6_h1_3_6_12_s0_25,dynamic:1.5,False,False,highs
equal_share,23,24.54364692326609,73.63094076979827,49.087293846532184,6,241,0.7303915061704592,0.00269279966596514,0.009349998840156736,-4.403383234143519,6,0.25,dynamic_1_5_p6_h1_3_6_12_s0_25,dynamic:1.5,False,False,highs
equal_share,24,26.679692670380568,80.03907801114171,53.35938534076114,6,237,0.9960450802199018,0.0026262999745085835,0.00911909713371036,-2.267337487029039,6,0.25,dynamic_1_5_p6_h1_3_6_12_s0_25,dynamic:1.5,False,False,highs
equal_share,25,32.02387026007213,96.0716107802164,64.04774052014427,1,247,0.0,0.0027206994709558785,0.009446873163041245,3.0768401026625227,6,0.25,dynamic_1_5_p6_h1_3_6_12_s0_25,dynamic:1.5,False,False,highs
equal_share,26,27.27101112736601,81.81303338209804,54.54202225473203,9,207,0.5547862658879353,0.002586200018413365,0.008979861175046407,-1.676019030043598,6,0.25,dynamic_1_5_p6_h1_3_6_12_s0_25,dynamic:1.5,False,False,highs
equal_share,27,15.574671393297976,46.72401417989393,31.149342786595952,8,254,0.8038190740110487,0.002739400224527344,0.009511806335164389,-13.372358764111631,6,0.25,dynamic_1_5_p6_h1_3_6_12_s0_25,dynamic:1.5,False,False,highs
equal_share,28,27.94142205495463,83.82426616486389,55.88284410990926,6,251,0.9302821602026049,0.0026178999396506697,0.00908993034600927,-1.0056081024549783,6,0.25,dynamic_1_5_p6_h1_3_6_12_s0_25,dynamic:1.5,False,False,highs
equal_share,29,28.57820139662232,85.73460418986696,57.15640279324464,5,239,0.9967083603526055,0.0026335999427828938,0.009144444245773937,-0.368828760787288,6,0.25,dynamic_1_5_p6_h1_3_6_12_s0_25,dynamic:1.5,False,False,highs
max_charge,0,28.988002449274056,86.96400734782218,57.97600489854812,7,223,0.8161183672460744,0.0011305000225547701,0.003925347300537396,0.04097229186444906,6,0.25,dynamic_1_5_p6_h1_3_6_12_s0_25,dynamic:1.5,False,False,highs
max_charge,1,28.023922696709626,84.07176809012888,56.04784539341926,11,218,0.9985434251181425,0.0010620000830385834,0.0036875002883284148,-0.9231074606999812,6,0.25,dynamic_1_5_p6_h1_3_6_12_s0_25,dynamic:1.5,False,False,highs
max_charge,2,27.21180021017789,81.63540063053368,54.42360042035579,7,231,0.9992725930196658,0.0010439001198392361,0.0036246531938862367,-1.7352299472317156,6,0.25,dynamic_1_5_p6_h1_3_6_12_s0_25,dynamic:1.5,False,False,highs
max_charge,3,28.7865148410201,86.35954452306031,57.57302968204021,9,221,0.8354221968251165,0.0010877999593503773,0.00377708319218881,-0.16051531638950678,6,0.25,dynamic_1_5_p6_h1_3_6_12_s0_25,dynamic:1.5,False,False,highs
max_charge,4,30.78962251916527,92.36886755749582,61.57924503833055,5,231,0.9970106114024948,0.0010456000454723835,0.003630555713445776,1.8425923617556634,6,0.25,dynamic_1_5_p6_h1_3_6_12_s0_25,dynamic:1.5,False,False,highs
max_charge,5,26.901435144245617,80.70430543273686,53.80287028849124,10,241,0.8124503169558691,0.0010598000371828675,0.00367986124021829,-2.0455950131639895,6,0.25,dynamic_1_5_p6_h1_3_6_12_s0_25,dynamic:1.5,False,False,highs
max_charge,6,29.939760200679295,89.81928060203789,59.8795204013586,5,271,0.9977995026998832,0.0010460999910719693,0.00363229163566656,0.9927300432696882,6,0.25,dynamic_1_5_p6_h1_3_6_12_s0_25,dynamic:1.5,False,False,highs
max_charge,7,22.113416332751505,66.34024899825452,44.22683266550302,9,215,0.997485630263872,0.0010652999917510897,0.0036989583046912835,-6.8336138246581015,6,0.25,dynamic_1_5_p6_h1_3_6_12_s0_25,dynamic:1.5,False,False,highs
max_charge,8,26.553405426442616,79.66021627932786,53.10681085288524,11,232,0.749101834892779,0.0010395001445431262,0.003609375501885855,-2.393624730966991,6,0.25,dynamic_1_5_p6_h1_3_6_12_s0_25,dynamic:1.5,False,False,highs
max_charge,9,33.634319968521595,100.90295990556477,67.26863993704318,12,252,0.7309812831902691,0.0012414997327141464,0.004310762960813008,4.687289811111988,6,0.25,dynamic_1_5_p6_h1_3_6_12_s0_25,dynamic:1.5,False,False,highs
max_charge,10,37.726964727044106,113.1808941811323,75.4539294540882,9,226,0.8392860582427246,0.0010365999769419432,0.0035993054754928583,8.779934569634499,6,0.25,dynamic_1_5_p6_h1_3_6_12_s0_25,dynamic:1.5,False,False,highs
max_charge,11,29.368020202964537,88.10406060889362,58.73604040592908,10,201,0.860341435862982,0.0011376002803444862,0.003950000973418355,0.42099004555493025,6,0.25,dynamic_1_5_p6_h1_3_6_12_s0_25,dynamic:1.5,False,False,highs
max_charge,12,29.14166998676955,87.42500996030866,58.28333997353911,12,235,0.6817957929113617,0.0011385000543668866,0.0039531251887739115,0.19463982935994295,6,0.25,dynamic_1_5_p6_h1_3_6_12_s0_25,dynamic:1.5,False,False,highs
max_charge,13,28.71450406685471,86.14351220056413,57.429008133709424,7,218,0.6925234992657799,0.0014572999498341233,0.005060069270257372,-0.2325260905548987,6,0.25,dynamic_1_5_p6_h1_3_6_12_s0_25,dynamic:1.5,False,False,highs
max_charge,14,30.010049957782023,90.03014987334608,60.02009991556405,6,247,0.9982143152914646,0.0014475000789389014,0.005026041940760074,1.063019800372416,6,0.25,dynamic_1_5_p6_h1_3_6_12_s0_25,dynamic:1.5,False,False,highs
max_charge,15,27.46029014512896,82.38087043538688,54.920580290257924,11,216,0.558632152016232,0.0011148996709380299,0.0038711794129792703,-1.4867400122806487,6,0.25,dynamic_1_5_p6_h1_3_6_12_s0_25,dynamic:1.5,False,False,highs
max_charge,16,30.321607623249285,90.96482286974786,60.64321524649858,6,226,0.7679877702714761,0.0011163999733980745,0.003876388796521092,1.3745774658396783,6,0.25,dynamic_1_5_p6_h1_3_6_12_s0_25,dynamic:1.5,False,False,highs
max_charge,17,33.73156128823757,101.1946838647127,67.46312257647513,8,230,0.816066455635768,0.0011034999624826014,0.003831597091953477,4.784531130827965,6,0.25,dynamic_1_5_p6_h1_3_6_12_s0_25,dynamic:1.5,False,False,highs
max_charge,18,19.646422650665045,58.93926795199513,39.29284530133008,9,231,0.9517991347929492,0.0012039002031087875,0.004180209038572179,-9.300607506744562,6,0.25,dynamic_1_5_p6_h1_3_6_12_s0_25,dynamic:1.5,False,False,highs
max_charge,19,29.899608794599764,89.6988263837993,59.799217589199536,8,196,0.881920897857664,0.0011464999988675117,0.003980902773845527,0.9525786371901575,6,0.25,dynamic_1_5_p6_h1_3_6_12_s0_25,dynamic:1.5,False,False,highs
max_charge,20,22.29563990235328,66.88691970705985,44.591279804706566,9,236,0.9972666865780995,0.0011223002220503986,0.0038968757710083285,-6.651390255056327,6,0.25,dynamic_1_5_p6_h1_3_6_12_s0_25,dynamic:1.5,False,False,highs
max_charge,21,34.081075955182314,102.24322786554693,68.16215191036461,10,232,0.9980706775425037,0.0013385998900048435,0.00464791628473904,5.134045797772707,6,0.25,dynamic_1_5_p6_h1_3_6_12_s0_25,dynamic:1.5,False,False,highs
max_charge,22,22.81509727612137,68.44529182836412,45.63019455224275,8,238,0.9970402878712503,0.0012072000245098025,0.004191666751770147,-6.131932881288236,6,0.25,dynamic_1_5_p6_h1_3_6_12_s0_25,dynamic:1.5,False,False,highs
max_charge,23,27.26830116659402,81.80490349978207,54.53660233318805,10,237,0.7303915061704592,0.0011752000136766583,0.004080555603043952,-1.6787289908155856,6,0.25,dynamic_1_5_p6_h1_3_6_12_s0_25,dynamic:1.5,False,False,highs
max_charge,24,29.289146002382033,87.8674380071461,58.57829200476407,8,235,0.9960450802199018,0.00114250008482486,0.003967014183419653,0.342115844972426,6,0.25,dynamic_1_5_p6_h1_3_6_12_s0_25,dynamic:1.5,False,False,highs
max_charge,25,40.34303652495146,121.02910957485436,80.6860730499029,5,243,0.9996695076715869,0.0011644999322015792,0.004043402542366594,11.396006367541851,6,0.25,dynamic_1_5_p6_h1_3_6_12_s0_25,dynamic:1.5,False,False,highs
max_charge,26,29.978880140930407,89.93664042279123,59.95776028186082,12,204,0.5547862658879353,0.0011225999624002725,0.003897916536112057,1.0318499835208002,6,0.25,dynamic_1_5_p6_h1_3_6_12_s0_25,dynamic:1.5,False,False,highs
max_charge,27,19.194614969193935,57.5838449075818,38.389229938387864,11,251,0.8821191641104866,0.0011852002935484052,0.004115278797043074,-9.752415188215672,6,0.25,dynamic_1_5_p6_h1_3_6_12_s0_25,dynamic:1.5,False,False,highs
max_charge,28,33.50363241881132,100.51089725643395,67.00726483762263,9,248,0.9302821602026049,0.001131299970438704,0.003928124897356611,4.556602261401714,6,0.25,dynamic_1_5_p6_h1_3_6_12_s0_25,dynamic:1.5,False,False,highs
max_charge,29,30.678581133484833,92.0357434004545,61.357162266969674,6,238,0.9967083603526055,0.001201300066895783,0.00417118078783258,1.7315509760752263,6,0.25,dynamic_1_5_p6_h1_3_6_12_s0_25,dynamic:1.5,False,False,highs
random,0,28.821113396170077,86.46334018851024,57.64222679234017,5,225,0.5390105776172329,0.012026699812849984,0.04175937435017355,-0.12591676123953022,6,0.25,dynamic_1_5_p6_h1_3_6_12_s0_25,dynamic:1.5,False,False,highs
random,1,27.94970325646416,83.84910976939248,55.89940651292832,9,220,0.8670929696420522,0.011366699822247028,0.03946770771613552,-0.9973269009454455,6,0.25,dynamic_1_5_p6_h1_3_6_12_s0_25,dynamic:1.5,False,False,highs
random,2,27.172171746737668,81.51651524021302,54.34434349347536,9,229,0.996464667103321,0.012337599851889536,0.04283888837461644,-1.7748584106719392,6,0.25,dynamic_1_5_p6_h1_3_6_12_s0_25,dynamic:1.5,False,False,highs
random,3,28.65977621116896,85.9793286335069,57.319552422337935,7,223,0.9953300568438196,0.014148299989756197,0.049126041631097905,-0.2872539462406465,6,0.25,dynamic_1_5_p6_h1_3_6_12_s0_25,dynamic:1.5,False,False,highs
random,4,30.778630075909057,92.33589022772718,61.55726015181812,3,233,0.9985204081736678,0.014973799610743299,0.05199235975952535,1.8315999184994496,6,0.25,dynamic_1_5_p6_h1_3_6_12_s0_25,dynamic:1.5,False,False,highs
random,5,26.801111496719358,80.40333449015807,53.602222993438716,8,243,0.7533195552509852,0.01502820011228323,0.05218125038987233,-2.145918660690249,6,0.25,dynamic_1_5_p6_h1_3_6_12_s0_25,dynamic:1.5,False,False,highs
random,6,29.682119750148402,89.04635925044522,59.36423950029682,6,270,0.9971632531707996,0.014290099818026647,0.04961840214592586,0.7350895927387953,6,0.25,dynamic_1_5_p6_h1_3_6_12_s0_25,dynamic:1.5,False,False,highs
random,7,22.075545319328974,66.22663595798693,44.151090638657955,4,220,0.9973253063823425,0.014304600103059784,0.04966875035784647,-6.871484838080633,6,0.25,dynamic_1_5_p6_h1_3_6_12_s0_25,dynamic:1.5,False,False,highs
random,8,26.374473054739624,79.12341916421886,52.748946109479235,4,239,0.9970758202604969,0.014197800337569788,0.04929791783878398,-2.5725571026699825,6,0.25,dynamic_1_5_p6_h1_3_6_12_s0_25,dynamic:1.5,False,False,highs
random,9,33.591681058626946,100.77504317588082,67.18336211725388,11,254,0.6612134298495959,0.013303499697940424,0.04619270728451536,4.644650901217339,6,0.25,dynamic_1_5_p6_h1_3_6_12_s0_25,dynamic:1.5,False,False,highs
random,10,37.6360716169803,112.90821485094088,75.27214323396058,9,226,0.9021094325851317,0.012446400069165975,0.0432166669068263,8.689041459570696,6,0.25,dynamic_1_5_p6_h1_3_6_12_s0_25,dynamic:1.5,False,False,highs
random,11,29.178912994631474,87.53673898389442,58.35782598926295,9,202,0.8355816254785171,0.011523200082592666,0.0400111113978912,0.23188283722186753,6,0.25,dynamic_1_5_p6_h1_3_6_12_s0_25,dynamic:1.5,False,False,highs
random,12,28.995447178667867,86.98634153600361,57.99089435733574,8,239,0.46673953257907597,0.011241200409131125,0.03903194586503863,0.04841702125825975,6,0.25,dynamic_1_5_p6_h1_3_6_12_s0_25,dynamic:1.5,False,False,highs
random,13,28.66954171433609,86.00862514300827,57.33908342867218,5,220,0.7671856245663718,0.011224999820115045,0.03897569381984391,-0.2774884430735156,6,0.25,dynamic_1_5_p6_h1_3_6_12_s0_25,dynamic:1.5,False,False,highs
random,14,29.95287893753487,89.85863681260462,59.905757875069746,1,252,0.0,0.011156399821629748,0.038737499380658846,1.0058487801252625,6,0.25,dynamic_1_5_p6_h1_3_6_12_s0_25,dynamic:1.5,False,False,highs
random,15,27.460290145128965,82.3808704353869,54.92058029025793,8,219,0.9976454396659392,0.011477600026410073,0.03985277786947942,-1.4867400122806416,6,0.25,dynamic_1_5_p6_h1_3_6_12_s0_25,dynamic:1.5,False,False,highs
random,16,30.321607623249292,90.96482286974788,60.643215246498585,1,231,0.9983188411102804,0.011310999951092526,0.03927430538573794,1.3745774658396854,6,0.25,dynamic_1_5_p6_h1_3_6_12_s0_25,dynamic:1.5,False,False,highs
random,17,33.48222977380752,100.44668932142255,66.96445954761504,7,231,0.7092542445995126,0.011147400044137612,0.0387062501532556,4.535199616397911,6,0.25,dynamic_1_5_p6_h1_3_6_12_s0_25,dynamic:1.5,False,False,highs
random,18,19.53019380893197,58.590581426795914,39.060387617863945,5,235,0.9127801201035203,0.011108799633802846,0.038572220950704325,-9.416836348477638,6,0.25,dynamic_1_5_p6_h1_3_6_12_s0_25,dynamic:1.5,False,False,highs
random,19,29.791857752645804,89.3755732579374,59.5837155052916,3,201,0.5286226869662534,0.01125189961749129,0.03906909589406698,0.8448275952361968,6,0.25,dynamic_1_5_p6_h1_3_6_12_s0_25,dynamic:1.5,False,False,highs
random,20,22.161575592434602,66.48472677730379,44.32315118486919,5,240,0.9996134152377657,0.010948099894449115,0.03801423574461498,-6.785454564975005,6,0.25,dynamic_1_5_p6_h1_3_6_12_s0_25,dynamic:1.5,False,False,highs
random,21,34.045098289289,102.135294867867,68.090196578578,5,237,0.9970741357622883,0.011192399892024696,0.03886249962508575,5.098068131879394,6,0.25,dynamic_1_5_p6_h1_3_6_12_s0_25,dynamic:1.5,False,False,highs
random,22,22.786365108434758,68.35909532530428,45.57273021686952,6,240,0.9963270800219748,0.011232399789150804,0.03900138815677363,-6.160665048974849,6,0.25,dynamic_1_5_p6_h1_3_6_12_s0_25,dynamic:1.5,False,False,highs
random,23,27.26830116659403,81.80490349978209,54.53660233318806,9,238,0.7280430678701652,0.012040800240356475,0.04180833416790443,-1.6787289908155785,6,0.25,dynamic_1_5_p6_h1_3_6_12_s0_25,dynamic:1.5,False,False,highs
random,24,29.15442094819668,87.46326284459003,58.30884189639335,7,236,0.9979199946727301,0.011852900235680863,0.04115590359611411,0.20739079078707334,6,0.25,dynamic_1_5_p6_h1_3_6_12_s0_25,dynamic:1.5,False,False,highs
random,25,40.24435544783587,120.73306634350762,80.48871089567174,5,243,0.9999997663238261,0.011248700408032164,0.03905798752788946,11.297325290426265,6,0.25,dynamic_1_5_p6_h1_3_6_12_s0_25,dynamic:1.5,False,False,highs
random,26,29.904779855714487,89.71433956714345,59.80955971142897,6,210,0.9979919848833732,0.011321800120640546,0.03931180597444634,0.9577496983048803,6,0.25,dynamic_1_5_p6_h1_3_6_12_s0_25,dynamic:1.5,False,False,highs
random,27,19.16840558237785,57.50521674713355,38.3368111647557,8,255,0.699791933500742,0.011499700282001868,0.03992951486806204,-9.778624575031756,6,0.25,dynamic_1_5_p6_h1_3_6_12_s0_25,dynamic:1.5,False,False,highs
random,28,33.31211322696443,99.93633968089331,66.62422645392888,7,250,0.9501840222711412,0.011836500256322324,0.041098959223341405,4.365083069554821,6,0.25,dynamic_1_5_p6_h1_3_6_12_s0_25,dynamic:1.5,False,False,highs
random,29,30.603026293078976,91.80907887923692,61.206052586157945,7,237,0.8017561900936073,0.011321499827317894,0.039310763289298244,1.655996135669369,6,0.25,dynamic_1_5_p6_h1_3_6_12_s0_25,dynamic:1.5,False,False,highs
milp_h1,0,57.85759223302203,173.5727766990661,115.71518446604408,6,218,0.6933838100274543,5.380997499800287,18.684019096528775,0.08342275636061913,12,0.25,dynamic_1_5_p12_h1_3_6_12_s0_25,dynamic:1.5,False,False,highs
milp_h1,1,55.988134226202945,167.96440267860885,111.9762684524059,8,215,0.8482551019448032,4.806047000020044,16.68766319451404,-1.7860352504584682,12,0.25,dynamic_1_5_p12_h1_3_6_12_s0_25,dynamic:1.5,False,False,highs
milp_h1,2,54.36857575078804,163.10572725236412,108.73715150157608,7,225,0.999775697488983,4.994361300050514,17.34153229184206,-3.4055937258733735,12,0.25,dynamic_1_5_p12_h1_3_6_12_s0_25,dynamic:1.5,False,False,highs
milp_h1,3,57.457650349537516,172.37295104861255,114.91530069907503,4,220,0.5457977557141177,5.388590200105682,18.71038263925584,-0.31651912712389674,12,0.25,dynamic_1_5_p12_h1_3_6_12_s0_25,dynamic:1.5,False,False,highs
milp_h1,4,61.579245038330555,184.73773511499164,123.15849007666108,14,216,0.9374240138212189,5.238551799993729,18.18941597220045,3.805075561669142,12,0.25,dynamic_1_5_p12_h1_3_6_12_s0_25,dynamic:1.5,False,False,highs
milp_h1,5,53.7438221241037,161.23146637231108,107.48764424820737,14,231,0.5430338804807564,5.209808299870929,18.089612152329615,-4.030347352557712,12,0.25,dynamic_1_5_p12_h1_3_6_12_s0_25,dynamic:1.5,False,False,highs
milp_h1,6,59.585980397959545,178.75794119387862,119.17196079591908,7,263,0.9979277973522226,5.073737400089158,17.617143750309577,1.8118109212981324,12,0.25,dynamic_1_5_p12_h1_3_6_12_s0_25,dynamic:1.5,False,False,highs
milp_h1,7,44.226832665503025,132.68049799650905,88.45366533100602,4,214,0.1776572858469965,5.200841900368687,18.058478820724606,-13.547336811158388,12,0.25,dynamic_1_5_p12_h1_3_6_12_s0_25,dynamic:1.5,False,False,highs
milp_h1,8,52.866657522320736,158.5999725669622,105.73331504464147,5,233,0.5366348323396387,4.866087900096318,16.896138542001104,-4.907511954340677,12,0.25,dynamic_1_5_p12_h1_3_6_12_s0_25,dynamic:1.5,False,False,highs
milp_h1,9,67.20686826755599,201.62060480266803,134.41373653511204,6,252,0.3971716463013611,5.191711299994495,18.026775347203106,9.432698790894577,12,0.25,dynamic_1_5_p12_h1_3_6_12_s0_25,dynamic:1.5,False,False,highs
milp_h1,10,75.3182094554106,225.95462836623184,150.63641891082125,3,226,0.0,5.341057999874465,18.545340277341893,17.544039978749183,12,0.25,dynamic_1_5_p12_h1_3_6_12_s0_25,dynamic:1.5,False,False,highs
milp_h1,11,58.29772373239199,174.89317119717595,116.59544746478396,7,198,0.8481113684317817,5.109786400018493,17.7423138889531,0.5235542557305735,12,0.25,dynamic_1_5_p12_h1_3_6_12_s0_25,dynamic:1.5,False,False,highs
milp_h1,12,58.12793797552585,174.38381392657755,116.25587595105169,6,235,0.07338610394451599,5.099021400033962,17.70493541678459,0.35376849886444006,12,0.25,dynamic_1_5_p12_h1_3_6_12_s0_25,dynamic:1.5,False,False,highs
milp_h1,13,57.36944429973761,172.1083328992128,114.73888859947519,6,213,0.7981658896154558,7.087504700262798,24.609391320356938,-0.4047251769238045,12,0.25,dynamic_1_5_p12_h1_3_6_12_s0_25,dynamic:1.5,False,False,highs
milp_h1,14,59.960689917206764,179.88206975162026,119.9213798344135,3,244,0.9964065961699209,5.129188400198473,17.809681945133587,2.186520440545351,12,0.25,dynamic_1_5_p12_h1_3_6_12_s0_25,dynamic:1.5,False,False,highs
milp_h1,15,54.92058029025793,164.76174087077376,109.84116058051583,7,214,0.49370150769642246,5.446081800211687,18.910006250735023,-2.8535891864034824,12,0.25,dynamic_1_5_p12_h1_3_6_12_s0_25,dynamic:1.5,False,False,highs
milp_h1,16,60.5262932444612,181.57887973338362,121.05258648892242,6,220,0.9972934234424603,5.794850700185634,20.12100937564456,2.7521237677997874,12,0.25,dynamic_1_5_p12_h1_3_6_12_s0_25,dynamic:1.5,False,False,highs
milp_h1,17,66.98917726079623,200.96753178238865,133.97835452159242,5,227,0.7752759403502306,4.948655600310303,17.182831945521887,9.215007784134812,12,0.25,dynamic_1_5_p12_h1_3_6_12_s0_25,dynamic:1.5,False,False,highs
milp_h1,18,39.18033680394292,117.54101041182874,78.36067360788581,6,228,0.9990282580200285,5.663691900350386,19.66559687621662,-18.59383267271849,12,0.25,dynamic_1_5_p12_h1_3_6_12_s0_25,dynamic:1.5,False,False,highs
milp_h1,19,59.494313418865204,178.48294025659558,118.98862683773038,6,192,0.8425571964811077,5.0176011996518355,17.422226387679984,1.7201439422037907,12,0.25,dynamic_1_5_p12_h1_3_6_12_s0_25,dynamic:1.5,False,False,highs
milp_h1,20,44.442098308354616,133.32629492506382,88.8841966167092,6,233,0.9995554279159544,5.603466199914692,19.456479860814902,-13.332071168306797,12,0.25,dynamic_1_5_p12_h1_3_6_12_s0_25,dynamic:1.5,False,False,highs
milp_h1,21,68.1621519103646,204.48645573109383,136.32430382072923,6,230,0.07265454532651279,5.288906500180019,18.364258681180623,10.387982433703186,12,0.25,dynamic_1_5_p12_h1_3_6_12_s0_25,dynamic:1.5,False,False,highs
milp_h1,22,45.630194552242756,136.89058365672824,91.26038910448548,12,230,0.8992687186746358,4.997669300151756,17.35301840330471,-12.143974924418657,12,0.25,dynamic_1_5_p12_h1_3_6_12_s0_25,dynamic:1.5,False,False,highs
milp_h1,23,54.53660233318803,163.6098069995641,109.07320466637609,5,236,0.6679289050791294,4.981140900024911,17.2956281250865,-3.2375671434733846,12,0.25,dynamic_1_5_p12_h1_3_6_12_s0_25,dynamic:1.5,False,False,highs
milp_h1,24,58.4008355140686,175.20250654220578,116.80167102813718,8,229,0.9961902777515442,5.202926800237037,18.0657180563786,0.6266660374071904,12,0.25,dynamic_1_5_p12_h1_3_6_12_s0_25,dynamic:1.5,False,False,highs
milp_h1,25,80.61243888139725,241.8373166441917,161.22487776279445,5,237,0.9971686084463669,4.862731800152687,16.88448541719683,22.83826940473584,12,0.25,dynamic_1_5_p12_h1_3_6_12_s0_25,dynamic:1.5,False,False,highs
milp_h1,26,59.84327361434697,179.5298208430409,119.68654722869394,5,205,1.0,5.031809999985853,17.471562499950878,2.0691041376855566,12,0.25,dynamic_1_5_p12_h1_3_6_12_s0_25,dynamic:1.5,False,False,highs
milp_h1,27,38.35129593809445,115.05388781428334,76.70259187618889,4,252,0.9975195541235962,5.234868200001074,18.176625694448173,-19.42287353856696,12,0.25,dynamic_1_5_p12_h1_3_6_12_s0_25,dynamic:1.5,False,False,highs
milp_h1,28,66.94221500506,200.82664501518005,133.88443001012004,5,246,0.9996539561354401,5.23631990008289,18.18166631973226,9.168045528398594,12,0.25,dynamic_1_5_p12_h1_3_6_12_s0_25,dynamic:1.5,False,False,highs
milp_h1,29,61.23791326880453,183.7137398064136,122.47582653760907,5,233,0.0,5.470779199706158,18.995761110090825,3.46374379214312,12,0.25,dynamic_1_5_p12_h1_3_6_12_s0_25,dynamic:1.5,False,False,highs
milp_h3,0,57.85759223302206,173.57277669906614,115.71518446604408,8,216,0.8158552973602836,13.912406499875942,48.306967013458134,0.08342275636064755,12,0.25,dynamic_1_5_p12_h1_3_6_12_s0_25,dynamic:1.5,False,False,highs
milp_h3,1,55.988134226202945,167.96440267860885,111.9762684524059,8,215,0.9970263653140015,14.446526199928485,50.16154930530724,-1.7860352504584682,12,0.25,dynamic_1_5_p12_h1_3_6_12_s0_25,dynamic:1.5,False,False,highs
milp_h3,2,54.36857575078804,163.10572725236412,108.73715150157608,8,224,0.8214274607084411,14.227531399868894,49.401150693989216,-3.4055937258733735,12,0.25,dynamic_1_5_p12_h1_3_6_12_s0_25,dynamic:1.5,False,False,highs
milp_h3,3,57.457650349537516,172.37295104861255,114.91530069907503,10,214,0.5733111001634872,13.870676999824354,48.162072916056786,-0.31651912712389674,12,0.25,dynamic_1_5_p12_h1_3_6_12_s0_25,dynamic:1.5,False,False,highs
milp_h3,4,61.579245038330555,184.73773511499164,123.15849007666108,6,224,0.9338276176594403,14.599812499800464,50.69379340208494,3.805075561669142,12,0.25,dynamic_1_5_p12_h1_3_6_12_s0_25,dynamic:1.5,False,False,highs
milp_h3,5,53.74382212410369,161.23146637231108,107.48764424820739,13,232,0.5946498882971648,14.595591299672378,50.67913645719576,-4.030347352557726,12,0.25,dynamic_1_5_p12_h1_3_6_12_s0_25,dynamic:1.5,False,False,highs
milp_h3,6,59.585980397959545,178.75794119387862,119.17196079591908,7,263,0.9941025993947572,14.332355600170558,49.76512361170333,1.8118109212981324,12,0.25,dynamic_1_5_p12_h1_3_6_12_s0_25,dynamic:1.5,False,False,highs
milp_h3,7,44.22683266550301,132.68049799650905,88.45366533100604,10,208,0.5848108714743092,14.38819999989937,49.95902777742837,-13.547336811158402,12,0.25,dynamic_1_5_p12_h1_3_6_12_s0_25,dynamic:1.5,False,False,highs
milp_h3,8,52.866657522320736,158.5999725669622,105.73331504464147,7,230,0.6903935434096636,12.40709720007726,43.08019861137937,-4.907511954340677,12,0.25,dynamic_1_5_p12_h1_3_6_12_s0_25,dynamic:1.5,False,False,highs
milp_h3,9,67.20686826755602,201.62060480266805,134.41373653511204,9,249,0.6374001812650183,13.522548199922312,46.95329236084136,9.432698790894605,12,0.25,dynamic_1_5_p12_h1_3_6_12_s0_25,dynamic:1.5,False,False,highs
milp_h3,10,75.31820945541062,225.95462836623187,150.63641891082125,7,222,0.9961911547698303,14.381405199936125,49.93543472200044,17.54403997874921,12,0.25,dynamic_1_5_p12_h1_3_6_12_s0_25,dynamic:1.5,False,False,highs
milp_h3,11,58.29772373239199,174.89317119717595,116.59544746478396,9,196,0.7464915643913462,13.798683600238292,47.91209583416074,0.5235542557305735,12,0.25,dynamic_1_5_p12_h1_3_6_12_s0_25,dynamic:1.5,False,False,highs
milp_h3,12,58.12793797552585,174.38381392657755,116.25587595105169,11,230,0.4935649819273431,14.977551500021946,52.00538715285398,0.35376849886444006,12,0.25,dynamic_1_5_p12_h1_3_6_12_s0_25,dynamic:1.5,False,False,highs
milp_h3,13,57.369444299737594,172.1083328992128,114.7388885994752,7,212,0.6664147601226083,13.945947399741272,48.42342847132386,-0.4047251769238187,12,0.25,dynamic_1_5_p12_h1_3_6_12_s0_25,dynamic:1.5,False,False,highs
milp_h3,14,59.960689917206764,179.88206975162026,119.9213798344135,3,244,0.9950453899942596,12.889554799970938,44.7553986110102,2.186520440545351,12,0.25,dynamic_1_5_p12_h1_3_6_12_s0_25,dynamic:1.5,False,False,highs
milp_h3,15,54.92058029025792,164.76174087077376,109.84116058051585,13,208,0.5197660691127841,12.629175299953204,43.851303124837514,-2.8535891864034966,12,0.25,dynamic_1_5_p12_h1_3_6_12_s0_25,dynamic:1.5,False,False,highs
milp_h3,16,60.5262932444612,181.57887973338362,121.05258648892242,6,220,0.9966092060071237,12.037779899459565,41.79784687312349,2.7521237677997874,12,0.25,dynamic_1_5_p12_h1_3_6_12_s0_25,dynamic:1.5,False,False,highs
milp_h3,17,66.98917726079623,200.96753178238865,133.97835452159242,8,224,0.7743155988703327,12.964016899932176,45.013947569208945,9.215007784134812,12,0.25,dynamic_1_5_p12_h1_3_6_12_s0_25,dynamic:1.5,False,False,highs
milp_h3,18,39.18033680394292,117.54101041182874,78.36067360788581,8,226,0.9987954158336331,12.26531209985842,42.587889235619514,-18.59383267271849,12,0.25,dynamic_1_5_p12_h1_3_6_12_s0_25,dynamic:1.5,False,False,highs
milp_h3,19,59.494313418865204,178.48294025659558,118.98862683773038,9,189,0.763488762494139,13.605382200330496,47.24091041781422,1.7201439422037907,12,0.25,dynamic_1_5_p12_h1_3_6_12_s0_25,dynamic:1.5,False,False,highs
milp_h3,20,44.4420983083546,133.32629492506382,88.88419661670922,9,230,0.9952249053676802,15.582750700006727,54.106773263912245,-13.332071168306811,12,0.25,dynamic_1_5_p12_h1_3_6_12_s0_25,dynamic:1.5,False,False,highs
milp_h3,21,68.16215191036463,204.48645573109386,136.32430382072923,8,228,0.8366647729616238,14.870453199662734,51.633518054384496,10.387982433703215,12,0.25,dynamic_1_5_p12_h1_3_6_12_s0_25,dynamic:1.5,False,False,highs
milp_h3,22,45.63019455224274,136.89058365672824,91.2603891044855,8,232,0.7726608907420146,14.97059790007188,51.98124270858292,-12.143974924418671,12,0.25,dynamic_1_5_p12_h1_3_6_12_s0_25,dynamic:1.5,False,False,highs
milp_h3,23,54.53660233318806,163.60980699956414,109.07320466637609,10,231,0.7973905118848357,13.734840000310214,47.6904166677438,-3.237567143473356,12,0.25,dynamic_1_5_p12_h1_3_6_12_s0_25,dynamic:1.5,False,False,highs
milp_h3,24,58.4008355140686,175.20250654220578,116.80167102813718,4,233,0.9830338530379473,14.17373690000386,49.21436423612451,0.6266660374071904,12,0.25,dynamic_1_5_p12_h1_3_6_12_s0_25,dynamic:1.5,False,False,highs
milp_h3,25,80.61243888139722,241.8373166441917,161.22487776279448,5,237,0.9982086740510272,14.512305100128287,50.38994826433433,22.83826940473581,12,0.25,dynamic_1_5_p12_h1_3_6_12_s0_25,dynamic:1.5,False,False,highs
milp_h3,26,59.84327361434697,179.5298208430409,119.68654722869394,9,201,0.9983559203731059,15.695584100001724,54.498555902783764,2.0691041376855566,12,0.25,dynamic_1_5_p12_h1_3_6_12_s0_25,dynamic:1.5,False,False,highs
milp_h3,27,38.35129593809444,115.05388781428334,76.7025918761889,9,247,0.8036801380766275,14.629943900014041,50.7984163194932,-19.422873538566975,12,0.25,dynamic_1_5_p12_h1_3_6_12_s0_25,dynamic:1.5,False,False,highs
milp_h3,28,66.94221500506004,200.82664501518008,133.88443001012004,9,242,0.1398632945095208,13.612643400032539,47.26612291677965,9.168045528398622,12,0.25,dynamic_1_5_p12_h1_3_6_12_s0_25,dynamic:1.5,False,False,highs
milp_h3,29,61.23791326880455,183.71373980641363,122.47582653760908,5,233,0.9951136800839818,14.272940299997572,49.55882048610268,3.463743792143134,12,0.25,dynamic_1_5_p12_h1_3_6_12_s0_25,dynamic:1.5,False,False,highs
milp_h6,0,57.85759223302206,173.57277669906614,115.71518446604408,8,216,0.8158552973602836,20.238719299581135,70.27333090132339,0.08342275636064755,12,0.25,dynamic_1_5_p12_h1_3_6_12_s0_25,dynamic:1.5,False,False,highs
milp_h6,1,55.98813422620297,167.96440267860888,111.9762684524059,6,217,0.9968122088840332,23.09062259993516,80.17577291644153,-1.7860352504584398,12,0.25,dynamic_1_5_p12_h1_3_6_12_s0_25,dynamic:1.5,False,False,highs
milp_h6,2,54.36857575078804,163.10572725236412,108.73715150157608,8,224,0.8503120078380259,23.163634299649857,80.42928576267312,-3.4055937258733735,12,0.25,dynamic_1_5_p12_h1_3_6_12_s0_25,dynamic:1.5,False,False,highs
milp_h6,3,57.457650349537516,172.37295104861255,114.91530069907503,10,214,0.6434210569451009,23.060922899807338,80.07264895766437,-0.31651912712389674,12,0.25,dynamic_1_5_p12_h1_3_6_12_s0_25,dynamic:1.5,False,False,highs
milp_h6,4,61.579245038330555,184.73773511499164,123.15849007666108,6,224,0.9338276176594403,22.450318800256355,77.95249583422346,3.805075561669142,12,0.25,dynamic_1_5_p12_h1_3_6_12_s0_25,dynamic:1.5,False,False,highs
milp_h6,5,53.74382212410369,161.23146637231108,107.48764424820739,15,230,0.6518124143282543,21.170732299942756,73.50948715257901,-4.030347352557726,12,0.25,dynamic_1_5_p12_h1_3_6_12_s0_25,dynamic:1.5,False,False,highs
milp_h6,6,59.585980397959545,178.75794119387862,119.17196079591908,7,263,0.9941025993947572,19.822267200244823,68.82731666751675,1.8118109212981324,12,0.25,dynamic_1_5_p12_h1_3_6_12_s0_25,dynamic:1.5,False,False,highs
milp_h6,7,44.22683266550301,132.68049799650905,88.45366533100604,10,208,0.7630136537777357,23.02174479997484,79.93661388880153,-13.547336811158402,12,0.25,dynamic_1_5_p12_h1_3_6_12_s0_25,dynamic:1.5,False,False,highs
milp_h6,8,52.866657522320736,158.5999725669622,105.73331504464147,7,230,0.6908138522323894,19.206569900212344,66.68947882018175,-4.907511954340677,12,0.25,dynamic_1_5_p12_h1_3_6_12_s0_25,dynamic:1.5,False,False,highs
milp_h6,9,67.20686826755602,201.62060480266805,134.41373653511204,9,249,0.6374001812650183,20.293732600053772,70.46434930574226,9.432698790894605,12,0.25,dynamic_1_5_p12_h1_3_6_12_s0_25,dynamic:1.5,False,False,highs
milp_h6,10,75.31820945541062,225.95462836623187,150.63641891082125,7,222,0.9961911547698303,21.491207300045062,74.62224756960092,17.54403997874921,12,0.25,dynamic_1_5_p12_h1_3_6_12_s0_25,dynamic:1.5,False,False,highs
milp_h6,11,58.29772373239199,174.89317119717595,116.59544746478396,9,196,0.7464915643913462,20.586742499785032,71.48174479092025,0.5235542557305735,12,0.25,dynamic_1_5_p12_h1_3_6_12_s0_25,dynamic:1.5,False,False,highs
milp_h6,12,58.12793797552585,174.38381392657755,116.25587595105169,15,226,0.5352336855999414,21.923325499956263,76.12265798595925,0.35376849886444006,12,0.25,dynamic_1_5_p12_h1_3_6_12_s0_25,dynamic:1.5,False,False,highs
milp_h6,13,57.369444299737594,172.1083328992128,114.7388885994752,7,212,0.6664147601226083,20.946638300054474,72.73138298630026,-0.4047251769238187,12,0.25,dynamic_1_5_p12_h1_3_6_12_s0_25,dynamic:1.5,False,False,highs
milp_h6,14,59.960689917206764,179.88206975162026,119.9213798344135,3,244,0.9950453899942596,19.491620299842907,67.67923715223232,2.186520440545351,12,0.25,dynamic_1_5_p12_h1_3_6_12_s0_25,dynamic:1.5,False,False,highs
milp_h6,15,54.92058029025792,164.76174087077376,109.84116058051585,13,208,0.5197660691127841,18.71311260026414,64.97608541758382,-2.8535891864034966,12,0.25,dynamic_1_5_p12_h1_3_6_12_s0_25,dynamic:1.5,False,False,highs
milp_h6,16,60.5262932444612,181.57887973338362,121.05258648892242,6,220,0.9966092060071237,17.70969260018319,61.491988195080516,2.7521237677997874,12,0.25,dynamic_1_5_p12_h1_3_6_12_s0_25,dynamic:1.5,False,False,highs
milp_h6,17,66.98917726079623,200.96753178238865,133.97835452159242,8,224,0.7743155988703327,18.412467499932973,63.932178819211714,9.215007784134812,12,0.25,dynamic_1_5_p12_h1_3_6_12_s0_25,dynamic:1.5,False,False,highs
milp_h6,18,39.18033680394292,117.54101041182874,78.36067360788581,8,226,0.9987954158336331,22.240916099835886,77.22540312443016,-18.59383267271849,12,0.25,dynamic_1_5_p12_h1_3_6_12_s0_25,dynamic:1.5,False,False,highs
milp_h6,19,59.494313418865204,178.48294025659558,118.98862683773038,12,186,0.8419159298414376,20.007171000528615,69.46934375183547,1.7201439422037907,12,0.25,dynamic_1_5_p12_h1_3_6_12_s0_25,dynamic:1.5,False,False,highs
milp_h6,20,44.4420983083546,133.32629492506382,88.88419661670922,9,230,0.9952249053676802,21.615918799681822,75.05527361000632,-13.332071168306811,12,0.25,dynamic_1_5_p12_h1_3_6_12_s0_25,dynamic:1.5,False,False,highs
milp_h6,21,68.16215191036463,204.48645573109386,136.32430382072923,8,228,0.8366647729616238,23.46155950028333,81.46374826487266,10.387982433703215,12,0.25,dynamic_1_5_p12_h1_3_6_12_s0_25,dynamic:1.5,False,False,highs
milp_h6,22,45.63019455224274,136.89058365672824,91.2603891044855,8,232,0.771858185619724,23.129631199961295,80.31121944431005,-12.143974924418671,12,0.25,dynamic_1_5_p12_h1_3_6_12_s0_25,dynamic:1.5,False,False,highs
milp_h6,23,54.53660233318806,163.60980699956414,109.07320466637609,10,231,0.7973905118848357,19.795822600339307,68.73549514006703,-3.237567143473356,12,0.25,dynamic_1_5_p12_h1_3_6_12_s0_25,dynamic:1.5,False,False,highs
milp_h6,24,58.4008355140686,175.20250654220578,116.80167102813718,4,233,0.9830338530379473,21.577859500190243,74.92312326454946,0.6266660374071904,12,0.25,dynamic_1_5_p12_h1_3_6_12_s0_25,dynamic:1.5,False,False,highs
milp_h6,25,80.61243888139722,241.8373166441917,161.22487776279448,5,237,0.9982086740510272,21.963474900083384,76.26206562528952,22.83826940473581,12,0.25,dynamic_1_5_p12_h1_3_6_12_s0_25,dynamic:1.5,False,False,highs
milp_h6,26,59.84327361434697,179.5298208430409,119.68654722869394,8,202,0.9993042906891032,23.155239599756896,80.40013749915589,2.0691041376855566,12,0.25,dynamic_1_5_p12_h1_3_6_12_s0_25,dynamic:1.5,False,False,highs
milp_h6,27,38.35129593809444,115.05388781428334,76.7025918761889,9,247,0.8036801380766275,22.752841099951183,79.00292048594162,-19.422873538566975,12,0.25,dynamic_1_5_p12_h1_3_6_12_s0_25,dynamic:1.5,False,False,highs
milp_h6,28,66.94221500506004,200.82664501518008,133.88443001012004,9,242,0.1398632945095208,21.22114280043752,73.68452361263027,9.168045528398622,12,0.25,dynamic_1_5_p12_h1_3_6_12_s0_25,dynamic:1.5,False,False,highs
milp_h6,29,61.23791326880455,183.71373980641363,122.47582653760908,5,233,0.9951136800839818,21.787962400558172,75.65264722416032,3.463743792143134,12,0.25,dynamic_1_5_p12_h1_3_6_12_s0_25,dynamic:1.5,False,False,highs
milp_h12,0,57.85759223302206,173.57277669906614,115.71518446604408,8,216,0.8140078782039885,36.24149739983841,125.8385326383278,0.08342275636064755,12,0.25,dynamic_1_5_p12_h1_3_6_12_s0_25,dynamic:1.5,False,False,highs
milp_h12,1,55.98813422620297,167.96440267860888,111.9762684524059,7,216,0.9972767316031493,38.6526892001566,134.21072638943264,-1.7860352504584398,12,0.25,dynamic_1_5_p12_h1_3_6_12_s0_25,dynamic:1.5,False,False,highs
milp_h12,2,54.36857575078804,163.10572725236412,108.73715150157608,8,224,0.8509111569482934,36.702291899797274,127.43851354096276,-3.4055937258733735,12,0.25,dynamic_1_5_p12_h1_3_6_12_s0_25,dynamic:1.5,False,False,highs
milp_h12,3,57.457650349537516,172.37295104861255,114.91530069907503,10,214,0.6459007217300708,39.612195800145855,137.5423465282842,-0.31651912712389674,12,0.25,dynamic_1_5_p12_h1_3_6_12_s0_25,dynamic:1.5,False,False,highs
milp_h12,4,61.579245038330555,184.73773511499164,123.15849007666108,11,219,0.8128295458876598,39.65157649986213,137.67908506896572,3.805075561669142,12,0.25,dynamic_1_5_p12_h1_3_6_12_s0_25,dynamic:1.5,False,False,highs
milp_h12,5,53.74382212410369,161.23146637231108,107.48764424820739,15,230,0.6946308635045295,28.986754500190727,100.64845312566224,-4.030347352557726,12,0.25,dynamic_1_5_p12_h1_3_6_12_s0_25,dynamic:1.5,False,False,highs
milp_h12,6,59.585980397959545,178.75794119387862,119.17196079591908,7,263,0.9941025993947572,36.75758179969853,127.63049236006434,1.8118109212981324,12,0.25,dynamic_1_5_p12_h1_3_6_12_s0_25,dynamic:1.5,False,False,highs
milp_h12,7,44.22683266550301,132.68049799650905,88.45366533100604,10,208,0.4524197213115581,43.960382300050696,152.64021631962046,-13.547336811158402,12,0.25,dynamic_1_5_p12_h1_3_6_12_s0_25,dynamic:1.5,False,False,highs
milp_h12,8,52.866657522320736,158.5999725669622,105.73331504464147,7,230,0.6908138522323894,34.95845969970105,121.38354062396199,-4.907511954340677,12,0.25,dynamic_1_5_p12_h1_3_6_12_s0_25,dynamic:1.5,False,False,highs
milp_h12,9,67.20686826755602,201.62060480266805,134.41373653511204,9,249,0.6374001812650183,43.002714100206504,149.3149795146059,9.432698790894605,12,0.25,dynamic_1_5_p12_h1_3_6_12_s0_25,dynamic:1.5,False,False,highs
milp_h12,10,75.31820945541062,225.95462836623187,150.63641891082125,7,222,0.9961911547698303,39.79246039976715,138.16826527696927,17.54403997874921,12,0.25,dynamic_1_5_p12_h1_3_6_12_s0_25,dynamic:1.5,False,False,highs
milp_h12,11,58.29772373239199,174.89317119717595,116.59544746478396,10,196,0.7470908399866771,42.34788069993374,147.04125243032547,0.5235542557305735,12,0.25,dynamic_1_5_p12_h1_3_6_12_s0_25,dynamic:1.5,False,False,highs
milp_h12,12,58.12793797552585,174.38381392657755,116.25587595105169,11,230,0.6017482959632835,39.2797329002351,136.38796145914966,0.35376849886444006,12,0.25,dynamic_1_5_p12_h1_3_6_12_s0_25,dynamic:1.5,False,False,highs
milp_h12,13,57.369444299737594,172.1083328992128,114.7388885994752,7,212,0.6688807693503976,35.962218200205825,124.86881319515912,-0.4047251769238187,12,0.25,dynamic_1_5_p12_h1_3_6_12_s0_25,dynamic:1.5,False,False,highs
milp_h12,14,59.960689917206764,179.88206975162026,119.9213798344135,3,244,0.9950453899942596,33.65576989995316,116.86031215261512,2.186520440545351,12,0.25,dynamic_1_5_p12_h1_3_6_12_s0_25,dynamic:1.5,False,False,highs
milp_h12,15,54.92058029025792,164.76174087077376,109.84116058051585,13,208,0.5197660691127841,34.73499559957418,120.60762360963255,-2.8535891864034966,12,0.25,dynamic_1_5_p12_h1_3_6_12_s0_25,dynamic:1.5,False,False,highs
milp_h12,16,60.5262932444612,181.57887973338362,121.05258648892242,6,220,0.9988072567218849,31.998279600258684,111.10513750089821,2.7521237677997874,12,0.25,dynamic_1_5_p12_h1_3_6_12_s0_25,dynamic:1.5,False,False,highs
milp_h12,17,66.98917726079623,200.96753178238865,133.97835452159242,8,224,0.7735408747292573,32.947311499883654,114.4003871523738,9.215007784134812,12,0.25,dynamic_1_5_p12_h1_3_6_12_s0_25,dynamic:1.5,False,False,highs
milp_h12,18,39.18033680394292,117.54101041182874,78.36067360788581,8,226,0.9987954158336331,44.46576940006344,154.39503263910916,-18.59383267271849,12,0.25,dynamic_1_5_p12_h1_3_6_12_s0_25,dynamic:1.5,False,False,highs
milp_h12,19,59.494313418865204,178.48294025659558,118.98862683773038,12,186,0.788814036248223,35.52263529994525,123.34248368036545,1.7201439422037907,12,0.25,dynamic_1_5_p12_h1_3_6_12_s0_25,dynamic:1.5,False,False,highs
milp_h12,20,44.4420983083546,133.32629492506382,88.88419661670922,9,230,0.9952249053676802,41.56567279994488,144.32525277758637,-13.332071168306811,12,0.25,dynamic_1_5_p12_h1_3_6_12_s0_25,dynamic:1.5,False,False,highs
milp_h12,21,68.16215191036463,204.48645573109386,136.32430382072923,8,228,0.8366647729616238,38.180453700129874,132.57101979211762,10.387982433703215,12,0.25,dynamic_1_5_p12_h1_3_6_12_s0_25,dynamic:1.5,False,False,highs
milp_h12,22,45.63019455224274,136.89058365672824,91.2603891044855,8,232,0.6935650927778679,39.80512719997205,138.21224722212517,-12.143974924418671,12,0.25,dynamic_1_5_p12_h1_3_6_12_s0_25,dynamic:1.5,False,False,highs
milp_h12,23,54.53660233318806,163.60980699956414,109.07320466637609,8,233,0.7697508880781057,34.249051399558084,118.92031735957669,-3.237567143473356,12,0.25,dynamic_1_5_p12_h1_3_6_12_s0_25,dynamic:1.5,False,False,highs
milp_h12,24,58.4008355140686,175.20250654220578,116.80167102813718,4,233,0.9830338530379473,37.73016800038749,131.00752777912325,0.6266660374071904,12,0.25,dynamic_1_5_p12_h1_3_6_12_s0_25,dynamic:1.5,False,False,highs
milp_h12,25,80.61243888139722,241.8373166441917,161.22487776279448,5,237,0.9982086740510272,41.75991529983003,144.9997059021876,22.83826940473581,12,0.25,dynamic_1_5_p12_h1_3_6_12_s0_25,dynamic:1.5,False,False,highs
milp_h12,26,59.84327361434697,179.5298208430409,119.68654722869394,8,202,0.9993042906891032,36.02925169971422,125.1015684017855,2.0691041376855566,12,0.25,dynamic_1_5_p12_h1_3_6_12_s0_25,dynamic:1.5,False,False,highs
milp_h12,27,38.35129593809444,115.05388781428334,76.7025918761889,7,249,0.9988592567561185,40.13039869989734,139.34166215242132,-19.422873538566975,12,0.25,dynamic_1_5_p12_h1_3_6_12_s0_25,dynamic:1.5,False,False,highs
milp_h12,28,66.94221500506004,200.82664501518008,133.88443001012004,9,242,0.1398632945095208,35.55431160013541,123.45247083380349,9.168045528398622,12,0.25,dynamic_1_5_p12_h1_3_6_12_s0_25,dynamic:1.5,False,False,highs
milp_h12,29,61.23791326880455,183.71373980641363,122.47582653760908,5,233,0.9951136800839818,34.854849499999546,121.02378298610954,3.463743792143134,12,0.25,dynamic_1_5_p12_h1_3_6_12_s0_25,dynamic:1.5,False,False,highs
equal_share,0,53.808184739318904,161.4245542179567,107.61636947863781,13,211,0.7318638433178212,0.005482399748871103,0.019036110239135776,-3.9659847373425094,12,0.25,dynamic_1_5_p12_h1_3_6_12_s0_25,dynamic:1.5,False,False,highs
equal_share,1,46.559016524371856,139.67704957311557,93.11803304874371,10,213,0.7866962590893194,0.005639699898893014,0.01958229131560074,-11.215152952289557,12,0.25,dynamic_1_5_p12_h1_3_6_12_s0_25,dynamic:1.5,False,False,highs
equal_share,2,49.74929021468343,149.24787064405024,99.49858042936681,11,221,0.9982460808388057,0.006332300108624622,0.021987153154946606,-8.024879261977986,12,0.25,dynamic_1_5_p12_h1_3_6_12_s0_25,dynamic:1.5,False,False,highs
equal_share,3,56.53674599922839,169.61023799768518,113.07349199845679,11,213,0.7555531523738289,0.005524899926967919,0.019183680301971942,-1.2374234774330262,12,0.25,dynamic_1_5_p12_h1_3_6_12_s0_25,dynamic:1.5,False,False,highs
equal_share,4,57.207168362594985,171.62150508778493,114.41433672518994,16,214,0.9694777283913254,0.005278599681332707,0.018328471115738567,-0.5670011140664286,12,0.25,dynamic_1_5_p12_h1_3_6_12_s0_25,dynamic:1.5,False,False,highs
equal_share,5,49.941690675660254,149.82507202698073,99.88338135132048,23,222,0.472267949801577,0.005249100329820067,0.01822604281187523,-7.832478801001159,12,0.25,dynamic_1_5_p12_h1_3_6_12_s0_25,dynamic:1.5,False,False,highs
equal_share,6,50.17217151592743,150.51651454778232,100.34434303185489,10,260,0.9965546216386045,0.005151399702299386,0.01788680452187287,-7.601997960733982,12,0.25,dynamic_1_5_p12_h1_3_6_12_s0_25,dynamic:1.5,False,False,highs
equal_share,7,35.90598754027583,107.71796262082748,71.81197508055165,7,211,0.669492012960654,0.005554300238145515,0.01928576471578304,-21.868181936385582,12,0.25,dynamic_1_5_p12_h1_3_6_12_s0_25,dynamic:1.5,False,False,highs
equal_share,8,47.038098465618106,141.1142953968543,94.07619693123618,9,229,0.6912219275967856,0.005149600328877568,0.017880556697491556,-10.736071011043308,12,0.25,dynamic_1_5_p12_h1_3_6_12_s0_25,dynamic:1.5,False,False,highs
equal_share,9,57.39713214346969,172.19139643040907,114.79426428693938,10,248,0.6379968950946203,0.0053396997100207955,0.018540623993127763,-0.3770373331917227,12,0.25,dynamic_1_5_p12_h1_3_6_12_s0_25,dynamic:1.5,False,False,highs
equal_share,10,65.19300843625174,195.57902530875526,130.38601687250352,8,221,0.9965189874979556,0.00523020006949082,0.018160416907954238,7.418838959590332,12,0.25,dynamic_1_5_p12_h1_3_6_12_s0_25,dynamic:1.5,False,False,highs
equal_share,11,51.49970032044379,154.49910096133138,102.99940064088759,12,193,0.8735545743646989,0.005405699455877766,0.018769789777353354,-6.27446915621762,12,0.25,dynamic_1_5_p12_h1_3_6_12_s0_25,dynamic:1.5,False,False,highs
equal_share,12,47.78675797006301,143.36027391018902,95.57351594012601,14,227,0.7661154096437597,0.0053261000430211425,0.018493402927156746,-9.987411506598406,12,0.25,dynamic_1_5_p12_h1_3_6_12_s0_25,dynamic:1.5,False,False,highs
equal_share,13,54.13897613961382,162.41692841884145,108.27795227922763,9,210,0.8004904634594304,0.0055676999327261,0.019332291433076736,-3.635193337047596,12,0.25,dynamic_1_5_p12_h1_3_6_12_s0_25,dynamic:1.5,False,False,highs
equal_share,14,59.16673425367894,177.50020276103683,118.33346850735789,16,231,0.8256344627036447,0.0056277998082805425,0.01954097155652966,1.392564777017526,12,0.25,dynamic_1_5_p12_h1_3_6_12_s0_25,dynamic:1.5,False,False,highs
equal_share,15,51.92206301083418,155.7661890325025,103.84412602166832,12,209,0.6641063056673345,0.005124500050442293,0.017793402952924628,-5.852106465827234,12,0.25,dynamic_1_5_p12_h1_3_6_12_s0_25,dynamic:1.5,False,False,highs
equal_share,16,57.72406506657758,173.17219519973273,115.44813013315515,13,215,0.9970537426694394,0.005780200270237401,0.020070139827213198,-0.05010441008383282,12,0.25,dynamic_1_5_p12_h1_3_6_12_s0_25,dynamic:1.5,False,False,highs
equal_share,17,63.135066192000394,189.4051985760012,126.2701323840008,14,218,0.7746242019820315,0.006199399795150384,0.021525693733161058,5.360896715338981,12,0.25,dynamic_1_5_p12_h1_3_6_12_s0_25,dynamic:1.5,False,False,highs
equal_share,18,30.250450391403184,90.75135117420955,60.50090078280636,9,225,0.9978730900425443,0.006069600349292159,0.021075001212819997,-27.52371908525823,12,0.25,dynamic_1_5_p12_h1_3_6_12_s0_25,dynamic:1.5,False,False,highs
equal_share,19,53.007458485774464,159.0223754573234,106.01491697154893,13,185,0.9199629010627813,0.008066099922871217,0.028007291398858394,-4.766710990886949,12,0.25,dynamic_1_5_p12_h1_3_6_12_s0_25,dynamic:1.5,False,False,highs
equal_share,20,36.69021951084375,110.07065853253127,73.38043902168752,15,224,0.6428720538867992,0.01018970034783706,0.03538090398554535,-21.083949965817666,12,0.25,dynamic_1_5_p12_h1_3_6_12_s0_25,dynamic:1.5,False,False,highs
equal_share,21,64.00527194687879,192.01581584063635,128.01054389375756,12,224,0.543589149376638,0.010863399773370475,0.03772013810198081,6.23110247021738,12,0.25,dynamic_1_5_p12_h1_3_6_12_s0_25,dynamic:1.5,False,False,highs
equal_share,22,42.697231303024935,128.09169390907482,85.39446260604988,14,226,0.8474475653539897,0.010149100213311613,0.035239931296220876,-15.076938173636478,12,0.25,dynamic_1_5_p12_h1_3_6_12_s0_25,dynamic:1.5,False,False,highs
equal_share,23,51.78070190149465,155.34210570448397,103.56140380298932,14,227,0.8992322560677767,0.010145899810595438,0.03522881878678971,-5.993467575166761,12,0.25,dynamic_1_5_p12_h1_3_6_12_s0_25,dynamic:1.5,False,False,highs
equal_share,24,51.57224089506522,154.71672268519566,103.14448179013044,10,228,0.995194173256277,0.009632099885493517,0.03344479126907471,-6.201928581596192,12,0.25,dynamic_1_5_p12_h1_3_6_12_s0_25,dynamic:1.5,False,False,highs
equal_share,25,72.67253172567376,218.01759517702135,145.34506345134758,8,234,0.9977916281327347,0.01026689977152273,0.035648957540009484,14.89836224901235,12,0.25,dynamic_1_5_p12_h1_3_6_12_s0_25,dynamic:1.5,False,False,highs
equal_share,26,59.08731636103714,177.26194908311143,118.17463272207429,17,193,0.9981250636033547,0.010627299809129909,0.03690034655947885,1.3131468843757261,12,0.25,dynamic_1_5_p12_h1_3_6_12_s0_25,dynamic:1.5,False,False,highs
equal_share,27,35.32092256503746,105.96276769511239,70.64184513007493,12,244,0.8698109364886006,0.01078330003656447,0.03744201401584885,-22.45324691162395,12,0.25,dynamic_1_5_p12_h1_3_6_12_s0_25,dynamic:1.5,False,False,highs
equal_share,28,61.30261755184317,183.9078526555295,122.60523510368633,15,236,0.6852900422725616,0.01015299986465834,0.03525347175228591,3.528448075181757,12,0.25,dynamic_1_5_p12_h1_3_6_12_s0_25,dynamic:1.5,False,False,highs
equal_share,29,54.986467419340784,164.95940225802238,109.9729348386816,11,227,0.9968200285147741,0.009734899562317878,0.03380173459138152,-2.7877020573206295,12,0.25,dynamic_1_5_p12_h1_3_6_12_s0_25,dynamic:1.5,False,False,highs
max_charge,0,57.85759223302205,173.57277669906614,115.7151844660441,17,207,0.8081333681889767,0.003616799775045365,0.01255833255224085,0.08342275636063334,12,0.25,dynamic_1_5_p12_h1_3_6_12_s0_25,dynamic:1.5,False,False,highs
max_charge,1,55.98813422620296,167.96440267860888,111.97626845240592,21,202,0.8263043095529846,0.0036839000531472266,0.012791319628983425,-1.786035250458454,12,0.25,dynamic_1_5_p12_h1_3_6_12_s0_25,dynamic:1.5,False,False,highs
max_charge,2,54.368575750788025,163.10572725236412,108.7371515015761,18,214,0.7974928096232073,0.003524000116158277,0.012236111514438461,-3.4055937258733877,12,0.25,dynamic_1_5_p12_h1_3_6_12_s0_25,dynamic:1.5,False,False,highs
max_charge,3,57.45765034953753,172.37295104861258,114.91530069907505,15,210,0.6880167045634448,0.0035938998917117715,0.01247881906844365,-0.3165191271238825,12,0.25,dynamic_1_5_p12_h1_3_6_12_s0_25,dynamic:1.5,False,False,highs
max_charge,4,61.57924503833054,184.73773511499164,123.1584900766611,19,211,0.9747467006462753,0.003477500256849453,0.012074653669616155,3.8050755616691276,12,0.25,dynamic_1_5_p12_h1_3_6_12_s0_25,dynamic:1.5,False,False,highs
max_charge,5,53.74382212410369,161.23146637231108,107.48764424820739,28,217,0.48900792420322103,0.00364660014747642,0.012661806067626458,-4.030347352557726,12,0.25,dynamic_1_5_p12_h1_3_6_12_s0_25,dynamic:1.5,False,False,highs
max_charge,6,59.58598039795953,178.75794119387862,119.17196079591909,17,253,0.9978569299071459,0.003365500218933448,0.011685764649074473,1.8118109212981182,12,0.25,dynamic_1_5_p12_h1_3_6_12_s0_25,dynamic:1.5,False,False,highs
max_charge,7,44.22683266550301,132.68049799650905,88.45366533100604,17,201,0.86180011191408,0.00367650028783828,0.012765625999438472,-13.547336811158402,12,0.25,dynamic_1_5_p12_h1_3_6_12_s0_25,dynamic:1.5,False,False,highs
max_charge,8,52.866657522320736,158.5999725669622,105.73331504464147,15,223,0.7752767262695899,0.003923999989638105,0.013624999964021198,-4.907511954340677,12,0.25,dynamic_1_5_p12_h1_3_6_12_s0_25,dynamic:1.5,False,False,highs
max_charge,9,67.20686826755602,201.62060480266805,134.41373653511204,15,243,0.7736158901654037,0.004115700168767944,0.014290625585999805,9.432698790894605,12,0.25,dynamic_1_5_p12_h1_3_6_12_s0_25,dynamic:1.5,False,False,highs
max_charge,10,75.31820945541065,225.9546283662319,150.63641891082125,16,213,0.9976138616705112,0.003733999590622261,0.012965276356327295,17.54403997874924,12,0.25,dynamic_1_5_p12_h1_3_6_12_s0_25,dynamic:1.5,False,False,highs
max_charge,11,58.29772373239197,174.89317119717595,116.59544746478397,18,187,0.7887280615368453,0.00366700001177378,0.01273263892977007,0.5235542557305592,12,0.25,dynamic_1_5_p12_h1_3_6_12_s0_25,dynamic:1.5,False,False,highs
max_charge,12,58.12793797552585,174.38381392657755,116.25587595105169,25,216,0.8293417978708917,0.004162299912422895,0.014452430251468387,0.35376849886444006,12,0.25,dynamic_1_5_p12_h1_3_6_12_s0_25,dynamic:1.5,False,False,highs
max_charge,13,57.369444299737594,172.1083328992128,114.7388885994752,12,207,0.8336780489762065,0.003983100061304867,0.013830208546197455,-0.4047251769238187,12,0.25,dynamic_1_5_p12_h1_3_6_12_s0_25,dynamic:1.5,False,False,highs
max_charge,14,59.96068991720675,179.88206975162026,119.92137983441351,18,229,0.8572325710370247,0.004058199847349897,0.014090971692187142,2.186520440545337,12,0.25,dynamic_1_5_p12_h1_3_6_12_s0_25,dynamic:1.5,False,False,highs
max_charge,15,54.92058029025792,164.76174087077376,109.84116058051585,15,206,0.6641063056673345,0.0038435999304056168,0.013345833091686169,-2.8535891864034966,12,0.25,dynamic_1_5_p12_h1_3_6_12_s0_25,dynamic:1.5,False,False,highs
max_charge,16,60.5262932444612,181.57887973338362,121.05258648892242,17,213,0.99773854846894,0.0038523998227901757,0.013376388273576999,2.7521237677997874,12,0.25,dynamic_1_5_p12_h1_3_6_12_s0_25,dynamic:1.5,False,False,highs
max_charge,17,66.9891772607962,200.96753178238865,133.97835452159245,18,214,0.7746242019820315,0.004220100148813799,0.01465312551671458,9.215007784134784,12,0.25,dynamic_1_5_p12_h1_3_6_12_s0_25,dynamic:1.5,False,False,highs
max_charge,18,39.18033680394291,117.54101041182874,78.36067360788583,19,215,0.9986658900135247,0.003641799761680886,0.012645138061391966,-18.593832672718506,12,0.25,dynamic_1_5_p12_h1_3_6_12_s0_25,dynamic:1.5,False,False,highs
max_charge,19,59.49431341886519,178.48294025659558,118.9886268377304,19,179,0.9358483003482222,0.003805500251473859,0.013213542539839787,1.7201439422037765,12,0.25,dynamic_1_5_p12_h1_3_6_12_s0_25,dynamic:1.5,False,False,highs
max_charge,20,44.4420983083546,133.32629492506382,88.88419661670922,23,216,0.8452686411866478,0.0036741997464559972,0.012757638008527769,-13.332071168306811,12,0.25,dynamic_1_5_p12_h1_3_6_12_s0_25,dynamic:1.5,False,False,highs
max_charge,21,68.16215191036463,204.48645573109386,136.32430382072923,14,222,0.6957259342963583,0.0038053003954701126,0.013212848595382335,10.387982433703215,12,0.25,dynamic_1_5_p12_h1_3_6_12_s0_25,dynamic:1.5,False,False,highs
max_charge,22,45.63019455224274,136.89058365672824,91.2603891044855,17,223,0.8691445304312986,0.0036829999007750303,0.012788194099913299,-12.143974924418671,12,0.25,dynamic_1_5_p12_h1_3_6_12_s0_25,dynamic:1.5,False,False,highs
max_charge,23,54.53660233318804,163.60980699956414,109.0732046663761,17,224,0.9159940299823837,0.0039020003750920296,0.013548612413513992,-3.2375671434733704,12,0.25,dynamic_1_5_p12_h1_3_6_12_s0_25,dynamic:1.5,False,False,highs
max_charge,24,58.40083551406859,175.20250654220578,116.80167102813719,16,222,0.995194173256277,0.002373499912209809,0.008241319139617391,0.6266660374071762,12,0.25,dynamic_1_5_p12_h1_3_6_12_s0_25,dynamic:1.5,False,False,highs
max_charge,25,80.61243888139722,241.8373166441917,161.22487776279448,14,228,0.9982877117186268,0.0037866006314288825,0.013147918859128064,22.83826940473581,12,0.25,dynamic_1_5_p12_h1_3_6_12_s0_25,dynamic:1.5,False,False,highs
max_charge,26,59.843273614346955,179.5298208430409,119.68654722869395,18,192,0.9983927217831124,0.0027907003241125494,0.009689931680946352,2.0691041376855424,12,0.25,dynamic_1_5_p12_h1_3_6_12_s0_25,dynamic:1.5,False,False,highs
max_charge,27,38.35129593809445,115.05388781428336,76.7025918761889,15,241,0.8860613049513125,0.002132600173354149,0.007404861713035239,-19.42287353856696,12,0.25,dynamic_1_5_p12_h1_3_6_12_s0_25,dynamic:1.5,False,False,highs
max_charge,28,66.94221500506,200.82664501518008,133.88443001012007,18,233,0.7750887015839748,0.003780200408073142,0.013125695861365076,9.168045528398594,12,0.25,dynamic_1_5_p12_h1_3_6_12_s0_25,dynamic:1.5,False,False,highs
max_charge,29,61.23791326880455,183.71373980641363,122.47582653760908,18,220,0.9980192890983497,0.003515499905915931,0.012206596895541426,3.463743792143134,12,0.25,dynamic_1_5_p12_h1_3_6_12_s0_25,dynamic:1.5,False,False,highs
random,0,57.400160863773024,172.20048259131903,114.800321727546,8,216,0.6051126395559786,0.04400449991226196,0.1527934024731318,-0.3740086128883888,12,0.25,dynamic_1_5_p12_h1_3_6_12_s0_25,dynamic:1.5,False,False,highs
random,1,55.7483126357362,167.2449379072086,111.4966252714724,12,211,0.8120540295966674,0.04319350005243905,0.1499774307376356,-2.025856840925215,12,0.25,dynamic_1_5_p12_h1_3_6_12_s0_25,dynamic:1.5,False,False,highs
random,2,53.880564447840825,161.6416933435225,107.76112889568167,12,220,0.8609078120404947,0.04140740027651191,0.14377569540455523,-3.8936050288205877,12,0.25,dynamic_1_5_p12_h1_3_6_12_s0_25,dynamic:1.5,False,False,highs
random,3,57.36168319899457,172.0850495969837,114.72336639798914,9,215,0.6380701449099551,0.029631800105562434,0.10288819481098067,-0.41248627766684365,12,0.25,dynamic_1_5_p12_h1_3_6_12_s0_25,dynamic:1.5,False,False,highs
random,4,61.34152482421601,184.02457447264803,122.68304964843202,17,213,0.8458933878081288,0.03294609993463382,0.11439618032858966,3.567355347554596,12,0.25,dynamic_1_5_p12_h1_3_6_12_s0_25,dynamic:1.5,False,False,highs
random,5,53.50757170740093,160.52271512220278,107.01514341480186,16,229,0.6532721376894861,0.02633979986421764,0.09145763841742235,-4.2665977692604855,12,0.25,dynamic_1_5_p12_h1_3_6_12_s0_25,dynamic:1.5,False,False,highs
random,6,58.86434357971106,176.5930307391332,117.72868715942215,12,258,0.9986889079796647,0.040073800017125905,0.13914513894835384,1.0901741030496481,12,0.25,dynamic_1_5_p12_h1_3_6_12_s0_25,dynamic:1.5,False,False,highs
random,7,44.15404934547482,132.46214803642445,88.30809869094963,10,208,0.7214306957624809,0.041910599946277216,0.14552291648012922,-13.620120131186596,12,0.25,dynamic_1_5_p12_h1_3_6_12_s0_25,dynamic:1.5,False,False,highs
random,8,52.3439874535066,157.0319623605198,104.6879749070132,14,223,0.8066954483770653,0.04144899986567907,0.14392013842249676,-5.4301820231548135,12,0.25,dynamic_1_5_p12_h1_3_6_12_s0_25,dynamic:1.5,False,False,highs
random,9,67.0063321720124,201.0189965160372,134.01266434402478,8,250,0.6361670584503961,0.040575499733677134,0.1408871518530456,9.232162695350993,12,0.25,dynamic_1_5_p12_h1_3_6_12_s0_25,dynamic:1.5,False,False,highs
random,10,75.02945523201842,225.08836569605526,150.05891046403684,9,220,0.9677938724657685,0.04066179969231598,0.14118680448720827,17.255285755357008,12,0.25,dynamic_1_5_p12_h1_3_6_12_s0_25,dynamic:1.5,False,False,highs
random,11,57.706815530867644,173.12044659260292,115.41363106173527,15,190,0.7834266003986162,0.040681700193090364,0.14125590344823044,-0.0673539457937693,12,0.25,dynamic_1_5_p12_h1_3_6_12_s0_25,dynamic:1.5,False,False,highs
random,12,57.654301411086266,172.96290423325883,115.30860282217256,17,224,0.8116495676453569,0.04122079972876236,0.1431277768359804,-0.1198680655751474,12,0.25,dynamic_1_5_p12_h1_3_6_12_s0_25,dynamic:1.5,False,False,highs
random,13,57.20885889056119,171.62657667168358,114.41771778112239,9,210,0.6694310527949385,0.041164700145600364,0.14293298661666792,-0.5653105861002246,12,0.25,dynamic_1_5_p12_h1_3_6_12_s0_25,dynamic:1.5,False,False,highs
random,14,59.69562049731593,179.0868614919478,119.39124099463186,8,239,0.9978078486454167,0.04183590001775883,0.14526354172832928,1.9214510206545157,12,0.25,dynamic_1_5_p12_h1_3_6_12_s0_25,dynamic:1.5,False,False,highs
random,15,54.92058029025793,164.7617408707738,109.84116058051586,13,208,0.6601303479412953,0.04124450025847182,0.14321007034191602,-2.8535891864034824,12,0.25,dynamic_1_5_p12_h1_3_6_12_s0_25,dynamic:1.5,False,False,highs
random,16,60.299287714165786,180.89786314249739,120.5985754283316,14,212,0.9973578470420037,0.04037199981394224,0.14018055490952167,2.5251182375043726,12,0.25,dynamic_1_5_p12_h1_3_6_12_s0_25,dynamic:1.5,False,False,highs
random,17,66.53632301648562,199.60896904945687,133.07264603297125,10,222,0.6211940166951921,0.04061870017903857,0.14103715339943948,8.762153539824212,12,0.25,dynamic_1_5_p12_h1_3_6_12_s0_25,dynamic:1.5,False,False,highs
random,18,39.01829802702113,117.05489408106337,78.03659605404223,14,220,0.863566491777067,0.04577370028709993,0.15893645933020809,-18.75587144964028,12,0.25,dynamic_1_5_p12_h1_3_6_12_s0_25,dynamic:1.5,False,False,highs
random,19,59.02988223673047,177.08964671019143,118.05976447346096,10,188,0.8000968780175397,0.041584199963836,0.14438958320776388,1.2557127600690592,12,0.25,dynamic_1_5_p12_h1_3_6_12_s0_25,dynamic:1.5,False,False,highs
random,20,44.18256631018615,132.54769893055848,88.36513262037234,14,225,0.7781001984314309,0.04057270003249869,0.14087743066839822,-13.591603166475267,12,0.25,dynamic_1_5_p12_h1_3_6_12_s0_25,dynamic:1.5,False,False,highs
random,21,68.05677673296913,204.17033019890735,136.11355346593822,12,225,0.9966725642282157,0.045790400385158136,0.15899444578179908,10.282607256307713,12,0.25,dynamic_1_5_p12_h1_3_6_12_s0_25,dynamic:1.5,False,False,highs
random,22,45.46213926254896,136.38641778764688,90.92427852509792,12,228,0.8663858334558404,0.042171199835138395,0.14642777720534164,-12.312030214112454,12,0.25,dynamic_1_5_p12_h1_3_6_12_s0_25,dynamic:1.5,False,False,highs
random,23,54.39644213637611,163.1893264091283,108.7928842727522,8,233,0.8317431880165403,0.04283889988437295,0.14874618015407273,-3.377727340285304,12,0.25,dynamic_1_5_p12_h1_3_6_12_s0_25,dynamic:1.5,False,False,highs
random,24,58.09239017682876,174.27717053048625,116.18478035365749,10,227,0.8154922413146879,0.04173639990040101,0.14491805520972573,0.3182207001673447,12,0.25,dynamic_1_5_p12_h1_3_6_12_s0_25,dynamic:1.5,False,False,highs
random,25,80.28907506478097,240.86722519434295,160.57815012956198,8,234,0.9966095988113903,0.04173050000099465,0.1448975694478981,22.51490558811956,12,0.25,dynamic_1_5_p12_h1_3_6_12_s0_25,dynamic:1.5,False,False,highs
random,26,59.49191197846015,178.47573593538044,118.98382395692029,12,198,0.818103890546856,0.041359599912539124,0.14360972191853863,1.7177425017987389,12,0.25,dynamic_1_5_p12_h1_3_6_12_s0_25,dynamic:1.5,False,False,highs
random,27,38.279355172227326,114.838065516682,76.55871034445467,10,246,0.9986624683176869,0.04231640027137473,0.14693194538671783,-19.494814304434087,12,0.25,dynamic_1_5_p12_h1_3_6_12_s0_25,dynamic:1.5,False,False,highs
random,28,66.53841226865254,199.61523680595764,133.0768245373051,10,241,0.577933442639336,0.0417020995519124,0.1447989567774736,8.764242791991123,12,0.25,dynamic_1_5_p12_h1_3_6_12_s0_25,dynamic:1.5,False,False,highs
random,29,61.09915858036145,183.29747574108436,122.19831716072291,10,228,0.9987093804706605,0.04432639986043796,0.1539111106265207,3.324989103700034,12,0.25,dynamic_1_5_p12_h1_3_6_12_s0_25,dynamic:1.5,False,False,highs
