controller,seed,net_profit,total_revenue,total_cost,served_customers,rejected_customers,mean_soc_fulfillment,total_compute_s,mean_step_ms,gap_to_best,ports,grid_cap_strain,experiment_id,tariff,bess_enabled,v2g_enabled,solver
milp_h1,0,206.71877029616036,320.6498540282249,113.93108373206455,9,224,0.9966674304666521,4.604952900015633,15.989419791720946,-1.366933185655995,3,1.0,0_75_p3_h1_3_6_12,0.75,True,True,highs
milp_h1,1,212.0399610766164,323.5498497366905,111.50988866007407,9,223,0.7795695473590564,4.292192100096145,14.903444792000503,3.9542575948000547,3,1.0,0_75_p3_h1_3_6_12,0.75,True,True,highs
milp_h1,2,215.21049645549456,322.92485027313234,107.71435381763777,6,235,0.9983711705837773,4.220283500137157,14.653762153254016,7.124792973678211,3,1.0,0_75_p3_h1_3_6_12,0.75,True,True,highs
milp_h1,3,208.65656716426213,323.0748492002487,114.41828203598658,8,225,0.9988173624404765,4.464019200124312,15.500066667098306,0.5708636824457756,3,1.0,0_75_p3_h1_3_6_12,0.75,True,True,highs
milp_h1,4,202.07353379142603,324.4998508095741,122.4263170181481,7,232,0.9985805703405464,5.072813599952497,17.61393611094617,-6.012169690390323,3,1.0,0_75_p3_h1_3_6_12,0.75,True,True,highs
milp_h1,5,214.36998567717472,321.4498508095741,107.07986513239939,9,245,0.9986918062025767,6.54686629997741,22.73217465269934,6.284282195358372,3,1.0,0_75_p3_h1_3_6_12,0.75,True,True,highs
milp_h1,6,202.33188841740292,320.3748492002487,118.04296078284581,9,270,0.7968468199094542,6.924362000223482,24.04292361188709,-5.7538150644134305,3,1.0,0_75_p3_h1_3_6_12,0.75,True,True,highs
milp_h1,7,234.61974661041734,322.7248513460159,88.10510473559857,8,219,0.9970233026422637,7.3866108000220265,25.647954166743148,26.534043128600985,3,1.0,0_75_p3_h1_3_6_12,0.75,True,True,highs
milp_h1,8,216.42062081098553,321.1748492002487,104.75422838926315,7,239,0.8042142756700751,5.6008872000384144,19.447525000133382,8.334917329169173,3,1.0,0_75_p3_h1_3_6_12,0.75,True,True,highs
milp_h1,9,189.81166098392643,323.8498497366905,134.03818875276406,9,259,0.7258890959602696,7.209338900007424,25.032426736136888,-18.274042497889923,3,1.0,0_75_p3_h1_3_6_12,0.75,True,True,highs
milp_h1,10,173.4716805731694,322.92485027313234,149.45316969996293,9,229,0.8638596251223897,6.875507800112246,23.873290972611965,-34.614022908646945,3,1.0,0_75_p3_h1_3_6_12,0.75,True,True,highs
milp_h1,11,204.44926067730103,319.29985194206233,114.85059126476132,8,207,0.998632730522574,7.815760799727286,27.13805833238641,-3.636442804515326,3,1.0,0_75_p3_h1_3_6_12,0.75,True,True,highs
milp_h1,12,207.3246467151642,322.7748492002487,115.45020248508452,7,243,0.997985801950094,5.838413999750628,20.27227083246746,-0.7610567666521604,3,1.0,0_75_p3_h1_3_6_12,0.75,True,True,highs
milp_h1,13,210.40879905294815,324.67484920024873,114.26605014730056,7,221,0.9969233610040176,4.65848689993436,16.175301735883195,2.3230955711318018,3,1.0,0_75_p3_h1_3_6_12,0.75,True,True,highs
milp_h1,14,204.78645319948194,324.0248502731323,119.23839707365036,12,244,0.9246322476637214,3.572331599862082,12.403929166187785,-3.2992502823344125,3,1.0,0_75_p3_h1_3_6_12,0.75,True,True,highs
milp_h1,15,214.49992373150587,323.9998508095741,109.49992707806825,6,224,0.997693578897724,3.234149999974761,11.229687499912366,6.414220249689521,3,1.0,0_75_p3_h1_3_6_12,0.75,True,True,highs
milp_h1,16,203.7469621827205,324.3498486638069,120.6028864810864,7,228,0.9973861224501605,3.2686137000710005,11.34935312524653,-4.338741299095858,3,1.0,0_75_p3_h1_3_6_12,0.75,True,True,highs
milp_h1,17,185.27693122974713,318.02485140562055,132.74792017587342,7,234,0.9988404486839312,3.269045300083235,11.350851736400122,-22.808772252069218,3,1.0,0_75_p3_h1_3_6_12,0.75,True,True,highs
milp_h1,18,244.23151858150953,322.12484920024866,77.89333061873913,8,235,0.7669653578677006,3.4121421000745613,11.847715625258893,36.14581509969318,3,1.0,0_75_p3_h1_3_6_12,0.75,True,True,highs
milp_h1,19,201.43393124639988,319.2498497366905,117.81591849029064,7,200,0.9952246366467055,3.2853105000103824,11.40732812503605,-6.651772235416473,3,1.0,0_75_p3_h1_3_6_12,0.75,True,True,highs
milp_h1,20,230.71733030152316,318.3998529553413,87.68252265381815,8,240,0.9987069177820255,3.3579274999792688,11.659470486039128,22.63162681970681,3,1.0,0_75_p3_h1_3_6_12,0.75,True,True,highs
milp_h1,21,185.33654898703097,321.5998508095741,136.26330182254313,7,238,0.99843217513287,3.29918500003987,11.45550347236066,-22.749154494785387,3,1.0,0_75_p3_h1_3_6_12,0.75,True,True,highs
milp_h1,22,234.60950469130117,325.7748492002487,91.16534450894753,14,235,0.805686793928608,3.4188755999784917,11.871095833258652,26.523801209484816,3,1.0,0_75_p3_h1_3_6_12,0.75,True,True,highs
milp_h1,23,214.736753064394,323.6998497366905,108.96309667229652,9,241,0.8359233813936192,3.339867999951821,11.5967638887216,6.651049582577656,3,1.0,0_75_p3_h1_3_6_12,0.75,True,True,highs
milp_h1,24,206.58209259238004,322.2748502731323,115.69275768075227,12,234,0.9132923403274047,3.4685669998871163,12.043635416274709,-1.5036108894363167,3,1.0,0_75_p3_h1_3_6_12,0.75,True,True,highs
milp_h1,25,164.13531614740688,324.8248492002487,160.68953305284182,6,245,0.9965903122330529,3.8840400999906706,13.486250347189829,-43.95038733440947,3,1.0,0_75_p3_h1_3_6_12,0.75,True,True,highs
milp_h1,26,204.81303509713013,323.8748492002487,119.06181410311859,5,214,0.9994728645041572,3.3468210001301486,11.620906250451904,-3.2726683846862272,3,1.0,0_75_p3_h1_3_6_12,0.75,True,True,highs
milp_h1,27,247.49745552021656,323.6748513460159,76.17739582579932,9,256,0.9987100004084294,3.3860288000141736,11.757044444493658,39.41175203840021,3,1.0,0_75_p3_h1_3_6_12,0.75,True,True,highs
milp_h1,28,189.79317882959043,322.9248502731323,133.13167144354185,7,253,0.9978816482621602,3.3761778001498897,11.722839583853784,-18.29252465222592,3,1.0,0_75_p3_h1_3_6_12,0.75,True,True,highs
milp_h1,29,199.98771119117737,321.9498497366905,121.96213854551314,6,241,0.0,3.5320099001110066,12.263923264274329,-8.097992290638985,3,1.0,0_75_p3_h1_3_6_12,0.75,True,True,highs
milp_h3,0,207.20921468970135,321.4874019503593,114.27818726065793,9,224,0.9971283602117206,5.138642800098751,17.842509722565108,-0.8764887921149978,3,1.0,0_75_p3_h1_3_6_12,0.75,True,True,highs
milp_h3,1,211.84019040243464,323.2248502731323,111.38465987069763,6,226,0.8829650126620496,5.337180900227395,18.531878125789564,3.754486920618291,3,1.0,0_75_p3_h1_3_6_12,0.75,True,True,highs
milp_h3,2,216.27518439172428,324.56239944696426,108.28721505524,8,233,0.9984126461907288,4.344519299920648,15.085136458057807,8.189480909907928,3,1.0,0_75_p3_h1_3_6_12,0.75,True,True,highs
milp_h3,3,207.81157721676985,321.7748513460159,113.96327412924606,9,224,0.9983456023200592,4.210437700065086,14.619575347448214,-0.2741262650465046,3,1.0,0_75_p3_h1_3_6_12,0.75,True,True,highs
milp_h3,4,202.8054585844278,325.79984866380687,122.99439007937907,9,231,0.9947114342050736,4.63340640005481,16.08821666685698,-5.280244897388542,3,1.0,0_75_p3_h1_3_6_12,0.75,True,True,highs
milp_h3,5,214.56882034738857,321.7748502731323,107.20602992574372,7,247,0.9682909955940991,5.239577000014833,18.19297569449595,6.483116865572214,3,1.0,0_75_p3_h1_3_6_12,0.75,True,True,highs
milp_h3,6,202.54635887437976,320.72479978799817,118.1784409136184,9,270,0.9985416208245869,4.726314899933641,16.410815624769587,-5.53934460743659,3,1.0,0_75_p3_h1_3_6_12,0.75,True,True,highs
milp_h3,7,234.37812467898843,322.3998518824577,88.02172720346928,7,220,0.9976654642346119,5.550762100057909,19.273479514089964,26.292421197172075,3,1.0,0_75_p3_h1_3_6_12,0.75,True,True,highs
milp_h3,8,215.98847970528442,320.64985033273695,104.66137062745253,12,234,0.9607106367638578,5.048479899996892,17.529444097211428,7.9027762234680665,3,1.0,0_75_p3_h1_3_6_12,0.75,True,True,highs
milp_h3,9,189.998696009318,324.1748492002487,134.17615319093068,10,258,0.9262035644310641,4.627710099957767,16.06843784707558,-18.087007472498357,3,1.0,0_75_p3_h1_3_6_12,0.75,True,True,highs
milp_h3,10,174.06694002316792,324.0873990893364,150.02045906616846,13,225,0.5508484791732206,5.7304992999270326,19.89756701363553,-34.018763458648436,3,1.0,0_75_p3_h1_3_6_12,0.75,True,True,highs
milp_h3,11,204.86283527799287,319.949801158905,115.08696588091215,9,206,0.9978836131649679,4.165635499870405,14.464012152327793,-3.222868203823481,3,1.0,0_75_p3_h1_3_6_12,0.75,True,True,highs
milp_h3,12,207.65313101633546,323.28739908933636,115.63426807300088,9,241,0.9985727383548614,6.4273021000262816,22.31702118064681,-0.432572465480888,3,1.0,0_75_p3_h1_3_6_12,0.75,True,True,highs
milp_h3,13,210.4087990529481,324.6748492002487,114.26605014730056,6,222,0.997971518157532,4.953846100092051,17.20085451420851,2.323095571131745,3,1.0,0_75_p3_h1_3_6_12,0.75,True,True,highs
milp_h3,14,204.79052219126143,324.0248502731323,119.23432808187087,15,241,0.8613348353642869,4.7232721000909805,16.400250347538126,-3.295181290554922,3,1.0,0_75_p3_h1_3_6_12,0.75,True,True,highs
milp_h3,15,214.97810627281666,324.6498497366905,109.67174346387385,10,220,0.8967501195608901,4.925825499929488,17.103560763644055,6.892402791000308,3,1.0,0_75_p3_h1_3_6_12,0.75,True,True,highs
milp_h3,16,203.5616778223292,324.0248492002487,120.46317137791951,10,226,0.8488203479793164,5.9878611000604,20.79118437520972,-4.524025659487165,3,1.0,0_75_p3_h1_3_6_12,0.75,True,True,highs
milp_h3,17,185.27688143752417,318.02480187416074,132.74792043663658,9,232,0.9986647534363222,4.170855699980166,14.482137847153354,-22.808822044292185,3,1.0,0_75_p3_h1_3_6_12,0.75,True,True,highs
milp_h3,18,244.27670961858513,322.187349319458,77.91063970087289,8,236,0.76619991498697,5.589851199983968,19.40920555549989,36.19100613676878,3,1.0,0_75_p3_h1_3_6_12,0.75,True,True,highs
milp_h3,19,201.66815622141362,319.62479984760284,117.95664362618922,5,202,0.9980054491219239,5.57139750017086,19.345130208926598,-6.417547260402728,3,1.0,0_75_p3_h1_3_6_12,0.75,True,True,highs
milp_h3,20,231.493017341578,319.6998508095741,88.20683346799612,9,239,0.8881519035747351,5.276049400155898,18.319615972763536,23.407313859761643,3,1.0,0_75_p3_h1_3_6_12,0.75,True,True,highs
milp_h3,21,184.16011593807934,319.6498540282249,135.48973809014558,7,238,0.9981974659960781,5.292439699973329,18.376526736018505,-23.92558754373701,3,1.0,0_75_p3_h1_3_6_12,0.75,True,True,highs
milp_h3,22,234.89299955666064,326.0998486638069,91.20684910714625,11,238,0.9982619527465668,4.565679600040312,15.853054166806638,26.807296074844288,3,1.0,0_75_p3_h1_3_6_12,0.75,True,True,highs
milp_h3,23,214.736753064394,323.6998497366905,108.96309667229652,11,239,0.7541982455100001,4.772647999969195,16.57169444433748,6.651049582577656,3,1.0,0_75_p3_h1_3_6_12,0.75,True,True,highs
milp_h3,24,207.2205035874796,323.3123487830162,116.09184519553659,9,237,0.8718372280496123,5.0431724000227405,17.51101527785674,-0.8651998943367403,3,1.0,0_75_p3_h1_3_6_12,0.75,True,True,highs
milp_h3,25,164.27614924311638,325.1498486638069,160.8736994206905,7,244,0.9974378933264136,6.511572299874388,22.609626041230513,-43.809554238699974,3,1.0,0_75_p3_h1_3_6_12,0.75,True,True,highs
milp_h3,26,205.00647477209563,324.19984866380685,119.19337389171122,7,212,0.0,6.014168599969707,20.882529861005928,-3.0792287097207236,3,1.0,0_75_p3_h1_3_6_12,0.75,True,True,highs
milp_h3,27,248.49216187103428,324.9748492002487,76.48268732921441,9,256,0.9984925563159407,4.294156000061776,14.910263889103387,40.40645838921793,3,1.0,0_75_p3_h1_3_6_12,0.75,True,True,highs
milp_h3,28,190.27827595560709,323.76239944696425,133.48412349135717,8,252,0.8219475780758198,4.238778899947647,14.717982291484885,-17.807427526209267,3,1.0,0_75_p3_h1_3_6_12,0.75,True,True,highs
milp_h3,29,199.98771119117737,321.9498497366905,121.96213854551314,10,237,0.8332484752062997,4.220190799955162,14.65344027762209,-8.097992290638985,3,1.0,0_75_p3_h1_3_6_12,0.75,True,True,highs
milp_h6,0,208.1912134826183,322.9749999403953,114.78378645777701,10,223,0.9978187500920603,7.287057800000184,25.302284027778416,0.1055100008019565,3,1.0,0_75_p3_h1_3_6_12,0.75,True,True,highs
milp_h6,1,212.37833969593044,324.12494981288904,111.7466101169586,6,226,0.8231862900903624,6.851391699980013,23.78955451381949,4.292636214114083,3,1.0,0_75_p3_h1_3_6_12,0.75,True,True,highs
milp_h6,2,216.43590538036028,324.85010007619854,108.41419469583828,7,234,0.9984375426430643,5.360627800007933,18.613290972249768,8.35020189854393,3,1.0,0_75_p3_h1_3_6_12,0.75,True,True,highs
milp_h6,3,208.72836547096568,323.1998995065689,114.4715340356032,7,226,0.998228459203637,6.352842599895666,22.05848124963773,0.6426619891493317,3,1.0,0_75_p3_h1_3_6_12,0.75,True,True,highs
milp_h6,4,202.94615955650804,326.0499496340751,123.10379007756708,5,234,0.9989756177947688,7.24418439999863,25.1534180555508,-5.139543925308317,3,1.0,0_75_p3_h1_3_6_12,0.75,True,True,highs
milp_h6,5,214.63936429818472,321.8999002218246,107.26053592363992,9,245,0.9984597516172387,6.035699099928024,20.95728854141675,6.553660816368364,3,1.0,0_75_p3_h1_3_6_12,0.75,True,True,highs
milp_h6,6,202.54640889921345,320.7248498558998,118.17844095668633,11,268,0.9978670514969769,5.062604100079625,17.57848645860981,-5.539294582602906,3,1.0,0_75_p3_h1_3_6_12,0.75,True,True,highs
milp_h6,7,235.42044853270053,323.82489986419677,88.40445133149623,11,216,0.7145387364677915,6.163522799892235,21.401120832959148,27.33474505088418,3,1.0,0_75_p3_h1_3_6_12,0.75,True,True,highs
milp_h6,8,216.49020087122915,321.2998492598533,104.80964838862418,10,236,0.674376128930891,6.1683685999014415,21.41794652743556,8.404497389412796,3,1.0,0_75_p3_h1_3_6_12,0.75,True,True,highs
milp_h6,9,189.998696009318,324.1748492002487,134.17615319093068,9,258,0.7801863104901497,7.083631299974513,24.595942013800393,-18.087007472498357,3,1.0,0_75_p3_h1_3_6_12,0.75,True,True,highs
milp_h6,10,174.1605810244878,324.27499994039533,150.11441891590752,9,229,0.8390741616803512,7.271301500179106,25.247574653399674,-33.92512245732854,3,1.0,0_75_p3_h1_3_6_12,0.75,True,True,highs
milp_h6,11,204.6419266635267,319.6249009370804,114.9829742735537,8,206,0.9983804407394556,5.135844799791812,17.832794443721568,-3.443776818289649,3,1.0,0_75_p3_h1_3_6_12,0.75,True,True,highs
milp_h6,12,207.28349770177283,322.6998999238014,115.41640222202857,9,241,0.9990235800628184,6.503570500106434,22.581842014258452,-0.802205780043522,3,1.0,0_75_p3_h1_3_6_12,0.75,True,True,highs
milp_h6,13,210.7401527037223,325.2499496340751,114.50979693035283,8,220,0.9971835622798779,6.7717616001173155,23.513061111518457,2.654449221905935,3,1.0,0_75_p3_h1_3_6_12,0.75,True,True,highs
milp_h6,14,205.55706979334354,325.24994963407516,119.69287984073162,15,241,0.8698827070551247,5.768772999959765,20.03046180541585,-2.5286336884728087,3,1.0,0_75_p3_h1_3_6_12,0.75,True,True,highs
milp_h6,15,215.17527261972424,324.9748492002487,109.79957658052444,9,221,0.966178318583457,5.0425560000003316,17.50887500000115,7.089569137907887,3,1.0,0_75_p3_h1_3_6_12,0.75,True,True,highs
milp_h6,16,203.35278983308234,323.6998497366905,120.34705990360816,14,221,0.8877650691384672,4.81726169999456,16.72660312498111,-4.732913648734012,3,1.0,0_75_p3_h1_3_6_12,0.75,True,True,highs
milp_h6,17,185.27698078293722,318.02490093708036,132.74792015414315,9,232,0.7909881009655307,5.142178699985379,17.854787152727013,-22.808722698879137,3,1.0,0_75_p3_h1_3_6_12,0.75,True,True,highs
milp_h6,18,245.28346827725565,323.4999002218246,78.21643194456894,9,234,0.836865707963277,5.804722499960917,20.15528645819763,37.1977647954393,3,1.0,0_75_p3_h1_3_6_12,0.75,True,True,highs
milp_h6,19,201.66825613366763,319.62489980459213,117.95664367092449,9,198,0.9983045618523976,5.045464500115486,17.518973958734325,-6.417447348148727,3,1.0,0_75_p3_h1_3_6_12,0.75,True,True,highs
milp_h6,20,231.71442864239214,320.0248502731323,88.31042163074017,10,238,0.8668261192512904,4.5632565000560135,15.844640625194492,23.628725160575783,3,1.0,0_75_p3_h1_3_6_12,0.75,True,True,highs
milp_h6,21,185.1571449548872,321.2748513460159,136.1177063911287,10,235,0.9975731136939794,5.376446000111173,18.668215278163796,-22.92855852692915,3,1.0,0_75_p3_h1_3_6_12,0.75,True,True,highs
milp_h6,22,234.89299955666064,326.0998486638069,91.20684910714625,11,238,0.9862908278253474,6.071820800018031,21.08271111117372,26.807296074844288,3,1.0,0_75_p3_h1_3_6_12,0.75,True,True,highs
milp_h6,23,214.80674919486046,323.82489986419677,109.01815066933631,7,243,0.5121217554101275,4.427207800079486,15.37224930583155,6.721045713044106,3,1.0,0_75_p3_h1_3_6_12,0.75,True,True,highs
milp_h6,24,207.25575308501715,323.374899148941,116.11914606392382,8,238,0.8706242305557785,6.219740100001218,21.596319791670894,-0.8299503967992052,3,1.0,0_75_p3_h1_3_6_12,0.75,True,True,highs
milp_h6,25,164.33322972655296,325.274899148941,160.94166942238806,6,245,0.9948574895663617,6.2187983001058456,21.593049653145297,-43.752473755263395,3,1.0,0_75_p3_h1_3_6_12,0.75,True,True,highs
milp_h6,26,205.0786852568388,324.32489914894103,119.24621389210223,9,210,0.6094871617609363,5.7580184997787,19.993119790898263,-3.007018224977543,3,1.0,0_75_p3_h1_3_6_12,0.75,True,True,highs
milp_h6,27,248.49216187103428,324.9748492002487,76.48268732921441,10,255,0.951429782810318,5.8298246000777,20.24244652804757,40.40645838921793,3,1.0,0_75_p3_h1_3_6_12,0.75,True,True,highs
milp_h6,28,189.86713111616768,323.07509900331496,133.20796788714728,11,249,0.9984195661407005,5.377535799925681,18.671999305297504,-18.21857236564867,3,1.0,0_75_p3_h1_3_6_12,0.75,True,True,highs
milp_h6,29,200.0577233195305,322.07489986419677,122.01717654466627,9,238,0.9986532086643135,6.386147700046422,22.17412395849452,-8.027980162285843,3,1.0,0_75_p3_h1_3_6_12,0.75,True,True,highs
milp_h12,0,208.19882714450358,322.9749999403953,114.77617279589175,10,223,0.9966958551482515,7.242030300054466,25.145938541855784,0.1131236626872294,3,1.0,0_75_p3_h1_3_6_12,0.75,True,True,highs
milp_h12,1,212.37833969593044,324.12494981288904,111.7466101169586,6,226,0.8256903283853899,8.460225499875378,29.375782985678395,4.292636214114083,3,1.0,0_75_p3_h1_3_6_12,0.75,True,True,highs
milp_h12,2,216.2222284839789,324.5250997185707,108.30287123459178,6,235,0.9967326466065223,7.528595799827599,26.140957638290274,8.136525002162557,3,1.0,0_75_p3_h1_3_6_12,0.75,True,True,highs
milp_h12,3,208.72836547096568,323.1998995065689,114.4715340356032,9,224,0.998486430979248,9.220786500154645,32.01661979220363,0.6426619891493317,3,1.0,0_75_p3_h1_3_6_12,0.75,True,True,highs
milp_h12,4,203.01650992333884,326.17499999999995,123.1584900766611,6,233,0.9996320440905156,6.675469600057113,23.1787138890872,-5.069193558477508,3,1.0,0_75_p3_h1_3_6_12,0.75,True,True,highs
milp_h12,5,214.63936429818472,321.8999002218246,107.26053592363992,12,242,0.9065887089965868,7.873052599854418,27.33698819393895,6.553660816368364,3,1.0,0_75_p3_h1_3_6_12,0.75,True,True,highs
milp_h12,6,202.35418879117168,320.3998005032539,118.04561171208222,8,271,0.9985140876128197,7.514613100065617,26.092406597450058,-5.731514690644673,3,1.0,0_75_p3_h1_3_6_12,0.75,True,True,highs
milp_h12,7,235.25305046410801,323.62495017051697,88.37189970640897,10,217,0.8658555587327035,6.984845399972983,24.252935416572857,27.16734698229166,3,1.0,0_75_p3_h1_3_6_12,0.75,True,True,highs
milp_h12,8,216.72665142482913,321.67484985589977,104.94819843107062,10,236,0.8195544516643658,10.654843500160496,36.99598437555728,8.640947943012776,3,1.0,0_75_p3_h1_3_6_12,0.75,True,True,highs
milp_h12,9,189.83376961254277,323.8498497366905,134.01608012414772,9,258,0.7802145272870259,9.012303000097745,31.292718750339393,-18.251933869273586,3,1.0,0_75_p3_h1_3_6_12,0.75,True,True,highs
milp_h12,10,174.1605810244878,324.27499994039533,150.11441891590752,8,230,0.8341894879631842,8.42833010002505,29.265035069531425,-33.92512245732854,3,1.0,0_75_p3_h1_3_6_12,0.75,True,True,highs
milp_h12,11,205.09546091910357,320.27480044364927,115.17933952454568,7,207,0.9982573010971827,6.887675399862928,23.91553958285739,-2.9902425627127798,3,1.0,0_75_p3_h1_3_6_12,0.75,True,True,highs
milp_h12,12,207.69172324985263,323.34989920854565,115.65817595869302,7,243,0.9963375255856969,7.732484099964495,26.848903124876717,-0.3939802319637238,3,1.0,0_75_p3_h1_3_6_12,0.75,True,True,highs
milp_h12,13,210.53943715211307,324.92494981288905,114.38551266077597,8,220,0.9982312436332311,10.657227000119747,37.004260417082456,2.453733670296714,3,1.0,0_75_p3_h1_3_6_12,0.75,True,True,highs
milp_h12,14,204.31225117885901,323.2999507069587,118.98769952809971,10,246,0.9984920951208647,7.12655179995636,24.744971527626248,-3.773452302957338,3,1.0,0_75_p3_h1_3_6_12,0.75,True,True,highs
milp_h12,15,215.258738926053,325.0998995065689,109.84116058051586,6,224,0.9985954448808497,7.061810500032152,24.52017534733386,7.17303544423666,3,1.0,0_75_p3_h1_3_6_12,0.75,True,True,highs
milp_h12,16,203.7469621827205,324.3498486638069,120.6028864810864,8,227,0.9978468710437822,8.169375099882018,28.365885763479227,-4.338741299095858,3,1.0,0_75_p3_h1_3_6_12,0.75,True,True,highs
milp_h12,17,185.27688126368207,318.02480187416074,132.74792061047867,6,235,0.9982362980638243,6.432493799889926,22.335047916284466,-22.80882221813428,3,1.0,0_75_p3_h1_3_6_12,0.75,True,True,highs
milp_h12,18,244.3219508886337,322.24989950656885,77.92794861793517,7,236,0.843018069292655,8.150187199906213,28.299261110785462,36.23624740681734,3,1.0,0_75_p3_h1_3_6_12,0.75,True,True,highs
milp_h12,19,201.66815604247253,319.62479984760284,117.95664380513031,7,200,0.9980171750983443,8.01604310006951,27.833482986352465,-6.417547439343821,3,1.0,0_75_p3_h1_3_6_12,0.75,True,True,highs
milp_h12,20,231.97462389844497,320.39980056285856,88.4251766644136,8,240,0.9984867283759643,7.5843869000527775,26.334676736294366,23.888920416628622,3,1.0,0_75_p3_h1_3_6_12,0.75,True,True,highs
milp_h12,21,185.40059675872322,321.7249005794525,136.32430382072926,8,237,0.998486288552756,7.733308100112481,26.85176423650167,-22.685106723093128,3,1.0,0_75_p3_h1_3_6_12,0.75,True,True,highs
milp_h12,22,234.48975490220704,325.57489986419677,91.08514496198971,11,238,0.9985787205262557,7.430414299888071,25.800049652389134,26.404051420390687,3,1.0,0_75_p3_h1_3_6_12,0.75,True,True,highs
milp_h12,23,212.47511680261132,319.92495088577266,107.44983408316133,13,238,0.9371669913054346,8.493987000139896,29.493010417152416,4.389413320794972,3,1.0,0_75_p3_h1_3_6_12,0.75,True,True,highs
milp_h12,24,207.4941982192977,323.74984931945795,116.25565110016026,8,238,0.827361385084089,9.287879899857217,32.24958298561533,-0.5915052625186661,3,1.0,0_75_p3_h1_3_6_12,0.75,True,True,highs
milp_h12,25,164.33322972655296,325.274899148941,160.94166942238806,7,244,0.9983916318982079,8.02982760006853,27.88134583357128,-43.752473755263395,3,1.0,0_75_p3_h1_3_6_12,0.75,True,True,highs
milp_h12,26,205.0786852568388,324.32489914894103,119.24621389210223,7,212,0.9951577685510306,7.042477400085772,24.4530465280756,-3.007018224977543,3,1.0,0_75_p3_h1_3_6_12,0.75,True,True,highs
milp_h12,27,248.7431567887465,325.29984866380687,76.5566918750604,9,256,0.9974221717499282,7.098962099960772,24.649173958197125,40.65745330693014,3,1.0,0_75_p3_h1_3_6_12,0.75,True,True,highs
milp_h12,28,190.4158617297808,324.05010007619853,133.63423834641773,7,253,0.9975087710406574,8.41513310011942,29.21921215319243,-17.669841752035552,3,1.0,0_75_p3_h1_3_6_12,0.75,True,True,highs
milp_h12,29,200.05772331953048,322.07489986419677,122.01717654466628,9,239,0.9992650451104111,6.443465000105789,22.373142361478433,-8.027980162285871,3,1.0,0_75_p3_h1_3_6_12,0.75,True,True,highs
equal_share,0,129.67620431526865,202.10038467833814,72.42418036306951,8,225,0.9945230821795376,0.00213649999932386,0.007418402775430068,-78.4094991665477,3,1.0,0_75_p3_h1_3_6_12,0.75,True,True,highs
equal_share,1,111.32410628372946,169.75750936865808,58.43340308492862,2,230,0.6406227845783328,0.002028599992627278,0.007043749974400271,-96.76159719808689,3,1.0,0_75_p3_h1_3_6_12,0.75,True,True,highs
equal_share,2,118.67999274980178,178.76106043457986,60.08106768477808,3,238,0.9982376239275677,0.0021749999577878043,0.007552083186763209,-89.40571073201457,3,1.0,0_75_p3_h1_3_6_12,0.75,True,True,highs
equal_share,3,165.80994758905155,260.84256701444417,95.03261942539264,7,226,0.9978373259501343,0.0020803002116736025,0.007223264623866675,-42.275755892764806,3,1.0,0_75_p3_h1_3_6_12,0.75,True,True,highs
equal_share,4,97.7023165969162,155.5331143144217,57.83079771750551,2,237,0.9966434284727544,0.002108499873429537,0.007321180116074781,-110.38338688490015,3,1.0,0_75_p3_h1_3_6_12,0.75,True,True,highs
equal_share,5,145.84772528183638,220.67447085979398,74.82674557795761,6,248,0.9980665270160616,0.00212930009001866,0.007393403090342569,-62.23797819997998,3,1.0,0_75_p3_h1_3_6_12,0.75,True,True,highs
equal_share,6,147.09179661470387,234.11087483801634,87.01907822331246,6,273,0.9969955671913019,0.0021107998763909563,0.007329166237468598,-60.993906867112486,3,1.0,0_75_p3_h1_3_6_12,0.75,True,True,highs
equal_share,7,229.97844352275916,317.57673917880345,87.5982956560443,9,218,0.8816116535195606,0.0021093000686960295,0.007323958571861213,21.89274004094281,3,1.0,0_75_p3_h1_3_6_12,0.75,True,True,highs
equal_share,8,180.87816704645593,271.0851617149421,90.20699466848616,8,238,0.9980808153807884,0.002063099920633249,0.00716354139108767,-27.207536435360424,3,1.0,0_75_p3_h1_3_6_12,0.75,True,True,highs
equal_share,9,185.5254301499588,318.80011539911044,133.27468524915164,10,257,0.7846772939730045,0.0020562001009238884,0.007139583683763501,-22.56027333185756,3,1.0,0_75_p3_h1_3_6_12,0.75,True,True,highs
equal_share,10,148.29709252052078,278.7629962124404,130.4659036919196,11,227,0.9338356262441522,0.002287500028614886,0.007942708432690578,-59.788610961295575,3,1.0,0_75_p3_h1_3_6_12,0.75,True,True,highs
equal_share,11,147.06100454239692,231.22783602365828,84.16683148126138,6,208,0.9947447065166739,0.0020339000766398385,0.007062153043888329,-61.02469893941944,3,1.0,0_75_p3_h1_3_6_12,0.75,True,True,highs
equal_share,12,161.57107083968347,251.05477694803554,89.48370610835207,8,242,0.9959151943420026,0.0020613000669982284,0.0071572918992994046,-46.51463264213288,3,1.0,0_75_p3_h1_3_6_12,0.75,True,True,highs
equal_share,13,205.2082020646654,318.47829698208426,113.27009491741887,6,222,0.9952220450507673,0.0020665000192821026,0.007175347289173967,-2.8775014171509667,3,1.0,0_75_p3_h1_3_6_12,0.75,True,True,highs
equal_share,14,200.66966749673173,319.3984618176445,118.72879432091277,12,244,0.8404143834755303,0.0021181000192882493,0.007354513955861976,-7.416035985084619,3,1.0,0_75_p3_h1_3_6_12,0.75,True,True,highs
equal_share,15,197.84755458028354,298.73406667629513,100.88651209601159,10,220,0.9970108480290975,0.002059299818938598,0.007150346593536799,-10.23814890153281,3,1.0,0_75_p3_h1_3_6_12,0.75,True,True,highs
equal_share,16,173.42859624087058,277.05472737379125,103.62613113292068,6,229,0.9986632602846172,0.002119199823937379,0.007358332722004788,-34.65710724094578,3,1.0,0_75_p3_h1_3_6_12,0.75,True,True,highs
equal_share,17,155.78325534798347,265.9239743067466,110.1407189587631,7,234,0.9964993002256387,0.002040599996689707,0.007085416655172594,-52.30244813383288,3,1.0,0_75_p3_h1_3_6_12,0.75,True,True,highs
equal_share,18,240.02294405888637,317.64102571626825,77.6180816573819,11,232,0.8795763167792285,0.002102299840771593,0.007299652224901365,31.937240577070014,3,1.0,0_75_p3_h1_3_6_12,0.75,True,True,highs
equal_share,19,111.86447950438927,176.98623255590428,65.12175305151501,1,206,0.0,0.0022474002616945654,0.007803473130883908,-96.22122397742709,3,1.0,0_75_p3_h1_3_6_12,0.75,True,True,highs
equal_share,20,220.77124882720636,305.96683068140396,85.1955818541976,12,236,0.9700005454800573,0.002060500002698973,0.007154513898260322,12.685545345390011,3,1.0,0_75_p3_h1_3_6_12,0.75,True,True,highs
equal_share,21,179.9234432385068,314.636468895834,134.71302565732722,9,236,0.9963342618647122,0.002080900187138468,0.0072253478720085695,-28.16226024330956,3,1.0,0_75_p3_h1_3_6_12,0.75,True,True,highs
equal_share,22,168.30058183411887,236.0663469439237,67.76576510980483,9,240,0.8663495446143976,0.002389900022535585,0.008298263967137447,-39.78512164769748,3,1.0,0_75_p3_h1_3_6_12,0.75,True,True,highs
equal_share,23,187.73189049436854,282.371626161148,94.63973566677946,10,241,0.868617803573245,0.0020981000416213647,0.007285069588963072,-20.35381298744781,3,1.0,0_75_p3_h1_3_6_12,0.75,True,True,highs
equal_share,24,76.32805360435776,120.15142329982783,43.82336969547007,3,243,0.7330111660717463,0.0025191000604536384,0.008746875209908467,-131.7576498774586,3,1.0,0_75_p3_h1_3_6_12,0.75,True,True,highs
equal_share,25,159.92990337707246,319.72476142336194,159.79485804628948,9,242,0.997987757976848,0.002070299902698025,0.007188541328812587,-48.15580010474389,3,1.0,0_75_p3_h1_3_6_12,0.75,True,True,highs
equal_share,26,127.3990505536572,201.9622970630081,74.56324650935089,3,216,0.9981162002262349,0.002059000078588724,0.00714930582843307,-80.68665292815915,3,1.0,0_75_p3_h1_3_6_12,0.75,True,True,highs
equal_share,27,183.58384238013883,239.95617362514844,56.37233124500961,6,259,0.9984190544786145,0.0022473999997600913,0.007803472221389206,-24.50186110167752,3,1.0,0_75_p3_h1_3_6_12,0.75,True,True,highs
equal_share,28,144.871890817359,248.06590520171375,103.19401438435474,7,253,0.9971599368230762,0.0020939000241924077,0.0072704861951125264,-63.21381266445735,3,1.0,0_75_p3_h1_3_6_12,0.75,True,True,highs
equal_share,29,189.53235766219643,306.72371341025655,117.1913557480601,8,239,0.9973436027659769,0.0021291997109074146,0.007393054551761856,-18.55334581961992,3,1.0,0_75_p3_h1_3_6_12,0.75,True,True,highs
max_charge,0,206.50981553395576,322.22499999999985,115.71518446604408,13,220,0.9954488652558668,0.0009426000469829887,0.003272916829802044,-1.5758879478605934,3,1.0,0_75_p3_h1_3_6_12,0.75,True,True,highs
max_charge,1,209.44873154759398,321.4249999999999,111.9762684524059,11,221,0.9268824374094706,0.0009164000803139061,0.003181944723312174,1.3630280657776268,3,1.0,0_75_p3_h1_3_6_12,0.75,True,True,highs
max_charge,2,213.5991718371708,322.22499999999985,108.62582816282905,7,234,0.9984183928156549,0.0009016001713462174,0.0031305561505076992,5.5134683553544335,3,1.0,0_75_p3_h1_3_6_12,0.75,True,True,highs
max_charge,3,205.75292596817008,320.4499999999999,114.6970740318298,11,222,0.7782526646569141,0.000984000158496201,0.003416667217000698,-2.3327775136462776,3,1.0,0_75_p3_h1_3_6_12,0.75,True,True,highs
max_charge,4,199.7165099233388,322.8749999999999,123.15849007666108,7,232,0.9969857748375461,0.0009113999694818631,0.00316458322736758,-8.369193558477548,3,1.0,0_75_p3_h1_3_6_12,0.75,True,True,highs
max_charge,5,211.68735575179252,319.1749999999999,107.48764424820737,10,244,0.998378414143515,0.000916099947062321,0.0031809025939663923,3.601652269976171,3,1.0,0_75_p3_h1_3_6_12,0.75,True,True,highs
max_charge,6,200.95303920408082,320.1249999999999,119.17196079591908,13,266,0.997153332064982,0.0009345001453766599,0.003244792171446736,-7.132664277735529,3,1.0,0_75_p3_h1_3_6_12,0.75,True,True,highs
max_charge,7,232.17133466899386,320.6249999999999,88.45366533100602,9,218,0.8816116535195606,0.000944000028539449,0.0032777778768730867,24.085631187177512,3,1.0,0_75_p3_h1_3_6_12,0.75,True,True,highs
max_charge,8,214.7166849553584,320.4499999999999,105.73331504464147,11,235,0.8586881228052153,0.0009161999769276008,0.0031812499198875027,6.63098147354205,3,1.0,0_75_p3_h1_3_6_12,0.75,True,True,highs
max_charge,9,187.01126346488786,321.4249999999999,134.41373653511204,10,257,0.7846772939730045,0.0009067999490071088,0.0031486109340524613,-21.07444001692849,3,1.0,0_75_p3_h1_3_6_12,0.75,True,True,highs
max_charge,10,171.5885810891786,322.22499999999985,150.63641891082125,13,225,0.9338356262441522,0.0013616001087939367,0.004727778155534502,-36.49712239263775,3,1.0,0_75_p3_h1_3_6_12,0.75,True,True,highs
max_charge,11,204.00455253521596,320.5999999999999,116.59544746478396,10,204,0.902288624440168,0.0013170998863643035,0.004573263494320499,-4.081150946600388,3,1.0,0_75_p3_h1_3_6_12,0.75,True,True,highs
max_charge,12,205.64412404894819,321.89999999999986,116.25587595105168,12,238,0.9971551239712794,0.0013357999850995839,0.004638194392706889,-2.441579432868167,3,1.0,0_75_p3_h1_3_6_12,0.75,True,True,highs
max_charge,13,207.8111114005247,322.5499999999999,114.73888859947519,7,221,0.9952220450507673,0.001525399973616004,0.00529652768616668,-0.2745920812916438,3,1.0,0_75_p3_h1_3_6_12,0.75,True,True,highs
max_charge,14,202.20985549887013,321.89999999999986,119.69014450112975,12,244,0.8404143834755303,0.001366200129268691,0.004743750448849621,-5.875847982946226,3,1.0,0_75_p3_h1_3_6_12,0.75,True,True,highs
max_charge,15,211.90883941948405,321.7499999999999,109.84116058051583,11,219,0.9974426545316666,0.0012669998686760664,0.004399305099569675,3.8231359376677005,3,1.0,0_75_p3_h1_3_6_12,0.75,True,True,highs
max_charge,16,201.17241351107745,322.22499999999985,121.0525864889224,8,227,0.9980612067033654,0.0015915999247226864,0.005526388627509328,-6.9132899707389015,3,1.0,0_75_p3_h1_3_6_12,0.75,True,True,highs
max_charge,17,184.04664547840744,318.02499999999986,133.97835452159242,10,232,0.996737490798618,0.0015324000996770337,0.005320833679434145,-24.03905800340891,3,1.0,0_75_p3_h1_3_6_12,0.75,True,True,highs
max_charge,18,242.41432639211405,320.77499999999986,78.36067360788581,12,232,0.8795763167792285,0.0013728001504205167,0.0047666671889601275,34.328622910297696,3,1.0,0_75_p3_h1_3_6_12,0.75,True,True,highs
max_charge,19,200.0113731622695,318.9999999999999,118.98862683773038,11,196,0.9985683377144811,0.0013148000580258667,0.004565277979256482,-8.074330319546846,3,1.0,0_75_p3_h1_3_6_12,0.75,True,True,highs
max_charge,20,229.64080338329066,318.52499999999986,88.8841966167092,13,235,0.9736623266616763,0.0012812999193556607,0.004448958053318266,21.555099901474307,3,1.0,0_75_p3_h1_3_6_12,0.75,True,True,highs
max_charge,21,182.05069617927066,318.3749999999999,136.32430382072923,9,236,0.9963342618647122,0.001443899906007573,0.005013541340304073,-26.035007302545694,3,1.0,0_75_p3_h1_3_6_12,0.75,True,True,highs
max_charge,22,231.6146108955144,322.8749999999999,91.26038910448548,13,236,0.8884118050608579,0.002009100091527216,0.0069760419844695,23.52890741369805,3,1.0,0_75_p3_h1_3_6_12,0.75,True,True,highs
max_charge,23,211.5517953336238,320.6249999999999,109.07320466637609,12,239,0.8948335093799965,0.001868299877969548,0.006487152354060931,3.466091851807448,3,1.0,0_75_p3_h1_3_6_12,0.75,True,True,highs
max_charge,24,204.88800196746976,321.5749999999999,116.68699803253011,10,236,0.9098346035409576,0.0012660998909268528,0.00439618017682935,-3.1977015143465906,3,1.0,0_75_p3_h1_3_6_12,0.75,True,True,highs
max_charge,25,161.32512223720545,322.5499999999999,161.22487776279445,9,242,0.997987757976848,0.0012071000383002684,0.004191319577431487,-46.760581244610904,3,1.0,0_75_p3_h1_3_6_12,0.75,True,True,highs
max_charge,26,202.5384527713059,322.22499999999985,119.68654722869393,9,210,0.9978946464489683,0.001520199963124469,0.005278472094182184,-5.54725071051044,3,1.0,0_75_p3_h1_3_6_12,0.75,True,True,highs
max_charge,27,245.84740812381102,322.5499999999999,76.70259187618889,10,255,0.9985811031767753,0.0012959000887349248,0.004499653085885156,37.76170464199467,3,1.0,0_75_p3_h1_3_6_12,0.75,True,True,highs
max_charge,28,187.54056998987986,321.4249999999999,133.88443001012004,10,250,0.9971599368230762,0.0012158999597886577,0.004221874860377284,-20.545133491936497,3,1.0,0_75_p3_h1_3_6_12,0.75,True,True,highs
max_charge,29,197.4991734623908,319.97499999999985,122.47582653760907,9,238,0.9979836472733054,0.001334899992798455,0.00463506941943908,-10.586530019425567,3,1.0,0_75_p3_h1_3_6_12,0.75,True,True,highs
random,0,184.75083075618278,288.23848917178327,103.48765841560049,13,220,0.9974609166744965,0.011962099961237982,0.0415350693098541,-23.334872725633574,3,1.0,0_75_p3_h1_3_6_12,0.75,True,True,highs
random,1,180.84013021969923,277.56731241402133,96.72718219432211,8,224,0.9364387223217784,0.011779300039052032,0.040900347357819555,-27.24557326211712,3,1.0,0_75_p3_h1_3_6_12,0.75,True,True,highs
random,2,186.6889538764832,281.5379072208271,94.8489533443439,7,235,0.9974805827809454,0.011397499751183204,0.03957465191383057,-21.396749605333156,3,1.0,0_75_p3_h1_3_6_12,0.75,True,True,highs
random,3,182.0222971476136,283.89807042021954,101.87577327260593,9,224,0.9969770175034935,0.012008399979094975,0.04169583326074644,-26.06340633420274,3,1.0,0_75_p3_h1_3_6_12,0.75,True,True,highs
random,4,173.53807219600375,280.4107667682263,106.87269457222257,7,232,0.9980684761952595,0.011426799857872538,0.039676388395390755,-34.5476312858126,3,1.0,0_75_p3_h1_3_6_12,0.75,True,True,highs
random,5,186.90502781817557,281.83137064504126,94.92634282686569,10,244,0.98678410191979,0.011744100236683153,0.0407781258218165,-21.180675663640784,3,1.0,0_75_p3_h1_3_6_12,0.75,True,True,highs
random,6,177.39910545863398,282.63596453973986,105.23685908110588,6,273,0.9995824738348882,0.011284199863439426,0.03918124952583134,-30.68659802318237,3,1.0,0_75_p3_h1_3_6_12,0.75,True,True,highs
random,7,200.02772895235253,276.67295795121464,76.64522899886211,6,221,0.9978819240477697,0.011621300029219128,0.040351736212566415,-8.05797452946382,3,1.0,0_75_p3_h1_3_6_12,0.75,True,True,highs
random,8,187.59606482872374,279.9539719638585,92.3579071351348,9,237,0.8350203009821946,0.011450899968622252,0.03976006933549393,-20.489638653092612,3,1.0,0_75_p3_h1_3_6_12,0.75,True,True,highs
random,9,168.00212703714573,288.9058985666896,120.90377152954386,10,257,0.9028904306784731,0.011144399919430725,0.038695833053578904,-40.083576444670626,3,1.0,0_75_p3_h1_3_6_12,0.75,True,True,highs
random,10,152.94972580949525,287.5365241175035,134.58679830800827,10,228,0.9980021724913601,0.011061999990488403,0.03840972218919584,-55.135977672321104,3,1.0,0_75_p3_h1_3_6_12,0.75,True,True,highs
random,11,176.15069432505175,277.0363646721926,100.88567034714083,9,205,0.9379207291016766,0.011461100104497746,0.03979548647395051,-31.935009156764607,3,1.0,0_75_p3_h1_3_6_12,0.75,True,True,highs
random,12,179.2880692742462,280.8711231705942,101.58305389634803,8,242,0.9175867815843173,0.011038899931008928,0.03832951364933655,-28.797634207570155,3,1.0,0_75_p3_h1_3_6_12,0.75,True,True,highs
random,13,183.3705255914153,284.3849583890898,101.01443279767449,7,221,0.9973435892985427,0.011389199935365468,0.03954583310890788,-24.715177890401065,3,1.0,0_75_p3_h1_3_6_12,0.75,True,True,highs
random,14,181.63435409609312,289.1547548844533,107.5204007883602,11,245,0.9971015025233205,0.011931499990168959,0.04142881941030888,-26.451349385723233,3,1.0,0_75_p3_h1_3_6_12,0.75,True,True,highs
random,15,183.38966021131588,278.1730701798285,94.78340996851264,9,221,0.997079835728616,0.01230399998894427,0.04272222218383427,-24.696043270500468,3,1.0,0_75_p3_h1_3_6_12,0.75,True,True,highs
random,16,182.26731707633428,292.226155514755,109.95883843842073,9,226,0.9955813135415035,0.011325699917506427,0.0393253469357862,-25.818386405482073,3,1.0,0_75_p3_h1_3_6_12,0.75,True,True,highs
random,17,163.6471207452633,283.34573264738543,119.69861190212212,8,233,0.9968305079663529,0.011416900088079274,0.0396420141947197,-44.43858273655306,3,1.0,0_75_p3_h1_3_6_12,0.75,True,True,highs
random,18,213.0113022933927,281.8018316010373,68.7905293076446,7,236,0.7517311664703754,0.0120391000964446,0.04180243089043264,4.92559881157635,3,1.0,0_75_p3_h1_3_6_12,0.75,True,True,highs
random,19,178.3535616810101,284.37583115214215,106.02226947113205,8,199,0.9970319280578718,0.01151960005518049,0.039998611302710034,-29.73214180080626,3,1.0,0_75_p3_h1_3_6_12,0.75,True,True,highs
random,20,200.70427670404476,278.29999743292905,77.59572072888429,9,239,0.9980805081781396,0.01137440005550161,0.03949444463715837,-7.381426777771594,3,1.0,0_75_p3_h1_3_6_12,0.75,True,True,highs
random,21,161.36914411435112,281.8759757928891,120.50683167853799,8,238,0.9965509216569964,0.011182400106918067,0.03882777814902107,-46.71655936746524,3,1.0,0_75_p3_h1_3_6_12,0.75,True,True,highs
random,22,207.0768126200008,288.85784791468427,81.78103529468349,9,240,0.9960407264129894,0.011317499986034818,0.03929687495150978,-1.0088908618155585,3,1.0,0_75_p3_h1_3_6_12,0.75,True,True,highs
random,23,186.90558904212202,283.0436301477219,96.1380411055999,9,242,0.6815005746905909,0.01177759985148441,0.04089444392876532,-21.180114439694336,3,1.0,0_75_p3_h1_3_6_12,0.75,True,True,highs
random,24,183.5676563393261,287.821477472738,104.2538211334119,10,236,0.8945386702551363,0.014297599976998754,0.04964444436457901,-24.518047142490246,3,1.0,0_75_p3_h1_3_6_12,0.75,True,True,highs
random,25,140.15810535669635,281.0427479569104,140.88464260021402,10,241,0.9945691825643436,0.012332999976933934,0.04282291658657616,-67.92759812512,3,1.0,0_75_p3_h1_3_6_12,0.75,True,True,highs
random,26,173.78661161151823,276.72077832813596,102.93416671661774,8,211,0.9978423992775878,0.01221600006101653,0.042416666878529616,-34.29909187029813,3,1.0,0_75_p3_h1_3_6_12,0.75,True,True,highs
random,27,213.92943599396207,280.7186507617976,66.78921476783555,10,255,0.9941577743473855,0.012566999954287894,0.04363541650794408,5.843732512145721,3,1.0,0_75_p3_h1_3_6_12,0.75,True,True,highs
random,28,166.24446143622447,285.1629202765497,118.91845884032524,10,250,0.9967545478931227,0.01204729989694897,0.04183090241996171,-41.84124204559188,3,1.0,0_75_p3_h1_3_6_12,0.75,True,True,highs
random,29,174.1431181150001,282.35512074136017,108.21200262636007,7,240,0.8230841267743687,0.011994000044069253,0.04164583348635157,-33.942585366816246,3,1.0,0_75_p3_h1_3_6_12,0.75,True,True,highs
milp_h1,0,412.0879287534873,641.0498492598533,228.96192050636606,15,215,0.8017615748281814,3.252706899831537,11.294121179970615,0.4366923278711283,6,1.0,0_75_p6_h1_3_6_12,0.75,True,True,highs
milp_h1,1,419.4574796438217,641.7748492002487,222.31736955642697,16,214,0.9987245676375259,3.2913186001824215,11.428189583966741,7.806243218205566,6,1.0,0_75_p6_h1_3_6_12,0.75,True,True,highs
milp_h1,2,426.08975018742876,641.0498492598533,214.96009907242455,15,223,0.997975326701361,3.114749300206313,10.815101736827476,14.438513761812601,6,1.0,0_75_p6_h1_3_6_12,0.75,True,True,highs
milp_h1,3,413.0836777915557,641.4498492002487,228.36617140869296,11,219,0.7952736384620245,3.160939699911978,10.975485069138813,1.4324413659395532,6,1.0,0_75_p6_h1_3_6_12,0.75,True,True,highs
milp_h1,4,399.77415181497724,644.3498486638068,244.57569684882955,12,224,0.9969081448444731,3.1590031000960153,10.968760764222274,-11.877084610638917,6,1.0,0_75_p6_h1_3_6_12,0.75,True,True,highs
milp_h1,5,424.42587439219153,638.0748502731323,213.64897588094072,16,235,0.7069343633179429,3.1767773998435587,11.030477082790135,12.77463796657537,6,1.0,0_75_p6_h1_3_6_12,0.75,True,True,highs
milp_h1,6,398.09239641422744,632.3498524785041,234.25745606427668,15,261,0.9523389279105362,3.3894654001051094,11.768977083698296,-13.558840011388725,6,1.0,0_75_p6_h1_3_6_12,0.75,True,True,highs
milp_h1,7,465.68500139812625,641.5998497366904,175.9148483385642,13,211,0.9969758136435166,3.3073353001091164,11.483803125378877,54.033764972510085,6,1.0,0_75_p6_h1_3_6_12,0.75,True,True,highs
milp_h1,8,427.55764612481437,635.8998508691787,208.3422047443644,19,224,0.8354817401636357,3.2483279997541104,11.278916665812883,15.906409699198207,6,1.0,0_75_p6_h1_3_6_12,0.75,True,True,highs
milp_h1,9,375.6307561794916,643.3748492002486,267.744093020757,22,242,0.7434280033344504,3.34127799977432,11.601659721438612,-36.02048024612458,6,1.0,0_75_p6_h1_3_6_12,0.75,True,True,highs
milp_h1,10,341.7033236151027,639.1998502731323,297.49652665802955,19,216,0.900660316407046,3.274444200185826,11.369597917311896,-69.94791281051346,6,1.0,0_75_p6_h1_3_6_12,0.75,True,True,highs
milp_h1,11,405.4677881515423,634.9498503327369,229.4820621811946,19,192,0.8240330573523016,3.285322200128576,11.407368750446444,-6.1834482740738395,6,1.0,0_75_p6_h1_3_6_12,0.75,True,True,highs
milp_h1,12,409.94560247285756,640.2498492598532,230.3042467869957,14,233,0.6393109044020862,3.2153704001102597,11.164480555938402,-1.7056339527586033,6,1.0,0_75_p6_h1_3_6_12,0.75,True,True,highs
milp_h1,13,416.1782041490077,644.0248486638068,227.8466445147991,13,212,0.7575139112401427,3.202466099872254,11.11967395788977,4.526967723391522,6,1.0,0_75_p6_h1_3_6_12,0.75,True,True,highs
milp_h1,14,405.809008949995,644.0248486638069,238.21583971381185,7,246,0.9979399457659412,3.3001914002234116,11.458997917442401,-5.842227475621144,6,1.0,0_75_p6_h1_3_6_12,0.75,True,True,highs
milp_h1,15,426.27099203914395,645.5998492002486,219.32885716110465,14,213,0.8575939747535276,3.19238250007038,11.084661458577708,14.619755613527786,6,1.0,0_75_p6_h1_3_6_12,0.75,True,True,highs
milp_h1,16,403.8949917038281,644.9748486638068,241.0798569599787,11,221,0.3042237815302345,3.0868387997616082,10.718190276950029,-7.75624472178805,6,1.0,0_75_p6_h1_3_6_12,0.75,True,True,highs
milp_h1,17,364.8711709339658,628.9998519420623,264.12868100809646,15,225,0.9343883326923713,3.0645426997798495,10.640773263124478,-46.78006549165036,6,1.0,0_75_p6_h1_3_6_12,0.75,True,True,highs
milp_h1,18,483.9343679547309,639.3748492002486,155.4404812455177,13,227,0.972439664617858,3.5177936999534722,12.21456145817178,72.28313152911471,6,1.0,0_75_p6_h1_3_6_12,0.75,True,True,highs
milp_h1,19,398.94637109339226,634.2498497366904,235.30347864329812,14,190,0.8551349272104797,3.3851212998270057,11.753893402177104,-12.704865332223903,6,1.0,0_75_p6_h1_3_6_12,0.75,True,True,highs
milp_h1,20,459.36002033750214,635.6748502731323,176.31482993563014,11,234,0.998227515415436,3.1713725997833535,11.011710415914422,47.70878391188597,6,1.0,0_75_p6_h1_3_6_12,0.75,True,True,highs
milp_h1,21,365.0501190759945,635.9498524188995,270.899733342905,16,226,0.874083105946285,3.19013229990378,11.076848263554792,-46.60111734962169,6,1.0,0_75_p6_h1_3_6_12,0.75,True,True,highs
milp_h1,22,464.86779040694233,646.4248486638069,181.55705825686454,15,231,0.9972957591436481,3.3195991999527905,11.52638611094719,53.21655398132617,6,1.0,0_75_p6_h1_3_6_12,0.75,True,True,highs
milp_h1,23,423.99949508756634,640.7748508095741,216.77535572200776,17,230,0.9238100105498498,3.302448299829848,11.466834374409196,12.348258661950183,6,1.0,0_75_p6_h1_3_6_12,0.75,True,True,highs
milp_h1,24,409.67608853637375,641.0498492598533,231.37376072347953,17,226,0.8378834988356821,3.5693622001854237,12.393618750643832,-1.9751478892424075,6,1.0,0_75_p6_h1_3_6_12,0.75,True,True,highs
milp_h1,25,323.71458184532315,644.2498492598532,320.5352674145301,12,236,0.8847206072700624,3.280591700109653,11.390943403158518,-87.93665458029301,6,1.0,0_75_p6_h1_3_6_12,0.75,True,True,highs
milp_h1,26,405.09973460598786,642.6498492598533,237.55011465386548,19,197,0.9683609664952485,3.435862300306326,11.930077431619187,-6.5515018196282995,6,1.0,0_75_p6_h1_3_6_12,0.75,True,True,highs
milp_h1,27,493.9773169140021,647.0498486638069,153.0725317498048,13,250,0.9981208250281504,3.354659699863987,11.648123957861067,82.32608048838591,6,1.0,0_75_p6_h1_3_6_12,0.75,True,True,highs
milp_h1,28,374.0032665022373,638.7998497962951,264.7965832940578,12,245,0.9724383290678231,3.374361199676059,11.71653194331965,-37.64796992337887,6,1.0,0_75_p6_h1_3_6_12,0.75,True,True,highs
milp_h1,29,395.4610286355018,638.7248497366904,243.26382110118863,11,234,0.8417073236823688,3.3199135003669653,11.527477431829741,-16.190207790114357,6,1.0,0_75_p6_h1_3_6_12,0.75,True,True,highs
milp_h3,0,412.3410755746968,641.4123003840446,229.07122480934774,15,215,0.8412053586518142,5.028919399861479,17.46152569396347,0.6898391490806262,6,1.0,0_75_p6_h1_3_6_12,0.75,True,True,highs
milp_h3,1,419.4574796438216,641.7748492002486,222.31736955642697,18,211,0.8960550214328801,4.22861060014111,14.68267569493441,7.806243218205452,6,1.0,0_75_p6_h1_3_6_12,0.75,True,True,highs
milp_h3,2,426.0896996581522,641.0497990131378,214.96009935498554,15,223,0.9983114477293391,4.225584300322225,14.672167709452172,14.438463232536037,6,1.0,0_75_p6_h1_3_6_12,0.75,True,True,highs
milp_h3,3,413.0836777915557,641.4498492002487,228.36617140869296,14,216,0.9502749885299134,4.82617629977176,16.757556596429723,1.4324413659395532,6,1.0,0_75_p6_h1_3_6_12,0.75,True,True,highs
milp_h3,4,399.8184184272686,644.4123487830161,244.5939303557475,12,224,0.8571249226717703,5.582360700063873,19.38319687522178,-11.832817998347537,6,1.0,0_75_p6_h1_3_6_12,0.75,True,True,highs
milp_h3,5,424.42587439219153,638.0748502731323,213.64897588094072,17,235,0.8734102276811714,4.6066322000697255,15.995250694686547,12.77463796657537,6,1.0,0_75_p6_h1_3_6_12,0.75,True,True,highs
milp_h3,6,398.49447949158184,632.9998025894164,234.50532309783458,16,260,0.8883730677380088,4.212444800272351,14.626544445390108,-13.15675693403432,6,1.0,0_75_p6_h1_3_6_12,0.75,True,True,highs
milp_h3,7,465.68500139812625,641.5998497366904,175.9148483385642,12,212,0.9983966576044341,6.921380499959923,24.0325711804164,54.033764972510085,6,1.0,0_75_p6_h1_3_6_12,0.75,True,True,highs
milp_h3,8,428.57380646364686,637.5373004436492,208.96349398000237,17,226,0.9965518096731677,4.874609499936923,16.92572743033654,16.9225700380307,6,1.0,0_75_p6_h1_3_6_12,0.75,True,True,highs
milp_h3,9,375.63075617949164,643.3748492002486,267.74409302075696,16,248,0.802092992679165,7.434859000029974,25.815482638992965,-36.02048024612452,6,1.0,0_75_p6_h1_3_6_12,0.75,True,True,highs
milp_h3,10,342.8828402213414,641.5247984170912,298.64195819574985,13,222,0.8685106839040658,4.284406099846819,14.876410068912568,-68.76839620427478,6,1.0,0_75_p6_h1_3_6_12,0.75,True,True,highs
milp_h3,11,405.4677378031015,634.9498004436492,229.48206264054772,14,198,0.9410883953990512,4.321424900175771,15.00494757005476,-6.183498622514662,6,1.0,0_75_p6_h1_3_6_12,0.75,True,True,highs
milp_h3,12,410.18742067661515,640.5872997283934,230.39987905177827,14,233,0.7111778758634116,5.1208589997841045,17.78076041591703,-1.4638157490010144,6,1.0,0_75_p6_h1_3_6_12,0.75,True,True,highs
milp_h3,13,416.1782041490077,644.0248486638068,227.84664451479907,13,212,0.8321706464861771,5.133594999904744,17.82498263855814,4.526967723391522,6,1.0,0_75_p6_h1_3_6_12,0.75,True,True,highs
milp_h3,14,405.809008949995,644.0248486638069,238.21583971381185,11,242,0.9987991173915713,4.224212100118166,14.667403125410297,-5.842227475621144,6,1.0,0_75_p6_h1_3_6_12,0.75,True,True,highs
milp_h3,15,426.27099203914395,645.5998492002486,219.32885716110465,10,217,0.9947165757265346,4.237593100115191,14.713864930955525,14.619755613527786,6,1.0,0_75_p6_h1_3_6_12,0.75,True,True,highs
milp_h3,16,403.8949917038281,644.9748486638068,241.0798569599787,15,218,0.8957702562607402,4.569722999818623,15.86709374937022,-7.75624472178805,6,1.0,0_75_p6_h1_3_6_12,0.75,True,True,highs
milp_h3,17,365.2567959885088,629.6498018741606,264.3930058856518,16,223,0.9142897304554308,4.487884200294502,15.582931251022577,-46.394440437107335,6,1.0,0_75_p6_h1_3_6_12,0.75,True,True,highs
milp_h3,18,484.2227728063034,639.749799132347,155.5270263260436,15,226,0.9546293790996045,4.413670700130751,15.325245486565109,72.57153638068723,6,1.0,0_75_p6_h1_3_6_12,0.75,True,True,highs
milp_h3,19,398.790448976496,633.9748005628585,235.18435158636248,12,192,0.875744556698164,4.191449799836846,14.553645138322382,-12.860787449120153,6,1.0,0_75_p6_h1_3_6_12,0.75,True,True,highs
milp_h3,20,459.36002033750214,635.6748502731323,176.31482993563014,16,229,0.9971065864929641,4.716457000002265,16.37658680556342,47.70878391188597,6,1.0,0_75_p6_h1_3_6_12,0.75,True,True,highs
milp_h3,21,366.1561061412095,637.899850809574,271.7437446683645,15,227,0.9985452653790567,5.300816800212488,18.405613889626693,-45.495130284406684,6,1.0,0_75_p6_h1_3_6_12,0.75,True,True,highs
milp_h3,22,464.86779040694233,646.4248486638069,181.55705825686454,15,231,0.9101400936374912,4.245506799954455,14.741343055397415,53.21655398132617,6,1.0,0_75_p6_h1_3_6_12,0.75,True,True,highs
milp_h3,23,424.06862032520286,640.774850809574,216.70623048437113,20,231,0.9422244014635666,4.266822299832711,14.815355207752468,12.417383899586696,6,1.0,0_75_p6_h1_3_6_12,0.75,True,True,highs
milp_h3,24,407.9474443603309,638.1623039603232,230.21485959999237,17,226,0.8439333997829054,4.229133199871285,14.68449027733085,-3.7037920652852563,6,1.0,0_75_p6_h1_3_6_12,0.75,True,True,highs
milp_h3,25,323.85911237448045,644.4623497366904,320.60323736220994,11,237,0.9984187722287228,4.6471633999899495,16.13598402774288,-87.79212405113572,6,1.0,0_75_p6_h1_3_6_12,0.75,True,True,highs
milp_h3,26,405.25939512442744,642.8623497366905,237.602954612263,13,204,0.9959342281398265,5.108824400143931,17.73897361161087,-6.39184130118872,6,1.0,0_75_p6_h1_3_6_12,0.75,True,True,highs
milp_h3,27,493.9773169140021,647.0498486638069,153.0725317498048,15,248,0.8225516405283206,4.277749999775551,14.853298610331775,82.32608048838591,6,1.0,0_75_p6_h1_3_6_12,0.75,True,True,highs
milp_h3,28,374.0032161002938,638.7997997283935,264.7965836280997,15,242,0.9806909477903281,4.858324300032109,16.86918159733371,-37.64802032532236,6,1.0,0_75_p6_h1_3_6_12,0.75,True,True,highs
milp_h3,29,395.4610286355018,638.7248497366904,243.26382110118863,13,231,0.9969579664742689,4.394812900136458,15.259767014362701,-16.190207790114357,6,1.0,0_75_p6_h1_3_6_12,0.75,True,True,highs
milp_h6,0,412.46481499551135,641.5998003840446,229.13498538853324,20,210,0.7756315703192376,6.178355800249847,21.45262430642308,0.813578569895185,6,1.0,0_75_p6_h1_3_6_12,0.75,True,True,highs
milp_h6,1,419.2976062094195,641.4997998476027,222.20219363818325,18,211,0.9978678123356037,6.292935300065437,21.85046979189388,7.646369783803323,6,1.0,0_75_p6_h1_3_6_12,0.75,True,True,highs
milp_h6,2,426.0896995370547,641.0497990131378,214.96009947608312,15,224,0.998129972418666,5.73854159982875,19.92549166607205,14.438463111438523,6,1.0,0_75_p6_h1_3_6_12,0.75,True,True,highs
milp_h6,3,413.32549759764987,641.824799132347,228.49930153469717,12,218,0.997767056383321,6.8417497998452745,23.756075693907203,1.6742611720337095,6,1.0,0_75_p6_h1_3_6_12,0.75,True,True,highs
milp_h6,4,400.3391856786807,645.2248493194579,244.88566364077724,13,223,0.9977608714934608,6.329348400147865,21.976904167180084,-11.312050746935483,6,1.0,0_75_p6_h1_3_6_12,0.75,True,True,highs
milp_h6,5,424.66455964385983,638.4498005628585,213.78524091899868,15,237,0.7787569238395973,6.4626496000855695,22.43975555585267,13.01332321824367,6,1.0,0_75_p6_h1_3_6_12,0.75,True,True,highs
milp_h6,6,398.494479362378,632.9998025894164,234.50532322703836,12,264,0.9988588355499787,5.897543400118593,20.47758125041178,-13.15675706323816,6,1.0,0_75_p6_h1_3_6_12,0.75,True,True,highs
milp_h6,7,465.93691647115224,641.9747998476028,176.0378833764505,13,211,0.9965057053808996,9.900095300312387,34.375330903862455,54.28568004553608,6,1.0,0_75_p6_h1_3_6_12,0.75,True,True,highs
milp_h6,8,428.25972036383945,637.074801158905,208.8150807950655,13,231,0.971211335110454,8.11742470014724,28.185502431066805,16.608483938223287,6,1.0,0_75_p6_h1_3_6_12,0.75,True,True,highs
milp_h6,9,375.8631561050812,643.749799132347,267.8866430272658,16,248,0.802092992679165,10.608788700134028,36.83607187546537,-35.78808032053496,6,1.0,0_75_p6_h1_3_6_12,0.75,True,True,highs
milp_h6,10,342.882840071996,641.5247984170912,298.64195834509525,16,219,0.9244211089936968,6.940740700112656,24.099794097613387,-68.76839635362018,6,1.0,0_75_p6_h1_3_6_12,0.75,True,True,highs
milp_h6,11,405.46773766529554,634.9498004436492,229.48206277835368,10,202,0.8734853910691579,6.214599599974463,21.578470833244662,-6.183498760320617,6,1.0,0_75_p6_h1_3_6_12,0.75,True,True,highs
milp_h6,12,410.3191354199965,640.7747997283934,230.45566430839693,16,232,0.7574838100135453,7.170370799780358,24.897120832570685,-1.332101005619677,6,1.0,0_75_p6_h1_3_6_12,0.75,True,True,highs
milp_h6,13,416.4156987697314,644.3997984170912,227.9840996473598,11,214,0.8319589083909896,7.209373399993638,25.032546527755684,4.764462344115259,6,1.0,0_75_p6_h1_3_6_12,0.75,True,True,highs
milp_h6,14,406.0468585763216,644.3997984170913,238.35293984076972,11,242,0.9985261641812763,5.938090900046518,20.618371180717077,-5.604377849294565,6,1.0,0_75_p6_h1_3_6_12,0.75,True,True,highs
milp_h6,15,426.5419819712638,645.974799132347,219.4328171610832,15,212,0.8291271850057076,6.527397700003348,22.66457534723385,14.890745545647633,6,1.0,0_75_p6_h1_3_6_12,0.75,True,True,highs
milp_h6,16,404.13503141187505,645.3497984170913,241.21476700521626,12,220,0.9989087024142077,7.227455399843166,25.095331249455437,-7.516205013741114,6,1.0,0_75_p6_h1_3_6_12,0.75,True,True,highs
milp_h6,17,365.25679585812725,629.6498018741606,264.3930060160334,19,220,0.9141793286939479,5.911221400136128,20.525074306028223,-46.394440567488914,6,1.0,0_75_p6_h1_3_6_12,0.75,True,True,highs
milp_h6,18,484.22277272376766,639.749799132347,155.52702640857933,16,224,0.8486318178101475,6.215666999923997,21.582177083069432,72.5715362981515,6,1.0,0_75_p6_h1_3_6_12,0.75,True,True,highs
milp_h6,19,399.1805957552591,634.6247998476027,235.44420409234363,10,194,0.8551621178514939,5.718825800140621,19.857034028266046,-12.470640670357056,6,1.0,0_75_p6_h1_3_6_12,0.75,True,True,highs
milp_h6,20,459.6202155205957,636.0498005628585,176.42958504226286,17,228,0.9978720565020669,6.102054800256155,21.187690278667205,47.968979094979545,6,1.0,0_75_p6_h1_3_6_12,0.75,True,True,highs
milp_h6,21,366.37855161428445,638.2748012781142,271.89624966382974,15,229,0.9988108586353501,7.134817099984502,24.7736704860573,-45.272684811331715,6,1.0,0_75_p6_h1_3_6_12,0.75,True,True,highs
milp_h6,22,465.10889016687867,646.7997984170913,181.69090825021266,14,232,0.9979277879840488,6.142696300114039,21.328806597618193,53.457653741262504,6,1.0,0_75_p6_h1_3_6_12,0.75,True,True,highs
milp_h6,23,425.10167342817465,642.4497998476028,217.34812641942816,17,233,0.907003699124411,5.7440741994651034,19.944702081476052,13.450437002558488,6,1.0,0_75_p6_h1_3_6_12,0.75,True,True,highs
milp_h6,24,408.0081895607948,638.1999514222144,230.19176186141962,14,230,0.9981083360746306,5.858553099882556,20.342198263481098,-3.643046864821372,6,1.0,0_75_p6_h1_3_6_12,0.75,True,True,highs
milp_h6,25,324.3092061754305,645.2749500513075,320.965743875877,12,236,0.9985350394268482,9.166783700173255,31.829110070046024,-87.34203025018564,6,1.0,0_75_p6_h1_3_6_12,0.75,True,True,highs
milp_h6,26,405.8151824436426,643.6999503493308,237.88476790568825,12,204,0.8297424464836777,6.865997699991567,23.840269791637386,-5.836053981973578,6,1.0,0_75_p6_h1_3_6_12,0.75,True,True,highs
milp_h6,27,494.2647266666094,647.4247984170913,153.1600717504819,16,246,0.9987089593438881,6.071181699662702,21.080492012717716,82.61349024099326,6,1.0,0_75_p6_h1_3_6_12,0.75,True,True,highs
milp_h6,28,374.00321595713297,638.7997997283935,264.79658377126054,14,244,0.8954591844931428,6.6947478000074625,23.245652083359246,-37.648020468483196,6,1.0,0_75_p6_h1_3_6_12,0.75,True,True,highs
milp_h6,29,395.69838361731047,639.0997998476028,243.40141623029228,10,235,0.9987099649438943,6.07326520018978,21.08772638954785,-15.952852808305693,6,1.0,0_75_p6_h1_3_6_12,0.75,True,True,highs
milp_h12,0,412.46481499551135,641.5998003840446,229.13498538853324,20,211,0.8590957048200318,9.959977199934656,34.58325416643978,0.813578569895185,6,1.0,0_75_p6_h1_3_6_12,0.75,True,True,highs
milp_h12,1,419.7829397017098,642.2748498558998,222.49191015419004,21,208,0.9980742275323325,9.401666000136174,32.64467361158394,8.131703276093617,6,1.0,0_75_p6_h1_3_6_12,0.75,True,True,highs
milp_h12,2,426.0896995370547,641.0497990131378,214.96009947608312,16,223,0.9979976809161756,8.912509000161663,30.946211806116885,14.438463111438523,6,1.0,0_75_p6_h1_3_6_12,0.75,True,True,highs
milp_h12,3,413.32549759764987,641.824799132347,228.49930153469717,13,217,0.9982120095168603,10.277100100036478,35.68437534734888,1.6742611720337095,6,1.0,0_75_p6_h1_3_6_12,0.75,True,True,highs
milp_h12,4,400.66601955962176,645.7248998641967,245.05888030457493,16,221,0.9197201165922794,9.365435300162062,32.51887257000716,-10.985216865994403,6,1.0,0_75_p6_h1_3_6_12,0.75,True,True,highs
milp_h12,5,425.080720034426,639.0749006986617,213.99418066423573,17,234,0.7172387800443674,9.506820000067819,33.009791666902146,13.429483608809846,6,1.0,0_75_p6_h1_3_6_12,0.75,True,True,highs
milp_h12,6,398.494479362378,632.9998025894164,234.5053232270384,11,265,0.9987850398507374,9.645316700043622,33.49068298626258,-13.15675706323816,6,1.0,0_75_p6_h1_3_6_12,0.75,True,True,highs
milp_h12,7,466.0291576046609,642.0998503923415,176.0706927876806,14,210,0.9980027413918694,11.173216999944998,38.795892360920135,54.37792117904473,6,1.0,0_75_p6_h1_3_6_12,0.75,True,True,highs
milp_h12,8,428.6966498858134,637.7248004436492,209.02815055783586,14,230,0.9986100215500343,12.83383389993105,44.56192326364948,17.04541346019721,6,1.0,0_75_p6_h1_3_6_12,0.75,True,True,highs
milp_h12,9,376.50213051140304,644.7499002218245,268.2477697104215,16,248,0.8055641477092582,15.916540800128132,55.26576666711157,-35.14910591421312,6,1.0,0_75_p6_h1_3_6_12,0.75,True,True,highs
milp_h12,10,342.88284007199604,641.5247984170913,298.6419583450953,17,218,0.9333720809074014,8.84180770002422,30.70072118063965,-68.76839635362012,6,1.0,0_75_p6_h1_3_6_12,0.75,True,True,highs
milp_h12,11,404.58370396669534,633.6498018741606,229.0660979074653,15,197,0.8228231871174692,11.373071700392757,39.4898322930304,-7.067532458920823,6,1.0,0_75_p6_h1_3_6_12,0.75,True,True,highs
milp_h12,12,410.3191354199965,640.7747997283934,230.45566430839693,17,230,0.75898289875381,10.698848999716574,37.14878124901588,-1.332101005619677,6,1.0,0_75_p6_h1_3_6_12,0.75,True,True,highs
milp_h12,13,416.74164000356507,644.8998493194579,228.15820931589283,19,206,0.8939076110854431,11.220900900196284,38.96146145901488,5.090403577948905,6,1.0,0_75_p6_h1_3_6_12,0.75,True,True,highs
milp_h12,14,406.3732494834899,644.8998493194579,238.52659983596797,14,239,0.9971962705064745,10.726640100212535,37.24527812573797,-5.27798694212629,6,1.0,0_75_p6_h1_3_6_12,0.75,True,True,highs
milp_h12,15,426.5419819712638,645.974799132347,219.4328171610832,19,209,0.9287298656468207,8.876553500042064,30.8213663195905,14.890745545647633,6,1.0,0_75_p6_h1_3_6_12,0.75,True,True,highs
milp_h12,16,404.13503141187505,645.3497984170913,241.21476700521626,11,221,0.997462835737091,9.684323600231437,33.626123611914714,-7.516205013741114,6,1.0,0_75_p6_h1_3_6_12,0.75,True,True,highs
milp_h12,17,365.2567958581273,629.6498018741607,264.39300601603344,20,218,0.9350499487992046,8.857526299951132,30.755299652608098,-46.39444056748886,6,1.0,0_75_p6_h1_3_6_12,0.75,True,True,highs
milp_h12,18,484.22277272376766,639.749799132347,155.52702640857933,18,223,0.7246330215949327,9.37267810004414,32.544021180708825,72.5715362981515,6,1.0,0_75_p6_h1_3_6_12,0.75,True,True,highs
milp_h12,19,399.1805957552591,634.6247998476027,235.44420409234363,13,191,0.654991379649777,8.905541399901267,30.922018749657177,-12.470640670357056,6,1.0,0_75_p6_h1_3_6_12,0.75,True,True,highs
milp_h12,20,459.9749095567417,636.5498509287834,176.57494137204168,13,232,0.9984024140881137,9.26181729970267,32.15908784618983,48.32367313112553,6,1.0,0_75_p6_h1_3_6_12,0.75,True,True,highs
milp_h12,21,366.9923056423663,639.2749012947081,272.2825956523418,13,230,0.7689420188695067,11.150312499754364,38.71636284636932,-44.65893078324984,6,1.0,0_75_p6_h1_3_6_12,0.75,True,True,highs
milp_h12,22,465.76990496416886,647.7998998641967,182.0299949000279,15,231,0.9984110576026904,11.84727970030508,41.13638784828153,54.1186685385527,6,1.0,0_75_p6_h1_3_6_12,0.75,True,True,highs
milp_h12,23,425.10167342817465,642.4497998476028,217.34812641942816,18,229,0.9167738524008349,8.837627900065854,30.68620798633977,13.450437002558488,6,1.0,0_75_p6_h1_3_6_12,0.75,True,True,highs
milp_h12,24,410.3803769339227,642.0999503493308,231.7195734154081,14,230,0.9184393998018324,11.882074300025124,41.25720243064279,-1.270859491693443,6,1.0,0_75_p6_h1_3_6_12,0.75,True,True,highs
milp_h12,25,324.1002164808782,644.8998498558997,320.7996333750215,11,237,0.9981112493249862,8.762447699788027,30.425165624263983,-87.55101994473796,6,1.0,0_75_p6_h1_3_6_12,0.75,True,True,highs
milp_h12,26,405.79316565083263,643.6999503493308,237.90678469849823,15,203,0.9976548911614357,10.604335299867671,36.82060868009608,-5.858070774783528,6,1.0,0_75_p6_h1_3_6_12,0.75,True,True,highs
milp_h12,27,494.2647266666094,647.4247984170913,153.1600717504819,19,244,0.8968084635535472,9.381115999916801,32.57331944415556,82.61349024099326,6,1.0,0_75_p6_h1_3_6_12,0.75,True,True,highs
milp_h12,28,374.00321595713285,638.7997997283934,264.79658377126054,13,244,0.9673053316825206,10.253075099550188,35.60095520677149,-37.64802046848331,6,1.0,0_75_p6_h1_3_6_12,0.75,True,True,highs
milp_h12,29,395.78674203139303,639.2248503923415,243.43810836094852,12,232,0.9986682380951214,9.05906110018259,31.45507326452288,-15.86449439422313,6,1.0,0_75_p6_h1_3_6_12,0.75,True,True,highs
equal_share,0,324.5593857930147,504.32642730203077,179.76704150901602,19,211,0.47239527559058797,0.002768800361081958,0.009613890142645687,-87.09185063260145,6,1.0,0_75_p6_h1_3_6_12,0.75,True,True,highs
equal_share,1,340.59303961857574,520.4191980328544,179.8261584142787,19,210,0.9240221560737132,0.0028122000512667,0.009764583511342708,-71.05819680704042,6,1.0,0_75_p6_h1_3_6_12,0.75,True,True,highs
equal_share,2,360.1646984908915,542.0610831421143,181.8963846512228,15,223,0.9968673428093261,0.0027155996940564364,0.009429165604362626,-51.48653793472465,6,1.0,0_75_p6_h1_3_6_12,0.75,True,True,highs
equal_share,3,357.8317205861179,559.6250339520426,201.7933133659247,19,211,0.8872156023162154,0.0026752995036076754,0.00928923438752665,-53.81951583949825,6,1.0,0_75_p6_h1_3_6_12,0.75,True,True,highs
equal_share,4,274.9945647951581,441.77836690025924,166.7838021051011,8,228,0.9972995497434946,0.002685500163352117,0.009324653344972629,-136.65667163045805,6,1.0,0_75_p6_h1_3_6_12,0.75,True,True,highs
equal_share,5,326.1133133370762,493.3914056866059,167.27809234952971,12,239,0.7289236974547028,0.0027185000653844327,0.00943923633814039,-85.53792308853997,6,1.0,0_75_p6_h1_3_6_12,0.75,True,True,highs
equal_share,6,255.32345837453641,405.9421519791837,150.61869360464726,6,270,0.9933597209196346,0.0026590997294988483,0.009232985171871001,-156.32777805107975,6,1.0,0_75_p6_h1_3_6_12,0.75,True,True,highs
equal_share,7,374.2403086527373,511.9956744439702,137.75536579123286,18,206,0.900275997239176,0.0027031997742597014,0.00938611032729063,-37.410927772878836,6,1.0,0_75_p6_h1_3_6_12,0.75,True,True,highs
equal_share,8,369.53672020009304,549.670030023134,180.13330982304097,15,228,0.997682670197846,0.003029700252227485,0.010519792542456545,-42.11451622552312,6,1.0,0_75_p6_h1_3_6_12,0.75,True,True,highs
equal_share,9,296.1236846085983,504.15556713392044,208.03188252532215,17,247,0.8298865514320928,0.0027594003768172115,0.009581251308393095,-115.52755181701787,6,1.0,0_75_p6_h1_3_6_12,0.75,True,True,highs
equal_share,10,217.96406072873432,406.7869432402505,188.82288251151616,12,223,0.6839349494818774,0.0028315001691225916,0.009831597809453443,-193.68717569688184,6,1.0,0_75_p6_h1_3_6_12,0.75,True,True,highs
equal_share,11,281.7297397805762,442.27205081754647,160.5423110369703,10,201,0.7414838379050295,0.0028263002168387175,0.00981354241957888,-129.92149664503995,6,1.0,0_75_p6_h1_3_6_12,0.75,True,True,highs
equal_share,12,371.58001525413425,580.1951616989709,208.61514644483663,16,231,0.8162461790737547,0.0028723998402711004,0.009973610556496877,-40.07122117148191,6,1.0,0_75_p6_h1_3_6_12,0.75,True,True,highs
equal_share,13,341.1171623633464,529.171044969043,188.05388260569663,12,213,0.665142169231352,0.0028214997437316924,0.009796874110179488,-70.53407406226978,6,1.0,0_75_p6_h1_3_6_12,0.75,True,True,highs
equal_share,14,309.5062898032561,492.5441095350174,183.0378197317613,9,244,0.9977500592226989,0.002953299932414666,0.01025451365421759,-102.14494662236007,6,1.0,0_75_p6_h1_3_6_12,0.75,True,True,highs
equal_share,15,236.93406943240385,350.5496538973651,113.61558446496124,7,220,0.9931384947049453,0.0030663997749798,0.010647221440902084,-174.71716699321232,6,1.0,0_75_p6_h1_3_6_12,0.75,True,True,highs
equal_share,16,306.9574174578628,489.91561929763594,182.95820183977318,14,218,0.8957565309865806,0.002849900192813948,0.009895486780603986,-104.69381896775337,6,1.0,0_75_p6_h1_3_6_12,0.75,True,True,highs
equal_share,17,276.68420171267235,473.01518146078877,196.33097974811642,10,228,0.8964236815303417,0.002879600098822266,0.009998611454243978,-134.9670347129438,6,1.0,0_75_p6_h1_3_6_12,0.75,True,True,highs
equal_share,18,341.04533897328196,449.3394160610382,108.29407708775626,11,229,0.8690877766611955,0.002812699880450964,0.009766319029343625,-70.6058974523342,6,1.0,0_75_p6_h1_3_6_12,0.75,True,True,highs
equal_share,19,357.5291397885503,569.7890796652724,212.2599398767221,16,188,0.8069381870592136,0.0027776002243626863,0.009644445223481549,-54.12209663706585,6,1.0,0_75_p6_h1_3_6_12,0.75,True,True,highs
equal_share,20,419.36279137146823,581.4407071312013,162.07791575973303,17,228,0.8763727610437968,0.0030054995440877974,0.010435762305860408,7.711554945852072,6,1.0,0_75_p6_h1_3_6_12,0.75,True,True,highs
equal_share,21,294.9525263010603,514.0989909068593,219.14646460579897,18,224,0.863058266183899,0.0029992997588124126,0.010414235273654211,-116.69871012455587,6,1.0,0_75_p6_h1_3_6_12,0.75,True,True,highs
equal_share,22,264.8211925705368,374.9549966059189,110.13380403538204,11,235,0.9969006041665981,0.0028308995242696255,0.009829512237047311,-146.83004385507934,6,1.0,0_75_p6_h1_3_6_12,0.75,True,True,highs
equal_share,23,264.5770926742082,397.476279979951,132.8991873057428,9,238,0.8492869738762175,0.0027349000447429717,0.009496180710913096,-147.07414375140797,6,1.0,0_75_p6_h1_3_6_12,0.75,True,True,highs
equal_share,24,344.3684310980273,539.3770842023944,195.00865310436706,20,223,0.8492621679727926,0.002805599884595722,0.009741666265957368,-67.28280532758885,6,1.0,0_75_p6_h1_3_6_12,0.75,True,True,highs
equal_share,25,215.12640200069382,425.4399753483643,210.3135733476705,7,241,0.9970874256858044,0.0027647002425510436,0.009599653619968902,-196.52483442492235,6,1.0,0_75_p6_h1_3_6_12,0.75,True,True,highs
equal_share,26,202.02919796313694,320.1500323090162,118.12083434587923,7,209,0.9929623231533972,0.002957800286822021,0.010270139884798683,-209.62203846247922,6,1.0,0_75_p6_h1_3_6_12,0.75,True,True,highs
equal_share,27,355.9893177516171,466.2864712690782,110.29715351746114,17,245,0.8942395017207712,0.0027445999439805746,0.009529860916599218,-55.66191867399908,6,1.0,0_75_p6_h1_3_6_12,0.75,True,True,highs
equal_share,28,270.2330660898833,463.39747870195094,193.16441261206765,10,247,0.9719802276266827,0.0028957001341041178,0.010054514354528187,-141.41817033573284,6,1.0,0_75_p6_h1_3_6_12,0.75,True,True,highs
equal_share,29,334.1355773426698,540.6118511940915,206.4762738514217,19,225,0.995895875882578,0.002753600216237828,0.009561111861936903,-77.51565908294634,6,1.0,0_75_p6_h1_3_6_12,0.75,True,True,highs
max_charge,0,410.7630617221196,640.8999999999999,230.13693827788032,27,203,0.6793857851814975,0.0011706000077538192,0.004064583360256317,-0.8881747034965883,6,1.0,0_75_p6_h1_3_6_12,0.75,True,True,highs
max_charge,1,417.569115102291,640.7499999999999,223.18088489770886,25,204,0.937884020538042,0.001079599984223023,0.0037486110563299414,5.917878676674832,6,1.0,0_75_p6_h1_3_6_12,0.75,True,True,highs
max_charge,2,424.9470810691514,641.0499999999998,216.1029189308484,18,220,0.997653273212586,0.0010995999909937382,0.0038180555242838133,13.295844643535247,6,1.0,0_75_p6_h1_3_6_12,0.75,True,True,highs
max_charge,3,410.9181785960992,639.9499999999999,229.03182140390075,23,207,0.8872156023162154,0.0012757001677528024,0.004429514471363897,-0.7330578295169516,6,1.0,0_75_p6_h1_3_6_12,0.75,True,True,highs
max_charge,4,398.19411983489977,643.7999999999998,245.60588016510007,18,218,0.9960543472322695,0.0011087999446317554,0.0038499998077491503,-13.457116590716396,6,1.0,0_75_p6_h1_3_6_12,0.75,True,True,highs
max_charge,5,422.4516028165816,636.8999999999999,214.44839718341825,16,235,0.7793579642651576,0.0011218999570701271,0.0038954859620490526,10.80036639096545,6,1.0,0_75_p6_h1_3_6_12,0.75,True,True,highs
max_charge,6,397.2753584384917,632.9999999999999,235.72464156150815,17,259,0.9969510615758187,0.0012543000630103052,0.004355208552119115,-14.375877987124454,6,1.0,0_75_p6_h1_3_6_12,0.75,True,True,highs
max_charge,7,463.4691906670729,639.9499999999999,176.48080933292704,28,196,0.9250619163612622,0.0011408000718802214,0.003961111360695213,51.81795424145673,6,1.0,0_75_p6_h1_3_6_12,0.75,True,True,highs
max_charge,8,427.00581656098353,637.0499999999998,210.0441834390163,22,221,0.9348185469870951,0.0010959000210277736,0.003805208406346436,15.354580135367371,6,1.0,0_75_p6_h1_3_6_12,0.75,True,True,highs
max_charge,9,373.5266336103279,642.0499999999998,268.52336638967193,25,239,0.8679675299143553,0.0011002001410815865,0.0038201393787555085,-38.124602815288256,6,1.0,0_75_p6_h1_3_6_12,0.75,True,True,highs
max_charge,10,341.1096421639124,640.8999999999999,299.7903578360875,21,214,0.8193242502421872,0.0010939999774564058,0.0037986110328347422,-70.54159426170378,6,1.0,0_75_p6_h1_3_6_12,0.75,True,True,highs
max_charge,11,404.16743844151495,634.9499999999999,230.78256155848499,20,191,0.9255589421781848,0.001120899833040312,0.0038920133091677497,-7.483797984101216,6,1.0,0_75_p6_h1_3_6_12,0.75,True,True,highs
max_charge,12,408.767709416151,640.0999999999999,231.33229058384893,18,229,0.8526564386110251,0.0011181998124811798,0.0038826382377818744,-2.8835270094651833,6,1.0,0_75_p6_h1_3_6_12,0.75,True,True,highs
max_charge,13,414.29197080930066,642.9999999999999,228.70802919069922,20,205,0.6152733474573994,0.0011220000160392374,0.00389583338902513,2.640734383684503,6,1.0,0_75_p6_h1_3_6_12,0.75,True,True,highs
max_charge,14,403.92500030994404,642.9999999999999,239.07499969005582,16,237,0.9028865100303556,0.0011403001262806356,0.003959375438474429,-7.726236115672123,6,1.0,0_75_p6_h1_3_6_12,0.75,True,True,highs
max_charge,15,423.34787617226436,642.8499999999999,219.50212382773555,20,207,0.996475033305462,0.0010949001007247716,0.0038017364608499016,11.696639746648202,6,1.0,0_75_p6_h1_3_6_12,0.75,True,True,highs
max_charge,16,401.32044303218515,642.8499999999999,241.52955696781473,17,215,0.8818620503607922,0.0011488999880384654,0.003989236069578005,-10.330793393431009,6,1.0,0_75_p6_h1_3_6_12,0.75,True,True,highs
max_charge,17,364.0265602032343,629.6499999999999,265.6234397967656,18,220,0.9257087726860759,0.001117900013923645,0.003881597270568212,-47.62467622238188,6,1.0,0_75_p6_h1_3_6_12,0.75,True,True,highs
max_charge,18,482.48255210121465,638.4999999999999,156.01744789878524,20,220,0.8980431635606939,0.0011244000343140215,0.0039041667858125744,70.83131567559849,6,1.0,0_75_p6_h1_3_6_12,0.75,True,True,highs
max_charge,19,397.52381300926197,633.9999999999999,236.4761869907379,18,186,0.8262705542205481,0.0011508998577482998,0.003996180061626041,-14.12742341635419,6,1.0,0_75_p6_h1_3_6_12,0.75,True,True,highs
max_charge,20,457.6160387486218,634.6499999999999,177.03396125137803,19,226,0.9008868673694345,0.001120000029914081,0.003888888992757226,45.96480232300564,6,1.0,0_75_p6_h1_3_6_12,0.75,True,True,highs
max_charge,21,363.71573435068126,636.0999999999999,272.38426564931865,25,218,0.8688335128930876,0.001087400276446715,0.0037756954043288715,-47.9355020749349,6,1.0,0_75_p6_h1_3_6_12,0.75,True,True,highs
max_charge,22,462.8112284461656,645.0999999999999,182.28877155383427,20,226,0.9966900351945464,0.0011222000466659665,0.0038965279398123836,51.15999202054945,6,1.0,0_75_p6_h1_3_6_12,0.75,True,True,highs
max_charge,23,422.2807253082593,639.9499999999999,217.66927469174064,19,229,0.9058810113123421,0.0011660998570732772,0.0040489578370599905,10.629488882643159,6,1.0,0_75_p6_h1_3_6_12,0.75,True,True,highs
max_charge,24,408.2568985521792,640.7499999999999,232.49310144782064,24,219,0.8620215009395036,0.0011084999714512378,0.003848958234205687,-3.394337873436939,6,1.0,0_75_p6_h1_3_6_12,0.75,True,True,highs
max_charge,25,321.85728782415384,643.6499999999999,321.792712175846,14,234,0.9989613394224574,0.0011193000536877662,0.0038864585197491883,-89.79394860146232,6,1.0,0_75_p6_h1_3_6_12,0.75,True,True,highs
max_charge,26,403.61950554847715,642.1999999999999,238.5804944515228,21,195,0.9976059685783607,0.0011736001179087907,0.004075000409405523,-8.031730877139012,6,1.0,0_75_p6_h1_3_6_12,0.75,True,True,highs
max_charge,27,491.08156824906655,644.2999999999998,153.2184317509333,24,238,0.855508679946329,0.0011437000648584217,0.003971180780758409,79.43033182345039,6,1.0,0_75_p6_h1_3_6_12,0.75,True,True,highs
max_charge,28,372.6523819605508,638.7999999999998,266.147618039449,23,234,0.899826019269114,0.0011157998524140567,0.0038743050431043636,-38.998854465065335,6,1.0,0_75_p6_h1_3_6_12,0.75,True,True,highs
max_charge,29,393.57391691207886,637.6999999999999,244.1260830879211,24,220,0.997025777503453,0.0012042000016663224,0.0041812500057858415,-18.077319513537304,6,1.0,0_75_p6_h1_3_6_12,0.75,True,True,highs
random,0,378.7273346717816,590.8071239159564,212.07978924417478,16,214,0.7880842132382497,0.010925399954430759,0.03793541650844014,-32.92390175383457,6,1.0,0_75_p6_h1_3_6_12,0.75,True,True,highs
random,1,380.8466690410809,584.509580215756,203.66291117467517,23,206,0.8855886189259965,0.010773399815661833,0.03740763824882581,-30.80456738453529,6,1.0,0_75_p6_h1_3_6_12,0.75,True,True,highs
random,2,387.38539287850557,584.2669808565171,196.8815879780115,21,217,0.8978772836237309,0.01056100009009242,0.03667013920170979,-24.26584354711059,6,1.0,0_75_p6_h1_3_6_12,0.75,True,True,highs
random,3,375.1606541639586,583.9030092472661,208.7423550833075,18,212,0.806364429391967,0.012019100046018139,0.04173298627089631,-36.49058226165755,6,1.0,0_75_p6_h1_3_6_12,0.75,True,True,highs
random,4,366.9095826103966,593.2413001643031,226.33171755390646,13,223,0.9981599133732412,0.011025200103176758,0.038281944802697074,-44.741653815219536,6,1.0,0_75_p6_h1_3_6_12,0.75,True,True,highs
random,5,390.2798903039916,588.5027929339429,198.22290262995134,21,231,0.8688070120090714,0.010841099981917068,0.037642708270545375,-21.371346121624583,6,1.0,0_75_p6_h1_3_6_12,0.75,True,True,highs
random,6,363.07321597541517,578.7326341131866,215.6594181377714,17,259,0.9977133012325274,0.01107500004582107,0.038454861270212054,-48.578020450200995,6,1.0,0_75_p6_h1_3_6_12,0.75,True,True,highs
random,7,429.46402409832467,592.6090345704848,163.14501047216015,20,204,0.8336833100626214,0.011191300029167905,0.038858680656833004,17.81278767270851,6,1.0,0_75_p6_h1_3_6_12,0.75,True,True,highs
random,8,396.99320441776223,591.7620471250505,194.76884270728823,17,226,0.9970029220740679,0.010729999688919634,0.03725694336430428,-14.658032007853933,6,1.0,0_75_p6_h1_3_6_12,0.75,True,True,highs
random,9,346.65026360607885,596.469592228665,249.81932862258614,24,241,0.8254615646974995,0.010730099864304066,0.037257291195500225,-65.00097281953731,6,1.0,0_75_p6_h1_3_6_12,0.75,True,True,highs
random,10,310.19271114253297,583.7933533968188,273.60064225428584,20,215,0.9469812144809219,0.01049590006005019,0.03644409743072982,-101.45852528308319,6,1.0,0_75_p6_h1_3_6_12,0.75,True,True,highs
random,11,376.6118992583207,591.540018925925,214.9281196676043,24,187,0.7742465159238227,0.010504300065804273,0.03647326411737595,-35.03933716729546,6,1.0,0_75_p6_h1_3_6_12,0.75,True,True,highs
random,12,374.17955125316246,586.4818775222783,212.30232626911587,19,228,0.7369737428932377,0.010808000253746286,0.03752777865884127,-37.471685172453704,6,1.0,0_75_p6_h1_3_6_12,0.75,True,True,highs
random,13,375.08006330791176,581.7479909028131,206.6679275949013,17,208,0.7857028726990317,0.010759999917354435,0.037361110824147344,-36.571173117704404,6,1.0,0_75_p6_h1_3_6_12,0.75,True,True,highs
random,14,372.61900546483844,592.9656940529768,220.34668858813836,11,242,0.9092216684760791,0.010997099801898003,0.038184374312145844,-39.032230960777724,6,1.0,0_75_p6_h1_3_6_12,0.75,True,True,highs
random,15,388.1693485326381,589.155308541652,200.9859600090139,17,210,0.9973461816462591,0.010658299928763881,0.03700798586376348,-23.48188789297808,6,1.0,0_75_p6_h1_3_6_12,0.75,True,True,highs
random,16,366.6854946561291,587.016288243632,220.33079358750282,17,215,0.9407168832305063,0.011078000243287534,0.03846527862252616,-44.96574176948707,6,1.0,0_75_p6_h1_3_6_12,0.75,True,True,highs
random,17,330.27696496605734,571.6296583620784,241.3526933960211,18,220,0.822809955429193,0.011326300038490444,0.039327430689202934,-81.37427145955883,6,1.0,0_75_p6_h1_3_6_12,0.75,True,True,highs
random,18,441.0439700401377,583.7349816644097,142.691011624272,20,221,0.892963399775689,0.011275500117335469,0.03915104207408149,29.392733614521546,6,1.0,0_75_p6_h1_3_6_12,0.75,True,True,highs
random,19,367.2773466577746,585.8487066164126,218.571359958638,15,189,0.8694078661597701,0.01078030004282482,0.037431597370919514,-44.37388976784155,6,1.0,0_75_p6_h1_3_6_12,0.75,True,True,highs
random,20,425.81413065600645,589.2547835446836,163.44065288867714,17,228,0.8711404126679086,0.01050050015328452,0.03646006997668236,14.162894230390293,6,1.0,0_75_p6_h1_3_6_12,0.75,True,True,highs
random,21,336.90434413995104,588.77558415552,251.871240015569,19,223,0.9978341658696367,0.011042499972973019,0.038342013795045204,-74.74689228566513,6,1.0,0_75_p6_h1_3_6_12,0.75,True,True,highs
random,22,431.6344302645808,601.3957935124222,169.76136324784133,20,226,0.9981644176157219,0.010552099935011938,0.036639235885458116,19.983193838964667,6,1.0,0_75_p6_h1_3_6_12,0.75,True,True,highs
random,23,390.441106107937,591.3600606722587,200.9189545643217,20,228,0.9133295647744661,0.01058020006166771,0.036736805769679554,-21.21013031767916,6,1.0,0_75_p6_h1_3_6_12,0.75,True,True,highs
random,24,372.4578556558185,584.3454369060023,211.8875812501838,21,222,0.9162924594123376,0.010674099554307759,0.03706284567467972,-39.19338076979767,6,1.0,0_75_p6_h1_3_6_12,0.75,True,True,highs
random,25,296.2868960540485,593.270556398395,296.9836603443465,16,232,0.99940515759073,0.010975500161293894,0.038109375560048245,-115.36434037156766,6,1.0,0_75_p6_h1_3_6_12,0.75,True,True,highs
random,26,362.5325741557218,576.9989216798623,214.46634752414045,18,198,0.999215122935251,0.010750400251708925,0.0373277786517671,-49.118662269894344,6,1.0,0_75_p6_h1_3_6_12,0.75,True,True,highs
random,27,448.2628077156926,588.0951682513756,139.83236053568305,23,240,0.9879649380665034,0.010838499845704064,0.03763368001980578,36.61157129007643,6,1.0,0_75_p6_h1_3_6_12,0.75,True,True,highs
random,28,337.9526660001638,579.7294218501414,241.77675584997763,19,238,0.9858391801770665,0.010713700175983831,0.03720034783327719,-73.69857042545237,6,1.0,0_75_p6_h1_3_6_12,0.75,True,True,highs
random,29,362.02790292439755,586.5957531444897,224.5678502200921,17,227,0.8549976523181574,0.01073989988071844,0.03729131903027236,-49.62333350121861,6,1.0,0_75_p6_h1_3_6_12,0.75,True,True,highs
milp_h1,0,813.538670454823,1267.2998514056203,453.7611809507973,27,197,0.7614741961393285,4.050174999865703,14.063107638422581,0.1413002635764542,12,1.0,0_75_p12_h1_3_6_12,0.75,True,True,highs
milp_h1,1,832.8676004350184,1275.9498492002485,443.0822487652301,23,200,0.9343648261965195,3.90598880010657,13.562461111481147,19.47023024377188,12,1.0,0_75_p12_h1_3_6_12,0.75,True,True,highs
milp_h1,2,836.7204104112385,1260.4998535513876,423.77944314014906,23,209,0.8466661931196366,3.9907669998065103,13.856829860439271,23.32304021999198,12,1.0,0_75_p12_h1_3_6_12,0.75,True,True,highs
milp_h1,3,820.6962997078892,1276.2748492002484,455.57854949235906,24,200,0.8540206487927201,3.976680999796372,13.807920138181847,7.2989295166427155,12,1.0,0_75_p12_h1_3_6_12,0.75,True,True,highs
milp_h1,4,788.5971062952677,1273.3998508691786,484.8027445739109,22,208,0.9768260191803735,4.027689899841789,13.985034374450656,-24.800263895978787,12,1.0,0_75_p12_h1_3_6_12,0.75,True,True,highs
milp_h1,5,839.3181301232876,1263.0998524785039,423.78172235521623,31,214,0.8397502273736426,3.9266665997565724,13.634259026932543,25.92075993204105,12,1.0,0_75_p12_h1_3_6_12,0.75,True,True,highs
milp_h1,6,783.6854304887945,1247.1998540878294,463.51442359903484,28,242,0.9394916378367747,3.910194200143451,13.577063194942538,-29.711939702452014,12,1.0,0_75_p12_h1_3_6_12,0.75,True,True,highs
milp_h1,7,921.9311968452062,1270.799851942062,348.8686550968559,27,191,0.8289741770584006,3.87485330022173,13.454351736881007,108.53382665395964,12,1.0,0_75_p12_h1_3_6_12,0.75,True,True,highs
milp_h1,8,849.268366653021,1264.5998508691785,415.3314842161575,25,212,0.8331616860775617,3.9044570000551175,13.55714236130249,35.87099646177444,12,1.0,0_75_p12_h1_3_6_12,0.75,True,True,highs
milp_h1,9,741.7034943663834,1273.3998508691786,531.6963565027952,27,231,0.7941206576722386,4.079887100291671,14.166274653790525,-71.69387582486308,12,1.0,0_75_p12_h1_3_6_12,0.75,True,True,highs
milp_h1,10,677.3386142183621,1270.9998508691785,593.6612366508165,26,203,0.9478851069752358,3.952059400267899,13.722428473152426,-136.05875597288446,12,1.0,0_75_p12_h1_3_6_12,0.75,True,True,highs
milp_h1,11,803.1197606498795,1259.2998514056203,456.18009075574076,21,184,0.9433232740824998,3.907978799950797,13.56937083316249,-10.277609541367042,12,1.0,0_75_p12_h1_3_6_12,0.75,True,True,highs
milp_h1,12,810.708899604105,1268.5998508691785,457.8909512650735,25,216,0.8414134186524272,3.949595400277758,13.713872917631104,-2.6884705871415235,12,1.0,0_75_p12_h1_3_6_12,0.75,True,True,highs
milp_h1,13,823.4863527190056,1275.999849796295,452.51349707728934,25,194,0.9065038035133813,4.159164999698987,14.441545137843706,10.088982527759072,12,1.0,0_75_p12_h1_3_6_12,0.75,True,True,highs
milp_h1,14,805.0553091853856,1279.6498486638068,474.59453947842115,18,229,0.9975718045201055,3.938450899993768,13.675176736089472,-8.342061005860955,12,1.0,0_75_p12_h1_3_6_12,0.75,True,True,highs
milp_h1,15,844.6032848444579,1281.349850273132,436.7465654286741,31,190,0.8756210291356157,3.9217637000547256,13.617235069634464,31.20591465321138,12,1.0,0_75_p12_h1_3_6_12,0.75,True,True,highs
milp_h1,16,789.6054247434694,1263.4998546242712,473.8944298808018,31,196,0.9480941843280247,3.9223803994536866,13.619376386991966,-23.791945447777152,12,1.0,0_75_p12_h1_3_6_12,0.75,True,True,highs
milp_h1,17,722.0871504870357,1247.9998540878294,525.9127036007936,23,209,0.8879082575266596,4.12864429995534,14.335570485956042,-91.3102197042108,12,1.0,0_75_p12_h1_3_6_12,0.75,True,True,highs
milp_h1,18,959.8978382942859,1269.3998508691786,309.5020125748928,23,211,0.9369835022187876,3.908720799809089,13.571947221559336,146.50046810303934,12,1.0,0_75_p12_h1_3_6_12,0.75,True,True,highs
milp_h1,19,789.7203507912577,1257.3998551607128,467.67950436945506,24,174,0.9604881590807526,3.903679299983196,13.554442013830542,-23.677019399988808,12,1.0,0_75_p12_h1_3_6_12,0.75,True,True,highs
milp_h1,20,911.5456141468333,1262.4998514056203,350.9542372587871,29,210,0.7947219561047644,3.887981200008653,13.499934722252268,98.14824395558674,12,1.0,0_75_p12_h1_3_6_12,0.75,True,True,highs
milp_h1,21,725.3922744005918,1266.449850809574,541.0575764089822,32,204,0.7562809008613885,3.8748338000732474,13.45428402803211,-88.00509579065476,12,1.0,0_75_p12_h1_3_6_12,0.75,True,True,highs
milp_h1,22,916.154944313836,1273.499852478504,357.34490816466797,32,211,0.9568294126270189,4.11457600016729,14.286722222803089,102.75757412258952,12,1.0,0_75_p12_h1_3_6_12,0.75,True,True,highs
milp_h1,23,842.9832838654518,1275.4498497366903,432.46656587123863,24,217,0.9056301717268597,3.946589500119444,13.703435764303626,29.585913674205244,12,1.0,0_75_p12_h1_3_6_12,0.75,True,True,highs
milp_h1,24,807.5608194999122,1265.499852478504,457.93903297859174,25,212,0.8824152393926497,3.9886642998608295,13.849528818961213,-5.83655069133431,12,1.0,0_75_p12_h1_3_6_12,0.75,True,True,highs
milp_h1,25,635.2296919149039,1268.9998530149458,633.7701611000418,22,220,0.8817105004001863,3.92993799992837,13.64561805530684,-178.1676782763426,12,1.0,0_75_p12_h1_3_6_12,0.75,True,True,highs
milp_h1,26,798.7117612371524,1269.3998508691786,470.6880896320263,23,188,0.8739420043173264,4.119459300098242,14.303678125341118,-14.685608954094164,12,1.0,0_75_p12_h1_3_6_12,0.75,True,True,highs
milp_h1,27,979.7696211755274,1284.4498486638067,304.6802274882793,22,234,0.9976344289290565,3.9419986997672822,13.687495485303064,166.37225098428087,12,1.0,0_75_p12_h1_3_6_12,0.75,True,True,highs
milp_h1,28,740.4972546899286,1267.2998514056203,526.8025967156917,22,229,0.9810485295331177,3.9602148001722526,13.750745833931433,-72.90011550131794,12,1.0,0_75_p12_h1_3_6_12,0.75,True,True,highs
milp_h1,29,783.5746312158416,1267.7998508691785,484.2252196533369,19,219,0.9975511946995257,3.999307199701434,13.886483332296645,-29.822738975404945,12,1.0,0_75_p12_h1_3_6_12,0.75,True,True,highs
milp_h3,0,813.5386203587276,1267.2998018741605,453.7611815154329,32,196,0.8346800223174692,6.720199299801607,23.334025346533355,0.14125016748107555,12,1.0,0_75_p12_h1_3_6_12,0.75,True,True,highs
milp_h3,1,833.1047552344369,1276.324799132347,443.22004389791005,28,197,0.936720445017171,6.384283700113883,22.16765173650654,19.707385043190357,12,1.0,0_75_p12_h1_3_6_12,0.75,True,True,highs
milp_h3,2,836.7203608322745,1260.4998047351835,423.77944390290895,24,208,0.909923491502856,6.775390400260221,23.525661112014657,23.322990641028014,12,1.0,0_75_p12_h1_3_6_12,0.75,True,True,highs
milp_h3,3,820.9381195139835,1276.6497991323467,455.7116796183633,23,201,0.9389639606972081,6.339149999868823,22.010937499544525,7.540749322736929,12,1.0,0_75_p12_h1_3_6_12,0.75,True,True,highs
milp_h3,4,788.5970560850699,1273.399801158905,484.80274507383496,31,201,0.9402023844974637,6.335800200380618,21.99930625132159,-24.800314106176643,12,1.0,0_75_p12_h1_3_6_12,0.75,True,True,highs
milp_h3,5,839.3180804510926,1263.099803304672,423.7817228535794,27,220,0.7323115459675914,8.969628400198417,31.1445430562445,25.920710259846032,12,1.0,0_75_p12_h1_3_6_12,0.75,True,True,highs
milp_h3,6,783.6853810411628,1247.1998054504393,463.5144244092765,25,245,0.9966460316146908,6.626317099842709,23.00804548556496,-29.711989150083696,12,1.0,0_75_p12_h1_3_6_12,0.75,True,True,highs
milp_h3,7,921.9311471992221,1270.7998025894162,348.8686553901942,22,196,0.853034050351642,6.497822399949655,22.561883333158523,108.53377700797557,12,1.0,0_75_p12_h1_3_6_12,0.75,True,True,highs
milp_h3,8,849.2683165023086,1264.5998011589047,415.3314846565961,23,216,0.9346460767819179,6.276125899516046,21.792103817764048,35.870946311062085,12,1.0,0_75_p12_h1_3_6_12,0.75,True,True,highs
milp_h3,9,741.7034442029554,1273.399801158905,531.6963569559495,28,232,0.7702353023347149,9.036102200101595,31.375354861463872,-71.69392598829108,12,1.0,0_75_p12_h1_3_6_12,0.75,True,True,highs
milp_h3,10,677.3385639355977,1270.9998011589048,593.6612372233071,25,204,0.9275847422393698,8.62871100002667,29.960802083425936,-136.05880625564885,12,1.0,0_75_p12_h1_3_6_12,0.75,True,True,highs
milp_h3,11,803.1197105212607,1259.2998018741605,456.1800913528998,34,175,0.9292171760614975,8.314717400004156,28.870546527792207,-10.277659669985837,12,1.0,0_75_p12_h1_3_6_12,0.75,True,True,highs
milp_h3,12,810.7088494568227,1268.5998011589047,457.8909517020821,26,216,0.9242006439084496,9.180723999626935,31.877513887593523,-2.6885207344238324,12,1.0,0_75_p12_h1_3_6_12,0.75,True,True,highs
milp_h3,13,823.4863022796899,1275.9997997283933,452.5134974487034,30,192,0.9540820964805639,8.58731829986209,29.817077430076704,10.088932088443357,12,1.0,0_75_p12_h1_3_6_12,0.75,True,True,highs
milp_h3,14,805.2681601230142,1279.9997997283933,474.73163960537903,23,224,0.9981518023754149,8.917899099673377,30.96492742942145,-8.129210068232283,12,1.0,0_75_p12_h1_3_6_12,0.75,True,True,highs
milp_h3,15,845.4198527475198,1282.6498497366904,437.2299969891706,29,192,0.8780885002168359,8.330170799890766,28.92420416628738,32.0224825562733,12,1.0,0_75_p12_h1_3_6_12,0.75,True,True,highs
milp_h3,16,789.6053753470594,1263.499806165695,473.8944308186356,36,195,0.9180225215536912,8.99998900044011,31.249961807083714,-23.791994844187116,12,1.0,0_75_p12_h1_3_6_12,0.75,True,True,highs
milp_h3,17,722.0871010922526,1247.9998054504392,525.9127043581866,25,208,0.8285632525914253,9.225138899928425,32.03173229141814,-91.3102690989939,12,1.0,0_75_p12_h1_3_6_12,0.75,True,True,highs
milp_h3,18,959.897788308893,1269.399801158905,309.5020128500119,26,208,0.998417513177426,8.13326080009574,28.24048888922132,146.50041811764652,12,1.0,0_75_p12_h1_3_6_12,0.75,True,True,highs
milp_h3,19,790.2990474327644,1258.3998054504393,468.100758017675,26,173,0.9229124869851778,8.214379800017923,28.522152083395568,-23.09832275848214,12,1.0,0_75_p12_h1_3_6_12,0.75,True,True,highs
milp_h3,20,911.5455643052966,1262.4998018741605,350.95423756886396,28,211,0.953647827606416,7.845122399827233,27.240008332733446,98.14819411405006,12,1.0,0_75_p12_h1_3_6_12,0.75,True,True,highs
milp_h3,21,725.5726034641265,1266.7623508691786,541.1897474050521,25,213,0.9980953362621527,7.7148355996178,26.787623609784028,-87.82476672712005,12,1.0,0_75_p12_h1_3_6_12,0.75,True,True,highs
milp_h3,22,920.5891584962765,1280.4997990131376,359.9106405168612,31,209,0.892164988688043,9.751638899673708,33.85985729053371,107.19178830502995,12,1.0,0_75_p12_h1_3_6_12,0.75,True,True,highs
milp_h3,23,841.9765887204867,1273.7498524188993,431.77326369841256,28,216,0.925513971907305,9.037853600108065,31.381436111486337,28.579218529240165,12,1.0,0_75_p12_h1_3_6_12,0.75,True,True,highs
milp_h3,24,807.5607696337779,1265.499803304672,457.9390336708941,18,219,0.9983041722853835,7.586315300111892,26.341372569832956,-5.836600557468614,12,1.0,0_75_p12_h1_3_6_12,0.75,True,True,highs
milp_h3,25,635.229641976865,1268.9998040199278,633.7701620430628,27,215,0.996263755064526,6.74651950027328,23.425414931504445,-178.16772821438155,12,1.0,0_75_p12_h1_3_6_12,0.75,True,True,highs
milp_h3,26,798.7117110439539,1269.399801158905,470.688090114951,26,187,0.9542229961845057,7.19437630000175,24.980473263894964,-14.685659147292654,12,1.0,0_75_p12_h1_3_6_12,0.75,True,True,highs
milp_h3,27,979.7696211755274,1284.4498486638067,304.6802274882793,26,233,0.9981963944396414,5.572210699872812,19.34795381900282,166.37225098428087,12,1.0,0_75_p12_h1_3_6_12,0.75,True,True,highs
milp_h3,28,740.4972046030886,1267.2998018741605,526.8025972710719,28,223,0.9740898757910209,5.378327999787871,18.67474999926344,-72.90016558815796,12,1.0,0_75_p12_h1_3_6_12,0.75,True,True,highs
milp_h3,29,783.5745811337756,1267.7998011589048,484.2252200251292,25,213,0.9984187305609952,6.276298299693735,21.792702429492138,-29.822789057470914,12,1.0,0_75_p12_h1_3_6_12,0.75,True,True,highs
milp_h6,0,813.5386202284271,1267.2998018741605,453.7611816457334,21,203,0.9353361322008352,8.880578799784416,30.835343054807,0.1412500371806118,12,1.0,0_75_p12_h1_3_6_12,0.75,True,True,highs
milp_h6,1,832.9984238195918,1276.1373503923414,443.13892657274954,27,196,0.9986950817666994,8.352561200445052,29.00194861265643,19.601053628345312,12,1.0,0_75_p12_h1_3_6_12,0.75,True,True,highs
milp_h6,2,836.7203607111769,1260.4998047351835,423.7794440240065,29,203,0.9405833875821211,8.912254399969243,30.945327777670983,23.322990519930386,12,1.0,0_75_p12_h1_3_6_12,0.75,True,True,highs
milp_h6,3,820.9381193870211,1276.649799132347,455.71167974532597,24,200,0.8258949128724709,8.884457599982852,30.84881111105157,7.540749195774538,12,1.0,0_75_p12_h1_3_6_12,0.75,True,True,highs
milp_h6,4,788.5970559546549,1273.399801158905,484.8027452042499,30,200,0.9740574462874793,8.547909499902744,29.68024131910675,-24.80031423659159,12,1.0,0_75_p12_h1_3_6_12,0.75,True,True,highs
milp_h6,5,838.3627016652963,1261.5998054504391,423.2371037851428,42,207,0.9105357740266035,8.42083979997551,29.239027083248303,24.965331474049776,12,1.0,0_75_p12_h1_3_6_12,0.75,True,True,highs
milp_h6,6,783.6853809119589,1247.1998054504393,463.51442453848034,27,243,0.997279965027191,8.556600700190756,29.71041909788457,-29.71198927928765,12,1.0,0_75_p12_h1_3_6_12,0.75,True,True,highs
milp_h6,7,921.9311469254396,1270.7998025894162,348.8686556639766,31,187,0.8439976418678216,8.609697299776599,29.89478229089097,108.53377673419311,12,1.0,0_75_p12_h1_3_6_12,0.75,True,True,highs
milp_h6,8,849.268316370177,1264.5998011589047,415.33148478872766,30,209,0.9570666194375205,7.916612000000896,27.488236111114222,35.87094617893047,12,1.0,0_75_p12_h1_3_6_12,0.75,True,True,highs
milp_h6,9,741.7034440670092,1273.399801158905,531.6963570918957,33,226,0.8746313659239737,9.467903500131797,32.874664931013186,-71.69392612423735,12,1.0,0_75_p12_h1_3_6_12,0.75,True,True,highs
milp_h6,10,677.3385637862523,1270.9998011589048,593.6612373726525,28,201,0.9729811232072056,8.128047199890716,28.22238611073165,-136.05880640499424,12,1.0,0_75_p12_h1_3_6_12,0.75,True,True,highs
milp_h6,11,803.1197103834547,1259.2998018741605,456.18009149070576,30,177,0.8069318872036058,7.792379699880257,27.05687395791756,-10.277659807791792,12,1.0,0_75_p12_h1_3_6_12,0.75,True,True,highs
milp_h6,12,810.7088493428205,1268.5998011589047,457.8909518160843,23,218,0.9076333597903302,9.337513200036483,32.42192083346001,-2.6885208484260374,12,1.0,0_75_p12_h1_3_6_12,0.75,True,True,highs
milp_h6,13,823.4863021486026,1275.9997997283933,452.5134975797907,26,194,0.7873315987110678,9.31577249977272,32.3464322908775,10.088931957356067,12,1.0,0_75_p12_h1_3_6_12,0.75,True,True,highs
milp_h6,14,805.2681598179339,1279.9997997283933,474.7316399104594,21,226,0.8828453817814698,9.076392199960537,31.515250694307422,-8.129210373312617,12,1.0,0_75_p12_h1_3_6_12,0.75,True,True,highs
milp_h6,15,845.9133944155756,1283.3374501705168,437.4240557549412,34,188,0.886126528423853,8.063211500149919,27.99726215329833,32.516024224329044,12,1.0,0_75_p12_h1_3_6_12,0.75,True,True,highs
milp_h6,16,789.6053752183991,1263.499806165695,473.8944309472958,31,197,0.9534801011467101,8.858454399800394,30.758522221529145,-23.79199497284742,12,1.0,0_75_p12_h1_3_6_12,0.75,True,True,highs
milp_h6,17,722.087100961871,1247.9998054504392,525.9127044885682,33,204,0.9374300066995999,8.505902599950787,29.534384027606897,-91.31026922937554,12,1.0,0_75_p12_h1_3_6_12,0.75,True,True,highs
milp_h6,18,959.8977882263573,1269.399801158905,309.50201293254764,32,205,0.9977524462983955,7.830796199908946,27.19026458301717,146.50041803511078,12,1.0,0_75_p12_h1_3_6_12,0.75,True,True,highs
milp_h6,19,790.2990472985585,1258.3998054504393,468.10075815188077,28,172,0.9725329201407767,8.001374499930535,27.782550346981022,-23.098322892687975,12,1.0,0_75_p12_h1_3_6_12,0.75,True,True,highs
milp_h6,20,911.5455641958577,1262.4998018741605,350.95423767830283,36,204,0.8890492696188161,7.865081800089683,27.309311805866955,98.14819400461113,12,1.0,0_75_p12_h1_3_6_12,0.75,True,True,highs
milp_h6,21,725.7950989192676,1267.137351465225,541.3422525459574,33,203,0.8051404468976308,8.231222300091758,28.580632986429716,-87.6022712719789,12,1.0,0_75_p12_h1_3_6_12,0.75,True,True,highs
milp_h6,22,920.5891583686271,1280.4997990131376,359.91064064451047,35,205,0.884878895631727,9.348217699764064,32.459089235291884,107.19178817738054,12,1.0,0_75_p12_h1_3_6_12,0.75,True,True,highs
milp_h6,23,843.4014155068699,1276.1249001622198,432.72348465535,22,221,0.9154516645304112,9.130025699938415,31.701478124786163,30.00404531562333,12,1.0,0_75_p12_h1_3_6_12,0.75,True,True,highs
milp_h6,24,807.5607695035966,1265.499803304672,457.9390338010754,24,215,0.996968820708332,8.490850199887063,29.48211874960786,-5.836600687649934,12,1.0,0_75_p12_h1_3_6_12,0.75,True,True,highs
milp_h6,25,635.2296418148119,1268.9998040199278,633.7701622051159,29,213,0.8185812292921817,9.788482700038003,33.98778715290973,-178.16772837643464,12,1.0,0_75_p12_h1_3_6_12,0.75,True,True,highs
milp_h6,26,798.7117109179735,1269.399801158905,470.68809024093144,27,187,0.9974802637275051,10.544012200058205,36.61115347242432,-14.685659273273018,12,1.0,0_75_p12_h1_3_6_12,0.75,True,True,highs
milp_h6,27,979.2666998048526,1283.7998011589048,304.5331013540522,27,230,0.9987634196387544,8.222158399934415,28.549161110883386,165.86932961360606,12,1.0,0_75_p12_h1_3_6_12,0.75,True,True,highs
milp_h6,28,740.7786040624045,1267.7998011589048,527.0211970965003,26,225,0.9982040475194265,7.963988800358493,27.652738890133655,-72.61876612884203,12,1.0,0_75_p12_h1_3_6_12,0.75,True,True,highs
milp_h6,29,783.5745810025547,1267.7998011589048,484.22522015635,29,211,0.9982141240127081,9.18135830014944,31.879716319963336,-29.822789188691786,12,1.0,0_75_p12_h1_3_6_12,0.75,True,True,highs
milp_h12,0,813.5386202284271,1267.2998018741605,453.7611816457334,25,201,0.849994485841231,14.732675399631262,51.15512291538633,0.1412500371806118,12,1.0,0_75_p12_h1_3_6_12,0.75,True,True,highs
milp_h12,1,833.2978834921455,1276.6373498558996,443.3394663637542,34,189,0.932526401661952,13.43834189962945,46.660909373713366,19.90051330089898,12,1.0,0_75_p12_h1_3_6_12,0.75,True,True,highs
milp_h12,2,836.7203607111769,1260.4998047351835,423.7794440240065,28,206,0.9051601503104536,14.623399400006747,50.77569236113454,23.322990519930386,12,1.0,0_75_p12_h1_3_6_12,0.75,True,True,highs
milp_h12,3,820.9381193870208,1276.6497991323467,455.71167974532597,19,205,0.8460964492790876,14.381103899882874,49.93438854125998,7.5407491957743105,12,1.0,0_75_p12_h1_3_6_12,0.75,True,True,highs
milp_h12,4,788.5970559546549,1273.399801158905,484.8027452042499,39,193,0.9074055705843073,13.323518800083548,46.26221805584565,-24.80031423659159,12,1.0,0_75_p12_h1_3_6_12,0.75,True,True,highs
milp_h12,5,839.3180803211401,1263.099803304672,423.78172298353184,37,209,0.8775595758908996,13.804549399996176,47.932463194431165,25.920710129893564,12,1.0,0_75_p12_h1_3_6_12,0.75,True,True,highs
milp_h12,6,783.6853809119589,1247.1998054504393,463.51442453848034,30,240,0.9989307569671844,13.979010799899697,48.53823194409617,-29.71198927928765,12,1.0,0_75_p12_h1_3_6_12,0.75,True,True,highs
milp_h12,7,921.9311469254396,1270.7998025894162,348.8686556639766,29,190,0.9077717195671359,14.701731200097129,51.04767777811503,108.53377673419311,12,1.0,0_75_p12_h1_3_6_12,0.75,True,True,highs
milp_h12,8,849.268316370177,1264.5998011589047,415.33148478872766,27,211,0.9456914003219116,12.87444700015476,44.702940972759585,35.87094617893047,12,1.0,0_75_p12_h1_3_6_12,0.75,True,True,highs
milp_h12,9,741.7034440670092,1273.399801158905,531.6963570918957,30,228,0.7302797436029353,14.882070200226735,51.673854861898384,-71.69392612423735,12,1.0,0_75_p12_h1_3_6_12,0.75,True,True,highs
milp_h12,10,677.3385637862523,1270.9998011589048,593.6612373726525,30,199,0.9912422532253559,19.098015999770723,66.31255555475946,-136.05880640499424,12,1.0,0_75_p12_h1_3_6_12,0.75,True,True,highs
milp_h12,11,803.1197103834547,1259.2998018741605,456.18009149070576,31,175,0.9463965993069813,20.632889599830378,71.64197777718881,-10.277659807791792,12,1.0,0_75_p12_h1_3_6_12,0.75,True,True,highs
milp_h12,12,810.7088493428205,1268.5998011589047,457.8909518160843,28,213,0.8894975359630873,24.324893399927532,84.46143541641504,-2.6885208484260374,12,1.0,0_75_p12_h1_3_6_12,0.75,True,True,highs
milp_h12,13,823.4863021486026,1275.9997997283933,452.5134975797907,23,197,0.939444790372418,23.22551850011223,80.64416145872302,10.088931957356067,12,1.0,0_75_p12_h1_3_6_12,0.75,True,True,highs
milp_h12,14,805.2681598179339,1279.9997997283933,474.7316399104594,27,220,0.9059706868095073,22.19647679987247,77.07109999955719,-8.129210373312617,12,1.0,0_75_p12_h1_3_6_12,0.75,True,True,highs
milp_h12,15,845.9133944155756,1283.3374501705168,437.4240557549412,30,193,0.8858383340100291,21.021894300094573,72.99268854199505,32.516024224329044,12,1.0,0_75_p12_h1_3_6_12,0.75,True,True,highs
milp_h12,16,789.6053752183991,1263.499806165695,473.8944309472958,25,203,0.971020178337932,21.691128699923865,75.31641909695787,-23.79199497284742,12,1.0,0_75_p12_h1_3_6_12,0.75,True,True,highs
milp_h12,17,722.087100961871,1247.9998054504392,525.9127044885682,31,202,0.9314698683896382,21.04604920023121,73.07655972302503,-91.31026922937554,12,1.0,0_75_p12_h1_3_6_12,0.75,True,True,highs
milp_h12,18,959.8977882263573,1269.399801158905,309.50201293254764,28,208,0.9508179417932724,20.62397510043229,71.61102465427878,146.50041803511078,12,1.0,0_75_p12_h1_3_6_12,0.75,True,True,highs
milp_h12,19,790.2990472985583,1258.399805450439,468.10075815188077,21,177,0.9606670202540714,19.635372100194218,68.17837534789659,-23.098322892688202,12,1.0,0_75_p12_h1_3_6_12,0.75,True,True,highs
milp_h12,20,911.5455641958577,1262.4998018741605,350.95423767830283,30,212,0.8794804787697573,19.223948200029554,66.74982013899151,98.14819400461113,12,1.0,0_75_p12_h1_3_6_12,0.75,True,True,highs
milp_h12,21,725.5073425558978,1266.6331819176671,541.1258393617693,32,205,0.9575732736244843,20.148518000001786,69.96013194445065,-87.8900276353487,12,1.0,0_75_p12_h1_3_6_12,0.75,True,True,highs
milp_h12,22,920.5891583686271,1280.4997990131376,359.91064064451047,28,212,0.9291539164496266,23.97258710002643,83.23814965286955,107.19178817738054,12,1.0,0_75_p12_h1_3_6_12,0.75,True,True,highs
milp_h12,23,843.4014155068699,1276.1249001622198,432.7234846553499,30,212,0.891492447620347,23.034332999930484,79.9803229164253,30.00404531562333,12,1.0,0_75_p12_h1_3_6_12,0.75,True,True,highs
milp_h12,24,807.5607695035966,1265.499803304672,457.9390338010754,25,214,0.9979005155100696,22.057694499904756,76.58921701355818,-5.836600687649934,12,1.0,0_75_p12_h1_3_6_12,0.75,True,True,highs
milp_h12,25,635.2296418148119,1268.9998040199278,633.7701622051159,24,218,0.9977804937562097,23.50402760016732,81.61120694502542,-178.16772837643464,12,1.0,0_75_p12_h1_3_6_12,0.75,True,True,highs
milp_h12,26,798.7117109179735,1269.399801158905,470.68809024093144,26,188,0.9982343975306323,27.357347799901618,94.99079097188061,-14.685659273273018,12,1.0,0_75_p12_h1_3_6_12,0.75,True,True,highs
milp_h12,27,980.0320320446394,1284.7997997283933,304.7677676837539,29,228,0.9977448860540714,21.26440340006957,73.83473402801934,166.6346618533929,12,1.0,0_75_p12_h1_3_6_12,0.75,True,True,highs
milp_h12,28,740.7786040624045,1267.7998011589048,527.0211970965003,32,219,0.9342108930318561,19.37540359972627,67.27570694349399,-72.61876612884203,12,1.0,0_75_p12_h1_3_6_12,0.75,True,True,highs
milp_h12,29,780.8240769681246,1263.1998054504393,482.3757284823147,29,209,0.9568679131781169,24.033997700084,83.45138090306945,-32.57329322312194,12,1.0,0_75_p12_h1_3_6_12,0.75,True,True,highs
equal_share,0,703.0225132524995,1094.8086846644483,391.78617141194877,35,191,0.8946870983562462,0.005212100135395303,0.018097569914567027,-110.37485693874703,12,1.0,0_75_p12_h1_3_6_12,0.75,True,True,highs
equal_share,1,567.4398136169903,868.5720763488729,301.1322627318827,20,203,0.9319321660757488,0.005829700123285875,0.020242014316964842,-245.95755657425627,12,1.0,0_75_p12_h1_3_6_12,0.75,True,True,highs
equal_share,2,654.9951220770182,987.326398555117,332.33127647809874,29,203,0.926687188566079,0.005035400128690526,0.01748402822461988,-158.4022481142283,12,1.0,0_75_p12_h1_3_6_12,0.75,True,True,highs
equal_share,3,630.5306922530142,986.1577167423535,355.6270244893393,27,197,0.9150407010732791,0.0054601000738330185,0.018958680811920203,-182.86667793823233,12,1.0,0_75_p12_h1_3_6_12,0.75,True,True,highs
equal_share,4,652.8482194529483,1052.989469662415,400.1412502094667,33,197,0.9854542398761454,0.005298200238030404,0.018396528604272235,-160.54915073829818,12,1.0,0_75_p12_h1_3_6_12,0.75,True,True,highs
equal_share,5,682.7425118253293,1030.4466350568537,347.7041232315244,30,215,0.762118317022892,0.005091200117021799,0.01767777818410347,-130.65485836591722,12,1.0,0_75_p12_h1_3_6_12,0.75,True,True,highs
equal_share,6,606.5582080992931,965.2072805967575,358.64907249746443,30,240,0.9956255765621396,0.004860200191615149,0.016875695109774824,-206.83916209195343,12,1.0,0_75_p12_h1_3_6_12,0.75,True,True,highs
equal_share,7,799.6739568944381,1101.8431473784399,302.1691904840017,28,190,0.8678885014045212,0.005645499855745584,0.019602430054672167,-13.723413296808417,12,1.0,0_75_p12_h1_3_6_12,0.75,True,True,highs
equal_share,8,723.5146842957089,1079.828751329036,356.3140670333272,30,207,0.9274483617068574,0.004847100120969117,0.016830208753364988,-89.88268589553763,12,1.0,0_75_p12_h1_3_6_12,0.75,True,True,highs
equal_share,9,600.8927909888788,1024.2879809931917,423.3951900043129,24,234,0.8304089562161278,0.0048587000637780875,0.016870486332562804,-212.50457920236772,12,1.0,0_75_p12_h1_3_6_12,0.75,True,True,highs
equal_share,10,505.80377107395304,947.9150991407782,442.1113280668252,24,205,0.9041634282583332,0.005401700065704063,0.018755903005916882,-307.5935991172935,12,1.0,0_75_p12_h1_3_6_12,0.75,True,True,highs
equal_share,11,645.9994295772126,1012.637669945762,366.6382403685494,30,176,0.9559099698911505,0.004721400240669027,0.016393750835656345,-167.39794061403393,12,1.0,0_75_p12_h1_3_6_12,0.75,True,True,highs
equal_share,12,587.0550864863587,914.9210717081306,327.8659852217719,29,212,0.8334043719038571,0.005018200114136562,0.01742430595186306,-226.3422837048878,12,1.0,0_75_p12_h1_3_6_12,0.75,True,True,highs
equal_share,13,621.5425338078204,960.356199418608,338.81366561078755,23,196,0.8422212706703087,0.00583060021745041,0.020245139643925034,-191.85483638342612,12,1.0,0_75_p12_h1_3_6_12,0.75,True,True,highs
equal_share,14,658.9146524955884,1049.8244144835817,390.90976198799336,20,227,0.9972766288996553,0.00541659994632937,0.018807638702532534,-154.48271769565815,12,1.0,0_75_p12_h1_3_6_12,0.75,True,True,highs
equal_share,15,816.1671607104668,1238.0267533631852,421.8595926527185,38,184,0.9080208403578149,0.005440400040242821,0.018890277917509794,2.769790519220237,12,1.0,0_75_p12_h1_3_6_12,0.75,True,True,highs
equal_share,16,557.216825352482,888.4029254613253,331.1861001088432,22,204,0.99532066228776,0.005070300278021023,0.017605209298684105,-256.1805448387645,12,1.0,0_75_p12_h1_3_6_12,0.75,True,True,highs
equal_share,17,570.0759912205028,971.7834692426146,401.70747802211184,29,203,0.8083373434987687,0.005357999994885176,0.018604166648906864,-243.3213789707437,12,1.0,0_75_p12_h1_3_6_12,0.75,True,True,highs
equal_share,18,519.2064333469943,682.1836364818527,162.9772031348583,12,222,0.8259337529688471,0.004808299709111452,0.01669548510108143,-294.1909368442522,12,1.0,0_75_p12_h1_3_6_12,0.75,True,True,highs
equal_share,19,530.9235639169731,840.9074543496545,309.98389043268133,17,181,0.7272352412282536,0.0041130996542051435,0.014281596021545637,-282.47380627427344,12,1.0,0_75_p12_h1_3_6_12,0.75,True,True,highs
equal_share,20,748.6604094187934,1035.9200043335968,287.2595949148034,32,207,0.8850261335675446,0.004351200157543644,0.015108333880359877,-64.73696077245313,12,1.0,0_75_p12_h1_3_6_12,0.75,True,True,highs
equal_share,21,549.3598060552213,957.7214271928299,408.36162113760867,25,213,0.9013141396735597,0.004298900195863098,0.014926736791191312,-264.03756413602525,12,1.0,0_75_p12_h1_3_6_12,0.75,True,True,highs
equal_share,22,767.4287711052791,1068.0957027041763,300.6669315988973,29,211,0.9150544482960141,0.004603599954862148,0.01598472206549357,-45.96859908596741,12,1.0,0_75_p12_h1_3_6_12,0.75,True,True,highs
equal_share,23,687.0528118917445,1035.7225954601024,348.66978356835796,23,218,0.8658201471759512,0.004141599900322035,0.01438055520945151,-126.34455829950207,12,1.0,0_75_p12_h1_3_6_12,0.75,True,True,highs
equal_share,24,519.134178029298,813.8695206709231,294.7353426416251,15,222,0.9950126580129999,0.0040265000716317445,0.013980903026499113,-294.2631921619485,12,1.0,0_75_p12_h1_3_6_12,0.75,True,True,highs
equal_share,25,473.7058047311244,938.450520228469,464.74471549734466,24,218,0.9953704856256378,0.004340199870057404,0.01507013843769932,-339.69156546012215,12,1.0,0_75_p12_h1_3_6_12,0.75,True,True,highs
equal_share,26,685.6575999634565,1092.4270587881756,406.76945882471915,27,183,0.9418129556027798,0.004678900120779872,0.01624618097493011,-127.73977022779002,12,1.0,0_75_p12_h1_3_6_12,0.75,True,True,highs
equal_share,27,726.38785998854,951.1518600227024,224.76400003416242,20,236,0.9610642644465255,0.004138199699809775,0.014368748957672829,-87.00951020270656,12,1.0,0_75_p12_h1_3_6_12,0.75,True,True,highs
equal_share,28,511.01505515626906,875.7438384769239,364.7287833206548,23,228,0.6285576849865616,0.00411939958576113,0.014303470783892812,-302.38231503497747,12,1.0,0_75_p12_h1_3_6_12,0.75,True,True,highs
equal_share,29,525.8322294749385,848.1217907068051,322.2895612318666,21,217,0.9889455470763381,0.004030599695397541,0.013995137831241462,-287.56514071630806,12,1.0,0_75_p12_h1_3_6_12,0.75,True,True,highs
max_charge,0,812.3091500600177,1267.2999999999997,454.990849939982,39,187,0.8955688183530749,0.001654900290304795,0.005746181563558316,-1.088220131228809,12,1.0,0_75_p12_h1_3_6_12,0.75,True,True,highs
max_charge,1,831.2796955585479,1275.3999999999999,444.120304441452,41,182,0.964782600386167,0.0016088997363112867,0.005586457417747524,17.882325367301405,12,1.0,0_75_p12_h1_3_6_12,0.75,True,True,highs
max_charge,2,835.5777384420235,1260.4999999999998,424.92226155797636,35,197,0.9057877148929259,0.0015784002025611699,0.005480556258892951,22.18036825077695,12,1.0,0_75_p12_h1_3_6_12,0.75,True,True,highs
max_charge,3,818.9339171806971,1275.3999999999999,456.4660828193028,37,187,0.9389401162033668,0.0015791996847838163,0.005483332238832695,5.536546989450585,12,1.0,0_75_p12_h1_3_6_12,0.75,True,True,highs
max_charge,4,787.3665062506993,1273.3999999999999,486.0334937493006,43,187,0.9089711971686169,0.0015929995279293507,0.0055312483608658015,-26.030863940547192,12,1.0,0_75_p12_h1_3_6_12,0.75,True,True,highs
max_charge,5,838.0918934941292,1263.1,425.0081065058708,43,203,0.8495210074102768,0.001550600107293576,0.0053840281503249165,24.694523302882658,12,1.0,0_75_p12_h1_3_6_12,0.75,True,True,highs
max_charge,6,782.466258128484,1247.1999999999998,464.73374187151586,41,229,0.9961480287547907,0.0015221003850456327,0.005285070781408447,-30.93111206276251,12,1.0,0_75_p12_h1_3_6_12,0.75,True,True,highs
max_charge,7,920.8240306377409,1270.7999999999997,349.97596936225887,35,183,0.8797805945475088,0.0015872001240495592,0.0055111115418387474,107.42666044649434,12,1.0,0_75_p12_h1_3_6_12,0.75,True,True,highs
max_charge,8,848.021566414833,1264.6,416.57843358516686,40,197,0.9516399793644877,0.0015651999856345356,0.005434722172342137,34.62419622358652,12,1.0,0_75_p12_h1_3_6_12,0.75,True,True,highs
max_charge,9,740.4206940730412,1273.3999999999999,532.9793059269587,38,220,0.8831937883083713,0.0015993000124581158,0.005553125043257346,-72.97667611820532,12,1.0,0_75_p12_h1_3_6_12,0.75,True,True,highs
max_charge,10,675.9293642838794,1270.9999999999998,595.0706357161204,40,189,0.9069967578140683,0.0016073001606855541,0.005580903335713729,-137.46800590736711,12,1.0,0_75_p12_h1_3_6_12,0.75,True,True,highs
max_charge,11,801.8194102803864,1259.2999999999997,457.4805897196133,38,167,0.9675340542214251,0.0016043998184613883,0.0055708327029909315,-11.577959910860159,12,1.0,0_75_p12_h1_3_6_12,0.75,True,True,highs
max_charge,12,809.6331894516943,1268.5999999999997,458.96681054830543,42,200,0.8768028466246841,0.0015674997412133962,0.005442707434768736,-3.7641807395522164,12,1.0,0_75_p12_h1_3_6_12,0.75,True,True,highs
max_charge,13,822.2494083245593,1275.9999999999998,453.75059167544043,40,179,0.8560321397408357,0.0016200999962165952,0.0056253472090854,8.852038133312817,12,1.0,0_75_p12_h1_3_6_12,0.75,True,True,highs
max_charge,14,803.6629605531691,1279.3999999999999,475.7370394468307,32,215,0.9975022324910681,0.0015596000594086945,0.005415277984057967,-9.734409638077409,12,1.0,0_75_p12_h1_3_6_12,0.75,True,True,highs
max_charge,15,843.6601043442884,1281.4999999999998,437.8398956557114,42,180,0.9123298078613389,0.0016514002927578986,0.005734028794298259,30.262734153041833,12,1.0,0_75_p12_h1_3_6_12,0.75,True,True,highs
max_charge,16,788.3913822253544,1263.4999999999998,475.10861777464544,37,189,0.9967987704002462,0.0015831998316571116,0.005497221637698304,-25.005987965892132,12,1.0,0_75_p12_h1_3_6_12,0.75,True,True,highs
max_charge,17,720.8568630218505,1247.9999999999998,527.1431369781493,42,190,0.8487137220071888,0.001564300007885322,0.005431597249601812,-92.54050716939605,12,1.0,0_75_p12_h1_3_6_12,0.75,True,True,highs
max_charge,18,959.1190828283627,1269.3999999999999,310.28091717163716,37,197,0.9169481990145427,0.0016551002045162022,0.005746875710125702,145.72171263711618,12,1.0,0_75_p12_h1_3_6_12,0.75,True,True,highs
max_charge,19,789.0327193578083,1258.3999999999999,469.36728064219153,40,158,0.8865175111894673,0.0015604999789502472,0.005418402704688358,-24.36465083343819,12,1.0,0_75_p12_h1_3_6_12,0.75,True,True,highs
max_charge,20,910.5129681130248,1262.4999999999998,351.98703188697493,41,198,0.9036422023084038,0.0015424000448547304,0.005355555711301147,97.11559792177832,12,1.0,0_75_p12_h1_3_6_12,0.75,True,True,highs
max_charge,21,723.6935526251792,1265.8999999999999,542.2064473748206,40,198,0.9366054945394486,0.0015438000846188515,0.005360416960482123,-89.7038175660673,12,1.0,0_75_p12_h1_3_6_12,0.75,True,True,highs
max_charge,22,919.3847100536027,1280.4999999999998,361.11528994639707,39,201,0.888239504115682,0.0016168001457117498,0.005613889394832465,105.98733986235618,12,1.0,0_75_p12_h1_3_6_12,0.75,True,True,highs
max_charge,23,841.3965838511783,1274.8999999999999,433.5034161488215,37,206,0.9163414928750355,0.0015421997522935271,0.005354860251019191,27.999213659931797,12,1.0,0_75_p12_h1_3_6_12,0.75,True,True,highs
max_charge,24,806.3324234684306,1265.4999999999998,459.1675765315691,37,200,0.9852946488880845,0.0015139998286031187,0.005256943849316385,-7.0649467228158755,12,1.0,0_75_p12_h1_3_6_12,0.75,True,True,highs
max_charge,25,633.7005158265431,1268.9999999999998,635.2994841734567,43,199,0.9970413937404117,0.0015229998098220676,0.005288193784104401,-179.69685436470343,12,1.0,0_75_p12_h1_3_6_12,0.75,True,True,highs
max_charge,26,797.523011136055,1269.3999999999999,471.876988863945,42,170,0.9367666038224087,0.0015417001268360764,0.005353125440403043,-15.874359055191576,12,1.0,0_75_p12_h1_3_6_12,0.75,True,True,highs
max_charge,27,978.7902725060779,1284.1999999999998,305.4097274939219,33,223,0.975701866100674,0.001744000008329749,0.006055555584478295,165.39290231483142,12,1.0,0_75_p12_h1_3_6_12,0.75,True,True,highs
max_charge,28,739.4277692079542,1267.7999999999997,528.3722307920456,41,210,0.9258407416535476,0.0016556999762542546,0.005748958250882829,-73.96960098329237,12,1.0,0_75_p12_h1_3_6_12,0.75,True,True,highs
max_charge,29,782.3364257812498,1267.7999999999997,485.46357421874995,41,197,0.9039679553697075,0.001796500087948516,0.006237847527599014,-31.06094440999675,12,1.0,0_75_p12_h1_3_6_12,0.75,True,True,highs
random,0,766.7502929298117,1196.5216527276339,429.77135979782213,27,197,0.9267018307547666,0.020703299960587174,0.07188645819648325,-46.64707726143479,12,1.0,0_75_p12_h1_3_6_12,0.75,True,True,highs
random,1,776.5502221145737,1190.041725428224,413.49150331365036,33,190,0.9805889465021793,0.02116960022249259,0.07350555632809927,-36.84714807667285,12,1.0,0_75_p12_h1_3_6_12,0.75,True,True,highs
random,2,784.1416948214729,1182.8824866258622,398.74079180438923,37,196,0.8989311506656457,0.02006599973537959,0.06967361019229025,-29.2556753697736,12,1.0,0_75_p12_h1_3_6_12,0.75,True,True,highs
random,3,778.1279855698551,1212.1266287268159,433.99864315696067,31,193,0.8980621227444959,0.021511800325242803,0.07469375112931528,-35.269384621391396,12,1.0,0_75_p12_h1_3_6_12,0.75,True,True,highs
random,4,740.7852895200677,1198.8994331876615,458.1141436675938,40,190,0.9051691923046126,0.022130200057290494,0.07684097242114755,-72.61208067117877,12,1.0,0_75_p12_h1_3_6_12,0.75,True,True,highs
random,5,792.7775883218865,1194.3743648372226,401.59677651533616,43,202,0.8035660380687493,0.021023200009949505,0.07299722225676912,-20.619781869360054,12,1.0,0_75_p12_h1_3_6_12,0.75,True,True,highs
random,6,733.2639666325649,1169.177295362655,435.91332873009014,32,238,0.9977409785703018,0.020437799714272842,0.07096458234122514,-80.13340355868161,12,1.0,0_75_p12_h1_3_6_12,0.75,True,True,highs
random,7,858.337205317313,1182.7987406376924,324.4615353203795,32,186,0.8849649544840429,0.020901099604088813,0.07257326251419727,44.93983512606644,12,1.0,0_75_p12_h1_3_6_12,0.75,True,True,highs
random,8,807.0043505778629,1202.434614213494,395.43026363563104,34,203,0.9273255720517938,0.020912199921440333,0.07261180528277894,-6.393019613383672,12,1.0,0_75_p12_h1_3_6_12,0.75,True,True,highs
random,9,685.0384621114597,1180.7178311751088,495.6793690636492,33,225,0.7934576297607909,0.020283999881939963,0.07043055514562487,-128.35890807978683,12,1.0,0_75_p12_h1_3_6_12,0.75,True,True,highs
random,10,639.5957042986066,1203.865648007399,564.2699437087923,34,195,0.9420892441487744,0.021026299858931452,0.07300798562128977,-173.8016658926399,12,1.0,0_75_p12_h1_3_6_12,0.75,True,True,highs
random,11,749.3939507138944,1176.1202435238115,426.7262928099171,36,169,0.9517630830647238,0.022859000047901645,0.07937152794410293,-64.00341947735217,12,1.0,0_75_p12_h1_3_6_12,0.75,True,True,highs
random,12,761.0099331431903,1193.8754265228501,432.8654933796598,36,205,0.8783503634146875,0.022649399761576205,0.07864374917213961,-52.3874370480562,12,1.0,0_75_p12_h1_3_6_12,0.75,True,True,highs
random,13,766.6032041572151,1190.1242968144284,423.5210926572132,39,180,0.891452824048995,0.024276700103655457,0.084294097582137,-46.79416603403138,12,1.0,0_75_p12_h1_3_6_12,0.75,True,True,highs
random,14,750.5357401150663,1195.2039737577775,444.6682336427111,31,216,0.9846009424635263,0.023071900621289387,0.0801107660461437,-62.86163007618018,12,1.0,0_75_p12_h1_3_6_12,0.75,True,True,highs
random,15,793.8491057328182,1208.1726596453382,414.32355391251997,38,183,0.8342953588540168,0.0218767003971152,0.07596076526776112,-19.54826445842832,12,1.0,0_75_p12_h1_3_6_12,0.75,True,True,highs
random,16,736.9739764416954,1181.6829223760988,444.70894593440335,36,190,0.8192281613643385,0.019612900039646775,0.06810034735988463,-76.42339374955111,12,1.0,0_75_p12_h1_3_6_12,0.75,True,True,highs
random,17,669.8830439148579,1161.8836921233565,492.00064820849855,31,202,0.9380056492206644,0.01951800024835393,0.06777083419567337,-143.5143262763886,12,1.0,0_75_p12_h1_3_6_12,0.75,True,True,highs
random,18,893.9273033303621,1183.3210900206082,289.39378669024603,31,203,0.997823042528419,0.02057479982613586,0.07144027717408284,80.52993313911554,12,1.0,0_75_p12_h1_3_6_12,0.75,True,True,highs
random,19,725.6012768380175,1156.9016280685864,431.30035123056894,37,161,0.8665114594295328,0.023360400024103,0.08111250008369097,-87.79609335322903,12,1.0,0_75_p12_h1_3_6_12,0.75,True,True,highs
random,20,843.7183764126768,1169.2643128906498,325.545936477973,38,201,0.9072310729386969,0.020008099992992356,0.06947256942011235,30.321006221430252,12,1.0,0_75_p12_h1_3_6_12,0.75,True,True,highs
random,21,680.029610711018,1191.3573754603772,511.32776474935923,32,204,0.9978608949769555,0.019807899923762307,0.06877743029084134,-133.36775948022853,12,1.0,0_75_p12_h1_3_6_12,0.75,True,True,highs
random,22,868.2344544910234,1206.1810870517436,337.9466325607203,38,202,0.8900587693366262,0.020437700062757358,0.0709642363290186,54.83708429977685,12,1.0,0_75_p12_h1_3_6_12,0.75,True,True,highs
random,23,783.5397033400814,1185.7611238498193,402.2214205097379,31,210,0.9197251613201811,0.020457099773921072,0.07103159643722595,-29.857666851165163,12,1.0,0_75_p12_h1_3_6_12,0.75,True,True,highs
random,24,750.6112889702035,1177.883506246728,427.27221727652454,34,203,0.8472346598444047,0.02192129974719137,0.07611562412219225,-62.78608122104299,12,1.0,0_75_p12_h1_3_6_12,0.75,True,True,highs
random,25,596.8859598248235,1196.7052955513052,599.8193357264817,31,211,0.9317037807886194,0.022160799970151857,0.07694722211858283,-216.51141036642298,12,1.0,0_75_p12_h1_3_6_12,0.75,True,True,highs
random,26,739.6624344766253,1177.7288248265081,438.06639034988285,40,170,0.8923845155060461,0.018254500231705606,0.06338368136008891,-73.7349357146212,12,1.0,0_75_p12_h1_3_6_12,0.75,True,True,highs
random,27,929.3512387880269,1219.408384859782,290.0571460717552,33,224,0.9984450924571132,0.016158000129507855,0.05610416711634672,115.95386859678035,12,1.0,0_75_p12_h1_3_6_12,0.75,True,True,highs
random,28,697.9053809840323,1197.063958366927,499.15857738289463,37,214,0.978688337314118,0.01490260032005608,0.05174514000019473,-115.49198920721426,12,1.0,0_75_p12_h1_3_6_12,0.75,True,True,highs
random,29,727.5062676736595,1178.6892803157325,451.183012642073,31,207,0.9688930865965053,0.01500529987970367,0.05210173569341552,-85.891102517587,12,1.0,0_75_p12_h1_3_6_12,0.75,True,True,highs
