controller,seed,net_profit,total_revenue,total_cost,served_customers,rejected_customers,mean_soc_fulfillment,total_compute_s,mean_step_ms,gap_to_best,ports,grid_cap_strain,experiment_id,tariff,bess_enabled,v2g_enabled,solver
milp_h1,0,16.299712871875098,45.21029165522827,28.91057878335317,6,227,0.816000005521123,3.0713304000528296,10.664341666850103,0.00753494048131742,3,0.25,dynamic_1_5_p3_h1_3_6_12_s0_25,dynamic:1.5,True,True,highs
milp_h1,1,15.852594175406143,43.83747495508973,27.98488077968359,2,230,0.5741583232758991,3.1162303998571588,10.820244443948468,-0.43958375598763766,3,0.25,dynamic_1_5_p3_h1_3_6_12_s0_25,dynamic:1.5,True,True,highs
milp_h1,2,15.302064839675296,42.47788738128967,27.175822541614373,6,235,0.9983135600296565,3.101920599976438,10.770557638807077,-0.9901130917184844,3,0.25,dynamic_1_5_p3_h1_3_6_12_s0_25,dynamic:1.5,True,True,highs
milp_h1,3,16.152711278885647,44.86378578711554,28.711074508229892,4,229,0.6994756105544946,3.123125300000538,10.844185069446313,-0.1394666525081334,3,0.25,dynamic_1_5_p3_h1_3_6_12_s0_25,dynamic:1.5,True,True,highs
milp_h1,4,17.2408495737534,48.03047209291868,30.789622519165277,5,234,0.9989980744147444,3.284261000007973,11.403684027805461,0.9486716423596206,3,0.25,dynamic_1_5_p3_h1_3_6_12_s0_25,dynamic:1.5,True,True,highs
milp_h1,5,15.270915257384512,42.133741986453664,26.862826729069152,4,250,0.9986334647722037,3.1013824999972712,10.768689236101636,-1.021262674009268,3,0.25,dynamic_1_5_p3_h1_3_6_12_s0_25,dynamic:1.5,True,True,highs
milp_h1,6,16.702810883307894,46.450641081764736,29.747830198456843,2,277,0.0,3.1375544998591067,10.894286457844121,0.4106329519141134,3,0.25,dynamic_1_5_p3_h1_3_6_12_s0_25,dynamic:1.5,True,True,highs
milp_h1,7,12.717618673528776,34.83103500628029,22.113416332751513,3,224,0.9992017605836668,3.3203685998742003,11.529057638452084,-3.5745592578650047,3,0.25,dynamic_1_5_p3_h1_3_6_12_s0_25,dynamic:1.5,True,True,highs
milp_h1,8,15.068541509439903,41.46492360435958,26.39638209491968,1,245,0.0,3.20926950017747,11.143296875616215,-1.2236364219538771,3,0.25,dynamic_1_5_p3_h1_3_6_12_s0_25,dynamic:1.5,True,True,highs
milp_h1,9,18.72129575472232,52.31522655473308,33.59393080001076,3,264,0.6999345680674047,3.2184959000442177,11.175332986264644,2.4291178233285393,3,0.25,dynamic_1_5_p3_h1_3_6_12_s0_25,dynamic:1.5,True,True,highs
milp_h1,10,20.93310604844249,58.57133077635126,37.63822472790877,5,233,0.9228533256441966,3.282075500013889,11.396095486159336,4.640928117048709,3,0.25,dynamic_1_5_p3_h1_3_6_12_s0_25,dynamic:1.5,True,True,highs
milp_h1,11,16.532323457074003,45.6956353234965,29.163311866422493,2,212,0.0,3.369977100068354,11.70130937523734,0.24014552568022296,3,0.25,dynamic_1_5_p3_h1_3_6_12_s0_25,dynamic:1.5,True,True,highs
milp_h1,12,16.133738352440616,45.1737993405092,29.040060988068582,4,246,0.9986399131813275,3.2236538999859476,11.19324270828454,-0.15843957895316407,3,0.25,dynamic_1_5_p3_h1_3_6_12_s0_25,dynamic:1.5,True,True,highs
milp_h1,13,16.193341050548458,44.86889953365237,28.67555848310391,2,226,0.9988186330105359,3.2944535000569886,11.439074652975656,-0.09883688084532238,3,0.25,dynamic_1_5_p3_h1_3_6_12_s0_25,dynamic:1.5,True,True,highs
milp_h1,14,16.83636800704606,46.80757296590217,29.971204958856106,11,245,0.9996289791612135,3.3008223000506405,11.461188541842501,0.5441900756522813,3,0.25,dynamic_1_5_p3_h1_3_6_12_s0_25,dynamic:1.5,True,True,highs
milp_h1,15,15.133527598338304,42.59381774346727,27.460290145128965,4,226,0.14242121024452853,3.448695499988389,11.974637152737463,-1.1586503330554763,3,0.25,dynamic_1_5_p3_h1_3_6_12_s0_25,dynamic:1.5,True,True,highs
milp_h1,16,16.943779007141462,47.18893762905863,30.245158621917167,5,230,0.9990283352733215,3.2080687000707258,11.139127430801132,0.6516010757476813,3,0.25,dynamic_1_5_p3_h1_3_6_12_s0_25,dynamic:1.5,True,True,highs
milp_h1,17,18.614498214735427,52.15237992685421,33.53788171211878,2,239,0.0,3.204375999805052,11.126305554878652,2.3223202833416465,3,0.25,dynamic_1_5_p3_h1_3_6_12_s0_25,dynamic:1.5,True,True,highs
milp_h1,18,10.95473187308058,30.52759127545401,19.57285940237343,5,238,0.755214566244301,3.3520378000830533,11.63902013917727,-5.337446058313201,3,0.25,dynamic_1_5_p3_h1_3_6_12_s0_25,dynamic:1.5,True,True,highs
milp_h1,19,16.749827643417007,46.45007601895202,29.70024837553501,3,204,0.0,3.2597748998523457,11.318662846709534,0.45764971202322613,3,0.25,dynamic_1_5_p3_h1_3_6_12_s0_25,dynamic:1.5,True,True,highs
milp_h1,20,12.648178954976153,34.8462771097147,22.198098154738545,6,242,0.9986071269425572,3.270095300031244,11.35449756955293,-3.6439989764176275,3,0.25,dynamic_1_5_p3_h1_3_6_12_s0_25,dynamic:1.5,True,True,highs
milp_h1,21,19.09925950947305,53.180335464655364,34.081075955182314,3,242,0.9964622178584408,3.2067051001940854,11.13439270900724,2.80708157807927,3,0.25,dynamic_1_5_p3_h1_3_6_12_s0_25,dynamic:1.5,True,True,highs
milp_h1,22,13.214459677885742,36.02955695400712,22.815097276121378,3,246,0.9983202490338657,3.2510722998995334,11.288445485762269,-3.0777182535080385,3,0.25,dynamic_1_5_p3_h1_3_6_12_s0_25,dynamic:1.5,True,True,highs
milp_h1,23,15.492146412003201,42.76044757859723,27.26830116659403,5,245,0.4288309093323224,3.0972035999875516,10.754179166623443,-0.8000315193905791,3,0.25,dynamic_1_5_p3_h1_3_6_12_s0_25,dynamic:1.5,True,True,highs
milp_h1,24,16.42929341768447,45.60241017615024,29.173116758465767,7,239,0.7058771128329876,3.052718100036145,10.599715625125505,0.13711548629068915,3,0.25,dynamic_1_5_p3_h1_3_6_12_s0_25,dynamic:1.5,True,True,highs
milp_h1,25,22.44131947106407,62.736210578146434,40.294891107082364,3,248,0.0,3.0529032998747425,10.600358680120634,6.149141539670289,3,0.25,dynamic_1_5_p3_h1_3_6_12_s0_25,dynamic:1.5,True,True,highs
milp_h1,26,16.735277365571463,46.63930083928128,29.90402347370982,1,218,0.0,3.158088300086092,10.965584375298931,0.4430994341776824,3,0.25,dynamic_1_5_p3_h1_3_6_12_s0_25,dynamic:1.5,True,True,highs
milp_h1,27,10.766641995739239,29.936453964741325,19.169811969002087,3,262,0.0,3.0215010999818332,10.49132326382581,-5.525535935654542,3,0.25,dynamic_1_5_p3_h1_3_6_12_s0_25,dynamic:1.5,True,True,highs
milp_h1,28,18.757008114087597,52.21810795006952,33.461099835981926,4,256,0.9998804685929853,3.077943800148205,10.687304861625712,2.4648301826938166,3,0.25,dynamic_1_5_p3_h1_3_6_12_s0_25,dynamic:1.5,True,True,highs
milp_h1,29,17.157751460064958,47.75836209474952,30.600610634684564,5,242,0.9982160406693857,3.1287108000251465,10.863579166753981,0.8655735286711774,3,0.25,dynamic_1_5_p3_h1_3_6_12_s0_25,dynamic:1.5,True,True,highs
milp_h3,0,16.299712871875098,45.21029165522827,28.91057878335317,3,230,0.9977396009601852,5.4798171000002185,19.027142708334093,0.00753494048131742,3,0.25,dynamic_1_5_p3_h1_3_6_12_s0_25,dynamic:1.5,True,True,highs
milp_h3,1,15.852594175406143,43.83747495508973,27.98488077968359,2,230,0.7859779226887934,5.019296500031487,17.42811284733155,-0.43958375598763766,3,0.25,dynamic_1_5_p3_h1_3_6_12_s0_25,dynamic:1.5,True,True,highs
milp_h3,2,15.302064839675296,42.47788738128967,27.175822541614373,2,239,0.0,3.9851885999087244,13.837460416349737,-0.9901130917184844,3,0.25,dynamic_1_5_p3_h1_3_6_12_s0_25,dynamic:1.5,True,True,highs
milp_h3,3,16.152711278885647,44.86378578711554,28.711074508229892,2,231,0.0,5.509771800119779,19.13115208374923,-0.1394666525081334,3,0.25,dynamic_1_5_p3_h1_3_6_12_s0_25,dynamic:1.5,True,True,highs
milp_h3,4,17.2408495737534,48.03047209291868,30.789622519165277,1,238,0.9966950726376488,5.657712900021579,19.64483645840826,0.9486716423596206,3,0.25,dynamic_1_5_p3_h1_3_6_12_s0_25,dynamic:1.5,True,True,highs
milp_h3,5,15.270915257384512,42.133741986453664,26.862826729069152,3,251,0.9989028912101242,5.748190699945553,19.95899548592206,-1.021262674009268,3,0.25,dynamic_1_5_p3_h1_3_6_12_s0_25,dynamic:1.5,True,True,highs
milp_h3,6,16.7615470168557,46.58614921620153,29.824602199345826,2,277,0.9986478828339609,4.761081900040153,16.531534375139422,0.4693690854619206,3,0.25,dynamic_1_5_p3_h1_3_6_12_s0_25,dynamic:1.5,True,True,highs
milp_h3,7,12.717618673528776,34.83103500628029,22.113416332751513,4,223,0.9834265963794088,5.391357500076992,18.71999131971178,-3.5745592578650047,3,0.25,dynamic_1_5_p3_h1_3_6_12_s0_25,dynamic:1.5,True,True,highs
milp_h3,8,15.09858553660072,41.53422346440114,26.435637927800418,2,244,0.9979931762341203,6.278585799998837,21.80064513888485,-1.1935923947930611,3,0.25,dynamic_1_5_p3_h1_3_6_12_s0_25,dynamic:1.5,True,True,highs
milp_h3,9,18.72129575472232,52.31522655473308,33.59393080001076,2,265,0.8475744032821909,5.26367229995958,18.27663993041521,2.4291178233285393,3,0.25,dynamic_1_5_p3_h1_3_6_12_s0_25,dynamic:1.5,True,True,highs
milp_h3,10,20.93310604844249,58.57133077635126,37.63822472790877,2,236,0.0,5.807551000005333,20.165107638907404,4.640928117048709,3,0.25,dynamic_1_5_p3_h1_3_6_12_s0_25,dynamic:1.5,True,True,highs
milp_h3,11,16.594967684379444,45.840162885418756,29.245195201039312,5,209,0.9974168991548411,5.638853599855793,19.57935277727706,0.3027897529856638,3,0.25,dynamic_1_5_p3_h1_3_6_12_s0_25,dynamic:1.5,True,True,highs
milp_h3,12,16.133738352440616,45.1737993405092,29.040060988068582,2,248,0.9992808013346104,6.097002699840232,21.170148263334138,-0.15843957895316407,3,0.25,dynamic_1_5_p3_h1_3_6_12_s0_25,dynamic:1.5,True,True,highs
milp_h3,13,16.193341050548458,44.86889953365237,28.67555848310391,2,226,0.0,4.583955100068124,15.91651076412543,-0.09883688084532238,3,0.25,dynamic_1_5_p3_h1_3_6_12_s0_25,dynamic:1.5,True,True,highs
milp_h3,14,16.83636800704606,46.80757296590217,29.971204958856106,5,251,0.0,6.383426600004896,22.164675694461444,0.5441900756522813,3,0.25,dynamic_1_5_p3_h1_3_6_12_s0_25,dynamic:1.5,True,True,highs
milp_h3,15,15.133527598338304,42.59381774346727,27.460290145128965,2,228,0.9993393361494181,5.751907200057758,19.97190000020055,-1.1586503330554763,3,0.25,dynamic_1_5_p3_h1_3_6_12_s0_25,dynamic:1.5,True,True,highs
milp_h3,16,16.943779007141462,47.18893762905863,30.245158621917167,4,231,0.9962723586415395,5.6555864000547444,19.637452777967862,0.6516010757476813,3,0.25,dynamic_1_5_p3_h1_3_6_12_s0_25,dynamic:1.5,True,True,highs
milp_h3,17,18.673773124378812,52.28912666694511,33.6153535425663,1,240,0.0,5.147664300078759,17.873834375273468,2.3815951929850314,3,0.25,dynamic_1_5_p3_h1_3_6_12_s0_25,dynamic:1.5,True,True,highs
milp_h3,18,10.954731873080576,30.527591275454007,19.57285940237343,3,240,0.5138287237489014,5.488364899967564,19.05682256933182,-5.337446058313205,3,0.25,dynamic_1_5_p3_h1_3_6_12_s0_25,dynamic:1.5,True,True,highs
milp_h3,19,16.810836555803938,46.59082909896485,29.779992543160915,2,205,0.9976317531391913,5.197976400042535,18.048529166814358,0.5186586244101576,3,0.25,dynamic_1_5_p3_h1_3_6_12_s0_25,dynamic:1.5,True,True,highs
milp_h3,20,12.648178954976153,34.8462771097147,22.198098154738545,2,246,1.0,5.406682500091847,18.773203125318915,-3.6439989764176275,3,0.25,dynamic_1_5_p3_h1_3_6_12_s0_25,dynamic:1.5,True,True,highs
milp_h3,21,19.099259509473043,53.18033546465536,34.081075955182314,4,241,0.99774419924503,5.473157399945194,19.004018749809703,2.807081578079263,3,0.25,dynamic_1_5_p3_h1_3_6_12_s0_25,dynamic:1.5,True,True,highs
milp_h3,22,13.214459677885742,36.02955695400712,22.815097276121378,2,247,0.0,6.14907679996395,21.35096111098594,-3.0777182535080385,3,0.25,dynamic_1_5_p3_h1_3_6_12_s0_25,dynamic:1.5,True,True,highs
milp_h3,23,15.492146412003201,42.76044757859723,27.26830116659403,3,247,0.8084991432420326,5.60532049977337,19.46291840199087,-0.8000315193905791,3,0.25,dynamic_1_5_p3_h1_3_6_12_s0_25,dynamic:1.5,True,True,highs
milp_h3,24,16.42929341768447,45.60241017615024,29.173116758465767,4,242,0.4188129259308522,6.78247019983246,23.550243749418264,0.13711548629068915,3,0.25,dynamic_1_5_p3_h1_3_6_12_s0_25,dynamic:1.5,True,True,highs
milp_h3,25,22.44131947106407,62.736210578146434,40.294891107082364,4,247,0.9979042600023837,6.224116600045818,21.611515972381312,6.149141539670289,3,0.25,dynamic_1_5_p3_h1_3_6_12_s0_25,dynamic:1.5,True,True,highs
milp_h3,26,16.735277365571463,46.63930083928128,29.90402347370982,1,218,0.9986203679130434,5.447143200057326,18.913691666865716,0.4430994341776824,3,0.25,dynamic_1_5_p3_h1_3_6_12_s0_25,dynamic:1.5,True,True,highs
milp_h3,27,10.766641995739239,29.936453964741325,19.169811969002087,2,263,0.9987370728163306,5.211954600017634,18.097064583394562,-5.525535935654542,3,0.25,dynamic_1_5_p3_h1_3_6_12_s0_25,dynamic:1.5,True,True,highs
milp_h3,28,18.757008114087597,52.21810795006952,33.461099835981926,2,258,0.997538455559417,6.596596099974704,22.904847569356612,2.4648301826938166,3,0.25,dynamic_1_5_p3_h1_3_6_12_s0_25,dynamic:1.5,True,True,highs
milp_h3,29,17.157751460064958,47.75836209474952,30.600610634684564,2,245,0.0,6.424876900040545,22.308600347363,0.8655735286711774,3,0.25,dynamic_1_5_p3_h1_3_6_12_s0_25,dynamic:1.5,True,True,highs
milp_h6,0,16.329343227318212,45.27863384363183,28.94929061631362,3,230,0.0,18.129477099559153,62.94957326235817,0.03716529592443152,3,0.25,dynamic_1_5_p3_h1_3_6_12_s0_25,dynamic:1.5,True,True,highs
milp_h6,1,15.852594175406143,43.83747495508973,27.98488077968359,2,230,0.7859779226887934,16.10816549984156,55.9311302077832,-0.43958375598763766,3,0.25,dynamic_1_5_p3_h1_3_6_12_s0_25,dynamic:1.5,True,True,highs
milp_h6,2,15.302064839675296,42.47788738128967,27.175822541614373,2,239,0.0,11.29610779992072,39.222596527502496,-0.9901130917184844,3,0.25,dynamic_1_5_p3_h1_3_6_12_s0_25,dynamic:1.5,True,True,highs
milp_h6,3,16.181583120601868,44.93037779522687,28.748794674625,3,230,0.9988160314999139,16.51825279984041,57.355044443890314,-0.11059481079191258,3,0.25,dynamic_1_5_p3_h1_3_6_12_s0_25,dynamic:1.5,True,True,highs
milp_h6,4,17.2408495737534,48.03047209291868,30.789622519165277,1,238,0.9966950726376488,15.949574700294761,55.38046770935681,0.9486716423596206,3,0.25,dynamic_1_5_p3_h1_3_6_12_s0_25,dynamic:1.5,True,True,highs
milp_h6,5,15.270915257384512,42.133741986453664,26.862826729069152,6,248,0.916886909922674,16.400008299737237,56.944473262976516,-1.021262674009268,3,0.25,dynamic_1_5_p3_h1_3_6_12_s0_25,dynamic:1.5,True,True,highs
milp_h6,6,16.820339125430966,46.721713325665775,29.90137420023481,2,277,0.9986478828339609,13.517181300238008,46.934657292493085,0.5281611940371853,3,0.25,dynamic_1_5_p3_h1_3_6_12_s0_25,dynamic:1.5,True,True,highs
milp_h6,7,12.717618673528776,34.83103500628029,22.113416332751513,4,223,0.9834265963794088,16.608137199742487,57.66714305466141,-3.5745592578650047,3,0.25,dynamic_1_5_p3_h1_3_6_12_s0_25,dynamic:1.5,True,True,highs
milp_h6,8,15.158673524856567,41.67282311841846,26.51414959356189,2,244,0.9979930887526411,18.196051700069802,63.18073506968681,-1.133504406537213,3,0.25,dynamic_1_5_p3_h1_3_6_12_s0_25,dynamic:1.5,True,True,highs
milp_h6,9,18.72129575472232,52.31522655473308,33.59393080001076,2,265,0.8475744032821909,15.089680000033695,52.39472222233922,2.4291178233285393,3,0.25,dynamic_1_5_p3_h1_3_6_12_s0_25,dynamic:1.5,True,True,highs
milp_h6,10,20.967071504640295,58.64966623211673,37.682594727476435,2,236,0.0,15.774294699862367,54.77185659674433,4.674893573246514,3,0.25,dynamic_1_5_p3_h1_3_6_12_s0_25,dynamic:1.5,True,True,highs
milp_h6,11,16.668531539602846,45.99561007525898,29.327078535656135,5,209,0.9946978539594024,15.740551899885759,54.65469409682555,0.37635360820906527,3,0.25,dynamic_1_5_p3_h1_3_6_12_s0_25,dynamic:1.5,True,True,highs
milp_h6,12,16.185593803753857,45.293394124289755,29.107800320535897,2,248,0.9992808013346104,17.16937009981484,59.615868402134865,-0.10658412763992331,3,0.25,dynamic_1_5_p3_h1_3_6_12_s0_25,dynamic:1.5,True,True,highs
milp_h6,13,16.193341050548458,44.86889953365237,28.67555848310391,2,226,0.0,12.921968399896286,44.86794583297322,-0.09883688084532238,3,0.25,dynamic_1_5_p3_h1_3_6_12_s0_25,dynamic:1.5,True,True,highs
milp_h6,14,16.83636800704606,46.80757296590217,29.971204958856106,5,251,0.0,17.944040600123117,62.30569652820527,0.5441900756522813,3,0.25,dynamic_1_5_p3_h1_3_6_12_s0_25,dynamic:1.5,True,True,highs
milp_h6,15,15.133527598338304,42.59381774346727,27.460290145128965,2,228,0.9993393361494181,15.105564500001492,52.449876736116295,-1.1586503330554763,3,0.25,dynamic_1_5_p3_h1_3_6_12_s0_25,dynamic:1.5,True,True,highs
milp_h6,16,16.973037974278512,47.25642109686174,30.28338312258323,2,233,0.996743213780967,14.942873200023314,51.88497638896984,0.6808600428847313,3,0.25,dynamic_1_5_p3_h1_3_6_12_s0_25,dynamic:1.5,True,True,highs
milp_h6,17,18.743396372664492,52.4362217456783,33.69282537301381,1,240,0.0,14.285947300173575,49.60398368115825,2.4512184412707114,3,0.25,dynamic_1_5_p3_h1_3_6_12_s0_25,dynamic:1.5,True,True,highs
milp_h6,18,10.992271600370156,30.61417316827133,19.621901567901173,3,240,0.5174595686098091,14.903064800368156,51.746752779056095,-5.2999063310236245,3,0.25,dynamic_1_5_p3_h1_3_6_12_s0_25,dynamic:1.5,True,True,highs
milp_h6,19,16.871901322867906,46.731638033654725,29.85973671078682,2,205,0.9950071509659263,13.3235909002251,46.262468403559375,0.5797233914741255,3,0.25,dynamic_1_5_p3_h1_3_6_12_s0_25,dynamic:1.5,True,True,highs
milp_h6,20,12.697947879912835,34.96107386639454,22.263125986481707,2,246,1.0,14.556661600159714,50.543963889443454,-3.5942300514809453,3,0.25,dynamic_1_5_p3_h1_3_6_12_s0_25,dynamic:1.5,True,True,highs
milp_h6,21,19.099259509473043,53.18033546465536,34.081075955182314,3,242,0.9970305978152159,14.42805480028619,50.09741250099372,2.807081578079263,3,0.25,dynamic_1_5_p3_h1_3_6_12_s0_25,dynamic:1.5,True,True,highs
milp_h6,22,13.214459677885742,36.02955695400712,22.815097276121378,2,247,0.0,17.747525100101484,61.62335104201904,-3.0777182535080385,3,0.25,dynamic_1_5_p3_h1_3_6_12_s0_25,dynamic:1.5,True,True,highs
milp_h6,23,15.492146412003201,42.76044757859723,27.26830116659403,4,246,0.7131570990936666,15.468458999908762,53.70992708301654,-0.8000315193905791,3,0.25,dynamic_1_5_p3_h1_3_6_12_s0_25,dynamic:1.5,True,True,highs
milp_h6,24,16.488500534593072,45.738970122336355,29.250469587743282,4,242,0.42233260186604327,18.397520000085933,63.880277778076156,0.19632260319929173,3,0.25,dynamic_1_5_p3_h1_3_6_12_s0_25,dynamic:1.5,True,True,highs
milp_h6,25,22.44131947106407,62.736210578146434,40.294891107082364,4,247,0.9979042600023837,17.141105399816297,59.51772708269547,6.149141539670289,3,0.25,dynamic_1_5_p3_h1_3_6_12_s0_25,dynamic:1.5,True,True,highs
milp_h6,26,16.76392718160663,46.705378988926746,29.941451807320117,1,218,0.9986203679130434,14.570508199831238,50.592042360525134,0.47174925021284864,3,0.25,dynamic_1_5_p3_h1_3_6_12_s0_25,dynamic:1.5,True,True,highs
milp_h6,27,10.766641995739239,29.936453964741325,19.169811969002087,2,263,0.9987370728163306,14.362981000420405,49.871461807015294,-5.525535935654542,3,0.25,dynamic_1_5_p3_h1_3_6_12_s0_25,dynamic:1.5,True,True,highs
milp_h6,28,18.757008114087597,52.21810795006952,33.461099835981926,2,258,0.997538455559417,18.31742100015981,63.6021562505549,2.4648301826938166,3,0.25,dynamic_1_5_p3_h1_3_6_12_s0_25,dynamic:1.5,True,True,highs
milp_h6,29,17.187592507708278,47.82718839179298,30.639595884084702,2,245,0.0,16.16308110006503,56.121809375225794,0.8954145763144972,3,0.25,dynamic_1_5_p3_h1_3_6_12_s0_25,dynamic:1.5,True,True,highs
milp_h12,0,16.35897358276133,45.34697603203539,28.988002449274063,3,230,0.998939076071545,26.127197600348154,90.71943611231998,0.06679565136754917,3,0.25,dynamic_1_5_p3_h1_3_6_12_s0_25,dynamic:1.5,True,True,highs
milp_h12,1,15.882476024769176,43.90639872147881,28.023922696709633,2,230,0.791500845938496,21.78447190026054,75.64052743146021,-0.4097019066246048,3,0.25,dynamic_1_5_p3_h1_3_6_12_s0_25,dynamic:1.5,True,True,highs
milp_h12,2,15.329602701812632,42.54140291199053,27.2118002101779,1,240,0.0,16.957532100059325,58.88031979187266,-0.962575229581148,3,0.25,dynamic_1_5_p3_h1_3_6_12_s0_25,dynamic:1.5,True,True,highs
milp_h12,3,16.21045496231809,44.996969803338196,28.786514841020107,2,231,0.9987101427265851,23.608994899725076,81.97567673515651,-0.08172296907569176,3,0.25,dynamic_1_5_p3_h1_3_6_12_s0_25,dynamic:1.5,True,True,highs
milp_h12,4,17.2408495737534,48.03047209291868,30.789622519165277,1,238,0.9928070721972123,22.830648800183553,79.27308611174846,0.9486716423596206,3,0.25,dynamic_1_5_p3_h1_3_6_12_s0_25,dynamic:1.5,True,True,highs
milp_h12,5,15.300464539952564,42.20189968419819,26.901435144245625,2,252,0.9948333631293773,24.71063639994827,85.80082083315372,-0.9917133914412162,3,0.25,dynamic_1_5_p3_h1_3_6_12_s0_25,dynamic:1.5,True,True,highs
milp_h12,6,16.849749003895475,46.78950920457478,29.939760200679302,2,277,0.9986478828339609,20.395466400281293,70.81759166764338,0.5575710725016947,3,0.25,dynamic_1_5_p3_h1_3_6_12_s0_25,dynamic:1.5,True,True,highs
milp_h12,7,12.717618673528776,34.83103500628029,22.113416332751513,4,223,0.6241759717329961,22.505133699713042,78.14282534622583,-3.5745592578650047,3,0.25,dynamic_1_5_p3_h1_3_6_12_s0_25,dynamic:1.5,True,True,highs
milp_h12,8,15.188717452918702,41.742122879361325,26.553405426442623,2,244,0.0,25.07028580008773,87.04960347252684,-1.1034604784750783,3,0.25,dynamic_1_5_p3_h1_3_6_12_s0_25,dynamic:1.5,True,True,highs
milp_h12,9,18.752213189841022,52.38653315836262,33.634319968521595,3,264,0.6862658382654152,21.820825800474267,75.76675625164677,2.460035258447242,3,0.25,dynamic_1_5_p3_h1_3_6_12_s0_25,dynamic:1.5,True,True,highs
milp_h12,10,21.001036960838093,58.7280016878822,37.726964727044106,2,236,0.9944582060146737,24.27583299955586,84.2910868040134,4.708859029444312,3,0.25,dynamic_1_5_p3_h1_3_6_12_s0_25,dynamic:1.5,True,True,highs
milp_h12,11,16.699867295278267,46.06788749824281,29.368020202964544,4,210,0.9946978539594024,22.15447259999928,76.92525208333083,0.4076893638844865,3,0.25,dynamic_1_5_p3_h1_3_6_12_s0_25,dynamic:1.5,True,True,highs
milp_h12,12,16.211521472409366,45.35319145917892,29.141669986769557,1,249,0.0,24.567439299920807,85.30360868028058,-0.08065645898441431,3,0.25,dynamic_1_5_p3_h1_3_6_12_s0_25,dynamic:1.5,True,True,highs
milp_h12,13,16.22314989301384,44.937653959868555,28.714504066854715,1,227,0.0,17.936114099924453,62.278173958071015,-0.06902803837994043,3,0.25,dynamic_1_5_p3_h1_3_6_12_s0_25,dynamic:1.5,True,True,highs
milp_h12,14,16.866101168417984,46.876151126200014,30.01004995778203,5,251,0.9982559569125721,26.685233700176468,92.65706145894607,0.5739232370242036,3,0.25,dynamic_1_5_p3_h1_3_6_12_s0_25,dynamic:1.5,True,True,highs
milp_h12,15,15.133527598338304,42.59381774346727,27.460290145128965,2,228,0.0,22.264865800156258,77.30856180609811,-1.1586503330554763,3,0.25,dynamic_1_5_p3_h1_3_6_12_s0_25,dynamic:1.5,True,True,highs
milp_h12,16,17.00229694141556,47.32390456466485,30.321607623249292,3,232,0.9989495222232659,21.28945920005208,73.92173333351417,0.7101190100217778,3,0.25,dynamic_1_5_p3_h1_3_6_12_s0_25,dynamic:1.5,True,True,highs
milp_h12,17,18.77304956969636,52.50461085793393,33.73156128823757,1,240,0.0,20.854107399849454,72.41009513836616,2.480871638302581,3,0.25,dynamic_1_5_p3_h1_3_6_12_s0_25,dynamic:1.5,True,True,highs
milp_h12,18,11.011041422747073,30.657464073412118,19.646422650665045,3,240,0.7537584823641543,21.772428200143622,75.59870902827646,-5.281136508646707,3,0.25,dynamic_1_5_p3_h1_3_6_12_s0_25,dynamic:1.5,True,True,highs
milp_h12,19,16.902447493924008,46.80205628852378,29.89960879459977,2,205,0.9976317531391913,20.037060899514472,69.57312812331413,0.6102695625302275,3,0.25,dynamic_1_5_p3_h1_3_6_12_s0_25,dynamic:1.5,True,True,highs
milp_h12,20,12.722832287661731,35.01847219001502,22.295639902353287,2,246,1.0,22.26001440003165,77.29171666677657,-3.569345643732049,3,0.25,dynamic_1_5_p3_h1_3_6_12_s0_25,dynamic:1.5,True,True,highs
milp_h12,21,19.09925950947305,53.180335464655364,34.081075955182314,1,244,0.0,20.67568470010883,71.79057187537789,2.80708157807927,3,0.25,dynamic_1_5_p3_h1_3_6_12_s0_25,dynamic:1.5,True,True,highs
milp_h12,22,13.214459677885742,36.02955695400712,22.815097276121378,2,247,0.0,24.943186199932825,86.60828541643342,-3.0777182535080385,3,0.25,dynamic_1_5_p3_h1_3_6_12_s0_25,dynamic:1.5,True,True,highs
milp_h12,23,15.492146412003201,42.76044757859723,27.26830116659403,4,246,0.7194876987248109,22.29948349960614,77.42876215141021,-0.8000315193905791,3,0.25,dynamic_1_5_p3_h1_3_6_12_s0_25,dynamic:1.5,True,True,highs
milp_h12,24,16.518104027956724,45.807250030338764,29.28914600238204,4,242,0.43831413591623775,26.713119199936045,92.75388611088904,0.2259260965629437,3,0.25,dynamic_1_5_p3_h1_3_6_12_s0_25,dynamic:1.5,True,True,highs
milp_h12,25,22.478174462248788,62.821210987200246,40.34303652495146,4,247,0.9979042600023837,24.229940599936526,84.13173819422406,6.185996530855007,3,0.25,dynamic_1_5_p3_h1_3_6_12_s0_25,dynamic:1.5,True,True,highs
milp_h12,26,16.79257699764179,46.7714571385722,29.978880140930414,2,217,0.0,22.345151000015903,77.58732986116632,0.5003990662480078,3,0.25,dynamic_1_5_p3_h1_3_6_12_s0_25,dynamic:1.5,True,True,highs
milp_h12,27,10.785627009100978,29.980241978294913,19.194614969193935,2,263,0.0,21.88069659998291,75.97464097216289,-5.506550922292803,3,0.25,dynamic_1_5_p3_h1_3_6_12_s0_25,dynamic:1.5,True,True,highs
milp_h12,28,18.78956448085978,52.2931968996711,33.50363241881132,3,257,0.9993852623635271,24.34323639984359,84.5251263883458,2.4973865494660004,3,0.25,dynamic_1_5_p3_h1_3_6_12_s0_25,dynamic:1.5,True,True,highs
milp_h12,29,17.217433555351597,47.89601468883644,30.67858113348484,1,246,0.0,22.88823829969624,79.47304965172306,0.9252556239578169,3,0.25,dynamic_1_5_p3_h1_3_6_12_s0_25,dynamic:1.5,True,True,highs
equal_share,0,14.491147287943104,43.473441863829315,28.98229457588621,6,227,0.6940820037845934,0.0055770002654753625,0.019364584255122788,-1.8010306434506766,3,0.25,dynamic_1_5_p3_h1_3_6_12_s0_25,dynamic:1.5,True,True,highs
equal_share,1,14.011961348354816,42.03588404506445,28.023922696709633,3,229,0.7842874217134553,0.004709600092610344,0.016352778099341474,-2.280216583038964,3,0.25,dynamic_1_5_p3_h1_3_6_12_s0_25,dynamic:1.5,True,True,highs
equal_share,2,13.601545445123087,40.80463633536927,27.20309089024618,3,238,0.9982179892519383,0.004802500130608678,0.016675347675724577,-2.690632486270694,3,0.25,dynamic_1_5_p3_h1_3_6_12_s0_25,dynamic:1.5,True,True,highs
equal_share,3,12.106566309785688,36.31969892935707,24.21313261957138,4,229,0.9965804920105077,0.002174400055082515,0.007550000191258732,-4.185611621608093,3,0.25,dynamic_1_5_p3_h1_3_6_12_s0_25,dynamic:1.5,True,True,highs
equal_share,4,14.509849562734978,43.52954868820493,29.019699125469955,3,236,0.9968502011676512,0.00222879956709221,0.007738887385736841,-1.7823283686588027,3,0.25,dynamic_1_5_p3_h1_3_6_12_s0_25,dynamic:1.5,True,True,highs
equal_share,5,7.116677396942363,21.350032190827093,14.23335479388473,3,251,0.9986096534701598,0.0021425996092148125,0.007439581976440322,-9.175500534451418,3,0.25,dynamic_1_5_p3_h1_3_6_12_s0_25,dynamic:1.5,True,True,highs
equal_share,6,14.951265822123112,44.85379746636933,29.902531644246217,2,277,0.9978401051365625,0.0022802001039963216,0.00791736147220945,-1.3409121092706684,3,0.25,dynamic_1_5_p3_h1_3_6_12_s0_25,dynamic:1.5,True,True,highs
equal_share,7,11.052182891026742,33.15654867308022,22.10436578205348,5,222,0.5373329682866669,0.00214350046007894,0.007442709930829652,-5.239995040367038,3,0.25,dynamic_1_5_p3_h1_3_6_12_s0_25,dynamic:1.5,True,True,highs
equal_share,8,12.415467936443328,37.24640380932998,24.830935872886656,1,245,0.0,0.002486799727194011,0.008634721274979206,-3.8767099949504527,3,0.25,dynamic_1_5_p3_h1_3_6_12_s0_25,dynamic:1.5,True,True,highs
equal_share,9,14.651505737878232,43.95451721363469,29.303011475756456,2,265,0.658221248923907,0.002869600139092654,0.009963889371849492,-1.6406721935155488,3,0.25,dynamic_1_5_p3_h1_3_6_12_s0_25,dynamic:1.5,True,True,highs
equal_share,10,17.298383212597976,51.89514963779393,34.59676642519595,4,234,0.9934788482177143,0.0029908997821621597,0.010385068688063055,1.0062052812041955,3,0.25,dynamic_1_5_p3_h1_3_6_12_s0_25,dynamic:1.5,True,True,highs
equal_share,11,14.681498912596027,44.04449673778808,29.362997825192053,3,211,0.9962609856796876,0.00279920018510893,0.009719445087183785,-1.6106790187977538,3,0.25,dynamic_1_5_p3_h1_3_6_12_s0_25,dynamic:1.5,True,True,highs
equal_share,12,14.554722937621538,43.66416881286461,29.109445875243072,4,246,0.9967336388170459,0.002723999903537333,0.009458332998393517,-1.7374549937722428,3,0.25,dynamic_1_5_p3_h1_3_6_12_s0_25,dynamic:1.5,True,True,highs
equal_share,13,14.348254023058985,43.044762069176954,28.69650804611797,3,225,0.9990311382874397,0.002498500107321888,0.008675347594867667,-1.9439239083347957,3,0.25,dynamic_1_5_p3_h1_3_6_12_s0_25,dynamic:1.5,True,True,highs
equal_share,14,9.713317957516,29.139953872548006,19.426635915032005,3,253,0.9970053296976537,0.0026686002092901617,0.009265972948924173,-6.57885997387778,3,0.25,dynamic_1_5_p3_h1_3_6_12_s0_25,dynamic:1.5,True,True,highs
equal_share,15,13.725240744942838,41.17572223482851,27.450481489885675,2,228,0.9981910769333866,0.002455399982864037,0.008525694384944573,-2.566937186450943,3,0.25,dynamic_1_5_p3_h1_3_6_12_s0_25,dynamic:1.5,True,True,highs
equal_share,16,11.078605955850122,33.23581786755037,22.157211911700244,2,233,0.9975392024563218,0.0025369999930262566,0.008809027753563391,-5.213571975543658,3,0.25,dynamic_1_5_p3_h1_3_6_12_s0_25,dynamic:1.5,True,True,highs
equal_share,17,16.406162277100634,49.21848683130191,32.812324554201275,3,238,0.9935512932923343,0.002973100054077804,0.010323264076659042,0.11398434570685367,3,0.25,dynamic_1_5_p3_h1_3_6_12_s0_25,dynamic:1.5,True,True,highs
equal_share,18,8.983415694113773,26.950247082341328,17.966831388227554,5,238,0.8223225909344024,0.0026703996991273016,0.009272221177525353,-7.308762237280007,3,0.25,dynamic_1_5_p3_h1_3_6_12_s0_25,dynamic:1.5,True,True,highs
equal_share,19,14.94707592967345,44.841227789020344,29.894151859346895,4,203,0.9981754849450106,0.002767400204902515,0.009609028489244843,-1.3451020017203312,3,0.25,dynamic_1_5_p3_h1_3_6_12_s0_25,dynamic:1.5,True,True,highs
equal_share,20,8.227544366880363,24.68263310064109,16.45508873376073,1,247,1.0,0.002480199880665168,0.008611805141198501,-8.064633564513418,3,0.25,dynamic_1_5_p3_h1_3_6_12_s0_25,dynamic:1.5,True,True,highs
equal_share,21,16.399018457240047,49.19705537172014,32.79803691448009,4,241,0.9962154946745928,0.0025125000393018126,0.008723958469797961,0.10684052584626613,3,0.25,dynamic_1_5_p3_h1_3_6_12_s0_25,dynamic:1.5,True,True,highs
equal_share,22,10.549747837198694,31.64924351159608,21.099495674397385,6,243,0.99837732416167,0.0025867998774629086,0.008981944018968433,-5.742430094195086,3,0.25,dynamic_1_5_p3_h1_3_6_12_s0_25,dynamic:1.5,True,True,highs
equal_share,23,9.997255319356647,29.991765958069934,19.994510638713287,3,247,0.4288309093323224,0.002736500056926161,0.009501736308771392,-6.2949226120371335,3,0.25,dynamic_1_5_p3_h1_3_6_12_s0_25,dynamic:1.5,True,True,highs
equal_share,24,9.197700716052509,27.593102148157524,18.395401432105015,3,243,0.41177357406046994,0.0023376001336146146,0.008116667130606301,-7.094477215341271,3,0.25,dynamic_1_5_p3_h1_3_6_12_s0_25,dynamic:1.5,True,True,highs
equal_share,25,12.837304861786624,38.51191458535987,25.674609723573244,2,249,0.9964392750331617,0.0025018000742420554,0.00868680581334047,-3.4548730696071566,3,0.25,dynamic_1_5_p3_h1_3_6_12_s0_25,dynamic:1.5,True,True,highs
equal_share,26,14.989440070465207,44.96832021139562,29.978880140930414,6,213,0.7213256407893465,0.0025914998550433666,0.008998263385567244,-1.3027378609285734,3,0.25,dynamic_1_5_p3_h1_3_6_12_s0_25,dynamic:1.5,True,True,highs
equal_share,27,7.220177293109135,21.660531879327408,14.440354586218273,1,264,0.0,0.0022648000449407846,0.00786388904493328,-9.072000638284646,3,0.25,dynamic_1_5_p3_h1_3_6_12_s0_25,dynamic:1.5,True,True,highs
equal_share,28,14.498281920218442,43.49484576065533,28.996563840436888,6,254,0.9960051096616739,0.002380999969318509,0.008267361004578156,-1.7938960111753381,3,0.25,dynamic_1_5_p3_h1_3_6_12_s0_25,dynamic:1.5,True,True,highs
equal_share,29,12.547993908073312,37.64398172421994,25.09598781614663,1,246,0.0,0.0025386999477632344,0.008814930374177897,-3.744184023320468,3,0.25,dynamic_1_5_p3_h1_3_6_12_s0_25,dynamic:1.5,True,True,highs
max_charge,0,14.494001224637024,43.48200367391108,28.988002449274056,6,227,0.6940820037845934,0.0011679998424369842,0.004055555008461751,-1.798176706756756,3,0.25,dynamic_1_5_p3_h1_3_6_12_s0_25,dynamic:1.5,True,True,highs
max_charge,1,14.01196134835481,42.035884045064435,28.023922696709626,3,229,0.7842874217134553,0.0010384001943748444,0.00360555623046821,-2.280216583038971,3,0.25,dynamic_1_5_p3_h1_3_6_12_s0_25,dynamic:1.5,True,True,highs
max_charge,2,13.605900105088942,40.81770031526683,27.21180021017789,3,238,0.9982179892519383,0.0010658000246621668,0.003700694530076968,-2.6862778263048384,3,0.25,dynamic_1_5_p3_h1_3_6_12_s0_25,dynamic:1.5,True,True,highs
max_charge,3,14.393257420510047,43.17977226153015,28.7865148410201,6,227,0.9973540914511898,0.0012614000879693776,0.004379861416560339,-1.898920510883734,3,0.25,dynamic_1_5_p3_h1_3_6_12_s0_25,dynamic:1.5,True,True,highs
max_charge,4,15.394811259582632,46.1844337787479,30.78962251916527,5,234,0.9977840808389519,0.001137699990067631,0.00395034718773483,-0.8973666718111488,3,0.25,dynamic_1_5_p3_h1_3_6_12_s0_25,dynamic:1.5,True,True,highs
max_charge,5,13.450717572122805,40.35215271636842,26.901435144245617,6,248,0.9982213291008168,0.0010865002986975014,0.0037725704815885466,-2.8414603592709753,3,0.25,dynamic_1_5_p3_h1_3_6_12_s0_25,dynamic:1.5,True,True,highs
max_charge,6,14.969880100339644,44.90964030101894,29.939760200679295,3,276,0.9978401051365625,0.0010858999157790095,0.003770485818677116,-1.3222978310541365,3,0.25,dynamic_1_5_p3_h1_3_6_12_s0_25,dynamic:1.5,True,True,highs
max_charge,7,11.056708166375756,33.17012449912726,22.113416332751505,5,222,0.5373329682866669,0.001105100120184943,0.0038371531950866077,-5.235469765018024,3,0.25,dynamic_1_5_p3_h1_3_6_12_s0_25,dynamic:1.5,True,True,highs
max_charge,8,13.276702713221304,39.83010813966392,26.553405426442616,3,243,0.0,0.0012106000212952495,0.004203472296164061,-3.015475218172476,3,0.25,dynamic_1_5_p3_h1_3_6_12_s0_25,dynamic:1.5,True,True,highs
max_charge,9,16.81715998426079,50.45147995278238,33.63431996852159,4,263,0.658221248923907,0.0010683997243177146,0.0037097212649920643,0.5249820528670099,3,0.25,dynamic_1_5_p3_h1_3_6_12_s0_25,dynamic:1.5,True,True,highs
max_charge,10,18.863482363522046,56.590447090566144,37.7269647270441,5,233,0.9934788482177143,0.000898299622349441,0.0031190959109355593,2.571304432128265,3,0.25,dynamic_1_5_p3_h1_3_6_12_s0_25,dynamic:1.5,True,True,highs
max_charge,11,14.684010101482265,44.0520303044468,29.368020202964537,3,211,0.9962609856796876,0.0009199997584801167,0.0031944436058337386,-1.6081678299115154,3,0.25,dynamic_1_5_p3_h1_3_6_12_s0_25,dynamic:1.5,True,True,highs
max_charge,12,14.570834993384771,43.71250498015432,29.14166998676955,4,246,0.9967336388170459,0.000941099802730605,0.003267707648370156,-1.721342938009009,3,0.25,dynamic_1_5_p3_h1_3_6_12_s0_25,dynamic:1.5,True,True,highs
max_charge,13,14.35725203342735,43.07175610028206,28.71450406685471,3,225,0.9990311382874397,0.0008640994492452592,0.003000345309879372,-1.9349258979664299,3,0.25,dynamic_1_5_p3_h1_3_6_12_s0_25,dynamic:1.5,True,True,highs
max_charge,14,15.005024978891008,45.01507493667303,30.010049957782023,10,246,0.9988982367459591,0.0009089004597626626,0.003155904374175912,-1.2871529525027725,3,0.25,dynamic_1_5_p3_h1_3_6_12_s0_25,dynamic:1.5,True,True,highs
max_charge,15,13.730145072564476,41.190435217693434,27.46029014512896,2,228,0.9981910769333866,0.0009410999191459268,0.0032677080525900237,-2.562032858829305,3,0.25,dynamic_1_5_p3_h1_3_6_12_s0_25,dynamic:1.5,True,True,highs
max_charge,16,15.160803811624639,45.482411434873924,30.321607623249285,8,227,0.9987416245606414,0.0009482000023126602,0.0032923611191411815,-1.1313741197691414,3,0.25,dynamic_1_5_p3_h1_3_6_12_s0_25,dynamic:1.5,True,True,highs
max_charge,17,16.86578064411878,50.59734193235634,33.731561288237565,4,237,0.9967473769780442,0.0009068002109415829,0.003148611843547163,0.5736027127249983,3,0.25,dynamic_1_5_p3_h1_3_6_12_s0_25,dynamic:1.5,True,True,highs
max_charge,18,9.823211325332519,29.46963397599756,19.64642265066504,7,236,0.8223225909344024,0.0009028002677951008,0.003134723152066322,-6.468966606061262,3,0.25,dynamic_1_5_p3_h1_3_6_12_s0_25,dynamic:1.5,True,True,highs
max_charge,19,14.949804397299879,44.84941319189964,29.899608794599764,4,203,0.9981754849450106,0.0009024000028148293,0.0031333333431070465,-1.3423735340939018,3,0.25,dynamic_1_5_p3_h1_3_6_12_s0_25,dynamic:1.5,True,True,highs
max_charge,20,11.147819951176643,33.44345985352992,22.29563990235328,5,243,0.9991494589989994,0.0009135000291280448,0.0031718751011390444,-5.144357980217137,3,0.25,dynamic_1_5_p3_h1_3_6_12_s0_25,dynamic:1.5,True,True,highs
max_charge,21,17.04053797759115,51.12161393277346,34.08107595518231,5,240,0.9962154946745928,0.0009331003820989281,0.0032399318822879447,0.7483600461973694,3,0.25,dynamic_1_5_p3_h1_3_6_12_s0_25,dynamic:1.5,True,True,highs
max_charge,22,11.407548638060682,34.22264591418205,22.81509727612137,8,241,0.99837732416167,0.0009009000204969198,0.00312812507116986,-4.884629293333099,3,0.25,dynamic_1_5_p3_h1_3_6_12_s0_25,dynamic:1.5,True,True,highs
max_charge,23,13.634150583297007,40.90245174989103,27.26830116659402,5,245,0.4288309093323224,0.0009858995908871293,0.003423262468358088,-2.6580273480967733,3,0.25,dynamic_1_5_p3_h1_3_6_12_s0_25,dynamic:1.5,True,True,highs
max_charge,24,14.644573001191013,43.933719003573046,29.289146002382033,6,240,0.7056527757961402,0.0009372001513838768,0.0032541671923051276,-1.6476049302027675,3,0.25,dynamic_1_5_p3_h1_3_6_12_s0_25,dynamic:1.5,True,True,highs
max_charge,25,20.17151826247573,60.51455478742717,40.343036524951444,7,244,0.997056748370023,0.000931600050535053,0.0032347223976911563,3.8793403310819485,3,0.25,dynamic_1_5_p3_h1_3_6_12_s0_25,dynamic:1.5,True,True,highs
max_charge,26,14.9894400704652,44.96832021139561,29.978880140930407,6,213,0.7213256407893465,0.0009840002749115229,0.0034166676212205654,-1.3027378609285805,3,0.25,dynamic_1_5_p3_h1_3_6_12_s0_25,dynamic:1.5,True,True,highs
max_charge,27,9.597307484596964,28.791922453790896,19.194614969193932,3,263,0.0,0.0009206000831909478,0.0031965280666352352,-6.694870446796816,3,0.25,dynamic_1_5_p3_h1_3_6_12_s0_25,dynamic:1.5,True,True,highs
max_charge,28,16.751816209405654,50.25544862821697,33.503632418811314,7,253,0.9979661957219386,0.0009677998896222562,0.0033604162834106116,0.45963827801187307,3,0.25,dynamic_1_5_p3_h1_3_6_12_s0_25,dynamic:1.5,True,True,highs
max_charge,29,15.339290566742413,46.017871700227246,30.678581133484833,5,242,0.36376406873069933,0.0009543995547574013,0.0033138873429076434,-0.9528873646513674,3,0.25,dynamic_1_5_p3_h1_3_6_12_s0_25,dynamic:1.5,True,True,highs
random,0,14.428479931714293,43.28543979514287,28.856959863428578,5,228,0.9960639823666053,0.008848299970850348,0.030723263787674822,-1.8636979996794878,3,0.25,dynamic_1_5_p3_h1_3_6_12_s0_25,dynamic:1.5,True,True,highs
random,1,13.998453448129382,41.99536034438814,27.996906896258757,2,230,0.5741583232758991,0.008509700099239126,0.029547569789024744,-2.2937244832643984,3,0.25,dynamic_1_5_p3_h1_3_6_12_s0_25,dynamic:1.5,True,True,highs
random,2,13.581295579310048,40.74388673793014,27.162591158620092,0,241,0.0,0.011027300177374855,0.03828923672699602,-2.7108823520837326,3,0.25,dynamic_1_5_p3_h1_3_6_12_s0_25,dynamic:1.5,True,True,highs
random,3,14.364600590337904,43.0938017710137,28.729201180675798,3,230,0.9983271873203314,0.010929200128884986,0.03794861155862842,-1.9275773410558763,3,0.25,dynamic_1_5_p3_h1_3_6_12_s0_25,dynamic:1.5,True,True,highs
random,4,15.361767787801128,46.08530336340339,30.723535575602263,1,238,0.0,0.010822500276844949,0.03757812596126718,-0.9304101435926526,3,0.25,dynamic_1_5_p3_h1_3_6_12_s0_25,dynamic:1.5,True,True,highs
random,5,13.401408446407146,40.204225339221445,26.8028168928143,3,251,0.99800709725068,0.011571200040634722,0.04017777791887056,-2.8907694849866346,3,0.25,dynamic_1_5_p3_h1_3_6_12_s0_25,dynamic:1.5,True,True,highs
random,6,14.943225768091555,44.829677304274654,29.8864515361831,3,276,0.0,0.011207200092030689,0.03891388920843989,-1.3489521633022257,3,0.25,dynamic_1_5_p3_h1_3_6_12_s0_25,dynamic:1.5,True,True,highs
random,7,10.989648545798573,32.96894563739572,21.979297091597147,3,224,0.0,0.011070200125686824,0.03843819488085703,-5.302529385595207,3,0.25,dynamic_1_5_p3_h1_3_6_12_s0_25,dynamic:1.5,True,True,highs
random,8,13.22901943886879,39.68705831660637,26.45803887773758,4,242,0.44661788398119323,0.009523399639874697,0.03306735986067603,-3.063158492524991,3,0.25,dynamic_1_5_p3_h1_3_6_12_s0_25,dynamic:1.5,True,True,highs
random,9,16.7990533305561,50.397159991668296,33.5981066611122,4,263,0.757269862578029,0.009219799569109455,0.032013192948296715,0.5068753991623183,3,0.25,dynamic_1_5_p3_h1_3_6_12_s0_25,dynamic:1.5,True,True,highs
random,10,18.773432705079358,56.32029811523808,37.54686541015872,4,234,0.9951450310497156,0.008734800154343247,0.03032916720258072,2.4812547736855777,3,0.25,dynamic_1_5_p3_h1_3_6_12_s0_25,dynamic:1.5,True,True,highs
random,11,14.559384029934016,43.678152089802055,29.11876805986804,5,209,0.9982556428843345,0.008569600060582161,0.029755555765910283,-1.7327939014597646,3,0.25,dynamic_1_5_p3_h1_3_6_12_s0_25,dynamic:1.5,True,True,highs
random,12,14.550153824045704,43.65046147213712,29.100307648091412,3,247,0.0,0.008626800030469894,0.029954166772464912,-1.742024107348076,3,0.25,dynamic_1_5_p3_h1_3_6_12_s0_25,dynamic:1.5,True,True,highs
random,13,14.31541473961811,42.946244218854325,28.630829479236215,1,227,0.9947542641045637,0.009547800262225792,0.03315208424383956,-1.976763191775671,3,0.25,dynamic_1_5_p3_h1_3_6_12_s0_25,dynamic:1.5,True,True,highs
random,14,15.005024978891015,45.015074936673045,30.01004995778203,5,251,0.5616507935654587,0.008757000206969678,0.030406250718644716,-1.2871529525027654,3,0.25,dynamic_1_5_p3_h1_3_6_12_s0_25,dynamic:1.5,True,True,highs
random,15,13.662945916326152,40.98883774897846,27.32589183265231,2,228,0.0,0.008595300081651658,0.029844791950179368,-2.629232015067629,3,0.25,dynamic_1_5_p3_h1_3_6_12_s0_25,dynamic:1.5,True,True,highs
random,16,15.090422256971998,45.271266770915986,30.18084451394399,3,232,0.9975211797799269,0.00896599976113066,0.031131943615037017,-1.2017556744217828,3,0.25,dynamic_1_5_p3_h1_3_6_12_s0_25,dynamic:1.5,True,True,highs
random,17,16.826954806183196,50.48086441854958,33.653909612366384,3,238,0.0,0.008973099669674411,0.031156596075258374,0.534776874789415,3,0.25,dynamic_1_5_p3_h1_3_6_12_s0_25,dynamic:1.5,True,True,highs
random,18,9.785572906273618,29.356718718820854,19.571145812547236,4,239,0.4780531244629384,0.00974269985454157,0.03382881893938045,-6.506605025120162,3,0.25,dynamic_1_5_p3_h1_3_6_12_s0_25,dynamic:1.5,True,True,highs
random,19,14.843352771968785,44.530058315906345,29.68670554393756,1,206,0.998799043298955,0.009762400208273903,0.033897222945395496,-1.4488251594249952,3,0.25,dynamic_1_5_p3_h1_3_6_12_s0_25,dynamic:1.5,True,True,highs
random,20,11.118448497424797,33.3553454922744,22.236896994849605,3,245,0.9992231216759481,0.00880469984258525,0.030571874453421008,-5.173729433968983,3,0.25,dynamic_1_5_p3_h1_3_6_12_s0_25,dynamic:1.5,True,True,highs
random,21,16.97108992435964,50.91326977307892,33.942179848719285,2,243,0.0,0.009391600004164502,0.0326097222366823,0.6789119929658582,3,0.25,dynamic_1_5_p3_h1_3_6_12_s0_25,dynamic:1.5,True,True,highs
random,22,11.392039315953216,34.176117947859645,22.78407863190643,4,245,0.0,0.008918300067307428,0.03096631967815079,-4.900138615440564,3,0.25,dynamic_1_5_p3_h1_3_6_12_s0_25,dynamic:1.5,True,True,highs
random,23,13.620342527278904,40.86102758183671,27.240685054557805,4,246,0.7129482150198886,0.009267999994335696,0.032180555535887834,-2.6718354041148764,3,0.25,dynamic_1_5_p3_h1_3_6_12_s0_25,dynamic:1.5,True,True,highs
random,24,14.559144107373488,43.67743232212047,29.11828821474698,5,241,0.8457856975559661,0.008492999913869426,0.029489583034268838,-1.7330338240202927,3,0.25,dynamic_1_5_p3_h1_3_6_12_s0_25,dynamic:1.5,True,True,highs
random,25,20.117599729892937,60.35279918967882,40.23519945978588,3,248,0.0,0.008062500332016498,0.027994792819501728,3.825421798499157,3,0.25,dynamic_1_5_p3_h1_3_6_12_s0_25,dynamic:1.5,True,True,highs
random,26,14.958313769506738,44.874941308520214,29.916627539013476,2,217,0.9986272238755775,0.007830800284864381,0.027190278766890213,-1.3338641618870426,3,0.25,dynamic_1_5_p3_h1_3_6_12_s0_25,dynamic:1.5,True,True,highs
random,27,9.593653488100706,28.780960464302115,19.18730697620141,3,262,0.9995304930005471,0.007945400080643594,0.027588194724456925,-6.698524443293074,3,0.25,dynamic_1_5_p3_h1_3_6_12_s0_25,dynamic:1.5,True,True,highs
random,28,16.73007503488988,50.19022510466963,33.46015006977975,3,257,0.9971444080117567,0.008085000037681311,0.028072916797504552,0.43789710349609834,3,0.25,dynamic_1_5_p3_h1_3_6_12_s0_25,dynamic:1.5,True,True,highs
random,29,15.305301776757506,45.915905330272516,30.61060355351501,3,244,0.9990547758216086,0.008755900198593736,0.03040243124511714,-0.9868761546362741,3,0.25,dynamic_1_5_p3_h1_3_6_12_s0_25,dynamic:1.5,True,True,highs
milp_h1,0,30.69124159749918,88.38487783210051,57.693636234601335,7,223,0.7428884513320753,3.2997802999743726,11.457570486022128,-0.03556638229897402,6,0.25,dynamic_1_5_p6_h1_3_6_12_s0_25,dynamic:1.5,True,True,highs
milp_h1,1,29.812882398285318,85.71833962372725,55.90545722544193,10,219,0.9552169911142362,3.1300980001688004,10.868395833919445,-0.9139255815128351,6,0.25,dynamic_1_5_p6_h1_3_6_12_s0_25,dynamic:1.5,True,True,highs
milp_h1,2,28.86034744225369,83.15273518902487,54.292387746771176,9,229,0.8175159920254508,3.1589643997431267,10.968626387996968,-1.8664605375444623,6,0.25,dynamic_1_5_p6_h1_3_6_12_s0_25,dynamic:1.5,True,True,highs
milp_h1,3,30.446121200114526,87.74401555080219,57.29789435068766,10,220,0.8789013743672264,3.1480187000124715,10.930620486154416,-0.2806867796836272,6,0.25,dynamic_1_5_p6_h1_3_6_12_s0_25,dynamic:1.5,True,True,highs
milp_h1,4,32.63566083333603,94.21490587166659,61.579245038330555,7,229,0.9979030625239932,3.2303128999774344,11.216364236032758,1.90885285353788,6,0.25,dynamic_1_5_p6_h1_3_6_12_s0_25,dynamic:1.5,True,True,highs
milp_h1,5,28.67053345647964,82.33259658373905,53.66206312725941,8,243,0.8126576001754712,3.131197500100825,10.872213542016754,-2.056274523318514,6,0.25,dynamic_1_5_p6_h1_3_6_12_s0_25,dynamic:1.5,True,True,highs
milp_h1,6,31.418665980706052,90.59820637395921,59.17954039325316,5,271,0.998592011215983,3.1000653002993204,10.764115626039306,0.6918580009078994,6,0.25,dynamic_1_5_p6_h1_3_6_12_s0_25,dynamic:1.5,True,True,highs
milp_h1,7,23.774326839904532,68.00115950540756,44.226832665503025,7,217,0.9990016940265425,3.1837792001315393,11.054788889345623,-6.952481139893621,6,0.25,dynamic_1_5_p6_h1_3_6_12_s0_25,dynamic:1.5,True,True,highs
milp_h1,8,28.13741922505732,80.67155675121184,52.53413752615452,9,234,0.769298256905195,3.1457282000337727,10.922667361228378,-2.589388754740831,6,0.25,dynamic_1_5_p6_h1_3_6_12_s0_25,dynamic:1.5,True,True,highs
milp_h1,9,35.48499948654231,102.60633775019303,67.12133826365073,14,250,0.7206823179792228,3.1715629000682384,11.012371180792494,4.758191506744154,6,0.25,dynamic_1_5_p6_h1_3_6_12_s0_25,dynamic:1.5,True,True,highs
milp_h1,10,39.67913841310896,114.80942787035065,75.13028945724169,9,226,0.8415151365342695,3.142148000188172,10.910236111764485,8.952330433310806,6,0.25,dynamic_1_5_p6_h1_3_6_12_s0_25,dynamic:1.5,True,True,highs
milp_h1,11,30.94298783577664,88.92762845960442,57.98464062382778,10,201,0.8761345439606488,3.168097400048282,11.000338194612091,0.21617985597848843,6,0.25,dynamic_1_5_p6_h1_3_6_12_s0_25,dynamic:1.5,True,True,highs
milp_h1,12,30.57009084754469,88.48285682582141,57.912765978276724,9,238,0.7350344527103859,3.150624100060668,10.939667014099541,-0.15671713225346195,6,0.25,dynamic_1_5_p6_h1_3_6_12_s0_25,dynamic:1.5,True,True,highs
milp_h1,13,30.499047458423284,87.78601875727684,57.28697129885355,8,217,0.8679155203986434,3.1585495001927484,10.967185764558154,-0.22776052137486857,6,0.25,dynamic_1_5_p6_h1_3_6_12_s0_25,dynamic:1.5,True,True,highs
milp_h1,14,31.789980487358648,91.66841040683993,59.87842991948128,6,247,0.9969759556545638,3.1650195997499395,10.989651388020624,1.0631725075604948,6,0.25,dynamic_1_5_p6_h1_3_6_12_s0_25,dynamic:1.5,True,True,highs
milp_h1,15,28.863672670902787,83.78425296116072,54.92058029025793,8,219,0.9993823700164861,3.2938206000544596,11.436877083522429,-1.863135308895366,6,0.25,dynamic_1_5_p6_h1_3_6_12_s0_25,dynamic:1.5,True,True,highs
milp_h1,16,32.003400317003006,92.36780155864325,60.364401241640245,7,225,0.6916402777883895,3.1587038001744077,10.96772152838336,1.2765923372048533,6,0.25,dynamic_1_5_p6_h1_3_6_12_s0_25,dynamic:1.5,True,True,highs
milp_h1,17,35.221659768805736,101.97386458906513,66.7522048202594,7,231,0.8202679747548739,3.2267019001592416,11.203826042219589,4.494851789007583,6,0.25,dynamic_1_5_p6_h1_3_6_12_s0_25,dynamic:1.5,True,True,highs
milp_h1,18,20.6805800756742,59.70513588323488,39.02455580756068,10,230,0.9556276559976138,3.1889308996615,11.072676734935763,-10.046227904123953,6,0.25,dynamic_1_5_p6_h1_3_6_12_s0_25,dynamic:1.5,True,True,highs
milp_h1,19,31.435772662542945,90.50791107632983,59.07213841378689,8,196,0.7338834172297508,3.3131194001762196,11.50388680616743,0.7089646827447922,6,0.25,dynamic_1_5_p6_h1_3_6_12_s0_25,dynamic:1.5,True,True,highs
milp_h1,20,23.66689953430975,67.9024388477155,44.23553931340575,8,237,0.6582166301578082,3.134818400052609,10.884786111293781,-7.059908445488404,6,0.25,dynamic_1_5_p6_h1_3_6_12_s0_25,dynamic:1.5,True,True,highs
milp_h1,21,36.1397974870642,104.30194939742883,68.16215191036463,10,232,0.8322376234019951,3.131729099957738,10.874059374853257,5.412989507266047,6,0.25,dynamic_1_5_p6_h1_3_6_12_s0_25,dynamic:1.5,True,True,highs
milp_h1,22,24.62200831594643,70.25220286818919,45.630194552242756,10,236,0.997411855653438,3.163968200329691,10.986000695589205,-6.104799663851722,6,0.25,dynamic_1_5_p6_h1_3_6_12_s0_25,dynamic:1.5,True,True,highs
milp_h1,23,29.12629699530021,83.66289932848827,54.53660233318806,9,238,0.8641271698304042,3.1407546997943427,10.905398263174801,-1.6005109844979444,6,0.25,dynamic_1_5_p6_h1_3_6_12_s0_25,dynamic:1.5,True,True,highs
milp_h1,24,30.920298301927474,89.07542482887926,58.15512652695179,8,235,0.5900720239131327,3.1927637998887803,11.085985416280487,0.19349032212932116,6,0.25,dynamic_1_5_p6_h1_3_6_12_s0_25,dynamic:1.5,True,True,highs
milp_h1,25,42.54911585694835,123.05959973579928,80.51048387885093,6,242,0.8548625934325366,3.1936350001196843,11.089010417082237,11.822307877150195,6,0.25,dynamic_1_5_p6_h1_3_6_12_s0_25,dynamic:1.5,True,True,highs
milp_h1,26,31.625642435303526,91.31039604847749,59.68475361317396,11,205,0.6931038801490118,3.2006715001771227,11.113442708948343,0.8988344555053729,6,0.25,dynamic_1_5_p6_h1_3_6_12_s0_25,dynamic:1.5,True,True,highs
milp_h1,27,20.331121980082294,58.62989391777048,38.29877193768819,9,253,0.9990793322806168,3.246781599969836,11.273547222117486,-10.395685999715859,6,0.25,dynamic_1_5_p6_h1_3_6_12_s0_25,dynamic:1.5,True,True,highs
milp_h1,28,35.452531199160234,102.30467720528743,66.8521460061272,9,248,0.8136775028980395,3.3212114002672024,11.531984028705564,4.725723219362081,6,0.25,dynamic_1_5_p6_h1_3_6_12_s0_25,dynamic:1.5,True,True,highs
milp_h1,29,32.393845778395246,93.46664504974038,61.07279927134513,8,236,0.9985437542787433,3.1583569997455925,10.966517360227751,1.667037798597093,6,0.25,dynamic_1_5_p6_h1_3_6_12_s0_25,dynamic:1.5,True,True,highs
milp_h3,0,30.69124159749918,88.38487783210051,57.693636234601335,4,226,0.551572923868413,6.709292599844048,23.29615486056961,-0.03556638229897402,6,0.25,dynamic_1_5_p6_h1_3_6_12_s0_25,dynamic:1.5,True,True,highs
milp_h3,1,29.812882398285318,85.71833962372725,55.90545722544193,5,224,0.9981044616882994,7.515474699845072,26.095398263350944,-0.9139255815128351,6,0.25,dynamic_1_5_p6_h1_3_6_12_s0_25,dynamic:1.5,True,True,highs
milp_h3,2,28.86034744225369,83.15273518902487,54.292387746771176,6,233,0.9987385744231977,6.6357894001412205,23.040935417157016,-1.8664605375444623,6,0.25,dynamic_1_5_p6_h1_3_6_12_s0_25,dynamic:1.5,True,True,highs
milp_h3,3,30.44612120011454,87.7440155508022,57.29789435068766,4,226,0.0,7.263322299870197,25.219869096771518,-0.280686779683613,6,0.25,dynamic_1_5_p6_h1_3_6_12_s0_25,dynamic:1.5,True,True,highs
milp_h3,4,32.63566083333603,94.21490587166659,61.579245038330555,3,233,0.9992570587655063,6.113739000138594,21.228260417147894,1.90885285353788,6,0.25,dynamic_1_5_p6_h1_3_6_12_s0_25,dynamic:1.5,True,True,highs
milp_h3,5,28.67053345647964,82.33259658373905,53.66206312725941,6,245,0.6087137716405265,6.232988600007957,21.642321527805407,-2.056274523318514,6,0.25,dynamic_1_5_p6_h1_3_6_12_s0_25,dynamic:1.5,True,True,highs
milp_h3,6,31.47285787366374,90.73368644012992,59.260828566466174,2,274,0.9993374887130506,6.277418999787187,21.796593749261067,0.7460498938655888,6,0.25,dynamic_1_5_p6_h1_3_6_12_s0_25,dynamic:1.5,True,True,highs
milp_h3,7,23.774326839904532,68.00115950540756,44.226832665503025,3,221,0.0,6.103260499512544,21.191876734418557,-6.952481139893621,6,0.25,dynamic_1_5_p6_h1_3_6_12_s0_25,dynamic:1.5,True,True,highs
milp_h3,8,28.13741922505732,80.67155675121184,52.53413752615452,4,239,0.7042976463102053,7.895344799966551,27.414391666550525,-2.589388754740831,6,0.25,dynamic_1_5_p6_h1_3_6_12_s0_25,dynamic:1.5,True,True,highs
milp_h3,9,35.48499948654231,102.60633775019303,67.12133826365073,7,257,0.6647174266763641,7.0012507001520135,24.309898264416713,4.758191506744154,6,0.25,dynamic_1_5_p6_h1_3_6_12_s0_25,dynamic:1.5,True,True,highs
milp_h3,10,39.67913841310896,114.80942787035065,75.13028945724169,4,231,0.7167797361545143,5.968912400130648,20.725390278231416,8.952330433310806,6,0.25,dynamic_1_5_p6_h1_3_6_12_s0_25,dynamic:1.5,True,True,highs
milp_h3,11,30.988773809871304,89.06493105586492,58.07615724599361,7,204,0.8430427304720811,7.7324999998672865,26.848958332872524,0.26196583007315155,6,0.25,dynamic_1_5_p6_h1_3_6_12_s0_25,dynamic:1.5,True,True,highs
milp_h3,12,30.570090847544684,88.48285682582141,57.91276597827673,5,242,0.471823389578472,6.998955300048692,24.30192812516907,-0.15671713225346906,6,0.25,dynamic_1_5_p6_h1_3_6_12_s0_25,dynamic:1.5,True,True,highs
milp_h3,13,30.499047458423277,87.78601875727684,57.28697129885356,3,222,0.0808270779204179,7.43785319980816,25.825879166000554,-0.22776052137487568,6,0.25,dynamic_1_5_p6_h1_3_6_12_s0_25,dynamic:1.5,True,True,highs
milp_h3,14,31.789980487358648,91.66841040683993,59.87842991948128,3,250,0.9972032329443747,7.238127099961275,25.132385763754428,1.0631725075604948,6,0.25,dynamic_1_5_p6_h1_3_6_12_s0_25,dynamic:1.5,True,True,highs
milp_h3,15,28.863672670902787,83.78425296116072,54.92058029025793,3,224,0.9977969519673501,6.224332499579759,21.612265623540832,-1.863135308895366,6,0.25,dynamic_1_5_p6_h1_3_6_12_s0_25,dynamic:1.5,True,True,highs
milp_h3,16,32.003400317003,92.36780155864325,60.36440124164025,2,230,0.9966386201533198,5.99550989974523,20.817742707448716,1.2765923372048462,6,0.25,dynamic_1_5_p6_h1_3_6_12_s0_25,dynamic:1.5,True,True,highs
milp_h3,17,35.264984671765845,102.10377561200606,66.83879094024022,5,233,0.7245680257593913,6.417830600141315,22.284134028268454,4.538176691967692,6,0.25,dynamic_1_5_p6_h1_3_6_12_s0_25,dynamic:1.5,True,True,highs
milp_h3,18,20.6805800756742,59.70513588323488,39.02455580756068,4,236,0.9267083468529114,7.18433200014988,24.945597222742638,-10.046227904123953,6,0.25,dynamic_1_5_p6_h1_3_6_12_s0_25,dynamic:1.5,True,True,highs
milp_h3,19,31.492062551381878,90.64863614512552,59.156573593743644,6,198,0.6854001632651295,7.937016800133279,27.559086111573883,0.7652545715837249,6,0.25,dynamic_1_5_p6_h1_3_6_12_s0_25,dynamic:1.5,True,True,highs
milp_h3,20,23.66689953430975,67.9024388477155,44.23553931340575,3,242,0.9987515786466694,6.164902900141897,21.40591284771492,-7.059908445488404,6,0.25,dynamic_1_5_p6_h1_3_6_12_s0_25,dynamic:1.5,True,True,highs
milp_h3,21,36.1397974870642,104.30194939742883,68.16215191036463,4,238,0.9989486858137111,6.601846100005787,22.923076736131204,5.412989507266047,6,0.25,dynamic_1_5_p6_h1_3_6_12_s0_25,dynamic:1.5,True,True,highs
milp_h3,22,24.62200831594643,70.25220286818919,45.630194552242756,7,239,0.9946714403547057,6.136853200005135,21.308518055573384,-6.104799663851722,6,0.25,dynamic_1_5_p6_h1_3_6_12_s0_25,dynamic:1.5,True,True,highs
milp_h3,23,29.12629699530021,83.66289932848827,54.53660233318806,7,240,0.7281633792748322,6.080292299942812,21.1121260414681,-1.6005109844979444,6,0.25,dynamic_1_5_p6_h1_3_6_12_s0_25,dynamic:1.5,True,True,highs
milp_h3,24,30.920298301927488,89.07542482887928,58.15512652695179,5,238,0.992333514961919,7.687289600260556,26.691977778682485,0.19349032212933537,6,0.25,dynamic_1_5_p6_h1_3_6_12_s0_25,dynamic:1.5,True,True,highs
milp_h3,25,42.54911585694835,123.05959973579928,80.51048387885093,2,246,0.9978897420555732,8.080651400232455,28.057817361918246,11.822307877150195,6,0.25,dynamic_1_5_p6_h1_3_6_12_s0_25,dynamic:1.5,True,True,highs
milp_h3,26,31.62564243530354,91.3103960484775,59.68475361317396,7,209,0.734212664977052,7.700317899609217,26.73721492919867,0.8988344555053871,6,0.25,dynamic_1_5_p6_h1_3_6_12_s0_25,dynamic:1.5,True,True,highs
milp_h3,27,20.331121980082287,58.62989391777048,38.298771937688194,5,257,0.9900371892102773,7.686552899860544,26.689419791182445,-10.395685999715866,6,0.25,dynamic_1_5_p6_h1_3_6_12_s0_25,dynamic:1.5,True,True,highs
milp_h3,28,35.452531199160234,102.30467720528743,66.8521460061272,7,250,0.8642216027893153,7.769733300083317,26.978240625289295,4.725723219362081,6,0.25,dynamic_1_5_p6_h1_3_6_12_s0_25,dynamic:1.5,True,True,highs
milp_h3,29,32.39384577839525,93.46664504974039,61.07279927134514,2,242,0.0,8.433400299982168,29.282639930493637,1.6670377985971,6,0.25,dynamic_1_5_p6_h1_3_6_12_s0_25,dynamic:1.5,True,True,highs
milp_h6,0,30.7458936186895,88.5215078959347,57.775614277245204,4,226,0.551572923868413,9.634118700021645,33.451801041741824,0.0190856388913474,6,0.25,dynamic_1_5_p6_h1_3_6_12_s0_25,dynamic:1.5,True,True,highs
milp_h6,1,29.81288239828531,85.71833962372725,55.905457225441936,3,226,0.9990882549030515,10.587553400051547,36.762338194623425,-0.9139255815128422,6,0.25,dynamic_1_5_p6_h1_3_6_12_s0_25,dynamic:1.5,True,True,highs
milp_h6,2,28.86034744225369,83.15273518902487,54.292387746771176,4,235,0.0,9.286255399842048,32.24394236056267,-1.8664605375444623,6,0.25,dynamic_1_5_p6_h1_3_6_12_s0_25,dynamic:1.5,True,True,highs
milp_h6,3,30.4993732208916,87.87714561332508,57.377772392433485,4,226,0.0,9.811434499803,34.06748090209375,-0.22743475890655418,6,0.25,dynamic_1_5_p6_h1_3_6_12_s0_25,dynamic:1.5,True,True,highs
milp_h6,4,32.63566083333603,94.21490587166659,61.579245038330555,3,233,0.9992570587655063,8.29726270030369,28.809939931610035,1.90885285353788,6,0.25,dynamic_1_5_p6_h1_3_6_12_s0_25,dynamic:1.5,True,True,highs
milp_h6,5,28.67053345647964,82.33259658373905,53.66206312725941,6,245,0.6087137716405265,8.329655099485535,28.92241353988033,-2.056274523318514,6,0.25,dynamic_1_5_p6_h1_3_6_12_s0_25,dynamic:1.5,True,True,highs
milp_h6,6,31.651240457146407,91.30947702821437,59.65823657106797,2,274,0.9993374887130506,8.681642300158273,30.144591319994007,0.9244324773482546,6,0.25,dynamic_1_5_p6_h1_3_6_12_s0_25,dynamic:1.5,True,True,highs
milp_h6,7,23.774326839904532,68.00115950540756,44.226832665503025,3,221,0.0,8.646157800249057,30.02138125086478,-6.952481139893621,6,0.25,dynamic_1_5_p6_h1_3_6_12_s0_25,dynamic:1.5,True,True,highs
milp_h6,8,28.282896932588372,81.12184454331631,52.83894761072794,4,239,0.7063708393116429,10.607604400109267,36.831959722601624,-2.443911047209781,6,0.25,dynamic_1_5_p6_h1_3_6_12_s0_25,dynamic:1.5,True,True,highs
milp_h6,9,35.48499948654231,102.60633775019303,67.12133826365073,8,256,0.3304829620364733,9.789085899741622,33.98988159632508,4.758191506744154,6,0.25,dynamic_1_5_p6_h1_3_6_12_s0_25,dynamic:1.5,True,True,highs
milp_h6,10,39.7417784373895,114.96602794349747,75.22424950610797,7,228,0.717785993632891,8.361159500258509,29.031803820342045,9.014970457591346,6,0.25,dynamic_1_5_p6_h1_3_6_12_s0_25,dynamic:1.5,True,True,highs
milp_h6,11,31.150050936692047,89.60672476344614,58.45667382675409,7,204,0.8430427304720811,10.387281299888855,36.06694895794741,0.423242956893894,6,0.25,dynamic_1_5_p6_h1_3_6_12_s0_25,dynamic:1.5,True,True,highs
milp_h6,12,30.673692398057803,88.78170707850578,58.10801468044797,5,242,0.471823389578472,9.61629619996529,33.389917360990594,-0.05311558174035014,6,0.25,dynamic_1_5_p6_h1_3_6_12_s0_25,dynamic:1.5,True,True,highs
milp_h6,13,30.499047458423277,87.78601875727684,57.28697129885356,3,222,0.0808270779204179,10.289265399769647,35.72661597142238,-0.22776052137487568,6,0.25,dynamic_1_5_p6_h1_3_6_12_s0_25,dynamic:1.5,True,True,highs
milp_h6,14,31.789980487358648,91.66841040683993,59.87842991948128,3,250,0.9972032329443747,9.956143700052053,34.569943402958515,1.0631725075604948,6,0.25,dynamic_1_5_p6_h1_3_6_12_s0_25,dynamic:1.5,True,True,highs
milp_h6,15,28.863672670902787,83.78425296116072,54.92058029025793,5,223,0.9994996371951235,8.691248599701794,30.17794652674234,-1.863135308895366,6,0.25,dynamic_1_5_p6_h1_3_6_12_s0_25,dynamic:1.5,True,True,highs
milp_h6,16,32.05736433938669,92.50271162532415,60.445347285937466,2,230,0.9966386201533198,8.594604799989611,29.842377777741703,1.3305563595885346,6,0.25,dynamic_1_5_p6_h1_3_6_12_s0_25,dynamic:1.5,True,True,highs
milp_h6,17,35.43684982007953,102.67667141204807,67.23982159196854,5,233,0.733982879972956,8.930569899879629,31.008923263470933,4.710041840281377,6,0.25,dynamic_1_5_p6_h1_3_6_12_s0_25,dynamic:1.5,True,True,highs
milp_h6,18,20.731064788516697,59.85658981542303,39.12552502690633,4,236,0.9288224806430017,10.306208299909486,35.78544548579683,-9.995743191281456,6,0.25,dynamic_1_5_p6_h1_3_6_12_s0_25,dynamic:1.5,True,True,highs
milp_h6,19,31.64917831987566,91.17632766193972,59.527149342064064,7,197,0.5293177023718109,10.678283799818018,37.07737430492367,0.9223703400775065,6,0.25,dynamic_1_5_p6_h1_3_6_12_s0_25,dynamic:1.5,True,True,highs
milp_h6,20,23.766354074968945,68.18932658693755,44.42297251196861,3,242,0.9987515786466694,8.524061699718004,29.59743645735418,-6.960453904829208,6,0.25,dynamic_1_5_p6_h1_3_6_12_s0_25,dynamic:1.5,True,True,highs
milp_h6,21,36.1397974870642,104.30194939742883,68.16215191036463,4,238,0.997269296036213,9.292112299910514,32.26427881913373,5.412989507266047,6,0.25,dynamic_1_5_p6_h1_3_6_12_s0_25,dynamic:1.5,True,True,highs
milp_h6,22,24.62200831594643,70.25220286818919,45.630194552242756,6,240,0.9972606336923401,8.688776899856748,30.16936423561371,-6.104799663851722,6,0.25,dynamic_1_5_p6_h1_3_6_12_s0_25,dynamic:1.5,True,True,highs
milp_h6,23,29.12629699530021,83.66289932848827,54.53660233318806,7,240,0.7281633792748322,8.613255300093442,29.907136458657785,-1.6005109844979444,6,0.25,dynamic_1_5_p6_h1_3_6_12_s0_25,dynamic:1.5,True,True,highs
milp_h6,24,31.038602878571965,89.41668760389389,58.378084725321926,5,238,0.992333514961919,11.038689100154443,38.32878159775848,0.3117948987738117,6,0.25,dynamic_1_5_p6_h1_3_6_12_s0_25,dynamic:1.5,True,True,highs
milp_h6,25,42.54911585694835,123.05959973579928,80.51048387885093,2,246,0.9978897420555732,11.22647239989601,38.98080694408337,11.822307877150195,6,0.25,dynamic_1_5_p6_h1_3_6_12_s0_25,dynamic:1.5,True,True,highs
milp_h6,26,31.67848245669127,91.4424961124452,59.76401365575393,7,209,0.734212664977052,10.561555599997519,36.67206805554694,0.9516744768931176,6,0.25,dynamic_1_5_p6_h1_3_6_12_s0_25,dynamic:1.5,True,True,highs
milp_h6,27,20.331121980082287,58.62989391777048,38.298771937688194,5,257,0.9900371892102773,10.715889899962349,37.207951041535935,-10.395685999715866,6,0.25,dynamic_1_5_p6_h1_3_6_12_s0_25,dynamic:1.5,True,True,highs
milp_h6,28,35.452531199160234,102.30467720528743,66.8521460061272,7,250,0.8642216027893153,10.71468380006263,37.20376319466191,4.725723219362081,6,0.25,dynamic_1_5_p6_h1_3_6_12_s0_25,dynamic:1.5,True,True,highs
milp_h6,29,32.44888379941853,93.60424011323364,61.15535631381511,2,242,0.0,10.532224499853328,36.570223957824055,1.722075819620379,6,0.25,dynamic_1_5_p6_h1_3_6_12_s0_25,dynamic:1.5,True,True,highs
milp_h12,0,30.8187361965944,88.79474109514253,57.976004898548126,4,226,0.551572923868413,16.53549819998443,57.4149243055015,0.09192821679624785,6,0.25,dynamic_1_5_p6_h1_3_6_12_s0_25,dynamic:1.5,True,True,highs
milp_h12,1,29.87716059786723,85.9250059912865,56.047845393419266,3,226,0.9993476015613405,21.80382980016293,75.70774236167684,-0.8496473819309216,6,0.25,dynamic_1_5_p6_h1_3_6_12_s0_25,dynamic:1.5,True,True,highs
milp_h12,2,28.86034744225369,83.15273518902487,54.292387746771176,4,235,0.0,15.98900970001705,55.51739479172587,-1.8664605375444623,6,0.25,dynamic_1_5_p6_h1_3_6_12_s0_25,dynamic:1.5,True,True,highs
milp_h12,3,30.570349301665416,88.14337898370563,57.573029682040215,4,226,0.998275932186119,17.43913560002693,60.552554166760174,-0.1564586781327364,6,0.25,dynamic_1_5_p6_h1_3_6_12_s0_25,dynamic:1.5,True,True,highs
milp_h12,4,32.63566083333603,94.21490587166659,61.579245038330555,3,233,0.9992570587655063,14.040767799830064,48.75266597163217,1.90885285353788,6,0.25,dynamic_1_5_p6_h1_3_6_12_s0_25,dynamic:1.5,True,True,highs
milp_h12,5,28.73409871693667,82.53696900542792,53.80287028849125,6,245,0.4799448253526708,14.289653200103203,49.61685138924723,-1.9927092628614815,6,0.25,dynamic_1_5_p6_h1_3_6_12_s0_25,dynamic:1.5,True,True,highs
milp_h12,6,31.689345169261507,91.47879918801591,59.789454018754405,2,274,0.9993374887130506,13.945810299774166,48.422952429771414,0.9625371894633545,6,0.25,dynamic_1_5_p6_h1_3_6_12_s0_25,dynamic:1.5,True,True,highs
milp_h12,7,23.774326839904532,68.00115950540756,44.226832665503025,3,221,0.0,14.101978499878896,48.9652031245795,-6.952481139893621,6,0.25,dynamic_1_5_p6_h1_3_6_12_s0_25,dynamic:1.5,True,True,highs
milp_h12,8,28.395997290180034,81.50280814306528,53.106810852885246,4,239,0.7056821663226724,17.901726300100563,62.158771875349174,-2.3308106896181187,6,0.25,dynamic_1_5_p6_h1_3_6_12_s0_25,dynamic:1.5,True,True,highs
milp_h12,9,35.55149135848424,102.82013129552743,67.26863993704319,7,257,0.3304829620364733,15.93246869998984,55.32107187496472,4.824683378686089,6,0.25,dynamic_1_5_p6_h1_3_6_12_s0_25,dynamic:1.5,True,True,highs
milp_h12,10,39.82526347786528,115.27919293195349,75.45392945408821,4,231,0.7220243007604992,14.462860600295244,50.21826597324738,9.098455498067125,6,0.25,dynamic_1_5_p6_h1_3_6_12_s0_25,dynamic:1.5,True,True,highs
milp_h12,11,31.21989307529043,89.85960028418214,58.63970720889171,5,206,0.7718173276277924,23.05519009983982,80.0527434022216,0.4930850954922761,6,0.25,dynamic_1_5_p6_h1_3_6_12_s0_25,dynamic:1.5,True,True,highs
milp_h12,12,30.737393029115225,89.02073300265434,58.283339973539114,5,242,0.601795147998787,20.85433990013553,72.41090243102614,0.010585049317072048,6,0.25,dynamic_1_5_p6_h1_3_6_12_s0_25,dynamic:1.5,True,True,highs
milp_h12,13,30.563166331385375,87.9921744650948,57.42900813370943,3,222,0.0808270779204179,22.165277499734657,76.96276909630089,-0.16364164841277784,6,0.25,dynamic_1_5_p6_h1_3_6_12_s0_25,dynamic:1.5,True,True,highs
milp_h12,14,31.853932454145053,91.87403236970911,60.02009991556406,3,250,0.9972032329443747,17.929508599976543,62.255238194362995,1.1271244743468998,6,0.25,dynamic_1_5_p6_h1_3_6_12_s0_25,dynamic:1.5,True,True,highs
milp_h12,15,28.863672670902787,83.78425296116072,54.92058029025793,4,223,0.9975731858900105,14.196546100021806,49.293562847297935,-1.863135308895366,6,0.25,dynamic_1_5_p6_h1_3_6_12_s0_25,dynamic:1.5,True,True,highs
milp_h12,16,32.1292883028801,92.77250354937868,60.643215246498585,2,230,0.9966386201533198,13.971573900023941,48.51240937508313,1.4024803230819458,6,0.25,dynamic_1_5_p6_h1_3_6_12_s0_25,dynamic:1.5,True,True,highs
milp_h12,17,35.517329439909005,102.98045201638415,67.46312257647514,5,233,0.7389255831178635,14.453348300041398,50.18523715292152,4.790521460110853,6,0.25,dynamic_1_5_p6_h1_3_6_12_s0_25,dynamic:1.5,True,True,highs
milp_h12,18,20.801706879587,60.09455218091709,39.29284530133009,4,236,0.92820542244966,16.556797499681124,57.488880207226124,-9.925101100211151,6,0.25,dynamic_1_5_p6_h1_3_6_12_s0_25,dynamic:1.5,True,True,highs
milp_h12,19,31.764076487207248,91.56329407640679,59.79921758919954,4,200,0.5243709101508887,17.719530699716415,61.52614826290422,1.0372685074090953,6,0.25,dynamic_1_5_p6_h1_3_6_12_s0_25,dynamic:1.5,True,True,highs
milp_h12,20,23.827515701125662,68.41879550583224,44.59127980470657,3,242,0.9987515786466694,13.863700999936555,48.13785069422415,-6.89929227867249,6,0.25,dynamic_1_5_p6_h1_3_6_12_s0_25,dynamic:1.5,True,True,highs
milp_h12,21,36.1397974870642,104.30194939742883,68.16215191036463,4,238,0.0,15.116252600011649,52.486988194484894,5.412989507266047,6,0.25,dynamic_1_5_p6_h1_3_6_12_s0_25,dynamic:1.5,True,True,highs
milp_h12,22,24.62200831594643,70.25220286818919,45.630194552242756,4,242,0.0,14.213457699981518,49.35228368049138,-6.104799663851722,6,0.25,dynamic_1_5_p6_h1_3_6_12_s0_25,dynamic:1.5,True,True,highs
milp_h12,23,29.126296995300223,83.66289932848828,54.53660233318806,5,242,0.5964453415587053,15.052559800242307,52.265832639730235,-1.6005109844979302,6,0.25,dynamic_1_5_p6_h1_3_6_12_s0_25,dynamic:1.5,True,True,highs
milp_h12,24,31.111351445104887,89.68964344986897,58.57829200476408,5,238,0.992333514961919,18.233231700083707,63.30983229195731,0.38454346530673433,6,0.25,dynamic_1_5_p6_h1_3_6_12_s0_25,dynamic:1.5,True,True,highs
milp_h12,25,42.628376447383374,123.31444949728629,80.68607304990292,2,246,0.9978897420555732,18.403648199688178,63.90155624891728,11.901568467585221,6,0.25,dynamic_1_5_p6_h1_3_6_12_s0_25,dynamic:1.5,True,True,highs
milp_h12,26,31.74890806132383,91.70666834318466,59.95776028186083,7,209,0.734212664977052,17.77595389986527,61.722062152309974,1.0221000815256787,6,0.25,dynamic_1_5_p6_h1_3_6_12_s0_25,dynamic:1.5,True,True,highs
milp_h12,27,20.37195605066789,58.76118598905576,38.38922993838787,5,257,0.991433552171016,17.66694190018461,61.3435482645299,-10.354851929130263,6,0.25,dynamic_1_5_p6_h1_3_6_12_s0_25,dynamic:1.5,True,True,highs
milp_h12,28,35.522553557666825,102.52981839528947,67.00726483762264,5,252,0.5969809592433665,17.614995499752695,61.16317881858575,4.795745577868672,6,0.25,dynamic_1_5_p6_h1_3_6_12_s0_25,dynamic:1.5,True,True,highs
milp_h12,29,32.52223943759006,93.87940170455974,61.35716226696968,4,240,0.9972931575581238,17.550333500112174,60.9386579865006,1.7954314577919064,6,0.25,dynamic_1_5_p6_h1_3_6_12_s0_25,dynamic:1.5,True,True,highs
equal_share,0,28.97755875724517,86.93267627173552,57.95511751449035,7,223,0.8161183672460744,0.0030144998454488814,0.01046701335225306,-1.749249222552983,6,0.25,dynamic_1_5_p6_h1_3_6_12_s0_25,dynamic:1.5,True,True,highs
equal_share,1,24.1791955086481,72.53758652594429,48.35839101729619,8,221,0.9973113340558801,0.0031174003961496055,0.01082430693107502,-6.547612471150053,6,0.25,dynamic_1_5_p6_h1_3_6_12_s0_25,dynamic:1.5,True,True,highs
equal_share,2,20.64048440697276,61.921453220918266,41.280968813945506,3,235,0.0,0.0030862999556120485,0.010716319290319612,-10.086323572825393,6,0.25,dynamic_1_5_p6_h1_3_6_12_s0_25,dynamic:1.5,True,True,highs
equal_share,3,28.179935607605792,84.53980682281737,56.35987121521158,7,223,0.7943715930246343,0.003011200053151697,0.010455555740110058,-2.546872372192361,6,0.25,dynamic_1_5_p6_h1_3_6_12_s0_25,dynamic:1.5,True,True,highs
equal_share,4,30.783890931633216,92.35167279489964,61.567781863266426,5,231,0.9970106114024948,0.0030261001083999872,0.010507292043055512,0.05708295183506351,6,0.25,dynamic_1_5_p6_h1_3_6_12_s0_25,dynamic:1.5,True,True,highs
equal_share,5,21.74826735180079,65.24480205540237,43.49653470360158,5,246,0.6881397299362192,0.0031045000650919974,0.010779514114902768,-8.978540627997361,6,0.25,dynamic_1_5_p6_h1_3_6_12_s0_25,dynamic:1.5,True,True,highs
equal_share,6,29.91225655834907,89.73676967504721,59.82451311669814,5,271,0.9977995026998832,0.0030365001875907183,0.010543403429134438,-0.8145514214490817,6,0.25,dynamic_1_5_p6_h1_3_6_12_s0_25,dynamic:1.5,True,True,highs
equal_share,7,18.826584519286428,56.47975355785929,37.65316903857286,6,218,0.9957161534578418,0.00313739973353222,0.010893749074764654,-11.900223460511725,6,0.25,dynamic_1_5_p6_h1_3_6_12_s0_25,dynamic:1.5,True,True,highs
equal_share,8,23.181250099166483,69.54375029749944,46.36250019833296,8,235,0.7678941185440222,0.0031570997089147568,0.010962151767065128,-7.545557880631669,6,0.25,dynamic_1_5_p6_h1_3_6_12_s0_25,dynamic:1.5,True,True,highs
equal_share,9,32.26048071284542,96.78144213853626,64.52096142569084,11,253,0.7309812831902691,0.0031373999663628638,0.010893749883204388,1.5336727330472684,6,0.25,dynamic_1_5_p6_h1_3_6_12_s0_25,dynamic:1.5,True,True,highs
equal_share,10,32.69766819277599,98.09300457832796,65.39533638555197,6,229,0.8047197458642789,0.0030349995067808777,0.010538192731878048,1.9708602129778399,6,0.25,dynamic_1_5_p6_h1_3_6_12_s0_25,dynamic:1.5,True,True,highs
equal_share,11,26.62270980815923,79.8681294244777,53.24541961631847,7,204,0.8725900224191776,0.003080799797317013,0.010697221518461851,-4.104098171638924,6,0.25,dynamic_1_5_p6_h1_3_6_12_s0_25,dynamic:1.5,True,True,highs
equal_share,12,26.258561818675183,78.77568545602554,52.51712363735036,11,236,0.6023435428742313,0.0030323001265060157,0.010528819883701444,-4.46824616112297,6,0.25,dynamic_1_5_p6_h1_3_6_12_s0_25,dynamic:1.5,True,True,highs
equal_share,13,23.87697330556351,71.63091991669052,47.753946611127006,3,222,0.5389411694187132,0.0031433997210115194,0.01091458236462333,-6.849834674234643,6,0.25,dynamic_1_5_p6_h1_3_6_12_s0_25,dynamic:1.5,True,True,highs
equal_share,14,29.615376885268716,88.84613065580615,59.23075377053743,5,248,0.9978510979328935,0.003151300217723474,0.010942014644873174,-1.1114310945294363,6,0.25,dynamic_1_5_p6_h1_3_6_12_s0_25,dynamic:1.5,True,True,highs
equal_share,15,19.736355185238196,59.209065555714574,39.47271037047638,6,221,0.08757434560409307,0.0030732001760043204,0.010670833944459446,-10.990452794559957,6,0.25,dynamic_1_5_p6_h1_3_6_12_s0_25,dynamic:1.5,True,True,highs
equal_share,16,29.563583954729275,88.69075186418783,59.12716790945856,4,228,0.6907724373625079,0.0029099998937454075,0.01010416629772711,-1.1632240250688781,6,0.25,dynamic_1_5_p6_h1_3_6_12_s0_25,dynamic:1.5,True,True,highs
equal_share,17,31.547094662780474,94.64128398834141,63.09418932556094,6,232,0.816066455635768,0.0032229998614639044,0.011190971741194112,0.8202866829823208,6,0.25,dynamic_1_5_p6_h1_3_6_12_s0_25,dynamic:1.5,True,True,highs
equal_share,18,16.4786853795878,49.43605613876339,32.95737075917559,6,234,0.9279608901782526,0.003043900243937969,0.010569098069229059,-14.248122600210351,6,0.25,dynamic_1_5_p6_h1_3_6_12_s0_25,dynamic:1.5,True,True,highs
equal_share,19,28.75584426328927,86.2675327898678,57.51168852657853,7,197,0.865065788840095,0.002967000094940886,0.010302083662989188,-1.9709637165088836,6,0.25,dynamic_1_5_p6_h1_3_6_12_s0_25,dynamic:1.5,True,True,highs
equal_share,20,19.196952742064838,57.590858226194506,38.39390548412967,6,239,0.9972666865780995,0.0030315999465528876,0.010526388703308638,-11.529855237733315,6,0.25,dynamic_1_5_p6_h1_3_6_12_s0_25,dynamic:1.5,True,True,highs
equal_share,21,31.036643206937867,93.10992962081359,62.07328641387572,8,234,0.9980706775425037,0.003054699918720871,0.010606596940003024,0.3098352271397147,6,0.25,dynamic_1_5_p6_h1_3_6_12_s0_25,dynamic:1.5,True,True,highs
equal_share,22,20.614416865220186,61.84325059566057,41.228833730440385,6,240,0.9970402878712503,0.00306829996407032,0.01065381931968861,-10.112391114577967,6,0.25,dynamic_1_5_p6_h1_3_6_12_s0_25,dynamic:1.5,True,True,highs
equal_share,23,24.54364692326609,73.63094076979827,49.087293846532184,6,241,0.7303915061704592,0.003099300287431106,0.010761459331358006,-6.1831610565320645,6,0.25,dynamic_1_5_p6_h1_3_6_12_s0_25,dynamic:1.5,True,True,highs
equal_share,24,26.679692945000617,80.03907883500186,53.35938589000124,6,237,0.9960450802199018,0.0030638003954663873,0.010638195817591622,-4.047115034797535,6,0.25,dynamic_1_5_p6_h1_3_6_12_s0_25,dynamic:1.5,True,True,highs
equal_share,25,32.02387026007213,96.0716107802164,64.04774052014427,1,247,0.0,0.0031341003777924925,0.010882292978446154,1.2970622802739769,6,0.25,dynamic_1_5_p6_h1_3_6_12_s0_25,dynamic:1.5,True,True,highs
equal_share,26,27.27101112736601,81.81303338209804,54.54202225473203,9,207,0.5547862658879353,0.003032399865332991,0.010529166199072884,-3.455796852432144,6,0.25,dynamic_1_5_p6_h1_3_6_12_s0_25,dynamic:1.5,True,True,highs
equal_share,27,15.574671393297976,46.72401417989393,31.149342786595952,8,254,0.8038190740110487,0.003042499942239374,0.010564235910553381,-15.152136586500177,6,0.25,dynamic_1_5_p6_h1_3_6_12_s0_25,dynamic:1.5,True,True,highs
equal_share,28,27.94142205495463,83.82426616486389,55.88284410990926,6,251,0.9302821602026049,0.003097699926001951,0.010755902520840108,-2.785385924843524,6,0.25,dynamic_1_5_p6_h1_3_6_12_s0_25,dynamic:1.5,True,True,highs
equal_share,29,28.57820139662232,85.73460418986696,57.15640279324464,5,239,0.9967083603526055,0.002968800050439313,0.010308333508469837,-2.148606583175834,6,0.25,dynamic_1_5_p6_h1_3_6_12_s0_25,dynamic:1.5,True,True,highs
max_charge,0,28.988002449274056,86.96400734782218,57.97600489854812,7,223,0.8161183672460744,0.0012442002480383962,0.004320139750133321,-1.7388055305240968,6,0.25,dynamic_1_5_p6_h1_3_6_12_s0_25,dynamic:1.5,True,True,highs
max_charge,1,28.023922696709626,84.07176809012888,56.04784539341926,11,218,0.9985434251181425,0.0012119001476094127,0.004207986623643794,-2.702885283088527,6,0.25,dynamic_1_5_p6_h1_3_6_12_s0_25,dynamic:1.5,True,True,highs
max_charge,2,27.21180021017789,81.63540063053368,54.42360042035579,7,231,0.9992725930196658,0.001213300012750551,0.004212847266494969,-3.5150077696202615,6,0.25,dynamic_1_5_p6_h1_3_6_12_s0_25,dynamic:1.5,True,True,highs
max_charge,3,28.7865148410201,86.35954452306031,57.57302968204021,9,221,0.8354221968251165,0.0012228000850882381,0.004245833628778605,-1.9402931387780527,6,0.25,dynamic_1_5_p6_h1_3_6_12_s0_25,dynamic:1.5,True,True,highs
max_charge,4,30.78962251916527,92.36886755749582,61.57924503833055,5,231,0.9970106114024948,0.0012067002535331994,0.004189931435879164,0.06281453936711756,6,0.25,dynamic_1_5_p6_h1_3_6_12_s0_25,dynamic:1.5,True,True,highs
max_charge,5,26.901435144245617,80.70430543273686,53.80287028849124,10,241,0.8124503184456481,0.001248199783731252,0.0043340270268446245,-3.8253728355525354,6,0.25,dynamic_1_5_p6_h1_3_6_12_s0_25,dynamic:1.5,True,True,highs
max_charge,6,29.939760200679295,89.81928060203789,59.8795204013586,5,271,0.9977995026998832,0.0012106001377105713,0.004203472700383928,-0.7870477791188577,6,0.25,dynamic_1_5_p6_h1_3_6_12_s0_25,dynamic:1.5,True,True,highs
max_charge,7,22.113416332751505,66.34024899825452,44.22683266550302,9,215,0.997485630263872,0.0012155998265370727,0.004220832731031503,-8.613391647046647,6,0.25,dynamic_1_5_p6_h1_3_6_12_s0_25,dynamic:1.5,True,True,highs
max_charge,8,26.553405426442616,79.66021627932786,53.10681085288524,11,232,0.7491018363610333,0.0012445995234884322,0.004321526123223723,-4.173402553355537,6,0.25,dynamic_1_5_p6_h1_3_6_12_s0_25,dynamic:1.5,True,True,highs
max_charge,9,33.634319968521595,100.90295990556477,67.26863993704318,12,252,0.7309812831902691,0.0012376998784020543,0.004297569022229355,2.907511988723442,6,0.25,dynamic_1_5_p6_h1_3_6_12_s0_25,dynamic:1.5,True,True,highs
max_charge,10,37.726964727044106,113.1808941811323,75.4539294540882,9,226,0.8392860582427246,0.0012625998351722956,0.00438402720545936,7.000156747245953,6,0.25,dynamic_1_5_p6_h1_3_6_12_s0_25,dynamic:1.5,True,True,highs
max_charge,11,29.368020202964537,88.10406060889362,58.73604040592908,10,201,0.860341435862982,0.0012507001229096204,0.0043427087601028485,-1.3587877768336156,6,0.25,dynamic_1_5_p6_h1_3_6_12_s0_25,dynamic:1.5,True,True,highs
max_charge,12,29.14166998676955,87.42500996030866,58.28333997353911,12,235,0.6817957762538878,0.0012415997334755957,0.004311110185679152,-1.585137993028603,6,0.25,dynamic_1_5_p6_h1_3_6_12_s0_25,dynamic:1.5,True,True,highs
max_charge,13,28.71450406685471,86.14351220056413,57.429008133709424,7,218,0.6925234992657799,0.0012159001489635557,0.0042218755172345685,-2.0123039129434446,6,0.25,dynamic_1_5_p6_h1_3_6_12_s0_25,dynamic:1.5,True,True,highs
max_charge,14,30.010049957782023,90.03014987334608,60.02009991556405,6,247,0.9982143152914646,0.0012147997040301561,0.004218054527882487,-0.7167580220161298,6,0.25,dynamic_1_5_p6_h1_3_6_12_s0_25,dynamic:1.5,True,True,highs
max_charge,15,27.46029014512896,82.38087043538688,54.920580290257924,11,216,0.558632152016232,0.0012247000995557755,0.004252430901235332,-3.2665178346691945,6,0.25,dynamic_1_5_p6_h1_3_6_12_s0_25,dynamic:1.5,True,True,highs
max_charge,16,30.321607623249285,90.96482286974786,60.64321524649858,6,226,0.7679877538024715,0.0012047001800965518,0.00418298673644636,-0.40520035654886755,6,0.25,dynamic_1_5_p6_h1_3_6_12_s0_25,dynamic:1.5,True,True,highs
max_charge,17,33.73156128823757,101.1946838647127,67.46312257647513,8,230,0.816066455635768,0.0012356998631730676,0.004290624524906484,3.004753308439419,6,0.25,dynamic_1_5_p6_h1_3_6_12_s0_25,dynamic:1.5,True,True,highs
max_charge,18,19.646422650665045,58.93926795199513,39.29284530133008,9,231,0.9517991347929492,0.0011929001775570214,0.004142014505406324,-11.080385329133108,6,0.25,dynamic_1_5_p6_h1_3_6_12_s0_25,dynamic:1.5,True,True,highs
max_charge,19,29.899608794599764,89.6988263837993,59.799217589199536,8,196,0.8819208987198199,0.0012114997662138194,0.004206596410464651,-0.8271991851983884,6,0.25,dynamic_1_5_p6_h1_3_6_12_s0_25,dynamic:1.5,True,True,highs
max_charge,20,22.29563990235328,66.88691970705985,44.591279804706566,9,236,0.9972666865780995,0.0011942002456635237,0.004146528630776124,-8.431168077444873,6,0.25,dynamic_1_5_p6_h1_3_6_12_s0_25,dynamic:1.5,True,True,highs
max_charge,21,34.081075955182314,102.24322786554693,68.16215191036461,10,232,0.9980706775425037,0.0012173000141046941,0.004226736160085743,3.354267975384161,6,0.25,dynamic_1_5_p6_h1_3_6_12_s0_25,dynamic:1.5,True,True,highs
max_charge,22,22.81509727612137,68.44529182836412,45.63019455224275,8,238,0.9970402878712503,0.0012424002634361386,0.004313889803597704,-7.911710703676782,6,0.25,dynamic_1_5_p6_h1_3_6_12_s0_25,dynamic:1.5,True,True,highs
max_charge,23,27.26830116659402,81.80490349978207,54.53660233318805,10,237,0.7303915061704592,0.0011872999311890453,0.004122569205517518,-3.4585068132041314,6,0.25,dynamic_1_5_p6_h1_3_6_12_s0_25,dynamic:1.5,True,True,highs
max_charge,24,29.289146002382033,87.8674380071461,58.57829200476407,8,235,0.9960450802199018,0.001209900074172765,0.00420104192421099,-1.43766197741612,6,0.25,dynamic_1_5_p6_h1_3_6_12_s0_25,dynamic:1.5,True,True,highs
max_charge,25,40.34303652495146,121.02910957485436,80.6860730499029,5,243,0.9996695076715869,0.0012531998509075493,0.004351388371206768,9.616228545153305,6,0.25,dynamic_1_5_p6_h1_3_6_12_s0_25,dynamic:1.5,True,True,highs
max_charge,26,29.978880140930407,89.93664042279123,59.95776028186082,12,204,0.5547862658879353,0.001196000084746629,0.004152778072036906,-0.7479278388677457,6,0.25,dynamic_1_5_p6_h1_3_6_12_s0_25,dynamic:1.5,True,True,highs
max_charge,27,19.194614969193935,57.5838449075818,38.389229938387864,11,251,0.8821191641104866,0.0012080995365977287,0.004194790057631003,-11.532193010604217,6,0.25,dynamic_1_5_p6_h1_3_6_12_s0_25,dynamic:1.5,True,True,highs
max_charge,28,33.50363241881132,100.51089725643395,67.00726483762263,9,248,0.9302821602026049,0.0012482000165618956,0.00433402783528436,2.7768244390131684,6,0.25,dynamic_1_5_p6_h1_3_6_12_s0_25,dynamic:1.5,True,True,highs
max_charge,29,30.678581133484833,92.0357434004545,61.357162266969674,6,238,0.9967083603526055,0.0012045002076774836,0.00418229238776904,-0.04822684631331953,6,0.25,dynamic_1_5_p6_h1_3_6_12_s0_25,dynamic:1.5,True,True,highs
random,0,28.821113396170077,86.46334018851024,57.64222679234017,5,225,0.5390105776172329,0.011839099926874042,0.04110798585720153,-1.905694583628076,6,0.25,dynamic_1_5_p6_h1_3_6_12_s0_25,dynamic:1.5,True,True,highs
random,1,27.94970325646416,83.84910976939248,55.89940651292832,9,220,0.8670929703708448,0.011300100159132853,0.03923645888587796,-2.7771047233339914,6,0.25,dynamic_1_5_p6_h1_3_6_12_s0_25,dynamic:1.5,True,True,highs
random,2,27.172171746737668,81.51651524021302,54.34434349347536,9,229,0.996464667103321,0.011811599921202287,0.04101249972639683,-3.554636233060485,6,0.25,dynamic_1_5_p6_h1_3_6_12_s0_25,dynamic:1.5,True,True,highs
random,3,28.65977621116896,85.9793286335069,57.319552422337935,7,223,0.9953300568438196,0.011686999845551327,0.040579860574831,-2.0670317686291924,6,0.25,dynamic_1_5_p6_h1_3_6_12_s0_25,dynamic:1.5,True,True,highs
random,4,30.778630075909057,92.33589022772718,61.55726015181812,3,233,0.9985204081736678,0.011149399564601481,0.03871319293264403,0.051822096110903715,6,0.25,dynamic_1_5_p6_h1_3_6_12_s0_25,dynamic:1.5,True,True,highs
random,5,26.801111496719358,80.40333449015807,53.602222993438716,8,243,0.7533195552509852,0.011584100080654025,0.040222569724493146,-3.925696483078795,6,0.25,dynamic_1_5_p6_h1_3_6_12_s0_25,dynamic:1.5,True,True,highs
random,6,29.682119750148402,89.04635925044522,59.36423950029682,6,270,0.9971632259092792,0.011302900151349604,0.03924618108107501,-1.0446882296497506,6,0.25,dynamic_1_5_p6_h1_3_6_12_s0_25,dynamic:1.5,True,True,highs
random,7,22.075545319328974,66.22663595798693,44.151090638657955,4,220,0.9973253063823425,0.01125610020244494,0.03908368125848938,-8.651262660469179,6,0.25,dynamic_1_5_p6_h1_3_6_12_s0_25,dynamic:1.5,True,True,highs
random,8,26.374473054739624,79.12341916421886,52.748946109479235,4,239,0.9970758202604969,0.011371600296115503,0.03948472325040105,-4.352334925058528,6,0.25,dynamic_1_5_p6_h1_3_6_12_s0_25,dynamic:1.5,True,True,highs
random,9,33.591681058626946,100.77504317588082,67.18336211725388,11,254,0.6612134314006941,0.011193500395165756,0.03886632081654776,2.8648730788287935,6,0.25,dynamic_1_5_p6_h1_3_6_12_s0_25,dynamic:1.5,True,True,highs
random,10,37.6360716169803,112.90821485094088,75.27214323396058,9,226,0.9021094325851317,0.011388800136046484,0.03954444491682807,6.90926363718215,6,0.25,dynamic_1_5_p6_h1_3_6_12_s0_25,dynamic:1.5,True,True,highs
random,11,29.178912994631474,87.53673898389442,58.35782598926295,9,202,0.8355816254785171,0.011042799946153536,0.03834305536858867,-1.5478949851666783,6,0.25,dynamic_1_5_p6_h1_3_6_12_s0_25,dynamic:1.5,True,True,highs
random,12,28.995447178667867,86.98634153600361,57.99089435733574,8,239,0.4667395361648537,0.011429200181737542,0.039684722853255354,-1.7313608011302861,6,0.25,dynamic_1_5_p6_h1_3_6_12_s0_25,dynamic:1.5,True,True,highs
random,13,28.66954171433609,86.00862514300827,57.33908342867218,5,220,0.7671856038810492,0.011682099982863292,0.04056284716271977,-2.0572662654620615,6,0.25,dynamic_1_5_p6_h1_3_6_12_s0_25,dynamic:1.5,True,True,highs
random,14,29.95287893753487,89.85863681260462,59.905757875069746,1,252,0.0,0.011342699872329831,0.0393843745567008,-0.7739290422632834,6,0.25,dynamic_1_5_p6_h1_3_6_12_s0_25,dynamic:1.5,True,True,highs
random,15,27.460290145128965,82.3808704353869,54.92058029025793,8,219,0.9976454396659392,0.011421500123105943,0.039657986538562305,-3.2665178346691874,6,0.25,dynamic_1_5_p6_h1_3_6_12_s0_25,dynamic:1.5,True,True,highs
random,16,30.321607623249292,90.96482286974788,60.643215246498585,1,231,0.9983188411102804,0.01143680009408854,0.03971111143780743,-0.40520035654886044,6,0.25,dynamic_1_5_p6_h1_3_6_12_s0_25,dynamic:1.5,True,True,highs
random,17,33.48222977380752,100.44668932142255,66.96445954761504,7,231,0.7092542445995126,0.011554100114153698,0.040118403174144786,2.755421794009365,6,0.25,dynamic_1_5_p6_h1_3_6_12_s0_25,dynamic:1.5,True,True,highs
random,18,19.53019380893197,58.590581426795914,39.060387617863945,5,235,0.9127801201035203,0.011978300201008096,0.041591320142389226,-11.196614170866184,6,0.25,dynamic_1_5_p6_h1_3_6_12_s0_25,dynamic:1.5,True,True,highs
random,19,29.791857752645804,89.3755732579374,59.5837155052916,3,201,0.528622690414877,0.011930199747439474,0.04142430467860928,-0.9349502271523491,6,0.25,dynamic_1_5_p6_h1_3_6_12_s0_25,dynamic:1.5,True,True,highs
random,20,22.161575592434602,66.48472677730379,44.32315118486919,5,240,0.9996134152377657,0.011708100122632459,0.04065312542580715,-8.565232387363551,6,0.25,dynamic_1_5_p6_h1_3_6_12_s0_25,dynamic:1.5,True,True,highs
random,21,34.045098289289,102.135294867867,68.090196578578,5,237,0.9970740541786345,0.012006300152279437,0.04168854219541471,3.3182903094908482,6,0.25,dynamic_1_5_p6_h1_3_6_12_s0_25,dynamic:1.5,True,True,highs
random,22,22.786365108434758,68.35909532530428,45.57273021686952,6,240,0.9963270800219748,0.011229299969272688,0.03899062489330794,-7.940442871363395,6,0.25,dynamic_1_5_p6_h1_3_6_12_s0_25,dynamic:1.5,True,True,highs
random,23,27.26830116659403,81.80490349978209,54.53660233318806,9,238,0.7280430678701652,0.011392299842555076,0.03955659667553846,-3.4585068132041243,6,0.25,dynamic_1_5_p6_h1_3_6_12_s0_25,dynamic:1.5,True,True,highs
random,24,29.15442094819668,87.46326284459003,58.30884189639335,7,236,0.9979199569920032,0.011344599915901199,0.039390971930212494,-1.5723870316014725,6,0.25,dynamic_1_5_p6_h1_3_6_12_s0_25,dynamic:1.5,True,True,highs
random,25,40.24435544783587,120.73306634350762,80.48871089567174,5,243,0.9999997663238261,0.011439099675044417,0.03971909609390423,9.51754746803772,6,0.25,dynamic_1_5_p6_h1_3_6_12_s0_25,dynamic:1.5,True,True,highs
random,26,29.904779855714487,89.71433956714345,59.80955971142897,6,210,0.9979919848833732,0.011428599973442033,0.039682638796673726,-0.8220281240836655,6,0.25,dynamic_1_5_p6_h1_3_6_12_s0_25,dynamic:1.5,True,True,highs
random,27,19.16840558237785,57.50521674713355,38.3368111647557,8,255,0.699791933500742,0.01179120026063174,0.04094166757163799,-11.558402397420302,6,0.25,dynamic_1_5_p6_h1_3_6_12_s0_25,dynamic:1.5,True,True,highs
random,28,33.31211322696443,99.93633968089331,66.62422645392888,7,250,0.9501840222711412,0.011529800278367475,0.04003402874433151,2.585305247166275,6,0.25,dynamic_1_5_p6_h1_3_6_12_s0_25,dynamic:1.5,True,True,highs
random,29,30.603026293078976,91.80907887923692,61.206052586157945,7,237,0.8017561900936073,0.011647900275420398,0.040444098178543046,-0.12378168671917678,6,0.25,dynamic_1_5_p6_h1_3_6_12_s0_25,dynamic:1.5,True,True,highs
milp_h1,0,59.39232104953699,174.48811618821392,115.09579513867693,13,211,0.8164344734953289,5.704795899509918,19.80831909552055,0.04020041393213347,12,0.25,dynamic_1_5_p12_h1_3_6_12_s0_25,dynamic:1.5,True,True,highs
milp_h1,1,57.67834084353629,169.31471495948017,111.63637411594388,16,208,0.8529690480757031,5.233128200197825,18.17058402846467,-1.673779792068565,12,0.25,dynamic_1_5_p12_h1_3_6_12_s0_25,dynamic:1.5,True,True,highs
milp_h1,2,55.875328642054654,164.19767878842774,108.32235014637308,16,216,0.8229887929421515,5.410178000252927,18.785340278655994,-3.4767919935502007,12,0.25,dynamic_1_5_p12_h1_3_6_12_s0_25,dynamic:1.5,True,True,highs
milp_h1,3,59.00631504276399,173.42459707875054,114.41828203598655,15,209,0.7730982455734925,5.343222600378795,18.55285625131526,-0.3458055928408683,12,0.25,dynamic_1_5_p12_h1_3_6_12_s0_25,dynamic:1.5,True,True,highs
milp_h1,4,63.34323335386027,186.33762343323932,122.99439007937904,18,212,0.9771828989185845,5.371333300252445,18.65046284809877,3.9911127182554154,12,0.25,dynamic_1_5_p12_h1_3_6_12_s0_25,dynamic:1.5,True,True,highs
milp_h1,5,55.442516855721806,162.6485467814655,107.2060299257437,28,217,0.7665228674503314,5.461730499751866,18.964342013027313,-3.9096037798830494,12,0.25,dynamic_1_5_p12_h1_3_6_12_s0_25,dynamic:1.5,True,True,highs
milp_h1,6,60.850376175502376,178.89333695834816,118.04296078284578,10,260,0.9984334505171352,5.25050910023856,18.230934375828333,1.4982555398975208,12,0.25,dynamic_1_5_p12_h1_3_6_12_s0_25,dynamic:1.5,True,True,highs
milp_h1,7,45.83852917314623,134.19376650513263,88.3552373319864,18,200,0.7679453164970262,5.2837473000981845,18.346344792007585,-13.513591462458628,12,0.25,dynamic_1_5_p12_h1_3_6_12_s0_25,dynamic:1.5,True,True,highs
milp_h1,8,54.24746465661164,159.00169304587476,104.75422838926312,15,222,0.8666493073053063,5.349637199688004,18.57512916558335,-5.104655978993215,12,0.25,dynamic_1_5_p12_h1_3_6_12_s0_25,dynamic:1.5,True,True,highs
milp_h1,9,69.01240695018225,203.1885601411129,134.17615319093065,15,244,0.8002968473492638,5.342708699929062,18.55107187475369,9.660286314577398,12,0.25,dynamic_1_5_p12_h1_3_6_12_s0_25,dynamic:1.5,True,True,highs
milp_h1,10,77.07724314335738,227.00374206109595,149.92649891773857,15,214,0.8992122686070518,5.299576500110561,18.40130729205056,17.725122507752523,12,0.25,dynamic_1_5_p12_h1_3_6_12_s0_25,dynamic:1.5,True,True,highs
milp_h1,11,59.59814146425508,174.89308934503973,115.29494788078465,18,188,0.9451913891001426,5.557755400048336,19.29776180572339,0.24602082865022368,12,0.25,dynamic_1_5_p12_h1_3_6_12_s0_25,dynamic:1.5,True,True,highs
milp_h1,12,59.39497983836414,174.95752379827974,115.5625439599156,25,216,0.7910991843394447,5.005500800063601,17.380211111331946,0.042859202759281345,12,0.25,dynamic_1_5_p12_h1_3_6_12_s0_25,dynamic:1.5,True,True,highs
milp_h1,13,59.05547827358356,173.45531120275763,114.39983292917407,10,209,0.6670073402470788,5.574339800426969,19.35534652926031,-0.296642362021295,12,0.25,dynamic_1_5_p12_h1_3_6_12_s0_25,dynamic:1.5,True,True,highs
milp_h1,14,61.64236544950015,181.22556529326442,119.58319984376428,14,233,0.9016669131733428,5.997666400304297,20.82523055661214,2.290244813895292,12,0.25,dynamic_1_5_p12_h1_3_6_12_s0_25,dynamic:1.5,True,True,highs
milp_h1,15,56.303170816036044,166.10274739656046,109.79957658052442,17,204,0.8307810494785969,5.369517199898837,18.644156944093183,-3.0489498195688114,12,0.25,dynamic_1_5_p12_h1_3_6_12_s0_25,dynamic:1.5,True,True,highs
milp_h1,16,62.122642936726066,182.72552941781245,120.60288648108639,19,209,0.9368015728451589,4.900089100119658,17.01419826430437,2.7705223011212112,12,0.25,dynamic_1_5_p12_h1_3_6_12_s0_25,dynamic:1.5,True,True,highs
milp_h1,17,68.21951744661274,200.9674376224861,132.74792017587336,15,217,0.7751789586575548,4.307840199733619,14.957778471297287,8.867396811007886,12,0.25,dynamic_1_5_p12_h1_3_6_12_s0_25,dynamic:1.5,True,True,highs
milp_h1,18,40.114967481263406,118.00829810000252,77.89333061873911,16,218,0.9977892920024406,4.435931200277992,15.402538889854137,-19.23715315434145,12,0.25,dynamic_1_5_p12_h1_3_6_12_s0_25,dynamic:1.5,True,True,highs
milp_h1,19,60.80766270079482,178.62358119108544,117.81591849029061,14,184,0.9216487989975505,5.475226600014139,19.011203472271315,1.4555420651899666,12,0.25,dynamic_1_5_p12_h1_3_6_12_s0_25,dynamic:1.5,True,True,highs
milp_h1,20,45.704340692976956,134.0147623237171,88.31042163074014,21,218,0.9126219907194942,5.392246099712793,18.723076735113864,-13.6477799426279,12,0.25,dynamic_1_5_p12_h1_3_6_12_s0_25,dynamic:1.5,True,True,highs
milp_h1,21,70.19037244315345,206.45367426569655,136.2633018225431,12,224,0.8890608358726008,6.014509300177451,20.88371284783837,10.838251807548595,12,0.25,dynamic_1_5_p12_h1_3_6_12_s0_25,dynamic:1.5,True,True,highs
milp_h1,22,47.41033559339817,138.6171847005444,91.20684910714624,21,219,0.9237235510004496,6.105184299987741,21.198556597179657,-11.941785042206682,12,0.25,dynamic_1_5_p12_h1_3_6_12_s0_25,dynamic:1.5,True,True,highs
milp_h1,23,56.339544164854445,165.30264083715093,108.96309667229649,14,227,0.8883762266156249,5.882812099996954,20.4264309027672,-3.0125764707504104,12,0.25,dynamic_1_5_p12_h1_3_6_12_s0_25,dynamic:1.5,True,True,highs
milp_h1,24,59.87500707184495,175.93955113863169,116.06454406678674,14,224,0.9959089421297272,5.53200569972978,19.208353124061734,0.5228864362400927,12,0.25,dynamic_1_5_p12_h1_3_6_12_s0_25,dynamic:1.5,True,True,highs
milp_h1,25,82.73072362786814,243.60442304855863,160.87369942069049,14,228,0.9989908252784846,5.983484899887117,20.775989235719155,23.37860299226329,12,0.25,dynamic_1_5_p12_h1_3_6_12_s0_25,dynamic:1.5,True,True,highs
milp_h1,26,61.37995257457216,180.57332646628336,119.1933738917112,14,196,0.9996658318656545,6.116636100050528,21.23831979184211,2.027831938967303,12,0.25,dynamic_1_5_p12_h1_3_6_12_s0_25,dynamic:1.5,True,True,highs
milp_h1,27,39.46008194876838,116.01677382382876,76.55669187506038,17,240,0.7960000422428724,5.329091299849097,18.503789235587142,-19.89203868683648,12,0.25,dynamic_1_5_p12_h1_3_6_12_s0_25,dynamic:1.5,True,True,highs
milp_h1,28,68.72348537072838,202.11753971999184,133.39405434926346,14,237,0.9990014410318585,5.907699500006856,20.512845486134918,9.371364735123528,12,0.25,dynamic_1_5_p12_h1_3_6_12_s0_25,dynamic:1.5,True,True,highs
milp_h1,29,62.83851541547925,184.80065396099238,121.96213854551313,15,223,0.9986789086159967,6.101551700237906,21.18594340360384,3.486394779874395,12,0.25,dynamic_1_5_p12_h1_3_6_12_s0_25,dynamic:1.5,True,True,highs
milp_h3,0,59.4128425755255,174.59061584371332,115.17777326818782,8,216,0.8158552973602836,16.487677200086182,57.24887916696591,0.06072193992064712,12,0.25,dynamic_1_5_p12_h1_3_6_12_s0_25,dynamic:1.5,True,True,highs
milp_h3,1,57.678340843536276,169.31471495948017,111.6363741159439,8,215,0.9970263653140015,15.018510099849664,52.147604513366886,-1.6737797920685793,12,0.25,dynamic_1_5_p12_h1_3_6_12_s0_25,dynamic:1.5,True,True,highs
milp_h3,2,55.89440101904039,164.29293929052793,108.39853827148754,8,224,0.8211092601629065,15.067483399878256,52.31765069402172,-3.457719616564468,12,0.25,dynamic_1_5_p12_h1_3_6_12_s0_25,dynamic:1.5,True,True,highs
milp_h3,3,59.00631504276399,173.42459707875054,114.41828203598655,10,214,0.5733111001634872,16.207362999819452,56.27556597159532,-0.3458055928408683,12,0.25,dynamic_1_5_p12_h1_3_6_12_s0_25,dynamic:1.5,True,True,highs
milp_h3,4,63.343233353860285,186.33762343323934,122.99439007937906,6,224,0.9338276176594403,15.144882599910488,52.586397916355864,3.9911127182554296,12,0.25,dynamic_1_5_p12_h1_3_6_12_s0_25,dynamic:1.5,True,True,highs
milp_h3,5,55.44251685572179,162.6485467814655,107.20602992574372,15,230,0.6941988228724933,15.85960790028912,55.068082987115,-3.9096037798830636,12,0.25,dynamic_1_5_p12_h1_3_6_12_s0_25,dynamic:1.5,True,True,highs
milp_h3,6,60.90454043087327,179.08298134449166,118.17844091361839,7,263,0.9941026294777314,14.234925000026124,49.426822916757374,1.5524197952684133,12,0.25,dynamic_1_5_p12_h1_3_6_12_s0_25,dynamic:1.5,True,True,highs
milp_h3,7,45.83852917314621,134.19376650513263,88.35523733198642,10,208,0.5848108714743092,14.919026800111169,51.80217638927489,-13.513591462458642,12,0.25,dynamic_1_5_p12_h1_3_6_12_s0_25,dynamic:1.5,True,True,highs
milp_h3,8,54.330594886883446,159.27879340604179,104.94819851915834,6,231,0.5372006505210123,13.063063299807254,45.3578586798863,-5.021525748721409,12,0.25,dynamic_1_5_p12_h1_3_6_12_s0_25,dynamic:1.5,True,True,highs
milp_h3,9,69.01240695018228,203.18856014111293,134.17615319093065,8,250,0.5521560653659985,15.566329800029052,54.04975625010088,9.660286314577426,12,0.25,dynamic_1_5_p12_h1_3_6_12_s0_25,dynamic:1.5,True,True,highs
milp_h3,10,77.10076841297519,227.1212274791436,150.02045906616843,7,222,0.9961911547698303,17.822340500017162,61.8831267361707,17.74864777737033,12,0.25,dynamic_1_5_p12_h1_3_6_12_s0_25,dynamic:1.5,True,True,highs
milp_h3,11,59.59811397350077,174.89306206099434,115.29494808749357,9,196,0.7467454506699861,16.6927183001535,57.960827431088546,0.24599333789591782,12,0.25,dynamic_1_5_p12_h1_3_6_12_s0_25,dynamic:1.5,True,True,highs
milp_h3,12,59.41293808828654,175.04720616128742,115.63426807300088,9,232,0.36592472290884137,16.135363300069002,56.025567014128484,0.06081745268168248,12,0.25,dynamic_1_5_p12_h1_3_6_12_s0_25,dynamic:1.5,True,True,highs
milp_h3,13,59.055478273583546,173.45531120275763,114.39983292917408,7,212,0.6664147630178353,15.321255399787333,53.19880347148379,-0.2966423620213092,12,0.25,dynamic_1_5_p12_h1_3_6_12_s0_25,dynamic:1.5,True,True,highs
milp_h3,14,61.64236544950015,181.22556529326442,119.58319984376428,3,244,0.9950453899942596,13.71504690067377,47.621690627339476,2.290244813895292,12,0.25,dynamic_1_5_p12_h1_3_6_12_s0_25,dynamic:1.5,True,True,highs
milp_h3,15,56.30317081603603,166.10274739656046,109.79957658052443,11,211,0.5205808759461841,13.386212100216653,46.479903125752266,-3.0489498195688256,12,0.25,dynamic_1_5_p12_h1_3_6_12_s0_25,dynamic:1.5,True,True,highs
milp_h3,16,62.122642936726066,182.72552941781245,120.60288648108639,6,220,0.9963687063871648,12.70608490012819,44.118350347667324,2.7705223011212112,12,0.25,dynamic_1_5_p12_h1_3_6_12_s0_25,dynamic:1.5,True,True,highs
milp_h3,17,68.21948579921539,200.96740623585194,132.74792043663655,8,224,0.7743155988703327,14.556545400177129,50.5435604172817,8.867365163610536,12,0.25,dynamic_1_5_p12_h1_3_6_12_s0_25,dynamic:1.5,True,True,highs
milp_h3,18,40.11929468989506,118.02993439076793,77.91063970087288,9,226,0.9984631543377643,14.991923600086011,52.05529027807643,-19.2328259457098,12,0.25,dynamic_1_5_p12_h1_3_6_12_s0_25,dynamic:1.5,True,True,highs
milp_h3,19,60.87799715687261,178.83464078306181,117.9566436261892,6,192,0.8430721022642258,13.925482900143834,48.35237118105498,1.5258765212677545,12,0.25,dynamic_1_5_p12_h1_3_6_12_s0_25,dynamic:1.5,True,True,highs
milp_h3,20,45.70434069297694,134.0147623237171,88.31042163074015,9,230,0.9952249053676802,17.77906469994923,61.73286354149039,-13.647779942627913,12,0.25,dynamic_1_5_p12_h1_3_6_12_s0_25,dynamic:1.5,True,True,highs
milp_h3,21,70.19037244315345,206.45367426569658,136.26330182254313,7,229,0.9993369796132756,16.812267799832625,58.37592986052995,10.838251807548595,12,0.25,dynamic_1_5_p12_h1_3_6_12_s0_25,dynamic:1.5,True,True,highs
milp_h3,22,47.41033559339817,138.6171847005444,91.20684910714624,8,232,0.7728991929281008,14.368879700195976,49.89194340345825,-11.941785042206682,12,0.25,dynamic_1_5_p12_h1_3_6_12_s0_25,dynamic:1.5,True,True,highs
milp_h3,23,56.33954416485443,165.30264083715093,108.9630966722965,10,231,0.7973905118848357,13.553351900103735,47.060249653137966,-3.0125764707504246,12,0.25,dynamic_1_5_p12_h1_3_6_12_s0_25,dynamic:1.5,True,True,highs
milp_h3,24,59.881832256396464,175.97367745193304,116.09184519553658,4,233,0.9830338530379473,16.53875910010538,57.426246875365905,0.529711620791609,12,0.25,dynamic_1_5_p12_h1_3_6_12_s0_25,dynamic:1.5,True,True,highs
milp_h3,25,82.73072362786812,243.60442304855863,160.8736994206905,5,237,0.9982086740510272,15.112108399858698,52.47259861062048,23.37860299226326,12,0.25,dynamic_1_5_p12_h1_3_6_12_s0_25,dynamic:1.5,True,True,highs
milp_h3,26,61.37995257457216,180.57332646628336,119.1933738917112,9,201,0.9983559203731059,14.897478799917735,51.7273569441588,2.027831938967303,12,0.25,dynamic_1_5_p12_h1_3_6_12_s0_25,dynamic:1.5,True,True,highs
milp_h3,27,39.46008194876839,116.01677382382877,76.55669187506038,9,247,0.8025458752911829,14.347334499791032,49.81713367982997,-19.892038686836464,12,0.25,dynamic_1_5_p12_h1_3_6_12_s0_25,dynamic:1.5,True,True,highs
milp_h3,28,68.74603389200144,202.23015738335857,133.48412349135714,9,242,0.1398632945095208,13.634363699966343,47.34154062488314,9.39391325639658,12,0.25,dynamic_1_5_p12_h1_3_6_12_s0_25,dynamic:1.5,True,True,highs
milp_h3,29,62.83851541547925,184.80065396099238,121.96213854551313,5,233,0.9951136800839818,16.708110200386727,58.01427152912058,3.486394779874395,12,0.25,dynamic_1_5_p12_h1_3_6_12_s0_25,dynamic:1.5,True,True,highs
milp_h6,0,59.43339151860155,174.6931426556992,115.25975113709765,8,216,0.8158552973602836,22.916237299737986,79.570268401868,0.08127088299669794,12,0.25,dynamic_1_5_p12_h1_3_6_12_s0_25,dynamic:1.5,True,True,highs
milp_h6,1,57.70595237529973,169.45256249225832,111.74661011695859,6,217,0.9968122088840332,24.375765300064813,84.63807395855838,-1.6461682603051244,12,0.25,dynamic_1_5_p12_h1_3_6_12_s0_25,dynamic:1.5,True,True,highs
milp_h6,2,55.913549947812086,164.43906810489685,108.52551815708476,8,224,0.7025404593569461,22.672339600219857,78.72340138965228,-3.438570687792769,12,0.25,dynamic_1_5_p12_h1_3_6_12_s0_25,dynamic:1.5,True,True,highs
milp_h6,3,59.019655051258695,173.49118908686188,114.47153403560318,10,214,0.6434210569451009,22.607615800225176,78.49866597300408,-0.3324655843461599,12,0.25,dynamic_1_5_p12_h1_3_6_12_s0_25,dynamic:1.5,True,True,highs
milp_h6,4,63.370641167047,186.47443124461407,123.10379007756707,6,224,0.9338276176594403,24.06702520008548,83.56605972251903,4.018520531442142,12,0.25,dynamic_1_5_p12_h1_3_6_12_s0_25,dynamic:1.5,True,True,highs
milp_h6,5,55.456168555570116,162.71670447921002,107.2605359236399,14,231,0.5946187105139539,22.604394099878846,78.48747951346822,-3.895952080034739,12,0.25,dynamic_1_5_p12_h1_3_6_12_s0_25,dynamic:1.5,True,True,highs
milp_h6,6,60.90456835916861,179.08300931585492,118.17844095668632,7,263,0.9941026294777314,25.086168399924645,87.10475138862724,1.552447723563752,12,0.25,dynamic_1_5_p12_h1_3_6_12_s0_25,dynamic:1.5,True,True,highs
milp_h6,7,45.85085335134728,134.2553046828435,88.40445133149622,10,208,0.7630136537777357,28.22383970001829,97.99944340284128,-13.501267284257572,12,0.25,dynamic_1_5_p12_h1_3_6_12_s0_25,dynamic:1.5,True,True,highs
milp_h6,8,54.261319689484765,159.07096807810893,104.80964838862417,7,230,0.535589656807986,41.21246249991236,143.0988281246957,-5.0908009461200905,12,0.25,dynamic_1_5_p12_h1_3_6_12_s0_25,dynamic:1.5,True,True,highs
milp_h6,9,69.01240695018228,203.18856014111293,134.17615319093065,8,250,0.5521560653659985,42.483307800022885,147.51148541674613,9.660286314577426,12,0.25,dynamic_1_5_p12_h1_3_6_12_s0_25,dynamic:1.5,True,True,highs
milp_h6,10,77.1243294004758,227.23874831638332,150.11441891590752,7,222,0.9961911547698303,45.665189699910115,158.55968645802125,17.772208764870946,12,0.25,dynamic_1_5_p12_h1_3_6_12_s0_25,dynamic:1.5,True,True,highs
milp_h6,11,59.59816870236517,174.89311662908514,115.29494792671997,9,196,0.7464915643913462,44.52318299977924,154.59438541590012,0.24604806676031643,12,0.25,dynamic_1_5_p12_h1_3_6_12_s0_25,dynamic:1.5,True,True,highs
milp_h6,12,59.41891525921345,175.07709121790646,115.65817595869301,15,226,0.565353119941633,47.705663800181355,165.64466597285193,0.0667946236085939,12,0.25,dynamic_1_5_p12_h1_3_6_12_s0_25,dynamic:1.5,True,True,highs
milp_h6,13,59.08302312483718,173.59282005519,114.50979693035282,7,212,0.6664147630178353,41.21273430009023,143.0997718753133,-0.2690975107676721,12,0.25,dynamic_1_5_p12_h1_3_6_12_s0_25,dynamic:1.5,True,True,highs
milp_h6,14,61.669841773128525,181.36272161386012,119.69287984073159,3,244,0.9950453899942596,41.25051290020929,143.23094757017114,2.3177211375236695,12,0.25,dynamic_1_5_p12_h1_3_6_12_s0_25,dynamic:1.5,True,True,highs
milp_h6,15,56.30317081603603,166.10274739656046,109.79957658052443,11,211,0.5205808759461841,39.98169730009977,138.82533784756865,-3.0489498195688256,12,0.25,dynamic_1_5_p12_h1_3_6_12_s0_25,dynamic:1.5,True,True,highs
milp_h6,16,62.122642936726066,182.72552941781245,120.60288648108639,9,217,0.9948756674699296,37.01414940014365,128.5213520838321,2.7705223011212112,12,0.25,dynamic_1_5_p12_h1_3_6_12_s0_25,dynamic:1.5,True,True,highs
milp_h6,17,68.21954885497718,200.9674690091203,132.74792015414312,8,224,0.7743155988703327,42.73936469989712,148.4005718746428,8.867428219372322,12,0.25,dynamic_1_5_p12_h1_3_6_12_s0_25,dynamic:1.5,True,True,highs
milp_h6,18,40.12364042847602,118.0515890464112,77.92794861793517,9,226,0.9984631543377643,49.202078800153686,170.84055138942253,-19.228480207128833,12,0.25,dynamic_1_5_p12_h1_3_6_12_s0_25,dynamic:1.5,True,True,highs
milp_h6,19,60.87805303391727,178.83469670484175,117.95664367092448,9,189,0.8430651669186587,42.05585269993753,146.02726631922755,1.5259323983124133,12,0.25,dynamic_1_5_p12_h1_3_6_12_s0_25,dynamic:1.5,True,True,highs
milp_h6,20,45.70434069297694,134.0147623237171,88.31042163074015,9,230,0.9952249053676802,48.5185479002248,168.4671802091139,-13.647779942627913,12,0.25,dynamic_1_5_p12_h1_3_6_12_s0_25,dynamic:1.5,True,True,highs
milp_h6,21,70.19037244315345,206.45367426569658,136.26330182254313,8,228,0.8366647729616238,50.83994090015767,176.52757256999192,10.838251807548595,12,0.25,dynamic_1_5_p12_h1_3_6_12_s0_25,dynamic:1.5,True,True,highs
milp_h6,22,47.41033559339817,138.6171847005444,91.20684910714624,8,232,0.7720964878058103,47.701531800295925,165.63031875102752,-11.941785042206682,12,0.25,dynamic_1_5_p12_h1_3_6_12_s0_25,dynamic:1.5,True,True,highs
milp_h6,23,56.3533332097865,165.3714838791228,109.0181506693363,10,231,0.7973905118848357,44.37311919993954,154.07333055534562,-2.9987874258183567,12,0.25,dynamic_1_5_p12_h1_3_6_12_s0_25,dynamic:1.5,True,True,highs
milp_h6,24,59.88868504780095,176.00783111172476,116.11914606392381,4,233,0.9830338530379473,45.62360829958925,158.415306595796,0.5365644121960926,12,0.25,dynamic_1_5_p12_h1_3_6_12_s0_25,dynamic:1.5,True,True,highs
milp_h6,25,82.7477540352244,243.68942345761246,160.94166942238806,5,237,0.9982086740510272,34.120593800005736,118.4742840277977,23.39563339961955,12,0.25,dynamic_1_5_p12_h1_3_6_12_s0_25,dynamic:1.5,True,True,highs
milp_h6,26,61.39319072382662,180.63940461592884,119.24621389210222,8,202,0.9993042906891032,32.57240440006717,113.09862638912212,2.0410700882217654,12,0.25,dynamic_1_5_p12_h1_3_6_12_s0_25,dynamic:1.5,True,True,highs
milp_h6,27,39.46008194876839,116.01677382382877,76.55669187506038,9,247,0.8025458752911829,34.40930939998361,119.4767687499431,-19.892038686836464,12,0.25,dynamic_1_5_p12_h1_3_6_12_s0_25,dynamic:1.5,True,True,highs
milp_h6,28,68.76867672895696,202.40291507537466,133.6342383464177,9,242,0.1398632945095208,41.585984900186304,144.39578090342468,9.416556093352106,12,0.25,dynamic_1_5_p12_h1_3_6_12_s0_25,dynamic:1.5,True,True,highs
milp_h6,29,62.85230371336955,184.86948025803582,122.01717654466627,5,233,0.9951136800839818,43.98810169994249,152.73646423591143,3.500183077764696,12,0.25,dynamic_1_5_p12_h1_3_6_12_s0_25,dynamic:1.5,True,True,highs
milp_h12,0,59.43339151860155,174.6931426556992,115.25975113709765,8,216,0.8140078782039885,45.34656050032936,157.45333507058805,0.08127088299669794,12,0.25,dynamic_1_5_p12_h1_3_6_12_s0_25,dynamic:1.5,True,True,highs
milp_h12,1,57.70595237529973,169.45256249225832,111.74661011695859,7,216,0.9968532496953942,78.76176430011401,273.47834826428476,-1.6461682603051244,12,0.25,dynamic_1_5_p12_h1_3_6_12_s0_25,dynamic:1.5,True,True,highs
milp_h12,2,55.913549947812086,164.43906810489685,108.52551815708476,8,224,0.7025404593569461,74.9728949998098,260.3225520826729,-3.438570687792769,12,0.25,dynamic_1_5_p12_h1_3_6_12_s0_25,dynamic:1.5,True,True,highs
milp_h12,3,59.019655051258695,173.49118908686188,114.47153403560318,10,214,0.645900723846562,77.9535867004015,270.67217604306074,-0.3324655843461599,12,0.25,dynamic_1_5_p12_h1_3_6_12_s0_25,dynamic:1.5,True,True,highs
milp_h12,4,63.38434500843286,186.54283508509394,123.15849007666108,11,219,0.8128295458876598,79.74816969965468,276.90336701268984,4.032224372828004,12,0.25,dynamic_1_5_p12_h1_3_6_12_s0_25,dynamic:1.5,True,True,highs
milp_h12,5,55.456168555570116,162.71670447921002,107.2605359236399,13,232,0.6522105583162455,77.29941869998584,268.40075937495084,-3.895952080034739,12,0.25,dynamic_1_5_p12_h1_3_6_12_s0_25,dynamic:1.5,True,True,highs
milp_h12,6,60.90454025860154,179.08298134449166,118.17844108589011,7,263,0.9941025993947572,73.21118990003015,254.2055204862158,1.5524196229966876,12,0.25,dynamic_1_5_p12_h1_3_6_12_s0_25,dynamic:1.5,True,True,highs
milp_h12,7,45.86317752954831,134.31684286055435,88.45366533100604,10,208,0.4523969662503488,79.0131087997579,274.3510722213816,-13.488943106056546,12,0.25,dynamic_1_5_p12_h1_3_6_12_s0_25,dynamic:1.5,True,True,highs
milp_h12,8,54.330594886883446,159.27879340604179,104.94819851915834,7,230,0.6896267252515765,69.01407889981056,239.63221840211997,-5.021525748721409,12,0.25,dynamic_1_5_p12_h1_3_6_12_s0_25,dynamic:1.5,True,True,highs
milp_h12,9,69.01240695018228,203.18856014111293,134.17615319093065,9,249,0.40423876361881844,74.8916486997332,260.0404468740736,9.660286314577426,12,0.25,dynamic_1_5_p12_h1_3_6_12_s0_25,dynamic:1.5,True,True,highs
milp_h12,10,77.1243294004758,227.23874831638332,150.11441891590752,7,222,0.9961911547698303,79.17528800020227,274.9141944451468,17.772208764870946,12,0.25,dynamic_1_5_p12_h1_3_6_12_s0_25,dynamic:1.5,True,True,highs
milp_h12,11,59.59811378975952,174.89306206099434,115.29494827123482,10,196,0.7468387514865643,76.42102350026835,265.35077604259845,0.24599315415466805,12,0.25,dynamic_1_5_p12_h1_3_6_12_s0_25,dynamic:1.5,True,True,highs
milp_h12,12,59.41891525921345,175.07709121790646,115.65817595869301,11,230,0.5648262145950789,80.80087809971883,280.5586045129126,0.0667946236085939,12,0.25,dynamic_1_5_p12_h1_3_6_12_s0_25,dynamic:1.5,True,True,highs
milp_h12,13,59.08302312483718,173.59282005519,114.50979693035282,7,212,0.6688807693503976,76.67794960009633,266.24288055589,-0.2690975107676721,12,0.25,dynamic_1_5_p12_h1_3_6_12_s0_25,dynamic:1.5,True,True,highs
milp_h12,14,61.669841773128525,181.36272161386012,119.69287984073159,3,244,0.9950453899942596,75.15612019976834,260.95875069364007,2.3177211375236695,12,0.25,dynamic_1_5_p12_h1_3_6_12_s0_25,dynamic:1.5,True,True,highs
milp_h12,15,56.31359265720339,166.15475323771923,109.84116058051585,10,211,0.5210176191961394,75.57567220003693,262.41552847235045,-3.0385279784014685,12,0.25,dynamic_1_5_p12_h1_3_6_12_s0_25,dynamic:1.5,True,True,highs
milp_h12,16,62.190069557047224,182.92786608337116,120.73779652632393,10,216,0.9962193993740062,24.648418899829267,85.5847878466294,2.8379489214423685,12,0.25,dynamic_1_5_p12_h1_3_6_12_s0_25,dynamic:1.5,True,True,highs
milp_h12,17,68.2194856253733,200.96740623585194,132.74792061047864,8,224,0.7735408747292573,38.00187709959573,131.95096215137406,8.86736498976844,12,0.25,dynamic_1_5_p12_h1_3_6_12_s0_25,dynamic:1.5,True,True,highs
milp_h12,18,40.166894679518876,118.18138832295608,78.0144936434372,8,226,0.9984889840588925,45.1668522998516,156.82934826337362,-19.18522595608598,12,0.25,dynamic_1_5_p12_h1_3_6_12_s0_25,dynamic:1.5,True,True,highs
milp_h12,19,60.87799697793152,178.83464078306181,117.9566438051303,9,189,0.8430651669186587,35.91672000006656,124.71083333356445,1.5258763423266615,12,0.25,dynamic_1_5_p12_h1_3_6_12_s0_25,dynamic:1.5,True,True,highs
milp_h12,20,45.70434069297694,134.0147623237171,88.31042163074015,9,230,0.9952249053676802,34.149623400269775,118.57508125093672,-13.647779942627913,12,0.25,dynamic_1_5_p12_h1_3_6_12_s0_25,dynamic:1.5,True,True,highs
milp_h12,21,70.20565493590644,206.52995875663566,136.32430382072923,8,228,0.8366647729616238,43.60978250019252,151.42285590344625,10.853534300301583,12,0.25,dynamic_1_5_p12_h1_3_6_12_s0_25,dynamic:1.5,True,True,highs
milp_h12,22,47.42374190413274,138.68413100861824,91.2603891044855,8,232,0.6970936519073953,44.10378960010712,153.1381583337053,-11.928378731472115,12,0.25,dynamic_1_5_p12_h1_3_6_12_s0_25,dynamic:1.5,True,True,highs
milp_h12,23,56.367122254718595,165.44032692109468,109.07320466637609,8,233,0.7698318391033736,37.42383830001927,129.943882986178,-2.9849983808862603,12,0.25,dynamic_1_5_p12_h1_3_6_12_s0_25,dynamic:1.5,True,True,highs
milp_h12,24,59.88868504780095,176.00783111172476,116.11914606392381,4,233,0.9830338530379473,39.82530489997589,138.28230868047183,0.5365644121960926,12,0.25,dynamic_1_5_p12_h1_3_6_12_s0_25,dynamic:1.5,True,True,highs
milp_h12,25,82.7477540352244,243.68942345761246,160.94166942238806,5,237,0.9982086740510272,40.4579348002153,140.47894027852533,23.39563339961955,12,0.25,dynamic_1_5_p12_h1_3_6_12_s0_25,dynamic:1.5,True,True,highs
milp_h12,26,61.45921287961126,180.83752681468445,119.3783139350732,9,201,0.9987294188757642,43.38633340006345,150.64699097244252,2.1070922440064024,12,0.25,dynamic_1_5_p12_h1_3_6_12_s0_25,dynamic:1.5,True,True,highs
milp_h12,27,39.46008194876839,116.01677382382877,76.55669187506038,7,249,0.997053268676952,41.51160549980705,144.13751909655224,-19.892038686836464,12,0.25,dynamic_1_5_p12_h1_3_6_12_s0_25,dynamic:1.5,True,True,highs
milp_h12,28,68.76867672895696,202.40291507537466,133.6342383464177,9,242,0.1398632945095208,40.82855589999235,141.76581909719567,9.416556093352106,12,0.25,dynamic_1_5_p12_h1_3_6_12_s0_25,dynamic:1.5,True,True,highs
milp_h12,29,62.85230371336955,184.86948025803582,122.01717654466627,5,233,0.9951136800839818,41.4423333000741,143.89699062525727,3.500183077764696,12,0.25,dynamic_1_5_p12_h1_3_6_12_s0_25,dynamic:1.5,True,True,highs
equal_share,0,53.808184739318904,161.4245542179567,107.61636947863781,13,211,0.7318638453010851,0.006554900232004002,0.022760070250013895,-5.5439358962859515,12,0.25,dynamic_1_5_p12_h1_3_6_12_s0_25,dynamic:1.5,True,True,highs
equal_share,1,46.559016524371856,139.67704957311557,93.11803304874371,10,213,0.7866962590893194,0.0065620999375823885,0.02278506922771663,-12.793104111233,12,0.25,dynamic_1_5_p12_h1_3_6_12_s0_25,dynamic:1.5,True,True,highs
equal_share,2,49.74929021468343,149.24787064405024,99.49858042936681,11,221,0.9982460808388057,0.005698900407878682,0.019787848638467647,-9.602830420921428,12,0.25,dynamic_1_5_p12_h1_3_6_12_s0_25,dynamic:1.5,True,True,highs
equal_share,3,56.53674599922839,169.61023799768518,113.07349199845679,11,213,0.7555531523738289,0.006061199732357636,0.021045832404019568,-2.8153746363764682,12,0.25,dynamic_1_5_p12_h1_3_6_12_s0_25,dynamic:1.5,True,True,highs
equal_share,4,57.207168362594985,171.62150508778493,114.41433672518994,16,214,0.9694777283913254,0.006600599881494418,0.022918749588522285,-2.1449522730098707,12,0.25,dynamic_1_5_p12_h1_3_6_12_s0_25,dynamic:1.5,True,True,highs
equal_share,5,49.941690675660254,149.82507202698073,99.88338135132048,23,222,0.47226795072993644,0.005981100111966953,0.020767708722107474,-9.4104299599446,12,0.25,dynamic_1_5_p12_h1_3_6_12_s0_25,dynamic:1.5,True,True,highs
equal_share,6,50.17222540131152,150.5166762039346,100.34445080262307,10,260,0.9965546216386045,0.00559650021023117,0.019432292396636006,-9.179895234293333,12,0.25,dynamic_1_5_p12_h1_3_6_12_s0_25,dynamic:1.5,True,True,highs
equal_share,7,35.90598754027583,107.71796262082748,71.81197508055165,7,211,0.669492012960654,0.005820899939863011,0.020211458124524344,-23.446133095329024,12,0.25,dynamic_1_5_p12_h1_3_6_12_s0_25,dynamic:1.5,True,True,highs
equal_share,8,47.038098465618106,141.1142953968543,94.07619693123618,9,229,0.6912219275967856,0.005726500297896564,0.019883681589918625,-12.31402216998675,12,0.25,dynamic_1_5_p12_h1_3_6_12_s0_25,dynamic:1.5,True,True,highs
equal_share,9,57.397132475653535,172.1913974269606,114.79426495130707,10,248,0.6379968769292106,0.005970599944703281,0.020731249807997502,-1.95498815995132,12,0.25,dynamic_1_5_p12_h1_3_6_12_s0_25,dynamic:1.5,True,True,highs
equal_share,10,65.19300843625174,195.57902530875526,130.38601687250352,8,221,0.9965189874979556,0.005534700088901445,0.019217708642018907,5.84088780064689,12,0.25,dynamic_1_5_p12_h1_3_6_12_s0_25,dynamic:1.5,True,True,highs
equal_share,11,51.499700971917804,154.4991029157534,102.99940194383561,12,193,0.8735545624525395,0.005510999937541783,0.019135416449797858,-7.852419663687051,12,0.25,dynamic_1_5_p12_h1_3_6_12_s0_25,dynamic:1.5,True,True,highs
equal_share,12,47.78675797006301,143.36027391018902,95.57351594012601,14,227,0.7661154115011088,0.005699300003470853,0.019789236123162683,-11.565362665541848,12,0.25,dynamic_1_5_p12_h1_3_6_12_s0_25,dynamic:1.5,True,True,highs
equal_share,13,54.13897613961382,162.41692841884145,108.27795227922763,9,210,0.8004904504841516,0.00573969996185042,0.019929513756425068,-5.213144495991038,12,0.25,dynamic_1_5_p12_h1_3_6_12_s0_25,dynamic:1.5,True,True,highs
equal_share,14,59.16673476732795,177.50020430198387,118.33346953465592,16,231,0.8256344627036447,0.005384600372053683,0.018696529069630843,-0.18538586827690295,12,0.25,dynamic_1_5_p12_h1_3_6_12_s0_25,dynamic:1.5,True,True,highs
equal_share,15,51.92206328494878,155.7661898548463,103.84412656989751,12,209,0.6641062931105546,0.005582000128924847,0.019381944892100163,-7.430057350656078,12,0.25,dynamic_1_5_p12_h1_3_6_12_s0_25,dynamic:1.5,True,True,highs
equal_share,16,57.72406506657758,173.17219519973273,115.44813013315515,13,215,0.9970537426694394,0.0056504999520257115,0.019619791500089277,-1.6280555690272749,12,0.25,dynamic_1_5_p12_h1_3_6_12_s0_25,dynamic:1.5,True,True,highs
equal_share,17,63.135066192000394,189.4051985760012,126.2701323840008,14,218,0.7746242019820315,0.005704499984858558,0.019807291614092212,3.782945556395539,12,0.25,dynamic_1_5_p12_h1_3_6_12_s0_25,dynamic:1.5,True,True,highs
equal_share,18,30.250450391403184,90.75135117420955,60.50090078280636,9,225,0.9978730900425443,0.006019699707394466,0.020901735095119674,-29.10167024420167,12,0.25,dynamic_1_5_p12_h1_3_6_12_s0_25,dynamic:1.5,True,True,highs
equal_share,19,53.00746743434871,159.02240230304614,106.01493486869742,13,185,0.9199628933200287,0.0055062999308574945,0.019119096982144076,-6.344653201256143,12,0.25,dynamic_1_5_p12_h1_3_6_12_s0_25,dynamic:1.5,True,True,highs
equal_share,20,36.690245349314694,110.07073604794411,73.38049069862942,15,224,0.6428720538867992,0.005611500004306436,0.0194843750149529,-22.66187528629016,12,0.25,dynamic_1_5_p12_h1_3_6_12_s0_25,dynamic:1.5,True,True,highs
equal_share,21,64.00527194687879,192.01581584063635,128.01054389375756,12,224,0.543589149376638,0.005493999720783904,0.019076387919388555,4.6531513112739376,12,0.25,dynamic_1_5_p12_h1_3_6_12_s0_25,dynamic:1.5,True,True,highs
equal_share,22,42.697231303024935,128.09169390907482,85.39446260604988,14,226,0.8474475641578647,0.005615900183329359,0.019499653414338052,-16.65488933257992,12,0.25,dynamic_1_5_p12_h1_3_6_12_s0_25,dynamic:1.5,True,True,highs
equal_share,23,51.78070190149465,155.34210570448397,103.56140380298932,14,227,0.8992322560677767,0.0062248002213891596,0.02161388965760125,-7.571418734110203,12,0.25,dynamic_1_5_p12_h1_3_6_12_s0_25,dynamic:1.5,True,True,highs
equal_share,24,51.57224089506522,154.71672268519566,103.14448179013044,10,228,0.995194173256277,0.005597699899226427,0.019436457983425096,-7.779879740539634,12,0.25,dynamic_1_5_p12_h1_3_6_12_s0_25,dynamic:1.5,True,True,highs
equal_share,25,72.67262584194327,218.01787752582987,145.3452516838866,8,234,0.9977916281327347,0.005598699935944751,0.019439930333141495,13.320505206338417,12,0.25,dynamic_1_5_p12_h1_3_6_12_s0_25,dynamic:1.5,True,True,highs
equal_share,26,59.087317364989175,177.26195209496754,118.17463472997837,17,193,0.9981250282137017,0.005666000331984833,0.019673612263836224,-0.26480327061567976,12,0.25,dynamic_1_5_p12_h1_3_6_12_s0_25,dynamic:1.5,True,True,highs
equal_share,27,35.32092295835183,105.96276887505549,70.64184591670366,12,244,0.8698109282702985,0.00577700010035187,0.020059028126221772,-24.031197677253026,12,0.25,dynamic_1_5_p12_h1_3_6_12_s0_25,dynamic:1.5,True,True,highs
equal_share,28,61.30261755184317,183.9078526555295,122.60523510368633,15,236,0.6852900438126641,0.005925299687078223,0.020573957246799383,1.9504969162383148,12,0.25,dynamic_1_5_p12_h1_3_6_12_s0_25,dynamic:1.5,True,True,highs
equal_share,29,54.98647074796929,164.9594122439079,109.97294149593861,11,227,0.9968200036222107,0.005563000217080116,0.019315972975972626,-4.365649887635563,12,0.25,dynamic_1_5_p12_h1_3_6_12_s0_25,dynamic:1.5,True,True,highs
max_charge,0,57.85759223302205,173.57277669906614,115.7151844660441,17,207,0.8081333696055938,0.0020158002735115588,0.006999306505248468,-1.4945284025828087,12,0.25,dynamic_1_5_p12_h1_3_6_12_s0_25,dynamic:1.5,True,True,highs
max_charge,1,55.98813422620296,167.96440267860888,111.97626845240592,21,202,0.8263043095529846,0.0019515000167302787,0.0067760417247579125,-3.363986409401896,12,0.25,dynamic_1_5_p12_h1_3_6_12_s0_25,dynamic:1.5,True,True,highs
max_charge,2,54.368575750788025,163.10572725236412,108.7371515015761,18,214,0.7974928096232073,0.0021962999599054456,0.0076260415274494635,-4.98354488481683,12,0.25,dynamic_1_5_p12_h1_3_6_12_s0_25,dynamic:1.5,True,True,highs
max_charge,3,57.45765034953753,172.37295104861258,114.91530069907505,15,210,0.6880167045634448,0.001946500182384625,0.0067586811888355035,-1.8944702860673246,12,0.25,dynamic_1_5_p12_h1_3_6_12_s0_25,dynamic:1.5,True,True,highs
max_charge,4,61.57924503833054,184.73773511499164,123.1584900766611,19,211,0.9747467006462753,0.002472500316798687,0.008585070544439886,2.2271244027256856,12,0.25,dynamic_1_5_p12_h1_3_6_12_s0_25,dynamic:1.5,True,True,highs
max_charge,5,53.74382212410369,161.23146637231108,107.48764424820739,28,217,0.489007925706957,0.0021820000547450036,0.007576389078975707,-5.608298511501168,12,0.25,dynamic_1_5_p12_h1_3_6_12_s0_25,dynamic:1.5,True,True,highs
max_charge,6,59.58598039795953,178.75794119387862,119.17196079591909,17,253,0.9978569299071459,0.002373099880060181,0.00823993013909785,0.2338597623546761,12,0.25,dynamic_1_5_p12_h1_3_6_12_s0_25,dynamic:1.5,True,True,highs
max_charge,7,44.22683266550301,132.68049799650905,88.45366533100604,17,201,0.86180011191408,0.0024754001933615655,0.008595139560283214,-15.125287970101844,12,0.25,dynamic_1_5_p12_h1_3_6_12_s0_25,dynamic:1.5,True,True,highs
max_charge,8,52.866657522320736,158.5999725669622,105.73331504464147,15,223,0.7752767262695899,0.0020567001192830503,0.0071413198586217025,-6.485463113284119,12,0.25,dynamic_1_5_p12_h1_3_6_12_s0_25,dynamic:1.5,True,True,highs
max_charge,9,67.20686826755602,201.62060480266805,134.41373653511204,15,243,0.7736158788120225,0.0021702997910324484,0.007535763163307113,7.854747631951163,12,0.25,dynamic_1_5_p12_h1_3_6_12_s0_25,dynamic:1.5,True,True,highs
max_charge,10,75.31820945541065,225.9546283662319,150.63641891082125,16,213,0.9976138616705112,0.002194400498410687,0.007619446175037107,15.966088819805798,12,0.25,dynamic_1_5_p12_h1_3_6_12_s0_25,dynamic:1.5,True,True,highs
max_charge,11,58.29772373239197,174.89317119717595,116.59544746478397,18,187,0.7887280535498806,0.002206499717431143,0.007661457352191469,-1.0543969032128828,12,0.25,dynamic_1_5_p12_h1_3_6_12_s0_25,dynamic:1.5,True,True,highs
max_charge,12,58.12793797552585,174.38381392657755,116.25587595105169,25,216,0.8293417992216913,0.002203500480391085,0.0076510433346912675,-1.224182660079002,12,0.25,dynamic_1_5_p12_h1_3_6_12_s0_25,dynamic:1.5,True,True,highs
max_charge,13,57.369444299737594,172.1083328992128,114.7388885994752,12,207,0.8336780381634741,0.0021344998676795512,0.00741145787388733,-1.9826763358672608,12,0.25,dynamic_1_5_p12_h1_3_6_12_s0_25,dynamic:1.5,True,True,highs
max_charge,14,59.96068991720675,179.88206975162026,119.92137983441351,18,229,0.8572325710370247,0.0020425002148840576,0.007092014635014089,0.6085692816018948,12,0.25,dynamic_1_5_p12_h1_3_6_12_s0_25,dynamic:1.5,True,True,highs
max_charge,15,54.92058029025792,164.76174087077376,109.84116058051585,15,206,0.6641062931105546,0.002311200019903481,0.00802500006910931,-4.431540345346939,12,0.25,dynamic_1_5_p12_h1_3_6_12_s0_25,dynamic:1.5,True,True,highs
max_charge,16,60.5262932444612,181.57887973338362,121.05258648892242,17,213,0.99773854846894,0.002090299763949588,0.007257985291491625,1.1741726088563453,12,0.25,dynamic_1_5_p12_h1_3_6_12_s0_25,dynamic:1.5,True,True,highs
max_charge,17,66.9891772607962,200.96753178238865,133.97835452159245,18,214,0.7746242019820315,0.002202099742135033,0.007646179660191087,7.637056625191342,12,0.25,dynamic_1_5_p12_h1_3_6_12_s0_25,dynamic:1.5,True,True,highs
max_charge,18,39.18033680394291,117.54101041182874,78.36067360788583,19,215,0.9986658900135247,0.0023323004133999348,0.00809826532430533,-20.171783831661948,12,0.25,dynamic_1_5_p12_h1_3_6_12_s0_25,dynamic:1.5,True,True,highs
max_charge,19,59.49431341886519,178.48294025659558,118.9886268377304,19,179,0.9358482820110506,0.0022211999748833477,0.007712499912789402,0.14219278326033447,12,0.25,dynamic_1_5_p12_h1_3_6_12_s0_25,dynamic:1.5,True,True,highs
max_charge,20,44.4420983083546,133.32629492506382,88.88419661670922,23,216,0.8452686331149591,0.0020922000403515995,0.007264583473443054,-14.910022327250253,12,0.25,dynamic_1_5_p12_h1_3_6_12_s0_25,dynamic:1.5,True,True,highs
max_charge,21,68.16215191036463,204.48645573109386,136.32430382072923,14,222,0.6957259342963583,0.002158700051950291,0.007495486291494065,8.810031274759773,12,0.25,dynamic_1_5_p12_h1_3_6_12_s0_25,dynamic:1.5,True,True,highs
max_charge,22,45.63019455224274,136.89058365672824,91.2603891044855,17,223,0.8691445294060486,0.0021812999329995364,0.007573958100692835,-13.721926083362114,12,0.25,dynamic_1_5_p12_h1_3_6_12_s0_25,dynamic:1.5,True,True,highs
max_charge,23,54.53660233318804,163.60980699956414,109.0732046663761,17,224,0.9159940299823837,0.002482099866028875,0.00861840231260026,-4.8155183024168124,12,0.25,dynamic_1_5_p12_h1_3_6_12_s0_25,dynamic:1.5,True,True,highs
max_charge,24,58.40083551406859,175.20250654220578,116.80167102813719,16,222,0.995194173256277,0.0022147998970467597,0.007690277420301249,-0.9512851215362659,12,0.25,dynamic_1_5_p12_h1_3_6_12_s0_25,dynamic:1.5,True,True,highs
max_charge,25,80.61243888139722,241.8373166441917,161.22487776279448,14,228,0.9982877117186268,0.002212699968367815,0.007682986001277136,21.26031824579237,12,0.25,dynamic_1_5_p12_h1_3_6_12_s0_25,dynamic:1.5,True,True,highs
max_charge,26,59.843273614346955,179.5298208430409,119.68654722869395,18,192,0.9983926922917349,0.002265599963720888,0.007866666540697528,0.4911529787421003,12,0.25,dynamic_1_5_p12_h1_3_6_12_s0_25,dynamic:1.5,True,True,highs
max_charge,27,38.35129593809445,115.05388781428336,76.7025918761889,15,241,0.8860612977602983,0.002161800191970542,0.007506250666564383,-21.000824697510403,12,0.25,dynamic_1_5_p12_h1_3_6_12_s0_25,dynamic:1.5,True,True,highs
max_charge,28,66.94221500506,200.82664501518008,133.88443001012007,18,233,0.775088702684048,0.0025415999116376042,0.008824999693186127,7.5900943694551515,12,0.25,dynamic_1_5_p12_h1_3_6_12_s0_25,dynamic:1.5,True,True,highs
max_charge,29,61.23791326880455,183.71373980641363,122.47582653760908,18,220,0.9980192661243346,0.0020912001200485975,0.007261111527946519,1.8857926331996921,12,0.25,dynamic_1_5_p12_h1_3_6_12_s0_25,dynamic:1.5,True,True,highs
random,0,57.400160863773024,172.20048259131903,114.800321727546,8,216,0.6051126445141384,0.026732099941000342,0.09281979146180674,-1.951959771831831,12,0.25,dynamic_1_5_p12_h1_3_6_12_s0_25,dynamic:1.5,True,True,highs
random,1,55.7483126357362,167.2449379072086,111.4966252714724,12,211,0.8120540313151849,0.026040199911221862,0.09041736080285369,-3.603807999868657,12,0.25,dynamic_1_5_p12_h1_3_6_12_s0_25,dynamic:1.5,True,True,highs
random,2,53.880564447840825,161.6416933435225,107.76112889568167,12,220,0.8609078110169894,0.026013400172814727,0.09032430615560669,-5.47155618776403,12,0.25,dynamic_1_5_p12_h1_3_6_12_s0_25,dynamic:1.5,True,True,highs
random,3,57.36168319899457,172.0850495969837,114.72336639798914,9,215,0.6380701433225867,0.026281900354661047,0.0912565984536842,-1.9904374366102857,12,0.25,dynamic_1_5_p12_h1_3_6_12_s0_25,dynamic:1.5,True,True,highs
random,4,61.34152482421601,184.02457447264803,122.68304964843202,17,213,0.8458933888986947,0.025216499663656577,0.08755729049880756,1.9894041886111538,12,0.25,dynamic_1_5_p12_h1_3_6_12_s0_25,dynamic:1.5,True,True,highs
random,5,53.50757170740093,160.52271512220278,107.01514341480186,16,229,0.6532721376894861,0.024206999776652083,0.08405208255781974,-5.844548928203928,12,0.25,dynamic_1_5_p12_h1_3_6_12_s0_25,dynamic:1.5,True,True,highs
random,6,58.86434357971106,176.5930307391332,117.72868715942215,12,258,0.9986888959464751,0.02610089984955266,0.09062812447761341,-0.48777705589379394,12,0.25,dynamic_1_5_p12_h1_3_6_12_s0_25,dynamic:1.5,True,True,highs
random,7,44.15404934547482,132.46214803642445,88.30809869094963,10,208,0.7214306950146904,0.02476489989203401,0.0859892357362292,-15.198071290130038,12,0.25,dynamic_1_5_p12_h1_3_6_12_s0_25,dynamic:1.5,True,True,highs
random,8,52.3439874535066,157.0319623605198,104.6879749070132,14,223,0.8066954361698321,0.024467300187097862,0.08495590342742314,-7.0081331820982555,12,0.25,dynamic_1_5_p12_h1_3_6_12_s0_25,dynamic:1.5,True,True,highs
random,9,67.0063321720124,201.0189965160372,134.01266434402478,8,250,0.6361670552058514,0.021653500356478617,0.07518576512666186,7.654211536407551,12,0.25,dynamic_1_5_p12_h1_3_6_12_s0_25,dynamic:1.5,True,True,highs
random,10,75.02945523201842,225.08836569605526,150.05891046403684,9,220,0.9677938492214506,0.021235499996691942,0.07373437498851369,15.677334596413566,12,0.25,dynamic_1_5_p12_h1_3_6_12_s0_25,dynamic:1.5,True,True,highs
random,11,57.706815530867644,173.12044659260292,115.41363106173527,15,190,0.7834265979653103,0.019922999519621953,0.06917708166535401,-1.6453051047372114,12,0.25,dynamic_1_5_p12_h1_3_6_12_s0_25,dynamic:1.5,True,True,highs
random,12,57.654301411086266,172.96290423325883,115.30860282217256,17,224,0.8116495691439903,0.021417299838503823,0.07436562443924938,-1.6978192245185895,12,0.25,dynamic_1_5_p12_h1_3_6_12_s0_25,dynamic:1.5,True,True,highs
random,13,57.20885889056119,171.62657667168358,114.41771778112239,9,210,0.6694310527949385,0.026992500061169267,0.09372395854572663,-2.1432617450436666,12,0.25,dynamic_1_5_p12_h1_3_6_12_s0_25,dynamic:1.5,True,True,highs
random,14,59.69562049731593,179.0868614919478,119.39124099463186,8,239,0.9978078486454167,0.02822030000970699,0.0979871528114826,0.3434998617110736,12,0.25,dynamic_1_5_p12_h1_3_6_12_s0_25,dynamic:1.5,True,True,highs
random,15,54.92058029025793,164.7617408707738,109.84116058051586,13,208,0.6601303365238084,0.027355600119335577,0.09498472263658186,-4.431540345346924,12,0.25,dynamic_1_5_p12_h1_3_6_12_s0_25,dynamic:1.5,True,True,highs
random,16,60.299287714165786,180.89786314249739,120.5985754283316,14,212,0.997357833391327,0.02223510021576658,0.07720520908252285,0.9471670785609305,12,0.25,dynamic_1_5_p12_h1_3_6_12_s0_25,dynamic:1.5,True,True,highs
random,17,66.53632301648562,199.60896904945687,133.07264603297125,10,222,0.621194018144745,0.0210882002429571,0.07322291751026772,7.18420238088077,12,0.25,dynamic_1_5_p12_h1_3_6_12_s0_25,dynamic:1.5,True,True,highs
random,18,39.01829802702113,117.05489408106337,78.03659605404223,14,220,0.8635664923416891,0.024191100004827604,0.0839968750167625,-20.333822608583723,12,0.25,dynamic_1_5_p12_h1_3_6_12_s0_25,dynamic:1.5,True,True,highs
random,19,59.02988223673047,177.08964671019143,118.05976447346096,10,188,0.8000968780175397,0.02226460023666732,0.07730763971065041,-0.3222383988743829,12,0.25,dynamic_1_5_p12_h1_3_6_12_s0_25,dynamic:1.5,True,True,highs
random,20,44.18256631018615,132.54769893055848,88.36513262037234,14,225,0.7781001984314309,0.020373099949210882,0.07073993037920445,-15.169554325418709,12,0.25,dynamic_1_5_p12_h1_3_6_12_s0_25,dynamic:1.5,True,True,highs
random,21,68.05677673296913,204.17033019890735,136.11355346593822,12,225,0.9966725642282157,0.01862769987201318,0.06467951344449022,8.704656097364271,12,0.25,dynamic_1_5_p12_h1_3_6_12_s0_25,dynamic:1.5,True,True,highs
random,22,45.46213926254896,136.38641778764688,90.92427852509792,12,228,0.8663858218983868,0.026457599771674722,0.09186666587387056,-13.889981373055896,12,0.25,dynamic_1_5_p12_h1_3_6_12_s0_25,dynamic:1.5,True,True,highs
random,23,54.39644213637611,163.1893264091283,108.7928842727522,8,233,0.8317431868070647,0.03026500009582378,0.10508680588827701,-4.955678499228746,12,0.25,dynamic_1_5_p12_h1_3_6_12_s0_25,dynamic:1.5,True,True,highs
random,24,58.09239017682876,174.27717053048625,116.18478035365749,10,227,0.8154922413146879,0.025068200106034055,0.08704236147928492,-1.2597304587760974,12,0.25,dynamic_1_5_p12_h1_3_6_12_s0_25,dynamic:1.5,True,True,highs
random,25,80.28907506478097,240.86722519434295,160.57815012956198,8,234,0.9966095988113903,0.02624740023748018,0.0911368063801395,20.93695442917612,12,0.25,dynamic_1_5_p12_h1_3_6_12_s0_25,dynamic:1.5,True,True,highs
random,26,59.49191197846015,178.47573593538044,118.98382395692029,12,198,0.8181038754040592,0.021101099788211286,0.07326770759795585,0.13979134285529682,12,0.25,dynamic_1_5_p12_h1_3_6_12_s0_25,dynamic:1.5,True,True,highs
random,27,38.279355172227326,114.838065516682,76.55871034445467,10,246,0.9986624494557801,0.01979659972130321,0.06873819347674726,-21.07276546337753,12,0.25,dynamic_1_5_p12_h1_3_6_12_s0_25,dynamic:1.5,True,True,highs
random,28,66.53841226865254,199.61523680595764,133.0768245373051,10,241,0.577933442639336,0.020794299780391157,0.07220242979302485,7.186291633047681,12,0.25,dynamic_1_5_p12_h1_3_6_12_s0_25,dynamic:1.5,True,True,highs
random,29,61.09915858036145,183.29747574108436,122.19831716072291,10,228,0.9987093804706605,0.018938199820695445,0.06575763826630363,1.7470379447565918,12,0.25,dynamic_1_5_p12_h1_3_6_12_s0_25,dynamic:1.5,True,True,highs
