controller,seed,net_profit,total_revenue,total_cost,served_customers,rejected_customers,mean_soc_fulfillment,total_compute_s,mean_step_ms,gap_to_best,ports,grid_cap_strain,experiment_id,tariff,bess_enabled,v2g_enabled,solver
milp_h1,0,57.74333306451639,173.22999919354916,115.48666612903277,7,226,0.997209218164327,4.286607799906051,14.884054860784898,-0.022587912099218954,3,1.0,dynamic_1_5_p3_h1_3_6_12,dynamic:1.5,False,False,highs
milp_h1,1,55.87566255728403,167.6269876718521,111.75132511456808,8,224,0.9266320062023139,4.3992460998561,15.275160068944793,-1.8902584193315803,3,1.0,dynamic_1_5_p3_h1_3_6_12,dynamic:1.5,False,False,highs
milp_h1,2,54.31495941902199,162.944878257066,108.629918838044,7,234,0.9972467616108048,6.675063299888279,23.17730312461208,-3.4509615575936223,3,1.0,dynamic_1_5_p3_h1_3_6_12,dynamic:1.5,False,False,highs
milp_h1,3,57.34853701591493,172.04561104774476,114.69707403182983,9,224,0.9987592341986259,7.0598163001122884,24.513251042056556,-0.4173839607006826,3,1.0,dynamic_1_5_p3_h1_3_6_12,dynamic:1.5,False,False,highs
milp_h1,4,61.45633653601011,184.36900960803032,122.91267307202021,7,232,0.9971516417460076,6.915491600142559,24.012123611606107,3.690415559394502,3,1.0,dynamic_1_5_p3_h1_3_6_12,dynamic:1.5,False,False,highs
milp_h1,5,53.70106512481969,161.10319537445903,107.40213024963934,11,243,0.9979893815875872,6.69001350014878,23.229213542183263,-4.064855851795919,3,1.0,dynamic_1_5_p3_h1_3_6_12,dynamic:1.5,False,False,highs
milp_h1,6,59.4575988953312,178.37279668599365,118.91519779066245,9,270,0.9982641915483644,6.001896200119518,20.839917361526105,1.691677918715591,3,1.0,dynamic_1_5_p3_h1_3_6_12,dynamic:1.5,False,False,highs
milp_h1,7,44.226832665503025,132.68049799650908,88.45366533100605,8,219,0.6965307305871591,7.180464599907282,24.932168749678063,-13.539088311112586,3,1.0,dynamic_1_5_p3_h1_3_6_12,dynamic:1.5,False,False,highs
milp_h1,8,52.86665752232075,158.59997256696224,105.73331504464149,7,239,0.9370744070515914,7.227967700047884,25.097110069610707,-4.899263454294861,3,1.0,dynamic_1_5_p3_h1_3_6_12,dynamic:1.5,False,False,highs
milp_h1,9,67.20686826755602,201.62060480266808,134.41373653511206,10,257,0.9415270558675743,7.558498800077359,26.244787500268608,9.440947290940407,3,1.0,dynamic_1_5_p3_h1_3_6_12,dynamic:1.5,False,False,highs
milp_h1,10,74.92031845549741,224.76095536649225,149.84063691099485,10,228,0.9253035647993034,4.610412200025166,16.00837569453183,17.154397478881798,3,1.0,dynamic_1_5_p3_h1_3_6_12,dynamic:1.5,False,False,highs
milp_h1,11,58.187098065018645,174.56129419505595,116.3741961300373,7,207,0.8232209894612665,4.5919314999337075,15.94420659699204,0.42117708840303436,3,1.0,dynamic_1_5_p3_h1_3_6_12,dynamic:1.5,False,False,highs
milp_h1,12,58.12793797552587,174.38381392657757,116.2558759510517,7,243,0.9992164180580284,3.2287403998197988,11.210904166040969,0.3620169989102564,3,1.0,dynamic_1_5_p3_h1_3_6_12,dynamic:1.5,False,False,highs
milp_h1,13,57.30963563571373,171.9289069071412,114.61927127142746,5,223,0.9981276896561557,3.2541210997878807,11.299031596485698,-0.45628534090187856,3,1.0,dynamic_1_5_p3_h1_3_6_12,dynamic:1.5,False,False,highs
milp_h1,14,59.78499275346596,179.3549782603979,119.56998550693194,11,245,0.8858837588292723,3.390680700118537,11.773196875411587,2.019071776850346,3,1.0,dynamic_1_5_p3_h1_3_6_12,dynamic:1.5,False,False,highs
milp_h1,15,54.92058029025793,164.7617408707738,109.84116058051586,9,221,0.7939649660136578,3.258206599901314,11.313217360768451,-2.8453406863576802,3,1.0,dynamic_1_5_p3_h1_3_6_12,dynamic:1.5,False,False,highs
milp_h1,16,60.526293244461215,181.57887973338364,121.05258648892243,6,229,0.9990052817897035,3.296929799966165,11.447672916549184,2.7603722678456037,3,1.0,dynamic_1_5_p3_h1_3_6_12,dynamic:1.5,False,False,highs
milp_h1,17,66.91948425819476,200.75845277458427,133.8389685163895,7,234,0.9972423063189055,3.3048253002634738,11.475087848137061,9.153563281579146,3,1.0,dynamic_1_5_p3_h1_3_6_12,dynamic:1.5,False,False,highs
milp_h1,18,39.07128413543104,117.21385240629314,78.1425682708621,8,235,0.8801345137349612,3.3179102999856696,11.52052187495024,-18.69463684118457,3,1.0,dynamic_1_5_p3_h1_3_6_12,dynamic:1.5,False,False,highs
milp_h1,19,59.49431341886522,178.4829402565956,118.9886268377304,10,197,0.9992044224362902,3.3136909001186723,11.505871180967612,1.728392442249607,3,1.0,dynamic_1_5_p3_h1_3_6_12,dynamic:1.5,False,False,highs
milp_h1,20,44.442098308354616,133.32629492506385,88.88419661670923,11,238,0.9986927215200395,3.244390000210842,11.265243056287646,-13.323822668260995,3,1.0,dynamic_1_5_p3_h1_3_6_12,dynamic:1.5,False,False,highs
milp_h1,21,67.98828991949557,203.96486975848674,135.97657983899117,8,237,0.9979485983877938,3.417962799896486,11.867926388529465,10.22236894287996,3,1.0,dynamic_1_5_p3_h1_3_6_12,dynamic:1.5,False,False,highs
milp_h1,22,45.630194552242756,136.89058365672827,91.26038910448551,9,240,0.8076725083498408,3.4187636998831294,11.870707291260866,-12.135726424372855,3,1.0,dynamic_1_5_p3_h1_3_6_12,dynamic:1.5,False,False,highs
milp_h1,23,54.53660233318806,163.60980699956417,109.07320466637611,11,239,0.9107948215980276,3.7305085000989493,12.953154514232462,-3.229318643427554,3,1.0,dynamic_1_5_p3_h1_3_6_12,dynamic:1.5,False,False,highs
milp_h1,24,58.34349901626507,175.0304970487952,116.68699803253014,10,236,0.8929746309146098,3.367582700084313,11.692995486403865,0.5775780396494596,3,1.0,dynamic_1_5_p3_h1_3_6_12,dynamic:1.5,False,False,highs
milp_h1,25,80.61243888139725,241.83731664419173,161.22487776279448,6,245,0.9982012897623769,3.518173099932028,12.21587881920843,22.846517904781642,3,1.0,dynamic_1_5_p3_h1_3_6_12,dynamic:1.5,False,False,highs
milp_h1,26,59.73521761645874,179.2056528493762,119.47043523291747,9,210,0.8034096213332306,3.3650156001676805,11.68408194502667,1.9692966398431295,3,1.0,dynamic_1_5_p3_h1_3_6_12,dynamic:1.5,False,False,highs
milp_h1,27,38.277291270097095,114.83187381029128,76.55458254019419,6,259,0.9960864380896622,3.352899500197964,11.642012153465153,-19.488629706518516,3,1.0,dynamic_1_5_p3_h1_3_6_12,dynamic:1.5,False,False,highs
milp_h1,28,66.8783286705613,200.63498601168394,133.75665734112263,5,255,0.9965996911049922,3.3058322001452325,11.478584028282057,9.112407693945691,3,1.0,dynamic_1_5_p3_h1_3_6_12,dynamic:1.5,False,False,highs
milp_h1,29,61.10791326363881,183.32373979091642,122.21582652727761,7,240,0.9971013765550532,3.4127951999689685,11.849983333225586,3.3419922870231957,3,1.0,dynamic_1_5_p3_h1_3_6_12,dynamic:1.5,False,False,highs
milp_h3,0,57.74333306451638,173.22999919354913,115.48666612903276,12,221,0.8587277735244628,4.657403099976364,16.171538541584596,-0.022587912099233165,3,1.0,dynamic_1_5_p3_h1_3_6_12,dynamic:1.5,False,False,highs
milp_h3,1,55.98813422620296,167.96440267860888,111.97626845240592,8,224,0.49459815192911133,5.646269700082485,19.605103125286405,-1.7777867504126519,3,1.0,dynamic_1_5_p3_h1_3_6_12,dynamic:1.5,False,False,highs
milp_h3,2,54.368575750788054,163.10572725236415,108.7371515015761,6,235,0.997336317686166,4.715568299914594,16.37350104137012,-3.397345225827557,3,1.0,dynamic_1_5_p3_h1_3_6_12,dynamic:1.5,False,False,highs
milp_h3,3,57.45765034953753,172.37295104861258,114.91530069907505,7,226,0.9988614323107382,6.457039399945643,22.420275694255704,-0.3082706270780804,3,1.0,dynamic_1_5_p3_h1_3_6_12,dynamic:1.5,False,False,highs
milp_h3,4,61.57924503833054,184.73773511499164,123.1584900766611,6,233,0.905478625548409,5.23641379995388,18.18199236095097,3.8133240617149298,3,1.0,dynamic_1_5_p3_h1_3_6_12,dynamic:1.5,False,False,highs
milp_h3,5,53.7438221241037,161.2314663723111,107.4876442482074,12,242,0.9978899662773228,4.754854000013438,16.509909722268883,-4.02209885251191,3,1.0,dynamic_1_5_p3_h1_3_6_12,dynamic:1.5,False,False,highs
milp_h3,6,59.58598039795956,178.75794119387865,119.17196079591909,9,270,0.9975792043781283,4.948061499846517,17.180769096689296,1.8200594213439487,3,1.0,dynamic_1_5_p3_h1_3_6_12,dynamic:1.5,False,False,highs
milp_h3,7,44.226832665503025,132.68049799650908,88.45366533100605,8,219,0.8269242824130937,4.603481600235682,15.98431111192945,-13.539088311112586,3,1.0,dynamic_1_5_p3_h1_3_6_12,dynamic:1.5,False,False,highs
milp_h3,8,52.86665752232075,158.59997256696224,105.73331504464149,12,234,0.9553967707342087,4.857467199952225,16.86620555538967,-4.899263454294861,3,1.0,dynamic_1_5_p3_h1_3_6_12,dynamic:1.5,False,False,highs
milp_h3,9,67.20686826755605,201.62060480266808,134.41373653511204,7,260,0.8580728283677796,6.038830299905385,20.968160763560363,9.440947290940436,3,1.0,dynamic_1_5_p3_h1_3_6_12,dynamic:1.5,False,False,highs
milp_h3,10,75.17737612724304,225.5321283817291,150.35475225448607,12,226,0.8773316255705866,5.478861399853486,19.023824305046826,17.411455150627425,3,1.0,dynamic_1_5_p3_h1_3_6_12,dynamic:1.5,False,False,highs
milp_h3,11,58.297723732392,174.89317119717597,116.59544746478397,12,202,0.6553964585673655,4.913053299897001,17.059212846864586,0.5318027557763898,3,1.0,dynamic_1_5_p3_h1_3_6_12,dynamic:1.5,False,False,highs
milp_h3,12,58.12793797552584,174.38381392657755,116.2558759510517,9,241,0.9987965251783721,5.087467100151116,17.66481631996915,0.362016998910228,3,1.0,dynamic_1_5_p3_h1_3_6_12,dynamic:1.5,False,False,highs
milp_h3,13,57.36944429973761,172.10833289921283,114.73888859947522,7,221,0.9982044758653554,5.305069600013667,18.42038055560301,-0.39647667687800237,3,1.0,dynamic_1_5_p3_h1_3_6_12,dynamic:1.5,False,False,highs
milp_h3,14,59.96068991720678,179.8820697516203,119.92137983441351,9,247,0.8755055987730974,5.407619300065562,18.776455903005424,2.1947689405911674,3,1.0,dynamic_1_5_p3_h1_3_6_12,dynamic:1.5,False,False,highs
milp_h3,15,54.920580290257945,164.7617408707738,109.84116058051585,8,222,0.996716465488038,5.3171758999087615,18.462416319127644,-2.845340686357666,3,1.0,dynamic_1_5_p3_h1_3_6_12,dynamic:1.5,False,False,highs
milp_h3,16,60.526293244461215,181.57887973338364,121.05258648892243,8,228,0.9999089195378799,5.0316856001009,17.4711305559059,2.7603722678456037,3,1.0,dynamic_1_5_p3_h1_3_6_12,dynamic:1.5,False,False,highs
milp_h3,17,66.98917726079623,200.96753178238868,133.97835452159245,8,233,0.5832744740354439,4.908731799892848,17.044207638516834,9.223256284180614,3,1.0,dynamic_1_5_p3_h1_3_6_12,dynamic:1.5,False,False,highs
milp_h3,18,39.18033680394292,117.54101041182875,78.36067360788583,10,234,0.8035640719171513,6.012751399830449,20.87760902718906,-18.58558417267269,3,1.0,dynamic_1_5_p3_h1_3_6_12,dynamic:1.5,False,False,highs
milp_h3,19,59.49431341886519,178.48294025659558,118.9886268377304,5,202,0.9992915993433429,7.074317000005976,24.563600694465194,1.7283924422495787,3,1.0,dynamic_1_5_p3_h1_3_6_12,dynamic:1.5,False,False,highs
milp_h3,20,44.44209830835463,133.32629492506385,88.88419661670922,11,237,0.9588149917901028,6.006152599962661,20.85469652764813,-13.32382266826098,3,1.0,dynamic_1_5_p3_h1_3_6_12,dynamic:1.5,False,False,highs
milp_h3,21,68.16215191036463,204.48645573109386,136.32430382072923,7,238,0.9966820066502171,5.635404600005131,19.56737708335115,10.396230933749017,3,1.0,dynamic_1_5_p3_h1_3_6_12,dynamic:1.5,False,False,highs
milp_h3,22,45.63019455224274,136.89058365672824,91.2603891044855,9,240,0.998002002939284,5.827225400091265,20.23342152809467,-12.13572642437287,3,1.0,dynamic_1_5_p3_h1_3_6_12,dynamic:1.5,False,False,highs
milp_h3,23,54.53660233318807,163.60980699956417,109.0732046663761,11,240,0.8956647967611587,4.90120880008908,17.018086111420416,-3.22931864342754,3,1.0,dynamic_1_5_p3_h1_3_6_12,dynamic:1.5,False,False,highs
milp_h3,24,58.34349901626507,175.0304970487952,116.68699803253014,10,236,0.7750767328475426,5.111011399902054,17.74656736077102,0.5775780396494596,3,1.0,dynamic_1_5_p3_h1_3_6_12,dynamic:1.5,False,False,highs
milp_h3,25,80.61243888139725,241.83731664419173,161.22487776279448,11,240,0.8919806771658013,5.162965299910866,17.92696284691273,22.846517904781642,3,1.0,dynamic_1_5_p3_h1_3_6_12,dynamic:1.5,False,False,highs
milp_h3,26,59.843273614346984,179.52982084304094,119.68654722869395,8,211,0.9978895542273741,5.559583499925793,19.30410937474234,2.077352637731373,3,1.0,dynamic_1_5_p3_h1_3_6_12,dynamic:1.5,False,False,highs
milp_h3,27,38.27543660302956,114.8263098090887,76.55087320605914,9,256,0.9981418921767142,5.2596427000680706,18.262648264125247,-19.49048437358605,3,1.0,dynamic_1_5_p3_h1_3_6_12,dynamic:1.5,False,False,highs
milp_h3,28,66.94221500506004,200.82664501518008,133.88443001012004,8,252,0.9966333304020967,6.131139300021459,21.28867812507451,9.176294028444424,3,1.0,dynamic_1_5_p3_h1_3_6_12,dynamic:1.5,False,False,highs
milp_h3,29,61.23791326880453,183.71373980641363,122.4758265376091,8,239,0.9991293769279884,5.189086200072779,18.017660416919373,3.471992292188922,3,1.0,dynamic_1_5_p3_h1_3_6_12,dynamic:1.5,False,False,highs
milp_h6,0,57.74333306451638,173.22999919354913,115.48666612903276,10,223,0.9972258595838772,6.484107099924586,22.514260763627036,-0.022587912099233165,3,1.0,dynamic_1_5_p3_h1_3_6_12,dynamic:1.5,False,False,highs
milp_h6,1,55.98813422620296,167.96440267860888,111.97626845240592,8,224,0.49459815192911133,6.762750399808283,23.48177222155654,-1.7777867504126519,3,1.0,dynamic_1_5_p3_h1_3_6_12,dynamic:1.5,False,False,highs
milp_h6,2,54.368575750788054,163.10572725236415,108.7371515015761,6,235,0.997336317686166,5.813301099959062,20.185073263746744,-3.397345225827557,3,1.0,dynamic_1_5_p3_h1_3_6_12,dynamic:1.5,False,False,highs
milp_h6,3,57.45765034953753,172.37295104861258,114.91530069907505,7,226,0.9988614323107382,7.848518299884745,27.251799652377585,-0.3082706270780804,3,1.0,dynamic_1_5_p3_h1_3_6_12,dynamic:1.5,False,False,highs
milp_h6,4,61.57924503833054,184.73773511499164,123.1584900766611,6,233,0.905478625548409,6.691517999861389,23.234437499518712,3.8133240617149298,3,1.0,dynamic_1_5_p3_h1_3_6_12,dynamic:1.5,False,False,highs
milp_h6,5,53.7438221241037,161.2314663723111,107.4876442482074,12,242,0.9978899662773228,5.725546000088798,19.880368055863883,-4.02209885251191,3,1.0,dynamic_1_5_p3_h1_3_6_12,dynamic:1.5,False,False,highs
milp_h6,6,59.58598039795956,178.75794119387865,119.17196079591909,9,270,0.9975792043781283,5.787206300112302,20.094466319834382,1.8200594213439487,3,1.0,dynamic_1_5_p3_h1_3_6_12,dynamic:1.5,False,False,highs
milp_h6,7,44.226832665503025,132.68049799650908,88.45366533100605,8,219,0.8269242824130937,5.574338699952932,19.355342708169903,-13.539088311112586,3,1.0,dynamic_1_5_p3_h1_3_6_12,dynamic:1.5,False,False,highs
milp_h6,8,52.86665752232075,158.59997256696224,105.73331504464149,12,234,0.9553967707342087,6.318799699991359,21.94027673608111,-4.899263454294861,3,1.0,dynamic_1_5_p3_h1_3_6_12,dynamic:1.5,False,False,highs
milp_h6,9,67.20686826755605,201.62060480266808,134.41373653511204,7,260,0.8580728283677796,7.1026322999969125,24.661917708322612,9.440947290940436,3,1.0,dynamic_1_5_p3_h1_3_6_12,dynamic:1.5,False,False,highs
milp_h6,10,75.31820945541062,225.9546283662319,150.63641891082128,12,226,0.8030858939437125,6.65979299992614,23.12428124974354,17.552288478795013,3,1.0,dynamic_1_5_p3_h1_3_6_12,dynamic:1.5,False,False,highs
milp_h6,11,58.297723732392,174.89317119717597,116.59544746478397,12,202,0.6553964585673655,6.031632800106308,20.94316944481357,0.5318027557763898,3,1.0,dynamic_1_5_p3_h1_3_6_12,dynamic:1.5,False,False,highs
milp_h6,12,58.12793797552584,174.38381392657755,116.2558759510517,9,241,0.9987965251783721,5.866855700296583,20.371026737140912,0.362016998910228,3,1.0,dynamic_1_5_p3_h1_3_6_12,dynamic:1.5,False,False,highs
milp_h6,13,57.36944429973761,172.10833289921283,114.73888859947522,7,221,0.9982044758653554,6.5852670999011025,22.865510763545494,-0.39647667687800237,3,1.0,dynamic_1_5_p3_h1_3_6_12,dynamic:1.5,False,False,highs
milp_h6,14,59.96068991720678,179.8820697516203,119.92137983441351,9,247,0.8758735074568055,1784.4428017000319,6195.981950347333,2.1947689405911674,3,1.0,dynamic_1_5_p3_h1_3_6_12,dynamic:1.5,False,False,highs
milp_h6,15,54.920580290257945,164.7617408707738,109.84116058051585,8,222,0.996716465488038,5.337315299970214,18.532344791563244,-2.845340686357666,3,1.0,dynamic_1_5_p3_h1_3_6_12,dynamic:1.5,False,False,highs
milp_h6,16,60.526293244461215,181.57887973338364,121.05258648892243,8,228,0.9999089195378799,5.136849600065034,17.836283333559145,2.7603722678456037,3,1.0,dynamic_1_5_p3_h1_3_6_12,dynamic:1.5,False,False,highs
milp_h6,17,66.98917726079623,200.96753178238868,133.97835452159245,8,233,0.5832744740354439,4.931335300017963,17.122692013951262,9.223256284180614,3,1.0,dynamic_1_5_p3_h1_3_6_12,dynamic:1.5,False,False,highs
milp_h6,18,39.18033680394292,117.54101041182875,78.36067360788583,10,234,0.8035640719171513,5.6599713001342025,19.652678125465982,-18.58558417267269,3,1.0,dynamic_1_5_p3_h1_3_6_12,dynamic:1.5,False,False,highs
milp_h6,19,59.49431341886519,178.48294025659558,118.9886268377304,5,202,0.9992915993433429,6.51644749994739,22.62655381926177,1.7283924422495787,3,1.0,dynamic_1_5_p3_h1_3_6_12,dynamic:1.5,False,False,highs
milp_h6,20,44.44209830835463,133.32629492506385,88.88419661670922,11,237,0.965274988625967,5.589834999904269,19.409149305223156,-13.32382266826098,3,1.0,dynamic_1_5_p3_h1_3_6_12,dynamic:1.5,False,False,highs
milp_h6,21,68.16215191036463,204.48645573109386,136.32430382072923,7,238,0.9966820066502171,6.039377699999022,20.970061458329937,10.396230933749017,3,1.0,dynamic_1_5_p3_h1_3_6_12,dynamic:1.5,False,False,highs
milp_h6,22,45.63019455224274,136.89058365672824,91.2603891044855,9,240,0.998002002939284,6.798341200090363,23.60535138920265,-12.13572642437287,3,1.0,dynamic_1_5_p3_h1_3_6_12,dynamic:1.5,False,False,highs
milp_h6,23,54.53660233318807,163.60980699956417,109.0732046663761,11,240,0.9120709235925825,5.249108299874933,18.226070485676853,-3.22931864342754,3,1.0,dynamic_1_5_p3_h1_3_6_12,dynamic:1.5,False,False,highs
milp_h6,24,58.34349901626507,175.0304970487952,116.68699803253014,10,236,0.7750767328475426,5.265937699979986,18.284505902708286,0.5775780396494596,3,1.0,dynamic_1_5_p3_h1_3_6_12,dynamic:1.5,False,False,highs
milp_h6,25,80.61243888139725,241.83731664419173,161.22487776279448,11,240,0.8919806771658013,6.013964799945825,20.881822222034113,22.846517904781642,3,1.0,dynamic_1_5_p3_h1_3_6_12,dynamic:1.5,False,False,highs
milp_h6,26,59.843273614346984,179.52982084304094,119.68654722869395,8,211,0.9978895542273741,5.831390499966801,20.24788368044028,2.077352637731373,3,1.0,dynamic_1_5_p3_h1_3_6_12,dynamic:1.5,False,False,highs
milp_h6,27,38.27543660302956,114.8263098090887,76.55087320605914,9,256,0.9984370188035769,5.850146300042979,20.313007986260345,-19.49048437358605,3,1.0,dynamic_1_5_p3_h1_3_6_12,dynamic:1.5,False,False,highs
milp_h6,28,66.94221500506004,200.82664501518008,133.88443001012004,8,252,0.9966333304020967,6.695284399946104,23.247515277590637,9.176294028444424,3,1.0,dynamic_1_5_p3_h1_3_6_12,dynamic:1.5,False,False,highs
milp_h6,29,61.23791326880453,183.71373980641363,122.4758265376091,8,239,0.9991293769279884,5.792050400021253,20.111286111184906,3.471992292188922,3,1.0,dynamic_1_5_p3_h1_3_6_12,dynamic:1.5,False,False,highs
milp_h12,0,57.74333306451638,173.22999919354913,115.48666612903276,8,225,0.9973209229897897,9.476374999911059,32.904079860802284,-0.022587912099233165,3,1.0,dynamic_1_5_p3_h1_3_6_12,dynamic:1.5,False,False,highs
milp_h12,1,55.98813422620297,167.96440267860888,111.9762684524059,5,227,0.6389185676218602,10.933898699993733,37.96492604164491,-1.7777867504126377,3,1.0,dynamic_1_5_p3_h1_3_6_12,dynamic:1.5,False,False,highs
milp_h12,2,54.368575750788054,163.10572725236415,108.7371515015761,6,235,0.9984834433751703,7.406855300185271,25.718247570087744,-3.397345225827557,3,1.0,dynamic_1_5_p3_h1_3_6_12,dynamic:1.5,False,False,highs
milp_h12,3,57.45765034953753,172.37295104861258,114.91530069907505,7,226,0.9988614323107382,10.307110100067803,35.788576736346535,-0.3082706270780804,3,1.0,dynamic_1_5_p3_h1_3_6_12,dynamic:1.5,False,False,highs
milp_h12,4,61.57924503833054,184.73773511499164,123.1584900766611,6,233,0.905478625548409,8.535340299960808,29.636598263752806,3.8133240617149298,3,1.0,dynamic_1_5_p3_h1_3_6_12,dynamic:1.5,False,False,highs
milp_h12,5,53.7438221241037,161.2314663723111,107.4876442482074,11,243,0.9581983394066601,8.00134699998307,27.78245486105233,-4.02209885251191,3,1.0,dynamic_1_5_p3_h1_3_6_12,dynamic:1.5,False,False,highs
milp_h12,6,59.58598039795956,178.75794119387865,119.17196079591909,9,270,0.9975792043781283,7.2767239997774595,25.26640277700507,1.8200594213439487,3,1.0,dynamic_1_5_p3_h1_3_6_12,dynamic:1.5,False,False,highs
milp_h12,7,44.226832665503025,132.68049799650908,88.45366533100605,8,219,0.8269242824130937,6.861150500088115,23.823439236417066,-13.539088311112586,3,1.0,dynamic_1_5_p3_h1_3_6_12,dynamic:1.5,False,False,highs
milp_h12,8,52.86665752232075,158.59997256696224,105.73331504464149,12,234,0.9553967707342087,7.83935510001902,27.219982986177154,-4.899263454294861,3,1.0,dynamic_1_5_p3_h1_3_6_12,dynamic:1.5,False,False,highs
milp_h12,9,67.20686826755605,201.62060480266808,134.41373653511204,7,260,0.8580728283677796,9.297343100057333,32.28244131964352,9.440947290940436,3,1.0,dynamic_1_5_p3_h1_3_6_12,dynamic:1.5,False,False,highs
milp_h12,10,75.24779279132684,225.7433783739805,150.49558558265366,9,229,0.9528971492513871,7.5674291998147964,26.275795832690264,17.481871814711234,3,1.0,dynamic_1_5_p3_h1_3_6_12,dynamic:1.5,False,False,highs
milp_h12,11,58.297723732392,174.89317119717597,116.59544746478397,13,201,0.7241804863216807,7.5434403998660855,26.192501388423906,0.5318027557763898,3,1.0,dynamic_1_5_p3_h1_3_6_12,dynamic:1.5,False,False,highs
milp_h12,12,58.12793797552584,174.38381392657755,116.2558759510517,10,240,0.9933560015795184,7.3499694000784075,25.520727083605582,0.362016998910228,3,1.0,dynamic_1_5_p3_h1_3_6_12,dynamic:1.5,False,False,highs
milp_h12,13,57.30825763046741,171.92477289140223,114.61651526093482,8,220,0.997932696115869,7.695819400178152,26.72159513950747,-0.4576633461482018,3,1.0,dynamic_1_5_p3_h1_3_6_12,dynamic:1.5,False,False,highs
milp_h12,14,59.96068991720678,179.8820697516203,119.92137983441351,9,247,0.8758735074568055,16120.540262600147,55974.09813402829,2.1947689405911674,3,1.0,dynamic_1_5_p3_h1_3_6_12,dynamic:1.5,False,False,highs
milp_h12,15,54.920580290257945,164.7617408707738,109.84116058051585,8,222,0.996716465488038,8.974132299990742,31.16018159719008,-2.845340686357666,3,1.0,dynamic_1_5_p3_h1_3_6_12,dynamic:1.5,False,False,highs
milp_h12,16,60.526293244461215,181.57887973338364,121.05258648892243,8,228,0.9987825638288843,7.617770000142627,26.450590278273012,2.7603722678456037,3,1.0,dynamic_1_5_p3_h1_3_6_12,dynamic:1.5,False,False,highs
milp_h12,17,66.98917726079623,200.96753178238868,133.97835452159245,8,233,0.5832744740354439,7.255084500240628,25.191265625835513,9.223256284180614,3,1.0,dynamic_1_5_p3_h1_3_6_12,dynamic:1.5,False,False,highs
milp_h12,18,39.18033680394292,117.54101041182875,78.36067360788583,10,234,0.8034264423204414,8.055099400051404,27.969095139067374,-18.58558417267269,3,1.0,dynamic_1_5_p3_h1_3_6_12,dynamic:1.5,False,False,highs
milp_h12,19,59.49431341886519,178.48294025659558,118.9886268377304,5,202,0.9992915993433429,10.247009199898457,35.57989305520297,1.7283924422495787,3,1.0,dynamic_1_5_p3_h1_3_6_12,dynamic:1.5,False,False,highs
milp_h12,20,44.442098308354616,133.32629492506385,88.88419661670923,9,239,0.9486685144020233,7.793007499989471,27.059053819407886,-13.323822668260995,3,1.0,dynamic_1_5_p3_h1_3_6_12,dynamic:1.5,False,False,highs
milp_h12,21,68.16215191036463,204.48645573109386,136.32430382072923,7,238,0.9966820066502171,8.557417999894824,29.713256944079248,10.396230933749017,3,1.0,dynamic_1_5_p3_h1_3_6_12,dynamic:1.5,False,False,highs
milp_h12,22,45.63019455224274,136.89058365672824,91.2603891044855,9,240,0.998002002939284,9.799289300004602,34.025310069460424,-12.13572642437287,3,1.0,dynamic_1_5_p3_h1_3_6_12,dynamic:1.5,False,False,highs
milp_h12,23,54.53660233318807,163.60980699956417,109.0732046663761,14,237,0.7331398444666426,7.925209599983646,27.518088888832104,-3.22931864342754,3,1.0,dynamic_1_5_p3_h1_3_6_12,dynamic:1.5,False,False,highs
milp_h12,24,58.343499016265085,175.0304970487952,116.68699803253013,8,238,0.8225029854913805,9.53218249976635,33.09785590196649,0.5775780396494739,3,1.0,dynamic_1_5_p3_h1_3_6_12,dynamic:1.5,False,False,highs
milp_h12,25,80.61243888139725,241.83731664419173,161.22487776279448,8,243,0.9964436413739025,8.744013800111134,30.36115902816366,22.846517904781642,3,1.0,dynamic_1_5_p3_h1_3_6_12,dynamic:1.5,False,False,highs
milp_h12,26,59.843273614346955,179.5298208430409,119.68654722869395,8,211,0.9982266110458811,9.121855099932873,31.67310798587803,2.0773526377313445,3,1.0,dynamic_1_5_p3_h1_3_6_12,dynamic:1.5,False,False,highs
milp_h12,27,38.27543660302956,114.8263098090887,76.55087320605914,9,256,0.9984370188035769,8.011667599857901,27.81829027728438,-19.49048437358605,3,1.0,dynamic_1_5_p3_h1_3_6_12,dynamic:1.5,False,False,highs
milp_h12,28,66.51594501485425,199.5478350445628,133.03189002970853,10,250,0.9979459794820313,7.801361099816859,27.088059374364093,8.750024038238642,3,1.0,dynamic_1_5_p3_h1_3_6_12,dynamic:1.5,False,False,highs
milp_h12,29,61.23791326880453,183.71373980641363,122.4758265376091,8,239,0.9991956963777172,8.132530299844802,28.237952430016676,3.471992292188922,3,1.0,dynamic_1_5_p3_h1_3_6_12,dynamic:1.5,False,False,highs
equal_share,0,36.21209018153475,108.63627054460426,72.42418036306951,8,225,0.9945230821795376,0.0021744002879131585,0.0075500009996984675,-21.553830795080863,3,1.0,dynamic_1_5_p3_h1_3_6_12,dynamic:1.5,False,False,highs
equal_share,1,29.216701542464314,87.65010462739293,58.43340308492862,2,230,0.6406227845783328,0.002036199701251462,0.007070137851567577,-28.549219434151297,3,1.0,dynamic_1_5_p3_h1_3_6_12,dynamic:1.5,False,False,highs
equal_share,2,30.04053384238904,90.12160152716712,60.08106768477808,3,238,0.9982376239275677,0.0023838001652620733,0.008277083907159977,-27.725387134226573,3,1.0,dynamic_1_5_p3_h1_3_6_12,dynamic:1.5,False,False,highs
equal_share,3,47.51630971269633,142.54892913808897,95.03261942539264,7,226,0.9978373259501343,0.002067399851512164,0.0071784717066394575,-10.249611263919284,3,1.0,dynamic_1_5_p3_h1_3_6_12,dynamic:1.5,False,False,highs
equal_share,4,28.91539885875276,86.74619657625827,57.83079771750551,2,237,0.9966434284727544,0.002089400004479103,0.007254861126663552,-28.85052211786285,3,1.0,dynamic_1_5_p3_h1_3_6_12,dynamic:1.5,False,False,highs
equal_share,5,37.413372788978805,112.24011836693641,74.82674557795761,6,248,0.9980665270160616,0.002083699990180321,0.007235069410348337,-20.352548187636806,3,1.0,dynamic_1_5_p3_h1_3_6_12,dynamic:1.5,False,False,highs
equal_share,6,43.50953911165625,130.52861733496871,87.01907822331246,6,273,0.9969955671913019,0.0022186999849509448,0.0077038193921907805,-14.256381864959359,3,1.0,dynamic_1_5_p3_h1_3_6_12,dynamic:1.5,False,False,highs
equal_share,7,43.79914782802213,131.39744348406643,87.5982956560443,9,218,0.8816116535195606,0.002047699919785373,0.007110069165921434,-13.966773148593482,3,1.0,dynamic_1_5_p3_h1_3_6_12,dynamic:1.5,False,False,highs
equal_share,8,45.10349733424307,135.31049200272923,90.20699466848616,8,238,0.9980808153807884,0.0020998998516006395,0.007291318929168887,-12.662423642372538,3,1.0,dynamic_1_5_p3_h1_3_6_12,dynamic:1.5,False,False,highs
equal_share,9,66.63734262457584,199.91202787372748,133.27468524915164,10,257,0.7846772939730045,0.002059400110738352,0.0071506948289526105,8.871421647960226,3,1.0,dynamic_1_5_p3_h1_3_6_12,dynamic:1.5,False,False,highs
equal_share,10,65.23295123236574,195.6988536970972,130.46590246473147,11,227,0.9338356262441522,0.002139000134775415,0.0074270838013035245,7.4670302557501245,3,1.0,dynamic_1_5_p3_h1_3_6_12,dynamic:1.5,False,False,highs
equal_share,11,42.083415740630684,126.25024722189207,84.16683148126138,6,208,0.9947447065166739,0.0020585000165738165,0.0071475695019924184,-15.682505235984927,3,1.0,dynamic_1_5_p3_h1_3_6_12,dynamic:1.5,False,False,highs
equal_share,12,44.74185305417603,134.2255591625281,89.48370610835207,8,242,0.9959151943420026,0.0020715999853564426,0.0071930555047098705,-13.024067922439578,3,1.0,dynamic_1_5_p3_h1_3_6_12,dynamic:1.5,False,False,highs
equal_share,13,56.63504745870944,169.9051423761283,113.27009491741887,6,222,0.9952220450507673,0.002048199894488789,0.0071118051891971845,-1.1308735179061742,3,1.0,dynamic_1_5_p3_h1_3_6_12,dynamic:1.5,False,False,highs
equal_share,14,59.36439716045639,178.09319148136916,118.72879432091277,12,244,0.8404143834755303,0.0021288001153152436,0.0073916670670668184,1.5984761838407806,3,1.0,dynamic_1_5_p3_h1_3_6_12,dynamic:1.5,False,False,highs
equal_share,15,50.44325604800579,151.32976814401738,100.88651209601159,10,220,0.9970108480290975,0.0020423999812919647,0.007091666601708211,-7.322664928609818,3,1.0,dynamic_1_5_p3_h1_3_6_12,dynamic:1.5,False,False,highs
equal_share,16,51.81306556646035,155.43919669938103,103.62613113292068,6,229,0.9986632602846172,0.0023919999512145296,0.00830555538616156,-5.952855410155259,3,1.0,dynamic_1_5_p3_h1_3_6_12,dynamic:1.5,False,False,highs
equal_share,17,55.07035947938155,165.21107843814465,110.1407189587631,7,234,0.9964993002256387,0.0021335999917937443,0.007408333304839389,-2.69556149723406,3,1.0,dynamic_1_5_p3_h1_3_6_12,dynamic:1.5,False,False,highs
equal_share,18,38.80904082869094,116.42712248607283,77.6180816573819,11,232,0.8795763167792285,0.002177000089432113,0.007559028088305947,-18.95688014792467,3,1.0,dynamic_1_5_p3_h1_3_6_12,dynamic:1.5,False,False,highs
equal_share,19,32.56087652575751,97.68262957727252,65.12175305151501,1,206,0.0,0.0020638002024497837,0.00716597292517286,-25.205044450858104,3,1.0,dynamic_1_5_p3_h1_3_6_12,dynamic:1.5,False,False,highs
equal_share,20,42.5977909270988,127.7933727812964,85.1955818541976,12,236,0.9700005454800573,0.002045799876214005,0.0071034717924097395,-15.168130049516812,3,1.0,dynamic_1_5_p3_h1_3_6_12,dynamic:1.5,False,False,highs
equal_share,21,67.3565128286636,202.06953848599082,134.71302565732722,9,236,0.9963342618647122,0.002493499865522608,0.008657985644175723,9.590591852047986,3,1.0,dynamic_1_5_p3_h1_3_6_12,dynamic:1.5,False,False,highs
equal_share,22,33.88288255490241,101.64864766470724,67.76576510980483,9,240,0.8663495446143976,0.0020541998383123428,0.007132638327473412,-23.883038421713202,3,1.0,dynamic_1_5_p3_h1_3_6_12,dynamic:1.5,False,False,highs
equal_share,23,47.31986783338972,141.95960350016918,94.63973566677946,10,241,0.868617803573245,0.0021145001519471407,0.0073420144164831275,-10.446053143225889,3,1.0,dynamic_1_5_p3_h1_3_6_12,dynamic:1.5,False,False,highs
equal_share,24,21.91168484773504,65.73505454320511,43.82336969547007,3,243,0.7330111660717463,0.0021571998804574832,0.007490277362699594,-35.85423612888057,3,1.0,dynamic_1_5_p3_h1_3_6_12,dynamic:1.5,False,False,highs
equal_share,25,79.89742902314472,239.6922870694342,159.79485804628948,9,242,0.997987757976848,0.0022075999586377293,0.007665277634158783,22.131508046529113,3,1.0,dynamic_1_5_p3_h1_3_6_12,dynamic:1.5,False,False,highs
equal_share,26,37.28162325467545,111.84486976402634,74.56324650935089,3,216,0.9981162002262349,0.0022059000039007515,0.007659375013544276,-20.48429772194016,3,1.0,dynamic_1_5_p3_h1_3_6_12,dynamic:1.5,False,False,highs
equal_share,27,28.186165622504795,84.5584968675144,56.37233124500961,6,259,0.9984190544786145,0.002333999873371795,0.008104166226985399,-29.579755354110816,3,1.0,dynamic_1_5_p3_h1_3_6_12,dynamic:1.5,False,False,highs
equal_share,28,51.59700719217736,154.7910215765321,103.19401438435474,7,253,0.9971599368230762,0.0022279999393504113,0.007736110900522262,-6.168913784438253,3,1.0,dynamic_1_5_p3_h1_3_6_12,dynamic:1.5,False,False,highs
equal_share,29,58.595677874030045,175.78703362209015,117.1913557480601,8,239,0.9973436027659769,0.0020426001137821004,0.007092361506187849,0.829756897414434,3,1.0,dynamic_1_5_p3_h1_3_6_12,dynamic:1.5,False,False,highs
max_charge,0,57.85759223302203,173.5727766990661,115.71518446604408,13,220,0.9954488652558668,0.0009503001201665029,0.0032996531950225793,0.09167125640642126,3,1.0,dynamic_1_5_p3_h1_3_6_12,dynamic:1.5,False,False,highs
max_charge,1,55.988134226202945,167.96440267860885,111.9762684524059,11,221,0.9268824374094706,0.0009292998438468203,0.0032267355689125704,-1.777786750412666,3,1.0,dynamic_1_5_p3_h1_3_6_12,dynamic:1.5,False,False,highs
max_charge,2,54.31291408141452,162.93874224424357,108.62582816282905,7,234,0.9984183928156549,0.0009124999487539753,0.003168402599840192,-3.453006895201092,3,1.0,dynamic_1_5_p3_h1_3_6_12,dynamic:1.5,False,False,highs
max_charge,3,57.3485370159149,172.0456110477447,114.6970740318298,11,222,0.7782526646569141,0.0008818998612696305,0.0030621522960751057,-0.41738396070071104,3,1.0,dynamic_1_5_p3_h1_3_6_12,dynamic:1.5,False,False,highs
max_charge,4,61.57924503833053,184.7377351149916,123.15849007666108,7,232,0.9969857748375461,0.0009332998306490481,0.0032406244119758615,3.8133240617149156,3,1.0,dynamic_1_5_p3_h1_3_6_12,dynamic:1.5,False,False,highs
max_charge,5,53.7438221241037,161.23146637231108,107.48764424820737,10,244,0.998378414143515,0.0009030000655911863,0.0031354168944138414,-4.02209885251191,3,1.0,dynamic_1_5_p3_h1_3_6_12,dynamic:1.5,False,False,highs
max_charge,6,59.58598039795952,178.7579411938786,119.17196079591908,13,266,0.997153332064982,0.0008983999723568559,0.0031194443484613052,1.820059421343906,3,1.0,dynamic_1_5_p3_h1_3_6_12,dynamic:1.5,False,False,highs
max_charge,7,44.226832665503025,132.68049799650905,88.45366533100602,9,218,0.8816116535195606,0.0009487998322583735,0.0032944438620082415,-13.539088311112586,3,1.0,dynamic_1_5_p3_h1_3_6_12,dynamic:1.5,False,False,highs
max_charge,8,52.86665752232071,158.59997256696218,105.73331504464147,11,235,0.8586881228052153,0.0009028999484144151,0.0031350692653278303,-4.899263454294903,3,1.0,dynamic_1_5_p3_h1_3_6_12,dynamic:1.5,False,False,highs
max_charge,9,67.20686826755599,201.62060480266803,134.41373653511204,10,257,0.7846772939730045,0.0009592001733835787,0.0033305561575818704,9.440947290940379,3,1.0,dynamic_1_5_p3_h1_3_6_12,dynamic:1.5,False,False,highs
max_charge,10,75.3182094554106,225.95462836623184,150.63641891082125,13,225,0.9338356262441522,0.001109200034989044,0.0038513890103786252,17.552288478794985,3,1.0,dynamic_1_5_p3_h1_3_6_12,dynamic:1.5,False,False,highs
max_charge,11,58.29772373239196,174.89317119717592,116.59544746478396,10,204,0.9022886270155325,0.0009230000287061557,0.0032048612107852628,0.5318027557763472,3,1.0,dynamic_1_5_p3_h1_3_6_12,dynamic:1.5,False,False,highs
max_charge,12,58.12793797552584,174.38381392657752,116.25587595105168,12,238,0.9971551239712794,0.0009014999814098701,0.003130208268784271,0.362016998910228,3,1.0,dynamic_1_5_p3_h1_3_6_12,dynamic:1.5,False,False,highs
max_charge,13,57.36944429973758,172.10833289921277,114.73888859947519,7,221,0.9952220450507673,0.001154899873654358,0.004010069005744299,-0.3964766768780308,3,1.0,dynamic_1_5_p3_h1_3_6_12,dynamic:1.5,False,False,highs
max_charge,14,59.845072250564854,179.5352167516946,119.69014450112975,12,244,0.8404143834755303,0.0013011998526053503,0.004518055043768577,2.0791512739492433,3,1.0,dynamic_1_5_p3_h1_3_6_12,dynamic:1.5,False,False,highs
max_charge,15,54.9205802902579,164.76174087077374,109.84116058051583,11,219,0.9974426545316666,0.0012376000231597573,0.004297222302638046,-2.8453406863577086,3,1.0,dynamic_1_5_p3_h1_3_6_12,dynamic:1.5,False,False,highs
max_charge,16,60.526293244461186,181.5788797333836,121.0525864889224,8,227,0.9980612067033654,0.001275299975532107,0.004428124915042038,2.7603722678455753,3,1.0,dynamic_1_5_p3_h1_3_6_12,dynamic:1.5,False,False,highs
max_charge,17,66.9891772607962,200.96753178238862,133.97835452159242,10,232,0.996737490798618,0.0012974999699508771,0.004505208228996101,9.223256284180586,3,1.0,dynamic_1_5_p3_h1_3_6_12,dynamic:1.5,False,False,highs
max_charge,18,39.18033680394291,117.54101041182872,78.36067360788581,12,232,0.8795763167792285,0.00129319989355281,0.004490277408169479,-18.585584172672704,3,1.0,dynamic_1_5_p3_h1_3_6_12,dynamic:1.5,False,False,highs
max_charge,19,59.494313418865175,178.48294025659555,118.98862683773038,11,196,0.9985683377144811,0.0012739000230794773,0.004423263969025963,1.7283924422495645,3,1.0,dynamic_1_5_p3_h1_3_6_12,dynamic:1.5,False,False,highs
max_charge,20,44.442098308354616,133.32629492506382,88.8841966167092,13,235,0.9736623266616763,0.0013073000736767426,0.004539236366933134,-13.323822668260995,3,1.0,dynamic_1_5_p3_h1_3_6_12,dynamic:1.5,False,False,highs
max_charge,21,68.1621519103646,204.48645573109383,136.32430382072923,9,236,0.9963342618647122,0.0013738999841734767,0.004770486056157906,10.396230933748988,3,1.0,dynamic_1_5_p3_h1_3_6_12,dynamic:1.5,False,False,highs
max_charge,22,45.63019455224273,136.8905836567282,91.26038910448548,13,236,0.8884118050608579,0.0013502999645425007,0.00468854154355035,-12.135726424372884,3,1.0,dynamic_1_5_p3_h1_3_6_12,dynamic:1.5,False,False,highs
max_charge,23,54.53660233318803,163.6098069995641,109.07320466637609,12,239,0.8948335093799965,0.0012832000793423504,0.004455555831049828,-3.2293186434275825,3,1.0,dynamic_1_5_p3_h1_3_6_12,dynamic:1.5,False,False,highs
max_charge,24,58.34349901626504,175.03049704879516,116.68699803253011,10,236,0.9098346035409576,0.001293599998462014,0.004491666661326437,0.5775780396494312,3,1.0,dynamic_1_5_p3_h1_3_6_12,dynamic:1.5,False,False,highs
max_charge,25,80.61243888139722,241.83731664419167,161.22487776279445,9,242,0.997987757976848,0.0014729999529663473,0.00511458317002204,22.846517904781614,3,1.0,dynamic_1_5_p3_h1_3_6_12,dynamic:1.5,False,False,highs
max_charge,26,59.843273614346955,179.52982084304088,119.68654722869393,9,210,0.9978946464489683,0.0022324999736156315,0.007751736019498721,2.0773526377313445,3,1.0,dynamic_1_5_p3_h1_3_6_12,dynamic:1.5,False,False,highs
max_charge,27,38.35129593809445,115.05388781428334,76.70259187618889,10,255,0.9985811031767753,0.0016009998216759413,0.005559027158597019,-19.41462503852116,3,1.0,dynamic_1_5_p3_h1_3_6_12,dynamic:1.5,False,False,highs
max_charge,28,66.94221500506,200.82664501518005,133.88443001012004,10,250,0.9971599368230762,0.0014362999208969995,0.004987152503114582,9.176294028444396,3,1.0,dynamic_1_5_p3_h1_3_6_12,dynamic:1.5,False,False,highs
max_charge,29,61.23791326880453,183.7137398064136,122.47582653760907,9,238,0.9979836472733054,0.0013444001087918878,0.004668055933305166,3.471992292188922,3,1.0,dynamic_1_5_p3_h1_3_6_12,dynamic:1.5,False,False,highs
random,0,51.743829207800246,155.23148762340074,103.48765841560049,13,220,0.9974609166744965,0.01173290007864125,0.04073923638417101,-6.022091768815365,3,1.0,dynamic_1_5_p3_h1_3_6_12,dynamic:1.5,False,False,highs
random,1,48.36359109716106,145.09077329148317,96.72718219432211,8,224,0.9364387223217784,0.011774200043873861,0.040882639041228686,-9.402329879454548,3,1.0,dynamic_1_5_p3_h1_3_6_12,dynamic:1.5,False,False,highs
random,2,47.42447667217195,142.27343001651585,94.8489533443439,7,235,0.9974806168201835,0.01181300007738173,0.041017361379797675,-10.341444304443662,3,1.0,dynamic_1_5_p3_h1_3_6_12,dynamic:1.5,False,False,highs
random,3,50.93788663630298,152.8136599089089,101.87577327260593,9,224,0.9969769913336473,0.011688399928971194,0.04058472197559442,-6.828034340312634,3,1.0,dynamic_1_5_p3_h1_3_6_12,dynamic:1.5,False,False,highs
random,4,53.43634728611127,160.30904185833384,106.87269457222257,7,232,0.9980684761952595,0.012104900204576552,0.04203090348811303,-4.32957369050434,3,1.0,dynamic_1_5_p3_h1_3_6_12,dynamic:1.5,False,False,highs
random,5,47.46317141343286,142.38951424029855,94.92634282686569,10,244,0.98678410191979,0.01158990002295468,0.040242708413037086,-10.30274956318275,3,1.0,dynamic_1_5_p3_h1_3_6_12,dynamic:1.5,False,False,highs
random,6,52.61842954055294,157.85528862165881,105.23685908110588,6,273,0.9995824738348882,0.011486400064313784,0.039883333556645084,-5.147491436062673,3,1.0,dynamic_1_5_p3_h1_3_6_12,dynamic:1.5,False,False,highs
random,7,38.322614499431054,114.96784349829316,76.64522899886211,6,221,0.9978819240477697,0.012214200061862357,0.04241041688146652,-19.443306477184557,3,1.0,dynamic_1_5_p3_h1_3_6_12,dynamic:1.5,False,False,highs
random,8,46.178953567567405,138.5368607027022,92.3579071351348,9,237,0.8350203009821946,0.012090799908037297,0.041981944125129504,-11.586967409048206,3,1.0,dynamic_1_5_p3_h1_3_6_12,dynamic:1.5,False,False,highs
random,9,60.45188576477193,181.3556572943158,120.90377152954386,10,257,0.9028904306784731,0.012698100195848383,0.04409062568002911,2.685964788156319,3,1.0,dynamic_1_5_p3_h1_3_6_12,dynamic:1.5,False,False,highs
random,10,67.29339915400413,201.8801974620124,134.58679830800827,10,228,0.99800215226156,0.012024600015138276,0.04175208338589679,9.527478177388524,3,1.0,dynamic_1_5_p3_h1_3_6_12,dynamic:1.5,False,False,highs
random,11,50.442835173570415,151.32850552071125,100.88567034714083,9,205,0.9379207398183091,0.011684400014928542,0.04057083338516855,-7.3230858030451955,3,1.0,dynamic_1_5_p3_h1_3_6_12,dynamic:1.5,False,False,highs
random,12,50.791526948174024,152.37458084452206,101.58305389634803,8,242,0.9175867815843173,0.011285399930784479,0.039185416426334996,-6.974394028441587,3,1.0,dynamic_1_5_p3_h1_3_6_12,dynamic:1.5,False,False,highs
random,13,50.507216398837244,151.52164919651173,101.01443279767449,7,221,0.9973435892985427,0.012202500001876615,0.042369791673182694,-7.258704577778367,3,1.0,dynamic_1_5_p3_h1_3_6_12,dynamic:1.5,False,False,highs
random,14,53.76020039418009,161.2806011825403,107.5204007883602,11,245,0.9971015025233205,0.011567599955014884,0.04016527762157946,-4.005720582435522,3,1.0,dynamic_1_5_p3_h1_3_6_12,dynamic:1.5,False,False,highs
random,15,47.391704984256336,142.17511495276898,94.78340996851264,9,221,0.997079835728616,0.011283900137641467,0.03918020881125509,-10.374215992359275,3,1.0,dynamic_1_5_p3_h1_3_6_12,dynamic:1.5,False,False,highs
random,16,54.979419219210385,164.9382576576311,109.95883843842073,9,226,0.9955813135415035,0.011823900233139284,0.04105520914284474,-2.786501757405226,3,1.0,dynamic_1_5_p3_h1_3_6_12,dynamic:1.5,False,False,highs
random,17,59.849305951061055,179.54791785318318,119.69861190212212,8,233,0.9968305079663529,0.011549000031664036,0.04010069455438901,2.083384974445444,3,1.0,dynamic_1_5_p3_h1_3_6_12,dynamic:1.5,False,False,highs
random,18,34.395264653822295,103.1857939614669,68.7905293076446,7,236,0.7517311664703754,0.012528100138297305,0.0435003477024212,-23.370656322793316,3,1.0,dynamic_1_5_p3_h1_3_6_12,dynamic:1.5,False,False,highs
random,19,53.01113473556602,159.03340420669807,106.02226947113205,8,199,0.9970319280578718,0.011655599912046455,0.04047083302793908,-4.754786241049594,3,1.0,dynamic_1_5_p3_h1_3_6_12,dynamic:1.5,False,False,highs
random,20,38.79786036444213,116.39358109332642,77.59572072888429,9,239,0.9980805081781396,0.011668699909932911,0.0405163191317115,-18.96806061217348,3,1.0,dynamic_1_5_p3_h1_3_6_12,dynamic:1.5,False,False,highs
random,21,60.253415839268996,180.760247517807,120.50683167853799,8,238,0.9965509216569964,0.011825199995655566,0.041059722207137384,2.487494862653385,3,1.0,dynamic_1_5_p3_h1_3_6_12,dynamic:1.5,False,False,highs
random,22,40.89051764734174,122.67155294202523,81.78103529468349,9,240,0.9960407264129894,0.011804100082372315,0.04098645861934832,-16.875403329273873,3,1.0,dynamic_1_5_p3_h1_3_6_12,dynamic:1.5,False,False,highs
random,23,48.069020552799955,144.20706165839985,96.1380411055999,9,242,0.6815005746905909,0.011830599964014255,0.041078472097271716,-9.696900423815656,3,1.0,dynamic_1_5_p3_h1_3_6_12,dynamic:1.5,False,False,highs
random,24,52.126910566705945,156.38073170011785,104.2538211334119,10,236,0.8945386569397125,0.012123899956350215,0.04209687484843824,-5.639010409909666,3,1.0,dynamic_1_5_p3_h1_3_6_12,dynamic:1.5,False,False,highs
random,25,70.44232130010701,211.32696390032103,140.88464260021402,10,241,0.9945691825643436,0.011829700160888024,0.04107534778086119,12.6764003234914,3,1.0,dynamic_1_5_p3_h1_3_6_12,dynamic:1.5,False,False,highs
random,26,51.467083358308855,154.4012500749266,102.93416671661774,8,211,0.9978423992775878,0.012025599964545108,0.04175555543244829,-6.298837618306756,3,1.0,dynamic_1_5_p3_h1_3_6_12,dynamic:1.5,False,False,highs
random,27,33.39460738391777,100.18382215175332,66.78921476783555,10,255,0.9941577743473855,0.01234989998920355,0.04288159718473455,-24.371313592697838,3,1.0,dynamic_1_5_p3_h1_3_6_12,dynamic:1.5,False,False,highs
random,28,59.45922942016263,178.37768826048787,118.91845884032524,10,250,0.9967545478931227,0.011379999879864044,0.03951388847175016,1.6933084435470178,3,1.0,dynamic_1_5_p3_h1_3_6_12,dynamic:1.5,False,False,highs
random,29,54.106001313180045,162.31800393954012,108.21200262636007,7,240,0.8230841267743687,0.011586799955694005,0.040231944290604185,-3.6599196634355664,3,1.0,dynamic_1_5_p3_h1_3_6_12,dynamic:1.5,False,False,highs
milp_h1,0,115.06846913894017,345.2054074168205,230.13693827788032,21,209,0.6724811687327794,3.732096899737371,12.958669790754762,0.004276638560838819,6,1.0,dynamic_1_5_p6_h1_3_6_12,dynamic:1.5,False,False,highs
milp_h1,1,111.59044244885447,334.77132734656334,223.18088489770886,21,209,0.9973886775110813,3.9542635000834707,13.73008159751205,-3.47375005152486,6,1.0,dynamic_1_5_p6_h1_3_6_12,dynamic:1.5,False,False,highs
milp_h1,2,108.05145946542419,324.1543783962726,216.1029189308484,19,219,0.997806958350937,3.5456294999457896,12.311213541478436,-7.012733034955147,6,1.0,dynamic_1_5_p6_h1_3_6_12,dynamic:1.5,False,False,highs
milp_h1,3,114.51591070195039,343.54773210585114,229.03182140390075,20,210,0.9898002413758584,3.535602499876404,12.276397569015293,-0.5482817984289454,6,1.0,dynamic_1_5_p6_h1_3_6_12,dynamic:1.5,False,False,highs
milp_h1,4,122.80294008255007,368.4088202476501,245.60588016510005,18,218,0.9858001649197531,3.8903556998993736,13.508179513539492,7.738747582170731,6,1.0,dynamic_1_5_p6_h1_3_6_12,dynamic:1.5,False,False,highs
milp_h1,5,107.22419859170913,321.6725957751274,214.44839718341825,15,238,0.7797112054795806,4.001006599835819,13.892384027207704,-7.839993908670209,6,1.0,dynamic_1_5_p6_h1_3_6_12,dynamic:1.5,False,False,highs
milp_h1,6,117.86232078075406,353.5869623422622,235.72464156150815,16,260,0.8928059844247865,3.396194500295678,11.79234201491555,2.7981282803747263,6,1.0,dynamic_1_5_p6_h1_3_6_12,dynamic:1.5,False,False,highs
milp_h1,7,88.24040466646349,264.72121399939056,176.48080933292707,23,201,0.7100100751382654,3.3092539002536796,11.490464931436387,-26.823787833915844,6,1.0,dynamic_1_5_p6_h1_3_6_12,dynamic:1.5,False,False,highs
milp_h1,8,105.02209171950818,315.0662751585245,210.0441834390163,20,223,0.9302922680209248,3.4224198999872897,11.883402430511422,-10.042100780871152,6,1.0,dynamic_1_5_p6_h1_3_6_12,dynamic:1.5,False,False,highs
milp_h1,9,134.261683194836,402.78504958450793,268.52336638967193,19,245,0.8914596507222807,2.919600699999137,10.137502430552559,19.19749069445666,6,1.0,dynamic_1_5_p6_h1_3_6_12,dynamic:1.5,False,False,highs
milp_h1,10,149.89517891804377,449.6855367541313,299.79035783608754,23,212,0.9496273439932743,2.9175047000171617,10.130224652837367,34.830986417664434,6,1.0,dynamic_1_5_p6_h1_3_6_12,dynamic:1.5,False,False,highs
milp_h1,11,115.39128077924246,346.1738423377275,230.782561558485,20,191,0.932041092392636,2.9608871001109947,10.280857986496509,0.32708827886312974,6,1.0,dynamic_1_5_p6_h1_3_6_12,dynamic:1.5,False,False,highs
milp_h1,12,115.66614529192447,346.9984358757734,231.33229058384893,16,231,0.7913086819578986,2.9574534004204907,10.268935418126704,0.6019527915451306,6,1.0,dynamic_1_5_p6_h1_3_6_12,dynamic:1.5,False,False,highs
milp_h1,13,114.35401459534964,343.0620437860489,228.70802919069925,16,209,0.7195823426952814,3.125847399845952,10.853636805020667,-0.7101779050296955,6,1.0,dynamic_1_5_p6_h1_3_6_12,dynamic:1.5,False,False,highs
milp_h1,14,119.5374998450279,358.6124995350837,239.07499969005582,15,238,0.902008208804936,3.0249939003551845,10.503451042899947,4.4733073446485605,6,1.0,dynamic_1_5_p6_h1_3_6_12,dynamic:1.5,False,False,highs
milp_h1,15,109.75106191386777,329.2531857416033,219.50212382773555,19,208,0.8132638004862749,2.9915133000176866,10.387198958394745,-5.313130586511562,6,1.0,dynamic_1_5_p6_h1_3_6_12,dynamic:1.5,False,False,highs
milp_h1,16,120.76477848390735,362.2943354517221,241.52955696781473,22,210,0.9245388205569437,3.058505899767624,10.619812151970917,5.700585983528015,6,1.0,dynamic_1_5_p6_h1_3_6_12,dynamic:1.5,False,False,highs
milp_h1,17,132.81171989838276,398.4351596951484,265.62343979676564,16,222,0.8667519676553476,3.0974366999289487,10.75498854141996,17.747527398003427,6,1.0,dynamic_1_5_p6_h1_3_6_12,dynamic:1.5,False,False,highs
milp_h1,18,78.00872394939262,234.02617184817788,156.01744789878526,22,218,0.9004225756907143,3.2453403001709376,11.268542708926866,-37.05546855098672,6,1.0,dynamic_1_5_p6_h1_3_6_12,dynamic:1.5,False,False,highs
milp_h1,19,118.23809349536893,354.7142804861068,236.4761869907379,14,190,0.853704840821309,3.230522399855545,11.217091666165086,3.1739009949895944,6,1.0,dynamic_1_5_p6_h1_3_6_12,dynamic:1.5,False,False,highs
milp_h1,20,88.51698062568906,265.5509418770671,177.03396125137803,20,225,0.9672656906748162,3.2858588999370113,11.409232291447957,-26.547211874690277,6,1.0,dynamic_1_5_p6_h1_3_6_12,dynamic:1.5,False,False,highs
milp_h1,21,136.19213282465932,408.576398473978,272.38426564931865,28,214,0.8067955272647462,3.3271083003492095,11.552459376212532,21.12794032427999,6,1.0,dynamic_1_5_p6_h1_3_6_12,dynamic:1.5,False,False,highs
milp_h1,22,91.14438577691712,273.4331573307514,182.28877155383427,22,224,0.9197632517432566,3.457864599971799,12.006474305457637,-23.919806723462216,6,1.0,dynamic_1_5_p6_h1_3_6_12,dynamic:1.5,False,False,highs
milp_h1,23,108.8346373458703,326.503912037611,217.66927469174067,19,230,0.9300409019460758,3.370411000098102,11.702815972562853,-6.229555154509029,6,1.0,dynamic_1_5_p6_h1_3_6_12,dynamic:1.5,False,False,highs
milp_h1,24,116.24655072391033,348.739652171731,232.49310144782066,18,225,0.9173310816508725,3.245935699844267,11.270610068903705,1.182358223530997,6,1.0,dynamic_1_5_p6_h1_3_6_12,dynamic:1.5,False,False,highs
milp_h1,25,160.89635608792304,482.6890682637691,321.7927121758461,15,233,0.9978557901386348,4.373214999795891,15.184774304846846,45.832163587543704,6,1.0,dynamic_1_5_p6_h1_3_6_12,dynamic:1.5,False,False,highs
milp_h1,26,119.29024722576142,357.87074167728423,238.5804944515228,17,199,0.9980388996074747,4.601659899839433,15.977985763331365,4.226054725382085,6,1.0,dynamic_1_5_p6_h1_3_6_12,dynamic:1.5,False,False,highs
milp_h1,27,76.60921587546665,229.82764762639997,153.21843175093332,25,237,0.7821010295959029,4.491953499906231,15.5970607635633,-38.45497662491269,6,1.0,dynamic_1_5_p6_h1_3_6_12,dynamic:1.5,False,False,highs
milp_h1,28,133.07380901972454,399.22142705917355,266.147618039449,18,239,0.9858023306712526,4.630780299776234,16.079098263111923,18.0096165193452,6,1.0,dynamic_1_5_p6_h1_3_6_12,dynamic:1.5,False,False,highs
milp_h1,29,122.06304154396057,366.18912463188167,244.1260830879211,19,225,0.9704411807903524,4.301374000031501,14.935326388998268,6.998849043581231,6,1.0,dynamic_1_5_p6_h1_3_6_12,dynamic:1.5,False,False,highs
milp_h3,0,114.93017080525556,344.79051241576667,229.8603416105111,15,215,0.8616136404073416,6.562760299653746,22.787362151575508,-0.13402169512377782,6,1.0,dynamic_1_5_p6_h1_3_6_12,dynamic:1.5,False,False,highs
milp_h3,1,111.59044244885442,334.7713273465633,223.18088489770886,14,216,0.9986136522039458,6.058764499786776,21.03737673537075,-3.4737500515249167,6,1.0,dynamic_1_5_p6_h1_3_6_12,dynamic:1.5,False,False,highs
milp_h3,2,108.05145946542419,324.1543783962726,216.1029189308484,16,223,0.9966227200399541,4.305679999786662,14.950277777037021,-7.012733034955147,6,1.0,dynamic_1_5_p6_h1_3_6_12,dynamic:1.5,False,False,highs
milp_h3,3,114.51591070195039,343.54773210585114,229.03182140390075,16,214,0.5780347705061326,4.637100799911423,16.101044444136885,-0.5482817984289454,6,1.0,dynamic_1_5_p6_h1_3_6_12,dynamic:1.5,False,False,highs
milp_h3,4,122.80294008255004,368.4088202476501,245.60588016510007,13,224,0.9987520798804781,4.635770199849503,16.096424305032997,7.738747582170703,6,1.0,dynamic_1_5_p6_h1_3_6_12,dynamic:1.5,False,False,highs
milp_h3,5,107.22419859170913,321.6725957751274,214.44839718341825,16,235,0.6686250710487971,6.035597699868958,20.956936457878328,-7.839993908670209,6,1.0,dynamic_1_5_p6_h1_3_6_12,dynamic:1.5,False,False,highs
milp_h3,6,117.86232078075406,353.5869623422622,235.72464156150815,14,262,0.9943152788086822,5.406304300355259,18.771889931789094,2.7981282803747263,6,1.0,dynamic_1_5_p6_h1_3_6_12,dynamic:1.5,False,False,highs
milp_h3,7,88.24040466646352,264.72121399939056,176.48080933292704,14,210,0.8710831431104159,4.966580499894917,17.245071180190685,-26.823787833915816,6,1.0,dynamic_1_5_p6_h1_3_6_12,dynamic:1.5,False,False,highs
milp_h3,8,105.02209171950818,315.0662751585245,210.0441834390163,16,228,0.9147406405509362,5.813409499794943,20.185449652065774,-10.042100780871152,6,1.0,dynamic_1_5_p6_h1_3_6_12,dynamic:1.5,False,False,highs
milp_h3,9,134.26168319483594,402.7850495845079,268.52336638967193,16,248,0.802092992679165,7.7013666997954715,26.740856596512053,19.197490694456604,6,1.0,dynamic_1_5_p6_h1_3_6_12,dynamic:1.5,False,False,highs
milp_h3,10,149.8951789180437,449.68553675413125,299.79035783608754,15,220,0.9410368873151297,4.271719899930758,14.832360763648467,34.83098641766438,6,1.0,dynamic_1_5_p6_h1_3_6_12,dynamic:1.5,False,False,highs
milp_h3,11,115.39128077924246,346.1738423377275,230.782561558485,15,197,0.9252719229585588,5.073570699983975,17.616564930499912,0.32708827886312974,6,1.0,dynamic_1_5_p6_h1_3_6_12,dynamic:1.5,False,False,highs
milp_h3,12,115.54992528756458,346.64977586269373,231.09985057512915,15,232,0.854611977045875,4.657139100308996,16.1706218760729,0.48573278718524193,6,1.0,dynamic_1_5_p6_h1_3_6_12,dynamic:1.5,False,False,highs
milp_h3,13,114.35401459534961,343.06204378604883,228.70802919069922,11,214,0.8143170301272673,5.5445942001533695,19.252063194976976,-0.7101779050297239,6,1.0,dynamic_1_5_p6_h1_3_6_12,dynamic:1.5,False,False,highs
milp_h3,14,119.5374998450279,358.6124995350837,239.07499969005582,16,237,0.993587680582772,4.081765100097982,14.172795486451328,4.4733073446485605,6,1.0,dynamic_1_5_p6_h1_3_6_12,dynamic:1.5,False,False,highs
milp_h3,15,109.36756193091472,328.1026857927441,218.7351238618294,18,209,0.9988420453031273,4.235786699777236,14.707592707559847,-5.696630569464617,6,1.0,dynamic_1_5_p6_h1_3_6_12,dynamic:1.5,False,False,highs
milp_h3,16,120.76477848390735,362.2943354517221,241.52955696781473,16,217,0.8377063963300031,4.693082000158029,16.29542361165982,5.700585983528015,6,1.0,dynamic_1_5_p6_h1_3_6_12,dynamic:1.5,False,False,highs
milp_h3,17,132.81171989838282,398.4351596951484,265.6234397967656,16,223,0.9149247165295354,4.0449764000368305,14.045056944572329,17.747527398003484,6,1.0,dynamic_1_5_p6_h1_3_6_12,dynamic:1.5,False,False,highs
milp_h3,18,78.00872394939262,234.02617184817788,156.01744789878526,12,229,0.9743822661388027,4.427169599948684,15.372116666488486,-37.05546855098672,6,1.0,dynamic_1_5_p6_h1_3_6_12,dynamic:1.5,False,False,highs
milp_h3,19,118.23809349536893,354.7142804861068,236.4761869907379,18,186,0.9109236771507362,4.987357900041388,17.317214930699265,3.1739009949895944,6,1.0,dynamic_1_5_p6_h1_3_6_12,dynamic:1.5,False,False,highs
milp_h3,20,88.516980625689,265.55094187706703,177.03396125137803,14,231,0.876344313928973,4.296443600062048,14.91820694465989,-26.547211874690333,6,1.0,dynamic_1_5_p6_h1_3_6_12,dynamic:1.5,False,False,highs
milp_h3,21,136.19213282465932,408.576398473978,272.38426564931865,16,227,0.8831266301223338,5.862644599808846,20.35640486044738,21.12794032427999,6,1.0,dynamic_1_5_p6_h1_3_6_12,dynamic:1.5,False,False,highs
milp_h3,22,90.78701579074061,272.3610473722219,181.57403158148128,15,231,0.9987124772861155,4.455388299917104,15.470098263601054,-24.277176709638724,6,1.0,dynamic_1_5_p6_h1_3_6_12,dynamic:1.5,False,False,highs
milp_h3,23,108.83463734587033,326.503912037611,217.66927469174064,18,229,0.8502014178425493,4.880295100068906,16.94546909746148,-6.229555154509001,6,1.0,dynamic_1_5_p6_h1_3_6_12,dynamic:1.5,False,False,highs
milp_h3,24,116.2465507239103,348.73965217173094,232.49310144782064,16,228,0.998093378944439,4.891004099976271,16.982653124917608,1.1823582235309686,6,1.0,dynamic_1_5_p6_h1_3_6_12,dynamic:1.5,False,False,highs
milp_h3,25,160.89635608792298,482.68906826376906,321.7927121758461,12,236,0.9994632432915287,5.295855999895139,18.388388888524787,45.83216358754365,6,1.0,dynamic_1_5_p6_h1_3_6_12,dynamic:1.5,False,False,highs
milp_h3,26,119.29024722576139,357.8707416772842,238.58049445152278,16,201,0.9446244476917844,4.6181479998340365,16.03523611053485,4.226054725382056,6,1.0,dynamic_1_5_p6_h1_3_6_12,dynamic:1.5,False,False,highs
milp_h3,27,76.60921587546667,229.82764762639997,153.2184317509333,14,249,0.9975965189692939,5.3939941998396534,18.72914652722102,-38.45497662491266,6,1.0,dynamic_1_5_p6_h1_3_6_12,dynamic:1.5,False,False,highs
milp_h3,28,133.07380901972454,399.22142705917355,266.147618039449,15,242,0.9586561332333284,4.903345799801173,17.02550624930963,18.0096165193452,6,1.0,dynamic_1_5_p6_h1_3_6_12,dynamic:1.5,False,False,highs
milp_h3,29,122.06304154396057,366.18912463188167,244.1260830879211,15,230,0.9962446365608977,6.2258710002934095,21.61760763990767,6.998849043581231,6,1.0,dynamic_1_5_p6_h1_3_6_12,dynamic:1.5,False,False,highs
milp_h6,0,114.93017080525556,344.79051241576667,229.8603416105111,15,215,0.8614365658780258,7.2169874000537675,25.05898402796447,-0.13402169512377782,6,1.0,dynamic_1_5_p6_h1_3_6_12,dynamic:1.5,False,False,highs
milp_h6,1,111.59044244885442,334.7713273465633,223.18088489770886,17,212,0.9980302593128201,7.719530099944677,26.80392395814124,-3.4737500515249167,6,1.0,dynamic_1_5_p6_h1_3_6_12,dynamic:1.5,False,False,highs
milp_h6,2,108.05145946542419,324.1543783962726,216.1029189308484,21,218,0.9904233890872985,5.97824570001103,20.757797569482744,-7.012733034955147,6,1.0,dynamic_1_5_p6_h1_3_6_12,dynamic:1.5,False,False,highs
milp_h6,3,114.51591070195039,343.54773210585114,229.03182140390075,16,214,0.5780347705061326,6.441204299801029,22.365292707642464,-0.5482817984289454,6,1.0,dynamic_1_5_p6_h1_3_6_12,dynamic:1.5,False,False,highs
milp_h6,4,122.80294008255007,368.4088202476501,245.60588016510005,12,224,0.9058908803768984,6.308351099927677,21.903996874748877,7.738747582170731,6,1.0,dynamic_1_5_p6_h1_3_6_12,dynamic:1.5,False,False,highs
milp_h6,5,107.22419859170913,321.6725957751274,214.44839718341825,14,237,0.5864190205204608,8.008199500240153,27.806248264722754,-7.839993908670209,6,1.0,dynamic_1_5_p6_h1_3_6_12,dynamic:1.5,False,False,highs
milp_h6,6,117.86232078075406,353.5869623422622,235.72464156150815,14,262,0.9943152788086822,7.446226299885893,25.85495243015935,2.7981282803747263,6,1.0,dynamic_1_5_p6_h1_3_6_12,dynamic:1.5,False,False,highs
milp_h6,7,88.24040466646352,264.72121399939056,176.48080933292704,14,210,0.998321506247223,6.691606100270292,23.23474340371629,-26.823787833915816,6,1.0,dynamic_1_5_p6_h1_3_6_12,dynamic:1.5,False,False,highs
milp_h6,8,105.02209171950818,315.0662751585245,210.0441834390163,16,228,0.9147406405509362,6.705848799931118,23.28419722198305,-10.042100780871152,6,1.0,dynamic_1_5_p6_h1_3_6_12,dynamic:1.5,False,False,highs
milp_h6,9,134.26168319483594,402.7850495845079,268.52336638967193,16,248,0.802092992679165,10.19173030013917,35.387952431038784,19.197490694456604,6,1.0,dynamic_1_5_p6_h1_3_6_12,dynamic:1.5,False,False,highs
milp_h6,10,149.8951789180437,449.68553675413125,299.79035783608754,15,220,0.9410368873151297,5.691107399790781,19.760789582606876,34.83098641766438,6,1.0,dynamic_1_5_p6_h1_3_6_12,dynamic:1.5,False,False,highs
milp_h6,11,115.39128077924249,346.1738423377275,230.78256155848499,18,193,0.9429982139939734,7.026340999669628,24.397017359963986,0.32708827886315817,6,1.0,dynamic_1_5_p6_h1_3_6_12,dynamic:1.5,False,False,highs
milp_h6,12,115.66614529192447,346.9984358757734,231.33229058384893,15,232,0.7919578410998966,6.401504799927352,22.22744722196997,0.6019527915451306,6,1.0,dynamic_1_5_p6_h1_3_6_12,dynamic:1.5,False,False,highs
milp_h6,13,114.35401459534961,343.06204378604883,228.70802919069922,11,214,0.8143170301272673,7.881877099716803,27.36762881846112,-0.7101779050297239,6,1.0,dynamic_1_5_p6_h1_3_6_12,dynamic:1.5,False,False,highs
milp_h6,14,119.5374998450279,358.6124995350837,239.07499969005582,16,237,0.993587680582772,5.90308809990529,20.4968336802267,4.4733073446485605,6,1.0,dynamic_1_5_p6_h1_3_6_12,dynamic:1.5,False,False,highs
milp_h6,15,109.75106191386777,329.2531857416033,219.50212382773555,16,211,0.8756056396224028,8.11520279981778,28.17778749936729,-5.313130586511562,6,1.0,dynamic_1_5_p6_h1_3_6_12,dynamic:1.5,False,False,highs
milp_h6,16,120.76477848390735,362.2943354517221,241.52955696781473,10,222,0.9981779497878313,7.8278874999668915,27.180164930440597,5.700585983528015,6,1.0,dynamic_1_5_p6_h1_3_6_12,dynamic:1.5,False,False,highs
milp_h6,17,132.81171989838276,398.4351596951484,265.62343979676564,17,222,0.9154047098872674,5.5986727000563405,19.439835764084517,17.747527398003427,6,1.0,dynamic_1_5_p6_h1_3_6_12,dynamic:1.5,False,False,highs
milp_h6,18,78.00872394939262,234.02617184817788,156.01744789878526,12,229,0.9743822661388027,6.169276400090894,21.421098611426714,-37.05546855098672,6,1.0,dynamic_1_5_p6_h1_3_6_12,dynamic:1.5,False,False,highs
milp_h6,19,118.23809349536893,354.7142804861068,236.4761869907379,16,188,0.8891092687733737,6.7539257997705135,23.451131249203172,3.1739009949895944,6,1.0,dynamic_1_5_p6_h1_3_6_12,dynamic:1.5,False,False,highs
milp_h6,20,88.516980625689,265.55094187706703,177.03396125137803,16,229,0.7312400722368181,6.326703599945176,21.967720833142973,-26.547211874690333,6,1.0,dynamic_1_5_p6_h1_3_6_12,dynamic:1.5,False,False,highs
milp_h6,21,136.19213282465932,408.576398473978,272.38426564931865,16,227,0.8835474751347906,7.914807200111682,27.481969444832227,21.12794032427999,6,1.0,dynamic_1_5_p6_h1_3_6_12,dynamic:1.5,False,False,highs
milp_h6,22,91.14438577691715,273.4331573307514,182.28877155383424,15,231,0.9983876898452243,6.749515600211453,23.435818056289765,-23.919806723462187,6,1.0,dynamic_1_5_p6_h1_3_6_12,dynamic:1.5,False,False,highs
milp_h6,23,108.83463734587033,326.503912037611,217.66927469174064,18,229,0.9061285602181188,6.829790000163484,23.714548611678765,-6.229555154509001,6,1.0,dynamic_1_5_p6_h1_3_6_12,dynamic:1.5,False,False,highs
milp_h6,24,116.2465507239103,348.73965217173094,232.49310144782064,18,226,0.9983176701272564,6.144420700205956,21.334794097937348,1.1823582235309686,6,1.0,dynamic_1_5_p6_h1_3_6_12,dynamic:1.5,False,False,highs
milp_h6,25,160.89635608792298,482.68906826376906,321.7927121758461,12,236,0.9987402971682022,7.181451299926266,24.935594791410647,45.83216358754365,6,1.0,dynamic_1_5_p6_h1_3_6_12,dynamic:1.5,False,False,highs
milp_h6,26,118.93274721801276,356.79824165403835,237.86549443602559,18,198,0.8918122875321557,6.734968200180447,23.385306250626552,3.8685547176334296,6,1.0,dynamic_1_5_p6_h1_3_6_12,dynamic:1.5,False,False,highs
milp_h6,27,76.60921587546667,229.82764762639997,153.2184317509333,17,245,0.9976793769345523,8.738859399833018,30.343261804975757,-38.45497662491266,6,1.0,dynamic_1_5_p6_h1_3_6_12,dynamic:1.5,False,False,highs
milp_h6,28,133.07380901972454,399.22142705917355,266.147618039449,15,242,0.9587134921665429,6.4931179002451245,22.545548264740017,18.0096165193452,6,1.0,dynamic_1_5_p6_h1_3_6_12,dynamic:1.5,False,False,highs
milp_h6,29,122.06304154396057,366.18912463188167,244.1260830879211,16,228,0.9967009653921879,8.302023100288352,28.826469098223445,6.998849043581231,6,1.0,dynamic_1_5_p6_h1_3_6_12,dynamic:1.5,False,False,highs
milp_h12,0,115.06846913894017,345.2054074168205,230.13693827788032,20,210,0.8344544993395827,9.453307099785889,32.82398298536767,0.004276638560838819,6,1.0,dynamic_1_5_p6_h1_3_6_12,dynamic:1.5,False,False,highs
milp_h12,1,111.59044244885442,334.7713273465633,223.18088489770886,17,213,0.998038905756877,11.660521300102118,40.487921180910135,-3.4737500515249167,6,1.0,dynamic_1_5_p6_h1_3_6_12,dynamic:1.5,False,False,highs
milp_h12,2,108.05145946542424,324.15437839627265,216.1029189308484,18,220,0.9861467863308323,10.377728699881118,36.03378020792055,-7.01273303495509,6,1.0,dynamic_1_5_p6_h1_3_6_12,dynamic:1.5,False,False,highs
milp_h12,3,114.42707303663093,343.2812191098928,228.85414607326186,19,211,0.939622711629228,9.358162900141906,32.49362118104828,-0.6371194637484052,6,1.0,dynamic_1_5_p6_h1_3_6_12,dynamic:1.5,False,False,highs
milp_h12,4,122.80294008255004,368.4088202476501,245.60588016510007,12,225,0.9986268105135062,9.178749399696244,31.87065763783418,7.738747582170703,6,1.0,dynamic_1_5_p6_h1_3_6_12,dynamic:1.5,False,False,highs
milp_h12,5,107.22419859170913,321.6725957751274,214.44839718341825,15,237,0.778815648313381,12.159742899850244,42.2213295133689,-7.839993908670209,6,1.0,dynamic_1_5_p6_h1_3_6_12,dynamic:1.5,False,False,highs
milp_h12,6,117.86232078075406,353.5869623422622,235.72464156150815,11,265,0.9992393402756081,10.816096800350351,37.55589166788317,2.7981282803747263,6,1.0,dynamic_1_5_p6_h1_3_6_12,dynamic:1.5,False,False,highs
milp_h12,7,88.24040466646352,264.72121399939056,176.48080933292704,18,206,0.9975106293212856,9.345684300205903,32.45029270904828,-26.823787833915816,6,1.0,dynamic_1_5_p6_h1_3_6_12,dynamic:1.5,False,False,highs
milp_h12,8,105.02209171950818,315.0662751585245,210.0441834390163,16,228,0.8809924931134964,10.410746599722188,36.14842569347982,-10.042100780871152,6,1.0,dynamic_1_5_p6_h1_3_6_12,dynamic:1.5,False,False,highs
milp_h12,9,134.26168319483594,402.7850495845079,268.52336638967193,16,248,0.8031642388914985,15.663135199836688,54.38588611054406,19.197490694456604,6,1.0,dynamic_1_5_p6_h1_3_6_12,dynamic:1.5,False,False,highs
milp_h12,10,149.89517891804377,449.68553675413125,299.7903578360875,17,218,0.9122299036465136,9.929738499806263,34.478258679882856,34.830986417664434,6,1.0,dynamic_1_5_p6_h1_3_6_12,dynamic:1.5,False,False,highs
milp_h12,11,115.39128077924249,346.1738423377275,230.78256155848499,15,198,0.8765938734800033,10.088427099894034,35.02926076352095,0.32708827886315817,6,1.0,dynamic_1_5_p6_h1_3_6_12,dynamic:1.5,False,False,highs
milp_h12,12,115.66614529192447,346.9984358757734,231.33229058384893,16,231,0.8378614728489935,10.07842959993286,34.9945472219891,0.6019527915451306,6,1.0,dynamic_1_5_p6_h1_3_6_12,dynamic:1.5,False,False,highs
milp_h12,13,114.35401459534961,343.06204378604883,228.70802919069922,11,214,0.8771892407623375,14.309128600201802,49.684474306256256,-0.7101779050297239,6,1.0,dynamic_1_5_p6_h1_3_6_12,dynamic:1.5,False,False,highs
milp_h12,14,119.5374998450279,358.6124995350837,239.07499969005582,19,234,0.9981119226546045,12.021203300100751,41.74028923646094,4.4733073446485605,6,1.0,dynamic_1_5_p6_h1_3_6_12,dynamic:1.5,False,False,highs
milp_h12,15,109.75106191386777,329.2531857416033,219.50212382773555,15,213,0.9980743459030834,9.734283700061496,33.799596180769086,-5.313130586511562,6,1.0,dynamic_1_5_p6_h1_3_6_12,dynamic:1.5,False,False,highs
milp_h12,16,120.76477848390735,362.2943354517221,241.52955696781473,16,217,0.8365597114296621,10.07404950002092,34.9793385417393,5.700585983528015,6,1.0,dynamic_1_5_p6_h1_3_6_12,dynamic:1.5,False,False,highs
milp_h12,17,132.81171989838282,398.4351596951484,265.6234397967656,17,223,0.7915392233243835,11.114111199742183,38.59066388799369,17.747527398003484,6,1.0,dynamic_1_5_p6_h1_3_6_12,dynamic:1.5,False,False,highs
milp_h12,18,78.00872394939262,234.02617184817788,156.01744789878526,12,229,0.9742349639629728,9.13178539974615,31.70758819356302,-37.05546855098672,6,1.0,dynamic_1_5_p6_h1_3_6_12,dynamic:1.5,False,False,highs
milp_h12,19,118.11976315875845,354.35928947627536,236.23952631751692,17,187,0.9118486055221394,10.63340309986961,36.92153854121393,3.0555706583791107,6,1.0,dynamic_1_5_p6_h1_3_6_12,dynamic:1.5,False,False,highs
milp_h12,20,88.516980625689,265.55094187706703,177.03396125137803,18,227,0.7744813725635032,8.683632500062231,30.15150173632719,-26.547211874690333,6,1.0,dynamic_1_5_p6_h1_3_6_12,dynamic:1.5,False,False,highs
milp_h12,21,136.19213282465932,408.576398473978,272.38426564931865,15,229,0.8261563206878193,11.9103258997784,41.355298263119444,21.12794032427999,6,1.0,dynamic_1_5_p6_h1_3_6_12,dynamic:1.5,False,False,highs
milp_h12,22,91.14438577691715,273.4331573307514,182.28877155383424,15,231,0.8768027380711152,10.413884799723746,36.15932222126301,-23.919806723462187,6,1.0,dynamic_1_5_p6_h1_3_6_12,dynamic:1.5,False,False,highs
milp_h12,23,108.45644135971864,325.3693240791559,216.91288271943725,17,234,0.8182417297947595,8.505001300363801,29.53125451515209,-6.607751140660696,6,1.0,dynamic_1_5_p6_h1_3_6_12,dynamic:1.5,False,False,highs
milp_h12,24,116.2465507239103,348.73965217173094,232.49310144782064,17,227,0.9976473900925414,9.386093599983724,32.590602777721266,1.1823582235309686,6,1.0,dynamic_1_5_p6_h1_3_6_12,dynamic:1.5,False,False,highs
milp_h12,25,160.89635608792298,482.68906826376906,321.7927121758461,15,233,0.8706037874096338,10.502154099900508,36.465812846876766,45.83216358754365,6,1.0,dynamic_1_5_p6_h1_3_6_12,dynamic:1.5,False,False,highs
milp_h12,26,119.29024722576139,357.8707416772842,238.58049445152278,14,203,0.8594013777446579,10.092581999953836,35.043687499839706,4.226054725382056,6,1.0,dynamic_1_5_p6_h1_3_6_12,dynamic:1.5,False,False,highs
milp_h12,27,76.60921587546665,229.82764762639994,153.2184317509333,17,245,0.9975761877798541,11.971307000319939,41.56703819555534,-38.45497662491269,6,1.0,dynamic_1_5_p6_h1_3_6_12,dynamic:1.5,False,False,highs
milp_h12,28,133.07380901972448,399.2214270591735,266.147618039449,12,245,0.967729119181525,9.747342000016943,33.844937500058826,18.009616519345144,6,1.0,dynamic_1_5_p6_h1_3_6_12,dynamic:1.5,False,False,highs
milp_h12,29,122.06304154396057,366.18912463188167,244.1260830879211,15,230,0.9979828352896895,9.009672099957243,31.28358368040709,6.998849043581231,6,1.0,dynamic_1_5_p6_h1_3_6_12,dynamic:1.5,False,False,highs
equal_share,0,89.883520754508,269.650562263524,179.76704150901602,19,211,0.47239527559058797,0.0027913996600545943,0.00969235993074512,-25.180671745871336,6,1.0,dynamic_1_5_p6_h1_3_6_12,dynamic:1.5,False,False,highs
equal_share,1,89.9130792071393,269.739237621418,179.8261584142787,19,210,0.9240221560737132,0.002652299910550937,0.009209374689412976,-25.15111329324003,6,1.0,dynamic_1_5_p6_h1_3_6_12,dynamic:1.5,False,False,highs
equal_share,2,90.94819232561142,272.8445769768342,181.8963846512228,15,223,0.9968673428093261,0.002782700175885111,0.009662153388489969,-24.11600017476792,6,1.0,dynamic_1_5_p6_h1_3_6_12,dynamic:1.5,False,False,highs
equal_share,3,100.89665668296232,302.689970048887,201.7933133659247,19,211,0.8872156023162154,0.002631999785080552,0.009138888142640807,-14.167535817417019,6,1.0,dynamic_1_5_p6_h1_3_6_12,dynamic:1.5,False,False,highs
equal_share,4,83.39190105255057,250.17570315765167,166.7838021051011,8,228,0.9972995497434946,0.00278700003400445,0.00967708345140434,-31.67229144782877,6,1.0,dynamic_1_5_p6_h1_3_6_12,dynamic:1.5,False,False,highs
equal_share,5,83.63904617476484,250.91713852429456,167.27809234952971,12,239,0.7289236974547028,0.00274710007943213,0.009538541942472674,-31.42514632561449,6,1.0,dynamic_1_5_p6_h1_3_6_12,dynamic:1.5,False,False,highs
equal_share,6,75.30934680232363,225.9280404069709,150.61869360464726,6,270,0.9933597209196346,0.002635400102008134,0.009150694798639355,-39.7548456980557,6,1.0,dynamic_1_5_p6_h1_3_6_12,dynamic:1.5,False,False,highs
equal_share,7,68.87768289561643,206.6330486868493,137.75536579123286,18,206,0.900275997239176,0.002688499866053462,0.009335068979352299,-46.186509604762904,6,1.0,dynamic_1_5_p6_h1_3_6_12,dynamic:1.5,False,False,highs
equal_share,8,90.06665491152046,270.19996473456143,180.13330982304097,15,228,0.997682670197846,0.002796700195176527,0.009710764566585163,-24.997537588858876,6,1.0,dynamic_1_5_p6_h1_3_6_12,dynamic:1.5,False,False,highs
equal_share,9,104.0159412626611,312.04782378798325,208.03188252532215,17,247,0.8298865514320928,0.002799900044919923,0.009721875155971955,-11.048251237718233,6,1.0,dynamic_1_5_p6_h1_3_6_12,dynamic:1.5,False,False,highs
equal_share,10,94.41144125575809,283.23432376727425,188.82288251151616,12,223,0.6839349494818774,0.002609900024253875,0.009062152861992622,-20.652751244621243,6,1.0,dynamic_1_5_p6_h1_3_6_12,dynamic:1.5,False,False,highs
equal_share,11,80.27115551848513,240.81346655545542,160.5423110369703,10,201,0.7414838379050295,0.0027296995685901493,0.00947812350204913,-34.793036981894204,6,1.0,dynamic_1_5_p6_h1_3_6_12,dynamic:1.5,False,False,highs
equal_share,12,104.30757322241834,312.92271966725497,208.61514644483663,16,231,0.8162461790737547,0.0027288998244330287,0.009475346612614684,-10.756619277960993,6,1.0,dynamic_1_5_p6_h1_3_6_12,dynamic:1.5,False,False,highs
equal_share,13,94.02694130284829,282.0808239085449,188.05388260569663,12,213,0.6651421728961397,0.0026959002134390175,0.009360764629996588,-21.03725119753105,6,1.0,dynamic_1_5_p6_h1_3_6_12,dynamic:1.5,False,False,highs
equal_share,14,91.51890986588066,274.55672959764195,183.0378197317613,9,244,0.9977500592226989,0.0026993995998054743,0.009372915277102342,-23.545282634498676,6,1.0,dynamic_1_5_p6_h1_3_6_12,dynamic:1.5,False,False,highs
equal_share,15,56.80779223248064,170.42337669744188,113.61558446496124,7,220,0.9931384947049453,0.002713699883315712,0.009422569039290667,-58.2564002678987,6,1.0,dynamic_1_5_p6_h1_3_6_12,dynamic:1.5,False,False,highs
equal_share,16,91.47910033232782,274.4373009969835,182.95820066465566,14,218,0.8957565309865806,0.002751800464466214,0.009554862723841021,-23.585092168051517,6,1.0,dynamic_1_5_p6_h1_3_6_12,dynamic:1.5,False,False,highs
equal_share,17,98.16548987405821,294.49646962217463,196.33097974811642,10,228,0.8964236815303417,0.0026214001409243792,0.009102083822654095,-16.898702626321125,6,1.0,dynamic_1_5_p6_h1_3_6_12,dynamic:1.5,False,False,highs
equal_share,18,54.14703854387814,162.4411156316344,108.29407708775626,11,229,0.8690877766611955,0.0027301000081934035,0.009479513917338207,-60.917153956501195,6,1.0,dynamic_1_5_p6_h1_3_6_12,dynamic:1.5,False,False,highs
equal_share,19,106.12996993836109,318.3899098150832,212.2599398767221,16,188,0.8069381870592136,0.0026889003929682076,0.009336459697806276,-8.934222562018249,6,1.0,dynamic_1_5_p6_h1_3_6_12,dynamic:1.5,False,False,highs
equal_share,20,81.0389578798665,243.11687363959953,162.07791575973303,17,228,0.8763727610437968,0.002730200096266344,0.009479861445369251,-34.02523462051283,6,1.0,dynamic_1_5_p6_h1_3_6_12,dynamic:1.5,False,False,highs
equal_share,21,109.57323230289953,328.7196969086985,219.14646460579897,18,224,0.863058266183899,0.0026668997888918966,0.009260068711430196,-5.490960197479808,6,1.0,dynamic_1_5_p6_h1_3_6_12,dynamic:1.5,False,False,highs
equal_share,22,55.066902017691035,165.20070605307308,110.13380403538204,11,235,0.9969006041665981,0.0027333999751135707,0.009490972135811009,-59.9972904826883,6,1.0,dynamic_1_5_p6_h1_3_6_12,dynamic:1.5,False,False,highs
equal_share,23,66.44959365287141,199.3487809586142,132.8991873057428,9,238,0.8492869738762175,0.002685799903701991,0.009325694110076357,-48.61459884750792,6,1.0,dynamic_1_5_p6_h1_3_6_12,dynamic:1.5,False,False,highs
equal_share,24,97.5043265521835,292.51297965655056,195.00865310436706,20,223,0.8492621679727926,0.002721999800996855,0.009451388197905745,-17.559865948195835,6,1.0,dynamic_1_5_p6_h1_3_6_12,dynamic:1.5,False,False,highs
equal_share,25,105.15678667383526,315.47036002150577,210.3135733476705,7,241,0.9970874256858044,0.002986999985296279,0.010371527726723192,-9.907405826544078,6,1.0,dynamic_1_5_p6_h1_3_6_12,dynamic:1.5,False,False,highs
equal_share,26,59.06041717293961,177.18125151881884,118.12083434587923,7,209,0.9929623231533972,0.0027489996573422104,0.009545137699104898,-56.003775327439726,6,1.0,dynamic_1_5_p6_h1_3_6_12,dynamic:1.5,False,False,highs
equal_share,27,55.14857675873057,165.4457302761917,110.29715351746114,17,245,0.8942395017207712,0.002730899752350524,0.009482290806772653,-59.915615741648764,6,1.0,dynamic_1_5_p6_h1_3_6_12,dynamic:1.5,False,False,highs
equal_share,28,96.58220630603378,289.74661891810143,193.16441261206765,10,247,0.9719802276266827,0.0026463000976946205,0.0091885420058841,-18.481986194345552,6,1.0,dynamic_1_5_p6_h1_3_6_12,dynamic:1.5,False,False,highs
equal_share,29,103.23813692571088,309.71441077713257,206.4762738514217,19,225,0.995895875882578,0.0027717998600564897,0.00962430506964059,-11.826055574668459,6,1.0,dynamic_1_5_p6_h1_3_6_12,dynamic:1.5,False,False,highs
max_charge,0,115.06846913894017,345.2054074168205,230.13693827788032,27,203,0.6793857851814975,0.001173699856735766,0.004075346724776965,0.004276638560838819,6,1.0,dynamic_1_5_p6_h1_3_6_12,dynamic:1.5,False,False,highs
max_charge,1,111.59044244885442,334.7713273465633,223.18088489770886,25,204,0.937884020538042,0.0011057999508921057,0.0038395831628198116,-3.4737500515249167,6,1.0,dynamic_1_5_p6_h1_3_6_12,dynamic:1.5,False,False,highs
max_charge,2,108.05145946542419,324.1543783962726,216.1029189308484,18,220,0.997653273212586,0.0011187999625690281,0.00388472209225357,-7.012733034955147,6,1.0,dynamic_1_5_p6_h1_3_6_12,dynamic:1.5,False,False,highs
max_charge,3,114.51591070195039,343.54773210585114,229.03182140390075,23,207,0.8872156023162154,0.0010990003938786685,0.003815973589856488,-0.5482817984289454,6,1.0,dynamic_1_5_p6_h1_3_6_12,dynamic:1.5,False,False,highs
max_charge,4,122.80294008255004,368.4088202476501,245.60588016510007,18,218,0.9960543472322695,0.001086699980078265,0.0037732638197161984,7.738747582170703,6,1.0,dynamic_1_5_p6_h1_3_6_12,dynamic:1.5,False,False,highs
max_charge,5,107.22419859170913,321.6725957751274,214.44839718341825,16,235,0.7793579642651576,0.0011155000829603523,0.0038732641769456677,-7.839993908670209,6,1.0,dynamic_1_5_p6_h1_3_6_12,dynamic:1.5,False,False,highs
max_charge,6,117.86232078075406,353.5869623422622,235.72464156150815,17,259,0.9969510615758187,0.0010944999230559915,0.003800346955055526,2.7981282803747263,6,1.0,dynamic_1_5_p6_h1_3_6_12,dynamic:1.5,False,False,highs
max_charge,7,88.24040466646352,264.72121399939056,176.48080933292704,28,196,0.9250619163612622,0.0011131000064779073,0.0038649305780482893,-26.823787833915816,6,1.0,dynamic_1_5_p6_h1_3_6_12,dynamic:1.5,False,False,highs
max_charge,8,105.02209171950813,315.06627515852443,210.0441834390163,22,221,0.9348185469870951,0.0010808000806719065,0.003752778057888564,-10.042100780871209,6,1.0,dynamic_1_5_p6_h1_3_6_12,dynamic:1.5,False,False,highs
max_charge,9,134.26168319483594,402.7850495845079,268.52336638967193,25,239,0.8679675299143553,0.0011359999771229923,0.00394444436501039,19.197490694456604,6,1.0,dynamic_1_5_p6_h1_3_6_12,dynamic:1.5,False,False,highs
max_charge,10,149.89517891804377,449.68553675413125,299.7903578360875,21,214,0.8193242502421872,0.0010840000177267939,0.0037638889504402564,34.830986417664434,6,1.0,dynamic_1_5_p6_h1_3_6_12,dynamic:1.5,False,False,highs
max_charge,11,115.39128077924249,346.1738423377275,230.78256155848499,20,191,0.9255589421781848,0.0015231000143103302,0.005288541716355313,0.32708827886315817,6,1.0,dynamic_1_5_p6_h1_3_6_12,dynamic:1.5,False,False,highs
max_charge,12,115.66614529192447,346.9984358757734,231.33229058384893,18,229,0.8526564386110251,0.0011079999094363302,0.0038472219077650355,0.6019527915451306,6,1.0,dynamic_1_5_p6_h1_3_6_12,dynamic:1.5,False,False,highs
max_charge,13,114.35401459534961,343.06204378604883,228.70802919069922,20,205,0.615273350075105,0.001076199987437576,0.003736805511936028,-0.7101779050297239,6,1.0,dynamic_1_5_p6_h1_3_6_12,dynamic:1.5,False,False,highs
max_charge,14,119.5374998450279,358.6124995350837,239.07499969005582,16,237,0.9028865100303556,0.0011080000549554825,0.0038472224130398696,4.4733073446485605,6,1.0,dynamic_1_5_p6_h1_3_6_12,dynamic:1.5,False,False,highs
max_charge,15,109.75106191386777,329.2531857416033,219.50212382773555,20,207,0.996475033305462,0.0011447000433690846,0.003974652928364877,-5.313130586511562,6,1.0,dynamic_1_5_p6_h1_3_6_12,dynamic:1.5,False,False,highs
max_charge,16,120.76477848390735,362.2943354517221,241.52955696781473,17,215,0.8818620503607922,0.001116800180170685,0.0038777784033704344,5.700585983528015,6,1.0,dynamic_1_5_p6_h1_3_6_12,dynamic:1.5,False,False,highs
max_charge,17,132.81171989838282,398.4351596951484,265.6234397967656,18,220,0.9257087726860759,0.0012626000680029392,0.004384028013899094,17.747527398003484,6,1.0,dynamic_1_5_p6_h1_3_6_12,dynamic:1.5,False,False,highs
max_charge,18,78.00872394939265,234.02617184817788,156.01744789878524,20,220,0.8980431635606939,0.0010835996945388615,0.003762498939371047,-37.05546855098669,6,1.0,dynamic_1_5_p6_h1_3_6_12,dynamic:1.5,False,False,highs
max_charge,19,118.23809349536893,354.7142804861068,236.4761869907379,18,186,0.8262705542205481,0.0011129995982628316,0.0038645819384126095,3.1739009949895944,6,1.0,dynamic_1_5_p6_h1_3_6_12,dynamic:1.5,False,False,highs
max_charge,20,88.516980625689,265.55094187706703,177.03396125137803,19,226,0.9008868673694345,0.0011269001697655767,0.003912847811686031,-26.547211874690333,6,1.0,dynamic_1_5_p6_h1_3_6_12,dynamic:1.5,False,False,highs
max_charge,21,136.19213282465932,408.576398473978,272.38426564931865,25,218,0.8688335128930876,0.0011462999682407826,0.003980208223058273,21.12794032427999,6,1.0,dynamic_1_5_p6_h1_3_6_12,dynamic:1.5,False,False,highs
max_charge,22,91.14438577691712,273.4331573307514,182.28877155383427,20,226,0.9966900351945464,0.0011179001012351364,0.0038815975737331123,-23.919806723462216,6,1.0,dynamic_1_5_p6_h1_3_6_12,dynamic:1.5,False,False,highs
max_charge,23,108.83463734587033,326.503912037611,217.66927469174064,19,229,0.9058810113123421,0.001106899930164218,0.0038434025352924233,-6.229555154509001,6,1.0,dynamic_1_5_p6_h1_3_6_12,dynamic:1.5,False,False,highs
max_charge,24,116.2465507239103,348.73965217173094,232.49310144782064,24,219,0.8620215009395036,0.0011120997660327703,0.003861457520947119,1.1823582235309686,6,1.0,dynamic_1_5_p6_h1_3_6_12,dynamic:1.5,False,False,highs
max_charge,25,160.8963560879231,482.6890682637691,321.792712175846,14,234,0.9989613394224574,0.0013734999811276793,0.004769097156693331,45.83216358754376,6,1.0,dynamic_1_5_p6_h1_3_6_12,dynamic:1.5,False,False,highs
max_charge,26,119.29024722576136,357.8707416772842,238.5804944515228,21,195,0.9976059685783607,0.0011282000923529267,0.003917361431780996,4.226054725382028,6,1.0,dynamic_1_5_p6_h1_3_6_12,dynamic:1.5,False,False,highs
max_charge,27,76.60921587546667,229.82764762639997,153.2184317509333,24,238,0.855508679946329,0.0011418999056331813,0.003964930227892991,-38.45497662491266,6,1.0,dynamic_1_5_p6_h1_3_6_12,dynamic:1.5,False,False,highs
max_charge,28,133.07380901972454,399.22142705917355,266.147618039449,23,234,0.899826019269114,0.0012370998156256974,0.00429548547092256,18.0096165193452,6,1.0,dynamic_1_5_p6_h1_3_6_12,dynamic:1.5,False,False,highs
max_charge,29,122.06304154396057,366.18912463188167,244.1260830879211,24,220,0.997025777503453,0.0011108999606221914,0.0038572915299381646,6.998849043581231,6,1.0,dynamic_1_5_p6_h1_3_6_12,dynamic:1.5,False,False,highs
random,0,106.03989462208739,318.11968386626216,212.07978924417478,16,214,0.7880842169704306,0.010622800007695332,0.036884722248942126,-9.024297878291947,6,1.0,dynamic_1_5_p6_h1_3_6_12,dynamic:1.5,False,False,highs
random,1,101.83145558733759,305.49436676201276,203.66291117467517,23,206,0.8855886171407977,0.01107390015386045,0.03845104220090434,-13.232736913041748,6,1.0,dynamic_1_5_p6_h1_3_6_12,dynamic:1.5,False,False,highs
random,2,98.44079398900573,295.32238196701724,196.8815879780115,21,217,0.8978772755006325,0.010768099804408848,0.03738923543197517,-16.62339851137361,6,1.0,dynamic_1_5_p6_h1_3_6_12,dynamic:1.5,False,False,highs
random,3,104.3711775416538,313.1135326249613,208.7423550833075,18,212,0.8063644303693187,0.010854799795197323,0.03769027706665737,-10.693014958725541,6,1.0,dynamic_1_5_p6_h1_3_6_12,dynamic:1.5,False,False,highs
random,4,113.16585877695326,339.4975763308597,226.33171755390646,13,223,0.9981599133732412,0.010729800123954192,0.0372562504303965,-1.8983337234260773,6,1.0,dynamic_1_5_p6_h1_3_6_12,dynamic:1.5,False,False,highs
random,5,99.11145131497571,297.33435394492705,198.22290262995134,21,231,0.868807013871295,0.010506800055736676,0.03648194463797457,-15.952741185403625,6,1.0,dynamic_1_5_p6_h1_3_6_12,dynamic:1.5,False,False,highs
random,6,107.82970906888573,323.48912720665714,215.6594181377714,17,259,0.9977133012325274,0.010983399784890935,0.03813680480864908,-7.234483431493601,6,1.0,dynamic_1_5_p6_h1_3_6_12,dynamic:1.5,False,False,highs
random,7,81.57250523608005,244.7175157082402,163.14501047216015,20,204,0.8336833112578806,0.010534299915889278,0.036577430263504435,-33.49168726429929,6,1.0,dynamic_1_5_p6_h1_3_6_12,dynamic:1.5,False,False,highs
random,8,97.38442135364409,292.1532640609323,194.76884270728823,17,226,0.9970029220740679,0.010769899789011106,0.037395485378510784,-17.67977114673525,6,1.0,dynamic_1_5_p6_h1_3_6_12,dynamic:1.5,False,False,highs
random,9,124.90966431129308,374.7289929338792,249.81932862258614,24,241,0.8254615646974995,0.010970599891152233,0.03809236073316748,9.84547181091375,6,1.0,dynamic_1_5_p6_h1_3_6_12,dynamic:1.5,False,False,highs
random,10,136.80032112714292,410.40096338142877,273.60064225428584,20,215,0.9469812220222658,0.011157499917317182,0.03874131915735132,21.736128626763588,6,1.0,dynamic_1_5_p6_h1_3_6_12,dynamic:1.5,False,False,highs
random,11,107.46405983380217,322.3921795014065,214.9281196676043,24,187,0.7742465159238227,0.011088400235166773,0.03850138970544018,-7.600132666577167,6,1.0,dynamic_1_5_p6_h1_3_6_12,dynamic:1.5,False,False,highs
random,12,106.15116313455789,318.45348940367376,212.30232626911587,19,228,0.7369737401718853,0.011162599868839607,0.038759027322359745,-8.913029365821444,6,1.0,dynamic_1_5_p6_h1_3_6_12,dynamic:1.5,False,False,highs
random,13,103.33396379745068,310.001891392352,206.6679275949013,17,208,0.7857028753167372,0.011051099805627018,0.03837187432509381,-11.730228702928656,6,1.0,dynamic_1_5_p6_h1_3_6_12,dynamic:1.5,False,False,highs
random,14,110.17334429406918,330.52003288220754,220.34668858813836,11,242,0.9092216684760791,0.011762100155465305,0.040840625539810084,-4.890848206310153,6,1.0,dynamic_1_5_p6_h1_3_6_12,dynamic:1.5,False,False,highs
random,15,100.49298000450696,301.47894001352086,200.9859600090139,17,210,0.9973461816462591,0.011071099841501564,0.038441318894102655,-14.571212495872373,6,1.0,dynamic_1_5_p6_h1_3_6_12,dynamic:1.5,False,False,highs
random,16,110.1653967937514,330.4961903812542,220.33079358750282,17,215,0.9407168832305063,0.011306599859381095,0.03925902728951769,-4.898795706627936,6,1.0,dynamic_1_5_p6_h1_3_6_12,dynamic:1.5,False,False,highs
random,17,120.67634669801055,362.02904009403164,241.3526933960211,18,220,0.822809955429193,0.01167339994572103,0.040532638700420245,5.612154197631213,6,1.0,dynamic_1_5_p6_h1_3_6_12,dynamic:1.5,False,False,highs
random,18,71.345505812136,214.036517436408,142.691011624272,20,221,0.892963399775689,0.011332400084938854,0.03934861140603769,-43.71868668824334,6,1.0,dynamic_1_5_p6_h1_3_6_12,dynamic:1.5,False,False,highs
random,19,109.28567997931899,327.857039937957,218.571359958638,15,189,0.8694078781740053,0.010968499962473288,0.03808506931414336,-5.77851252106035,6,1.0,dynamic_1_5_p6_h1_3_6_12,dynamic:1.5,False,False,highs
random,20,81.72032644433858,245.16097933301572,163.44065288867714,17,228,0.8711404126679086,0.010890499805100262,0.03781423543437591,-33.34386605604075,6,1.0,dynamic_1_5_p6_h1_3_6_12,dynamic:1.5,False,False,highs
random,21,125.93562000778448,377.80686002335347,251.871240015569,19,223,0.9978341658696367,0.010971200128551573,0.038094444890804074,10.871427507405144,6,1.0,dynamic_1_5_p6_h1_3_6_12,dynamic:1.5,False,False,highs
random,22,84.88068162392068,254.642044871762,169.76136324784133,20,226,0.9981644176157219,0.010900700057391077,0.03784965297705235,-30.183510876458655,6,1.0,dynamic_1_5_p6_h1_3_6_12,dynamic:1.5,False,False,highs
random,23,100.45947728216086,301.37843184648256,200.9189545643217,20,228,0.9133295647744661,0.010722499719122425,0.03723090180250842,-14.604715218218473,6,1.0,dynamic_1_5_p6_h1_3_6_12,dynamic:1.5,False,False,highs
random,24,105.94379062509194,317.83137187527575,211.8875812501838,21,222,0.9162924646534933,0.010764600097900257,0.03737708367326478,-9.1204018752874,6,1.0,dynamic_1_5_p6_h1_3_6_12,dynamic:1.5,False,False,highs
random,25,148.49183017217325,445.47549051651976,296.9836603443465,16,232,0.99940515759073,0.010848000121768564,0.03766666708947418,33.42763767179392,6,1.0,dynamic_1_5_p6_h1_3_6_12,dynamic:1.5,False,False,highs
random,26,107.23317376207027,321.6995212862107,214.46634752414045,18,198,0.999215122935251,0.010905899747740477,0.03786770745743221,-7.831018738309069,6,1.0,dynamic_1_5_p6_h1_3_6_12,dynamic:1.5,False,False,highs
random,27,69.91618026784153,209.74854080352458,139.83236053568305,23,240,0.9879649380665034,0.010717500001192093,0.03721354167080588,-45.14801223253781,6,1.0,dynamic_1_5_p6_h1_3_6_12,dynamic:1.5,False,False,highs
random,28,120.88837792498879,362.6651337749664,241.77675584997763,19,238,0.9858391801770665,0.011097000038716942,0.03853125013443383,5.824185424609453,6,1.0,dynamic_1_5_p6_h1_3_6_12,dynamic:1.5,False,False,highs
random,29,112.28392511004603,336.85177533013814,224.5678502200921,17,227,0.8549976535872771,0.010658099869033322,0.037007291211921256,-2.7802673903333073,6,1.0,dynamic_1_5_p6_h1_3_6_12,dynamic:1.5,False,False,highs
milp_h1,0,227.49542496999106,682.4862749099731,454.990849939982,26,198,0.8270906033586524,3.935030400141841,13.663300000492503,-0.6871722386611339,12,1.0,dynamic_1_5_p12_h1_3_6_12,dynamic:1.5,False,False,highs
milp_h1,1,222.06015222072597,666.1804566621779,444.12030444145194,33,190,0.9234646855361641,3.9866814000415616,13.842643750144312,-6.1224449879262295,12,1.0,dynamic_1_5_p12_h1_3_6_12,dynamic:1.5,False,False,highs
milp_h1,2,212.46113077898815,637.3833923369644,424.9222615579763,32,200,0.884997616153129,3.8680493000429124,13.430726736260112,-15.721466429664048,12,1.0,dynamic_1_5_p12_h1_3_6_12,dynamic:1.5,False,False,highs
milp_h1,3,228.23304140965132,684.6991242289541,456.4660828193028,25,199,0.9235998661627342,3.9776718997745775,13.811360763106173,0.05044420099912372,12,1.0,dynamic_1_5_p12_h1_3_6_12,dynamic:1.5,False,False,highs
milp_h1,4,243.01674687465027,729.0502406239508,486.03349374930053,32,198,0.857501082817252,3.929364200303098,13.643625695496869,14.83414966599807,12,1.0,dynamic_1_5_p12_h1_3_6_12,dynamic:1.5,False,False,highs
milp_h1,5,212.50405325293536,637.5121597588061,425.0081065058707,35,210,0.7742664429856186,4.111766400223132,14.276966667441432,-15.678543955716833,12,1.0,dynamic_1_5_p12_h1_3_6_12,dynamic:1.5,False,False,highs
milp_h1,6,232.3668709357579,697.1006128072737,464.7337418715158,38,232,0.9479095396533532,3.9165811999409925,13.599240277572891,4.184273727105705,12,1.0,dynamic_1_5_p12_h1_3_6_12,dynamic:1.5,False,False,highs
milp_h1,7,172.9561980287234,518.8685940861701,345.9123960574467,36,182,0.7980029656336348,3.932840500114253,13.655696180952267,-55.22639917992879,12,1.0,dynamic_1_5_p12_h1_3_6_12,dynamic:1.5,False,False,highs
milp_h1,8,208.28921679258337,624.8676503777502,416.57843358516686,29,209,0.92191825255945,3.9126434998761397,13.585567707903262,-19.893380416068823,12,1.0,dynamic_1_5_p12_h1_3_6_12,dynamic:1.5,False,False,highs
milp_h1,9,266.4896529634792,799.4689588904379,532.9793059269587,37,221,0.7837384548256523,4.0440828000428155,14.041954166815332,38.30705575482702,12,1.0,dynamic_1_5_p12_h1_3_6_12,dynamic:1.5,False,False,highs
milp_h1,10,297.5353178580601,892.6059535741804,595.0706357161203,41,188,0.8440035111328517,3.968770400068024,13.780452778013974,69.35272064940793,12,1.0,dynamic_1_5_p12_h1_3_6_12,dynamic:1.5,False,False,highs
milp_h1,11,228.74029485980662,686.2208845794199,457.4805897196133,31,174,0.9017718322912867,3.9769310002448037,13.808788195294458,0.5576976511544274,12,1.0,dynamic_1_5_p12_h1_3_6_12,dynamic:1.5,False,False,highs
milp_h1,12,229.48340527415263,688.4502158224581,458.96681054830543,32,210,0.9316079123307477,3.932540200301446,13.65465347326891,1.3008080655004335,12,1.0,dynamic_1_5_p12_h1_3_6_12,dynamic:1.5,False,False,highs
milp_h1,13,226.87529583772022,680.6258875131606,453.7505916754404,24,195,0.8991819481442468,4.028439099842217,13.98763576334103,-1.307301370931981,12,1.0,dynamic_1_5_p12_h1_3_6_12,dynamic:1.5,False,False,highs
milp_h1,14,237.86851972341537,713.605559170246,475.73703944683064,34,213,0.9987351324617874,3.915435099945171,13.59526076369851,9.685922514763178,12,1.0,dynamic_1_5_p12_h1_3_6_12,dynamic:1.5,False,False,highs
milp_h1,15,218.9199478278557,656.7598434835671,437.8398956557114,39,182,0.8339425277495615,3.9221117001143284,13.618443403174751,-9.26264938079649,12,1.0,dynamic_1_5_p12_h1_3_6_12,dynamic:1.5,False,False,highs
milp_h1,16,237.5543088873227,712.6629266619681,475.1086177746454,31,195,0.987200848919932,3.97853349999059,13.81435243052288,9.371711678670493,12,1.0,dynamic_1_5_p12_h1_3_6_12,dynamic:1.5,False,False,highs
milp_h1,17,263.5715684890746,790.7147054672239,527.1431369781493,38,195,0.8156884226080608,3.9638946000486612,13.76352291683563,35.388971280422396,12,1.0,dynamic_1_5_p12_h1_3_6_12,dynamic:1.5,False,False,highs
milp_h1,18,155.14045858581858,465.42137575745573,310.28091717163716,32,202,0.9687325143449363,4.035894899949199,14.01352395815694,-73.04213862283362,12,1.0,dynamic_1_5_p12_h1_3_6_12,dynamic:1.5,False,False,highs
milp_h1,19,234.22852364182472,702.685570925474,468.45704728364933,33,168,0.9331812863229133,3.867695600085426,13.42949861140773,6.045926433172525,12,1.0,dynamic_1_5_p12_h1_3_6_12,dynamic:1.5,False,False,highs
milp_h1,20,175.99351594348747,527.9805478304623,351.9870318869749,30,209,0.8776161620198482,3.9724640998174436,13.793278124366124,-52.18908126516473,12,1.0,dynamic_1_5_p12_h1_3_6_12,dynamic:1.5,False,False,highs
milp_h1,21,271.10322368741026,813.3096710622309,542.2064473748206,39,198,0.9519110693631007,4.0123831998498645,13.931886110589808,42.92062647875807,12,1.0,dynamic_1_5_p12_h1_3_6_12,dynamic:1.5,False,False,highs
milp_h1,22,180.55764497319853,541.6729349195956,361.11528994639707,37,203,0.9062379954357477,4.1097934000135865,14.270115972269398,-47.62495223545366,12,1.0,dynamic_1_5_p12_h1_3_6_12,dynamic:1.5,False,False,highs
milp_h1,23,216.75170807441066,650.2551242232321,433.50341614882143,28,215,0.8109429249381273,3.900481399934506,13.543338194217036,-11.43088913424154,12,1.0,dynamic_1_5_p12_h1_3_6_12,dynamic:1.5,False,False,highs
milp_h1,24,229.58378826578456,688.7513647973536,459.16757653156907,29,209,0.997903885678864,3.944579200120643,13.696455555974454,1.4011910571323654,12,1.0,dynamic_1_5_p12_h1_3_6_12,dynamic:1.5,False,False,highs
milp_h1,25,317.64974208672834,952.949226260185,635.2994841734567,30,212,0.9441469359115071,3.984948600351345,13.83662708455328,89.46714487807614,12,1.0,dynamic_1_5_p12_h1_3_6_12,dynamic:1.5,False,False,highs
milp_h1,26,235.93849443197246,707.8154832959174,471.8769888639449,38,172,0.9228806817714903,3.985903699795017,13.839943402066032,7.755897223320261,12,1.0,dynamic_1_5_p12_h1_3_6_12,dynamic:1.5,False,False,highs
milp_h1,27,152.70486374696094,458.1145912408828,305.4097274939219,28,229,0.9974856116246675,4.108805200288771,14.266684723224898,-75.47773346169126,12,1.0,dynamic_1_5_p12_h1_3_6_12,dynamic:1.5,False,False,highs
milp_h1,28,264.1861153960227,792.5583461880682,528.3722307920455,36,215,0.854492405842839,3.981529699929524,13.82475590253307,36.00351818737053,12,1.0,dynamic_1_5_p12_h1_3_6_12,dynamic:1.5,False,False,highs
milp_h1,29,242.73178710937492,728.1953613281248,485.4635742187499,26,212,0.9540397043281937,3.9438278999296017,13.693846874755561,14.549189900722723,12,1.0,dynamic_1_5_p12_h1_3_6_12,dynamic:1.5,False,False,highs
milp_h3,0,227.49542496999095,682.486274909973,454.990849939982,23,201,0.8929754653236915,8.337487799813971,28.949610416020732,-0.6871722386612475,12,1.0,dynamic_1_5_p12_h1_3_6_12,dynamic:1.5,False,False,highs
milp_h3,1,219.5304389278093,658.591316783428,439.06087785561874,32,191,0.951194609787432,6.275406700151507,21.78960659774829,-8.652158280842883,12,1.0,dynamic_1_5_p12_h1_3_6_12,dynamic:1.5,False,False,highs
milp_h3,2,212.46113077898815,637.3833923369644,424.9222615579763,32,203,0.9326032589010224,6.794088600028772,23.59058541676657,-15.721466429664048,12,1.0,dynamic_1_5_p12_h1_3_6_12,dynamic:1.5,False,False,highs
milp_h3,3,227.9812414089838,683.9437242269514,455.9624828179676,33,191,0.921155935305974,6.38011300022481,22.15317013966948,-0.20135579966839146,12,1.0,dynamic_1_5_p12_h1_3_6_12,dynamic:1.5,False,False,highs
milp_h3,4,243.01674687465027,729.0502406239508,486.03349374930053,34,197,0.9327861841568587,6.167407700064359,21.414610069667916,14.83414966599807,12,1.0,dynamic_1_5_p12_h1_3_6_12,dynamic:1.5,False,False,highs
milp_h3,5,212.50405325293536,637.5121597588061,425.0081065058707,30,217,0.6579646689143719,8.97537670013844,31.16450243103625,-15.678543955716833,12,1.0,dynamic_1_5_p12_h1_3_6_12,dynamic:1.5,False,False,highs
milp_h3,6,232.3668709357579,697.1006128072737,464.7337418715158,23,247,0.9982928867483645,6.63977899987367,23.0547881940058,4.184273727105705,12,1.0,dynamic_1_5_p12_h1_3_6_12,dynamic:1.5,False,False,highs
milp_h3,7,174.72995468378065,524.1898640513419,349.4599093675613,30,188,0.9080095091242161,6.4780106000253,22.493092361198958,-53.45264252487155,12,1.0,dynamic_1_5_p12_h1_3_6_12,dynamic:1.5,False,False,highs
milp_h3,8,208.28921679258337,624.8676503777502,416.57843358516686,25,213,0.9460975469745584,6.310393199877581,21.911087499574933,-19.893380416068823,12,1.0,dynamic_1_5_p12_h1_3_6_12,dynamic:1.5,False,False,highs
milp_h3,9,266.4896529634792,799.4689588904379,532.9793059269587,26,234,0.8530337401693555,6.87099809985375,23.857632291158854,38.30705575482702,12,1.0,dynamic_1_5_p12_h1_3_6_12,dynamic:1.5,False,False,highs
milp_h3,10,297.4319845239321,892.2959535717963,594.8639690478642,25,207,0.9983952529587893,7.016238499927567,24.36193923585961,69.2493873152799,12,1.0,dynamic_1_5_p12_h1_3_6_12,dynamic:1.5,False,False,highs
milp_h3,11,228.74029485980662,686.2208845794199,457.4805897196133,24,182,0.9436731090396785,6.227380600030301,21.62284930566077,0.5576976511544274,12,1.0,dynamic_1_5_p12_h1_3_6_12,dynamic:1.5,False,False,highs
milp_h3,12,229.48340527415274,688.4502158224582,458.96681054830543,24,217,0.9356237167805918,7.823326300072949,27.164327430808854,1.3008080655005472,12,1.0,dynamic_1_5_p12_h1_3_6_12,dynamic:1.5,False,False,highs
milp_h3,13,226.87529583772022,680.6258875131606,453.7505916754404,23,197,0.9347902350003947,6.942243499768665,24.10501215197453,-1.307301370931981,12,1.0,dynamic_1_5_p12_h1_3_6_12,dynamic:1.5,False,False,highs
milp_h3,14,237.86851972341532,713.605559170246,475.7370394468307,23,224,0.8837181714502628,6.986640800168971,24.259169445031148,9.68592251476312,12,1.0,dynamic_1_5_p12_h1_3_6_12,dynamic:1.5,False,False,highs
milp_h3,15,218.9199478278557,656.7598434835671,437.8398956557114,30,192,0.8707451305960758,6.532676000206266,22.68290277849398,-9.26264938079649,12,1.0,dynamic_1_5_p12_h1_3_6_12,dynamic:1.5,False,False,highs
milp_h3,16,237.5543088873227,712.6629266619681,475.1086177746454,24,203,0.9976696813452095,6.51937479985645,22.63671805505712,9.371711678670493,12,1.0,dynamic_1_5_p12_h1_3_6_12,dynamic:1.5,False,False,highs
milp_h3,17,263.5715684890746,790.7147054672239,527.1431369781493,29,205,0.8910492580830597,6.532814100006362,22.68338229168876,35.388971280422396,12,1.0,dynamic_1_5_p12_h1_3_6_12,dynamic:1.5,False,False,highs
milp_h3,18,155.14045858581858,465.42137575745573,310.28091717163716,32,204,0.9689247354498394,6.545538500125986,22.72756423654856,-73.04213862283362,12,1.0,dynamic_1_5_p12_h1_3_6_12,dynamic:1.5,False,False,highs
milp_h3,19,234.41057031353313,703.2317109405993,468.8211406270662,27,174,0.972753753372273,6.9882187003677245,24.26464826516571,6.227973104880931,12,1.0,dynamic_1_5_p12_h1_3_6_12,dynamic:1.5,False,False,highs
milp_h3,20,175.99351594348747,527.9805478304623,351.9870318869749,30,210,0.9110372046560196,6.526326800201787,22.660856945145092,-52.18908126516473,12,1.0,dynamic_1_5_p12_h1_3_6_12,dynamic:1.5,False,False,highs
milp_h3,21,271.10322368741026,813.3096710622309,542.2064473748206,24,214,0.9985646373619859,6.193254299665568,21.50435520717211,42.92062647875807,12,1.0,dynamic_1_5_p12_h1_3_6_12,dynamic:1.5,False,False,highs
milp_h3,22,180.55764497319853,541.6729349195956,361.11528994639707,30,210,0.8615323904020995,7.1543992999068,24.841664235787498,-47.62495223545366,12,1.0,dynamic_1_5_p12_h1_3_6_12,dynamic:1.5,False,False,highs
milp_h3,23,216.75170807441066,650.2551242232321,433.50341614882143,26,219,0.8941673358127353,6.71220049978001,23.30625173534726,-11.43088913424154,12,1.0,dynamic_1_5_p12_h1_3_6_12,dynamic:1.5,False,False,highs
milp_h3,24,229.58378826578456,688.7513647973536,459.16757653156907,23,215,0.9973860791843413,6.563070200296352,22.788438195473443,1.4011910571323654,12,1.0,dynamic_1_5_p12_h1_3_6_12,dynamic:1.5,False,False,highs
milp_h3,25,317.64974208672834,952.949226260185,635.2994841734567,27,215,0.9977664737307387,6.995577600086108,24.290200000298984,89.46714487807614,12,1.0,dynamic_1_5_p12_h1_3_6_12,dynamic:1.5,False,False,highs
milp_h3,26,235.73609442313506,707.2082832694052,471.47218884627017,32,180,0.8832167963257699,7.697912399831694,26.7288624994156,7.55349721448286,12,1.0,dynamic_1_5_p12_h1_3_6_12,dynamic:1.5,False,False,highs
milp_h3,27,152.58753041426337,457.7625912427901,305.17506082852674,26,231,0.9989129361240444,6.9568497999280225,24.1557284719723,-75.59506679438883,12,1.0,dynamic_1_5_p12_h1_3_6_12,dynamic:1.5,False,False,highs
milp_h3,28,264.1861153960227,792.5583461880682,528.3722307920455,26,226,0.9976802529637719,5.930510500096716,20.592050347558043,36.00351818737053,12,1.0,dynamic_1_5_p12_h1_3_6_12,dynamic:1.5,False,False,highs
milp_h3,29,242.73178710937492,728.1953613281248,485.4635742187499,27,213,0.8777337161419403,7.054050900362199,24.493232292924304,14.549189900722723,12,1.0,dynamic_1_5_p12_h1_3_6_12,dynamic:1.5,False,False,highs
milp_h6,0,227.49542496999095,682.486274909973,454.990849939982,25,200,0.8610545501868238,9.721630099840695,33.7556600688913,-0.6871722386612475,12,1.0,dynamic_1_5_p12_h1_3_6_12,dynamic:1.5,False,False,highs
milp_h6,1,219.68611359198883,659.0583407759665,439.37222718397766,32,191,0.9494880595318529,9.145375200081617,31.75477500028339,-8.496483616663369,12,1.0,dynamic_1_5_p12_h1_3_6_12,dynamic:1.5,False,False,highs
milp_h6,2,212.46113077898815,637.3833923369644,424.9222615579763,32,203,0.9326884049939572,9.733135499729542,33.79560937406091,-15.721466429664048,12,1.0,dynamic_1_5_p12_h1_3_6_12,dynamic:1.5,False,False,highs
milp_h6,3,228.23304140965138,684.6991242289541,456.46608281930276,25,199,0.8848638081056077,9.517029300128343,33.045240625445636,0.050444200999180566,12,1.0,dynamic_1_5_p12_h1_3_6_12,dynamic:1.5,False,False,highs
milp_h6,4,243.01674687465027,729.0502406239508,486.03349374930053,29,204,0.8560251284486619,8.962202399794478,31.118758332619716,14.83414966599807,12,1.0,dynamic_1_5_p12_h1_3_6_12,dynamic:1.5,False,False,highs
milp_h6,5,212.50405325293536,637.5121597588061,425.0081065058707,28,219,0.8185716592259944,11.50150430004578,39.93577881960341,-15.678543955716833,12,1.0,dynamic_1_5_p12_h1_3_6_12,dynamic:1.5,False,False,highs
milp_h6,6,232.3668709357579,697.1006128072737,464.7337418715158,23,247,0.9982928867483645,9.542780300282175,33.13465382042422,4.184273727105705,12,1.0,dynamic_1_5_p12_h1_3_6_12,dynamic:1.5,False,False,highs
milp_h6,7,174.98798468112943,524.9639540433883,349.97596936225887,31,189,0.8665078698002614,9.66829849977512,33.570480901996945,-53.194612527522764,12,1.0,dynamic_1_5_p12_h1_3_6_12,dynamic:1.5,False,False,highs
milp_h6,8,208.28921679258337,624.8676503777502,416.57843358516686,26,213,0.9390236972454942,8.901042700279504,30.90639826485939,-19.893380416068823,12,1.0,dynamic_1_5_p12_h1_3_6_12,dynamic:1.5,False,False,highs
milp_h6,9,266.4896529634792,799.4689588904379,532.9793059269587,30,230,0.7836327058801087,9.792420699610375,34.00146076253603,38.30705575482702,12,1.0,dynamic_1_5_p12_h1_3_6_12,dynamic:1.5,False,False,highs
milp_h6,10,297.5353178580601,892.6059535741805,595.0706357161204,24,206,0.913008635493711,10.415036199992755,36.16332013886373,69.35272064940793,12,1.0,dynamic_1_5_p12_h1_3_6_12,dynamic:1.5,False,False,highs
milp_h6,11,228.74029485980662,686.2208845794199,457.4805897196133,24,182,0.9436731090396785,8.965137999970466,31.12895138878634,0.5576976511544274,12,1.0,dynamic_1_5_p12_h1_3_6_12,dynamic:1.5,False,False,highs
milp_h6,12,228.86718530058852,686.6015559017657,457.73437060117715,28,213,0.8559672251905253,10.912721099855844,37.89139270783279,0.6845880919363196,12,1.0,dynamic_1_5_p12_h1_3_6_12,dynamic:1.5,False,False,highs
milp_h6,13,226.87529583772022,680.6258875131606,453.7505916754404,21,199,0.8277245584830566,9.068708099803189,31.488569790983295,-1.307301370931981,12,1.0,dynamic_1_5_p12_h1_3_6_12,dynamic:1.5,False,False,highs
milp_h6,14,237.86851972341532,713.605559170246,475.7370394468307,23,224,0.8837181714502628,10.280152300198097,35.694973264576724,9.68592251476312,12,1.0,dynamic_1_5_p12_h1_3_6_12,dynamic:1.5,False,False,highs
milp_h6,15,218.9199478278557,656.7598434835671,437.8398956557114,26,196,0.871268139755328,9.441394099994795,32.78261840275971,-9.26264938079649,12,1.0,dynamic_1_5_p12_h1_3_6_12,dynamic:1.5,False,False,highs
milp_h6,16,237.5543088873227,712.6629266619681,475.1086177746454,27,200,0.9971965522141776,9.421319699904416,32.71291562466811,9.371711678670493,12,1.0,dynamic_1_5_p12_h1_3_6_12,dynamic:1.5,False,False,highs
milp_h6,17,263.5715684890746,790.7147054672239,527.1431369781493,29,205,0.8910492580830597,9.568003799795406,33.22223541595627,35.388971280422396,12,1.0,dynamic_1_5_p12_h1_3_6_12,dynamic:1.5,False,False,highs
milp_h6,18,155.14045858581858,465.42137575745573,310.28091717163716,29,206,0.9980429089985222,8.843999999633525,30.70833333206085,-73.04213862283362,12,1.0,dynamic_1_5_p12_h1_3_6_12,dynamic:1.5,False,False,highs
milp_h6,19,234.68364032109577,704.0509209632872,469.3672806421915,28,173,0.9746683215619318,10.150499900017167,35.24479131950405,6.501043112443568,12,1.0,dynamic_1_5_p12_h1_3_6_12,dynamic:1.5,False,False,highs
milp_h6,20,175.89718260864413,527.6915478259324,351.79436521728826,31,208,0.941158589786435,9.727229800395435,33.77510347359526,-52.28541460000807,12,1.0,dynamic_1_5_p12_h1_3_6_12,dynamic:1.5,False,False,highs
milp_h6,21,270.88681034843125,812.6604310452936,541.7736206968624,29,207,0.997986610316212,9.314710800070316,32.34274583357748,42.70421313977906,12,1.0,dynamic_1_5_p12_h1_3_6_12,dynamic:1.5,False,False,highs
milp_h6,22,180.55764497319853,541.6729349195956,361.11528994639707,28,213,0.9432407498098017,10.498336200253107,36.45255625087884,-47.62495223545366,12,1.0,dynamic_1_5_p12_h1_3_6_12,dynamic:1.5,False,False,highs
milp_h6,23,216.75170807441066,650.2551242232321,433.50341614882143,26,218,0.894215089000623,9.632911700056866,33.4476100696419,-11.43088913424154,12,1.0,dynamic_1_5_p12_h1_3_6_12,dynamic:1.5,False,False,highs
milp_h6,24,229.58378826578456,688.7513647973536,459.16757653156907,23,215,0.9973860791843413,9.46522300018114,32.865357639517846,1.4011910571323654,12,1.0,dynamic_1_5_p12_h1_3_6_12,dynamic:1.5,False,False,highs
milp_h6,25,317.64974208672834,952.949226260185,635.2994841734567,22,220,0.8396385148253964,10.346809699665755,35.92642256828387,89.46714487807614,12,1.0,dynamic_1_5_p12_h1_3_6_12,dynamic:1.5,False,False,highs
milp_h6,26,235.73609442313506,707.2082832694052,471.47218884627017,32,180,0.8837102204124767,11.799850499985041,40.97170312494806,7.55349721448286,12,1.0,dynamic_1_5_p12_h1_3_6_12,dynamic:1.5,False,False,highs
milp_h6,27,152.70486374696088,458.11459124088276,305.4097274939219,25,232,0.9493825928068755,9.814384299970698,34.07772326378714,-75.47773346169132,12,1.0,dynamic_1_5_p12_h1_3_6_12,dynamic:1.5,False,False,highs
milp_h6,28,264.1861153960227,792.5583461880682,528.3722307920455,26,226,0.9976802529637719,8.95615490002092,31.097760069517083,36.00351818737053,12,1.0,dynamic_1_5_p12_h1_3_6_12,dynamic:1.5,False,False,highs
milp_h6,29,242.73178710937503,728.1953613281249,485.4635742187499,27,212,0.8815339701338717,10.051589400070952,34.901352083579695,14.549189900722837,12,1.0,dynamic_1_5_p12_h1_3_6_12,dynamic:1.5,False,False,highs
milp_h12,0,227.49542496999095,682.486274909973,454.990849939982,25,200,0.8610545501868238,16.233159999974305,56.36513888879967,-0.6871722386612475,12,1.0,dynamic_1_5_p12_h1_3_6_12,dynamic:1.5,False,False,highs
milp_h12,1,222.06015222072597,666.1804566621779,444.12030444145194,28,196,0.9374455112904969,16.353911099839024,56.784413541107725,-6.1224449879262295,12,1.0,dynamic_1_5_p12_h1_3_6_12,dynamic:1.5,False,False,highs
milp_h12,2,212.46113077898815,637.3833923369644,424.9222615579763,29,204,0.917755350833644,16.40251530011301,56.95317812539239,-15.721466429664048,12,1.0,dynamic_1_5_p12_h1_3_6_12,dynamic:1.5,False,False,highs
milp_h12,3,228.23304140965138,684.6991242289541,456.46608281930276,27,198,0.91834327424408,15.004805900127394,52.100020486553454,0.050444200999180566,12,1.0,dynamic_1_5_p12_h1_3_6_12,dynamic:1.5,False,False,highs
milp_h12,4,243.01674687465027,729.0502406239508,486.03349374930053,37,193,0.9219405558224723,14.681138600280974,50.97617569542005,14.83414966599807,12,1.0,dynamic_1_5_p12_h1_3_6_12,dynamic:1.5,False,False,highs
milp_h12,5,212.50405325293536,637.5121597588061,425.0081065058707,28,219,0.8337864875599442,18.746705300029134,65.09272673621227,-15.678543955716833,12,1.0,dynamic_1_5_p12_h1_3_6_12,dynamic:1.5,False,False,highs
milp_h12,6,232.3668709357579,697.1006128072737,464.7337418715158,25,245,0.9988633726733954,15.923665299720597,55.29050451291874,4.184273727105705,12,1.0,dynamic_1_5_p12_h1_3_6_12,dynamic:1.5,False,False,highs
milp_h12,7,174.98798468112943,524.9639540433883,349.97596936225887,27,191,0.8116229024710913,21.533696300000884,74.76977881944751,-53.194612527522764,12,1.0,dynamic_1_5_p12_h1_3_6_12,dynamic:1.5,False,False,highs
milp_h12,8,208.28921679258337,624.8676503777502,416.57843358516686,24,215,0.9228634527389258,19.594653299980564,68.03699062493251,-19.893380416068823,12,1.0,dynamic_1_5_p12_h1_3_6_12,dynamic:1.5,False,False,highs
milp_h12,9,266.4896529634792,799.4689588904379,532.9793059269587,28,231,0.8753564022284815,20.916313299996546,72.62608784721023,38.30705575482702,12,1.0,dynamic_1_5_p12_h1_3_6_12,dynamic:1.5,False,False,highs
milp_h12,10,297.5353178580601,892.6059535741804,595.0706357161203,25,205,0.9156967610762222,21.53791699980502,74.78443402710076,69.35272064940793,12,1.0,dynamic_1_5_p12_h1_3_6_12,dynamic:1.5,False,False,highs
milp_h12,11,228.74029485980668,686.2208845794199,457.48058971961325,28,179,0.9057729511965733,20.383279799949378,70.77527708315756,0.5576976511544842,12,1.0,dynamic_1_5_p12_h1_3_6_12,dynamic:1.5,False,False,highs
milp_h12,12,228.86718530058852,686.6015559017657,457.73437060117715,28,213,0.8559672251905253,25.459020300098928,88.39937604201016,0.6845880919363196,12,1.0,dynamic_1_5_p12_h1_3_6_12,dynamic:1.5,False,False,highs
milp_h12,13,226.87529583772022,680.6258875131606,453.7505916754404,24,196,0.9242264113337915,23.35570919988095,81.09621249958663,-1.307301370931981,12,1.0,dynamic_1_5_p12_h1_3_6_12,dynamic:1.5,False,False,highs
milp_h12,14,237.86851972341537,713.605559170246,475.73703944683064,23,224,0.8924371950593672,22.32882929997868,77.53065729159263,9.685922514763178,12,1.0,dynamic_1_5_p12_h1_3_6_12,dynamic:1.5,False,False,highs
milp_h12,15,218.9199478278557,656.7598434835671,437.8398956557114,25,198,0.8611472458285315,20.619245700276224,71.59460312595911,-9.26264938079649,12,1.0,dynamic_1_5_p12_h1_3_6_12,dynamic:1.5,False,False,highs
milp_h12,16,237.5543088873227,712.6629266619681,475.1086177746454,26,202,0.9975607031596933,20.61571159985033,71.58233194392476,9.371711678670493,12,1.0,dynamic_1_5_p12_h1_3_6_12,dynamic:1.5,False,False,highs
milp_h12,17,263.5715684890746,790.7147054672239,527.1431369781493,25,209,0.8654286241731077,21.307739999960177,73.98520833319506,35.388971280422396,12,1.0,dynamic_1_5_p12_h1_3_6_12,dynamic:1.5,False,False,highs
milp_h12,18,155.14045858581858,465.42137575745573,310.28091717163716,30,205,0.9975894045486643,15.123006399779115,52.510438888121925,-73.04213862283362,12,1.0,dynamic_1_5_p12_h1_3_6_12,dynamic:1.5,False,False,highs
milp_h12,19,234.68364032109577,704.0509209632872,469.3672806421915,31,172,0.9221554187255667,14.938463700003922,51.86966562501362,6.501043112443568,12,1.0,dynamic_1_5_p12_h1_3_6_12,dynamic:1.5,False,False,highs
milp_h12,20,175.99351594348747,527.9805478304623,351.9870318869749,32,208,0.9056185876305981,13.510932599921944,46.912960416395634,-52.18908126516473,12,1.0,dynamic_1_5_p12_h1_3_6_12,dynamic:1.5,False,False,highs
milp_h12,21,271.10322368741026,813.3096710622309,542.2064473748206,29,208,0.9446883847357836,12.910084500123048,44.82668229209392,42.92062647875807,12,1.0,dynamic_1_5_p12_h1_3_6_12,dynamic:1.5,False,False,highs
milp_h12,22,180.55764497319853,541.6729349195956,361.11528994639707,27,214,0.9430033274041658,15.601342699752422,54.1713288185848,-47.62495223545366,12,1.0,dynamic_1_5_p12_h1_3_6_12,dynamic:1.5,False,False,highs
milp_h12,23,216.75170807441066,650.2551242232321,433.50341614882143,31,213,0.9497423137384478,13.828425800078548,48.01536736138385,-11.43088913424154,12,1.0,dynamic_1_5_p12_h1_3_6_12,dynamic:1.5,False,False,highs
milp_h12,24,229.58378826578456,688.7513647973536,459.16757653156907,25,214,0.8740738662326676,13.97383649990661,48.52026562467573,1.4011910571323654,12,1.0,dynamic_1_5_p12_h1_3_6_12,dynamic:1.5,False,False,highs
milp_h12,25,317.64974208672834,952.949226260185,635.2994841734567,21,221,0.8771147579328041,15.8766089999408,55.12711458312778,89.46714487807614,12,1.0,dynamic_1_5_p12_h1_3_6_12,dynamic:1.5,False,False,highs
milp_h12,26,235.93849443197246,707.8154832959174,471.8769888639449,24,188,0.9212555035586735,18.196481599850813,63.18222777725977,7.755897223320261,12,1.0,dynamic_1_5_p12_h1_3_6_12,dynamic:1.5,False,False,highs
milp_h12,27,152.704863746961,458.1145912408828,305.4097274939218,26,231,0.9980012524462786,14.540122800302925,50.48653750105182,-75.4777334616912,12,1.0,dynamic_1_5_p12_h1_3_6_12,dynamic:1.5,False,False,highs
milp_h12,28,264.1861153960227,792.5583461880682,528.3722307920455,26,226,0.9976802529637719,12.962715999805368,45.00943055487975,36.00351818737053,12,1.0,dynamic_1_5_p12_h1_3_6_12,dynamic:1.5,False,False,highs
milp_h12,29,242.73178710937492,728.1953613281248,485.4635742187499,23,217,0.9918042031025239,15.150593999685952,52.606229165576224,14.549189900722723,12,1.0,dynamic_1_5_p12_h1_3_6_12,dynamic:1.5,False,False,highs
equal_share,0,195.89308570597439,587.6792571179232,391.78617141194877,35,191,0.8946870983562462,0.003708899865159765,0.012878124531804739,-32.28951150267781,12,1.0,dynamic_1_5_p12_h1_3_6_12,dynamic:1.5,False,False,highs
equal_share,1,150.56613136594137,451.69839409782406,301.1322627318827,20,203,0.9319321660757488,0.0036347999703139067,0.01262083323025662,-77.61646584271082,12,1.0,dynamic_1_5_p12_h1_3_6_12,dynamic:1.5,False,False,highs
equal_share,2,166.16563823904931,498.49691471714806,332.33127647809874,29,203,0.926687188566079,0.0033110001822933555,0.011496528410740817,-62.01695896960288,12,1.0,dynamic_1_5_p12_h1_3_6_12,dynamic:1.5,False,False,highs
equal_share,3,177.8135122446697,533.440536734009,355.6270244893393,27,197,0.9150407010732791,0.0033533998648636043,0.011643749530776404,-50.36908496398249,12,1.0,dynamic_1_5_p12_h1_3_6_12,dynamic:1.5,False,False,highs
equal_share,4,200.07062617666332,600.2118785299898,400.1412523533265,33,197,0.9854542398761454,0.0033773995528463274,0.011727081780716415,-28.111971031988872,12,1.0,dynamic_1_5_p12_h1_3_6_12,dynamic:1.5,False,False,highs
equal_share,5,173.85206161576224,521.5561848472867,347.7041232315244,30,215,0.762118317022892,0.00361690012505278,0.012558680989766598,-54.33053559288996,12,1.0,dynamic_1_5_p12_h1_3_6_12,dynamic:1.5,False,False,highs
equal_share,6,179.32453624873222,537.9736087461966,358.64907249746443,30,240,0.9956255765621396,0.0033681000350043178,0.011694791788209436,-48.85806095991998,12,1.0,dynamic_1_5_p12_h1_3_6_12,dynamic:1.5,False,False,highs
equal_share,7,151.0845952420009,453.2537857260026,302.1691904840017,28,190,0.8678885014045212,0.003567299630958587,0.012386457051939538,-77.09800196665131,12,1.0,dynamic_1_5_p12_h1_3_6_12,dynamic:1.5,False,False,highs
equal_share,8,178.15703351666355,534.4711005499908,356.3140670333272,30,207,0.9274483617068574,0.003502100065816194,0.012160069672972895,-50.02556369198865,12,1.0,dynamic_1_5_p12_h1_3_6_12,dynamic:1.5,False,False,highs
equal_share,9,211.6975950021564,635.0927850064693,423.3951900043129,24,234,0.8304089562161278,0.003458800056250766,0.012009722417537382,-16.485002206495807,12,1.0,dynamic_1_5_p12_h1_3_6_12,dynamic:1.5,False,False,highs
equal_share,10,221.05566403341265,663.1669921002378,442.1113280668252,24,205,0.9041634282583332,0.0034561000938992947,0.01200034754826144,-7.126933175239543,12,1.0,dynamic_1_5_p12_h1_3_6_12,dynamic:1.5,False,False,highs
equal_share,11,183.31912018427465,549.9573605528241,366.6382403685494,30,176,0.9559099698911505,0.0035994001082144678,0.012497917042411346,-44.863477024377545,12,1.0,dynamic_1_5_p12_h1_3_6_12,dynamic:1.5,False,False,highs
equal_share,12,163.93299261088595,491.79897783265784,327.8659852217719,29,212,0.8334043719038571,0.0036914001684635878,0.012817361696054123,-64.24960459776625,12,1.0,dynamic_1_5_p12_h1_3_6_12,dynamic:1.5,False,False,highs
equal_share,13,169.40683280539383,508.2204984161814,338.81366561078755,23,196,0.8422212706703087,0.0034507002565078437,0.011981598112874458,-58.775764403258364,12,1.0,dynamic_1_5_p12_h1_3_6_12,dynamic:1.5,False,False,highs
equal_share,14,195.4548809939967,586.3646429819901,390.90976198799336,20,227,0.9972766288996553,0.0033970998192671686,0.011795485483566558,-32.72771621465549,12,1.0,dynamic_1_5_p12_h1_3_6_12,dynamic:1.5,False,False,highs
equal_share,15,210.92979632635928,632.7893889790778,421.8595926527185,38,184,0.9080208403578149,0.003438700019614771,0.0119399306236624,-17.252800882292917,12,1.0,dynamic_1_5_p12_h1_3_6_12,dynamic:1.5,False,False,highs
equal_share,16,165.5930500544216,496.77915016326483,331.1861001088432,22,204,0.99532066228776,0.003608599799918011,0.012529860416381981,-62.58954715423059,12,1.0,dynamic_1_5_p12_h1_3_6_12,dynamic:1.5,False,False,highs
equal_share,17,200.8537390110559,602.5612170331677,401.70747802211184,29,203,0.8083373434987687,0.0033937999687623233,0.011784027669313623,-27.328858197596304,12,1.0,dynamic_1_5_p12_h1_3_6_12,dynamic:1.5,False,False,highs
equal_share,18,81.48860156742916,244.46580470228747,162.9772031348583,12,222,0.8259337529688471,0.0033923999581020325,0.011779166521187613,-146.69399564122304,12,1.0,dynamic_1_5_p12_h1_3_6_12,dynamic:1.5,False,False,highs
equal_share,19,154.99194521634064,464.975835649022,309.98389043268133,17,181,0.7272352412282536,0.003720999986398965,0.012920138841663074,-73.19065199231156,12,1.0,dynamic_1_5_p12_h1_3_6_12,dynamic:1.5,False,False,highs
equal_share,20,143.6297974574017,430.8893923722051,287.2595949148034,32,207,0.8850261335675446,0.003278399643022567,0.011383332093828358,-84.55279975125049,12,1.0,dynamic_1_5_p12_h1_3_6_12,dynamic:1.5,False,False,highs
equal_share,21,204.18081056880436,612.542431706413,408.36162113760867,25,213,0.9013141396735597,0.003646400204161182,0.012661111820004104,-24.001786639847836,12,1.0,dynamic_1_5_p12_h1_3_6_12,dynamic:1.5,False,False,highs
equal_share,22,150.33346579944867,451.00039739834597,300.6669315988973,29,211,0.9150544482960141,0.0036365998967085034,0.012627082974682303,-77.84913140920352,12,1.0,dynamic_1_5_p12_h1_3_6_12,dynamic:1.5,False,False,highs
equal_share,23,174.33489178417904,523.004675352537,348.66978356835796,23,218,0.8658201471759512,0.00364989967783913,0.012673262770274758,-53.84770542447316,12,1.0,dynamic_1_5_p12_h1_3_6_12,dynamic:1.5,False,False,highs
equal_share,24,147.36767132081252,442.1030139624376,294.7353426416251,15,222,0.9950126580129999,0.003299000032711774,0.01145486122469366,-80.81492588783968,12,1.0,dynamic_1_5_p12_h1_3_6_12,dynamic:1.5,False,False,highs
equal_share,25,232.3723577486724,697.1170732460171,464.74471549734466,24,218,0.9953704856256378,0.0036985000187996775,0.012842013954165546,4.189760540020217,12,1.0,dynamic_1_5_p12_h1_3_6_12,dynamic:1.5,False,False,highs
equal_share,26,203.3847294123596,610.1541882370788,406.76945882471915,27,183,0.9418129556027798,0.0035524997510947287,0.01233506858019003,-24.797867796292593,12,1.0,dynamic_1_5_p12_h1_3_6_12,dynamic:1.5,False,False,highs
equal_share,27,112.3820000170812,337.1460000512436,224.76400003416242,20,236,0.9610642644465255,0.0035428001137916,0.01230138928399861,-115.800597191571,12,1.0,dynamic_1_5_p12_h1_3_6_12,dynamic:1.5,False,False,highs
equal_share,28,182.36439166032739,547.0931749809822,364.7287833206548,23,228,0.6285576849865616,0.0034345998137723655,0.011925693797820713,-45.81820554832481,12,1.0,dynamic_1_5_p12_h1_3_6_12,dynamic:1.5,False,False,highs
equal_share,29,161.1447806159333,483.43434184779994,322.2895612318666,21,217,0.9889455470763381,0.004147299856413156,0.01440034672365679,-67.03781659271888,12,1.0,dynamic_1_5_p12_h1_3_6_12,dynamic:1.5,False,False,highs
max_charge,0,227.49542496999106,682.4862749099731,454.990849939982,39,187,0.8955688183530749,0.0014439001388382167,0.005013542148743808,-0.6871722386611339,12,1.0,dynamic_1_5_p12_h1_3_6_12,dynamic:1.5,False,False,highs
max_charge,1,222.0601522207259,666.1804566621779,444.120304441452,41,182,0.964782600386167,0.0013646999723277986,0.004738541570582634,-6.122444987926286,12,1.0,dynamic_1_5_p12_h1_3_6_12,dynamic:1.5,False,False,highs
max_charge,2,212.4611307789881,637.3833923369644,424.92226155797636,35,197,0.9057877148929259,0.0012772998888976872,0.004435069058672525,-15.721466429664105,12,1.0,dynamic_1_5_p12_h1_3_6_12,dynamic:1.5,False,False,highs
max_charge,3,228.23304140965143,684.6991242289542,456.4660828193028,37,187,0.9389401162033668,0.001298799819778651,0.004509721596453649,0.05044420099923741,12,1.0,dynamic_1_5_p12_h1_3_6_12,dynamic:1.5,False,False,highs
max_charge,4,243.0167468746502,729.0502406239508,486.0334937493006,43,187,0.9089711971686169,0.0014192003873176873,0.004927779122630859,14.834149665998012,12,1.0,dynamic_1_5_p12_h1_3_6_12,dynamic:1.5,False,False,highs
max_charge,5,212.5040532529353,637.5121597588061,425.0081065058708,43,203,0.8495210074102768,0.0013244999863673002,0.00459895828599757,-15.67854395571689,12,1.0,dynamic_1_5_p12_h1_3_6_12,dynamic:1.5,False,False,highs
max_charge,6,232.36687093575785,697.1006128072737,464.73374187151586,41,229,0.9961480287547907,0.0013508997799362987,0.0046906242358899265,4.184273727105648,12,1.0,dynamic_1_5_p12_h1_3_6_12,dynamic:1.5,False,False,highs
max_charge,7,174.98798468112943,524.9639540433883,349.97596936225887,35,183,0.8797805945475088,0.0013283000735100359,0.004612153033020958,-53.194612527522764,12,1.0,dynamic_1_5_p12_h1_3_6_12,dynamic:1.5,False,False,highs
max_charge,8,208.2892167925835,624.8676503777504,416.57843358516686,40,197,0.9516399793644877,0.0014438000216614455,0.005013194519657797,-19.89338041606871,12,1.0,dynamic_1_5_p12_h1_3_6_12,dynamic:1.5,False,False,highs
max_charge,9,266.48965296347933,799.468958890438,532.9793059269587,38,220,0.8831937883083713,0.0013424998614937067,0.0046614578524087034,38.30705575482713,12,1.0,dynamic_1_5_p12_h1_3_6_12,dynamic:1.5,False,False,highs
max_charge,10,297.5353178580601,892.6059535741805,595.0706357161204,40,189,0.9069967578140683,0.001477000128943473,0.005128472669942615,69.35272064940793,12,1.0,dynamic_1_5_p12_h1_3_6_12,dynamic:1.5,False,False,highs
max_charge,11,228.74029485980674,686.22088457942,457.4805897196133,38,167,0.9675340542214251,0.0013829001691192389,0.00480173669833069,0.5576976511545411,12,1.0,dynamic_1_5_p12_h1_3_6_12,dynamic:1.5,False,False,highs
max_charge,12,229.48340527415274,688.4502158224582,458.96681054830543,42,200,0.8768028466246841,0.0013027001405134797,0.0045232643767829156,1.3008080655005472,12,1.0,dynamic_1_5_p12_h1_3_6_12,dynamic:1.5,False,False,highs
max_charge,13,226.87529583772016,680.6258875131606,453.75059167544043,40,179,0.8560321397408357,0.001374400279019028,0.004772223191038292,-1.3073013709320378,12,1.0,dynamic_1_5_p12_h1_3_6_12,dynamic:1.5,False,False,highs
max_charge,14,237.86851972341532,713.605559170246,475.7370394468307,32,215,0.9975022324910681,0.0014290997351054102,0.004962151858004897,9.68592251476312,12,1.0,dynamic_1_5_p12_h1_3_6_12,dynamic:1.5,False,False,highs
max_charge,15,218.9199478278557,656.7598434835671,437.8398956557114,42,180,0.9123298078613389,0.001431699754903093,0.004971179704524629,-9.26264938079649,12,1.0,dynamic_1_5_p12_h1_3_6_12,dynamic:1.5,False,False,highs
max_charge,16,237.55430888732263,712.6629266619681,475.10861777464544,37,189,0.9967987704002462,0.0012975999852642417,0.004505555504389728,9.371711678670437,12,1.0,dynamic_1_5_p12_h1_3_6_12,dynamic:1.5,False,False,highs
max_charge,17,263.5715684890747,790.714705467224,527.1431369781493,42,190,0.8487137220071888,0.0013108999701216817,0.004551736007366951,35.38897128042251,12,1.0,dynamic_1_5_p12_h1_3_6_12,dynamic:1.5,False,False,highs
max_charge,18,155.14045858581864,465.4213757574558,310.28091717163716,37,197,0.9169481990145427,0.0013713000807911158,0.0047614586138580405,-73.04213862283356,12,1.0,dynamic_1_5_p12_h1_3_6_12,dynamic:1.5,False,False,highs
max_charge,19,234.6836403210957,704.0509209632872,469.36728064219153,40,158,0.8865175111894673,0.0013174999912735075,0.004574652747477457,6.5010431124435115,12,1.0,dynamic_1_5_p12_h1_3_6_12,dynamic:1.5,False,False,highs
max_charge,20,175.9935159434874,527.9805478304623,351.98703188697493,41,198,0.9036422023084038,0.0013280998391564935,0.004611457774848936,-52.18908126516479,12,1.0,dynamic_1_5_p12_h1_3_6_12,dynamic:1.5,False,False,highs
max_charge,21,271.10322368741026,813.3096710622309,542.2064473748206,40,198,0.9366054945394486,0.001308699749642983,0.0045440963529270245,42.92062647875807,12,1.0,dynamic_1_5_p12_h1_3_6_12,dynamic:1.5,False,False,highs
max_charge,22,180.55764497319853,541.6729349195956,361.11528994639707,39,201,0.8882395027768435,0.0014111996570136398,0.0048999988090751385,-47.62495223545366,12,1.0,dynamic_1_5_p12_h1_3_6_12,dynamic:1.5,False,False,highs
max_charge,23,216.75170807441071,650.2551242232322,433.5034161488215,37,206,0.9163414928750355,0.0013261001149658114,0.004604514288075734,-11.430889134241482,12,1.0,dynamic_1_5_p12_h1_3_6_12,dynamic:1.5,False,False,highs
max_charge,24,229.5837882657845,688.7513647973536,459.1675765315691,37,200,0.9852946488880845,0.0017457004287280142,0.0060614598219722714,1.4011910571323085,12,1.0,dynamic_1_5_p12_h1_3_6_12,dynamic:1.5,False,False,highs
max_charge,25,317.64974208672845,952.9492262601851,635.2994841734567,43,199,0.9970413937404117,0.0018169001559726894,0.006308681097127394,89.46714487807625,12,1.0,dynamic_1_5_p12_h1_3_6_12,dynamic:1.5,False,False,highs
max_charge,26,235.9384944319724,707.8154832959174,471.876988863945,42,170,0.9367666038224087,0.0018769999442156404,0.006517360917415418,7.755897223320204,12,1.0,dynamic_1_5_p12_h1_3_6_12,dynamic:1.5,False,False,highs
max_charge,27,152.70486374696094,458.1145912408828,305.4097274939219,33,223,0.975701866100674,0.0018417999090161175,0.00639513857297263,-75.47773346169126,12,1.0,dynamic_1_5_p12_h1_3_6_12,dynamic:1.5,False,False,highs
max_charge,28,264.1861153960227,792.5583461880683,528.3722307920456,41,210,0.9258407416535476,0.001940000191098079,0.006736111774646108,36.00351818737053,12,1.0,dynamic_1_5_p12_h1_3_6_12,dynamic:1.5,False,False,highs
max_charge,29,242.73178710937498,728.1953613281249,485.46357421874995,41,197,0.9039679553697075,0.0018716997001320124,0.0064989572921250426,14.54918990072278,12,1.0,dynamic_1_5_p12_h1_3_6_12,dynamic:1.5,False,False,highs
random,0,214.88567989891112,644.6570396967332,429.77135979782213,27,197,0.92670183721499,0.021630699920933694,0.07510659694768644,-13.296917309741076,12,1.0,dynamic_1_5_p12_h1_3_6_12,dynamic:1.5,False,False,highs
random,1,206.74575165682518,620.2372549704755,413.49150331365036,33,190,0.9805889427804433,0.021410999819636345,0.0743437493737373,-21.43684555182702,12,1.0,dynamic_1_5_p12_h1_3_6_12,dynamic:1.5,False,False,highs
random,2,199.37039590219467,598.1111877065839,398.74079180438923,37,196,0.8989311456690264,0.02018850005697459,0.07009895853116177,-28.812201306457524,12,1.0,dynamic_1_5_p12_h1_3_6_12,dynamic:1.5,False,False,highs
random,3,216.99932157848042,650.9979647354411,433.99864315696067,31,193,0.8980621195697592,0.02144609999959357,0.07446562499858879,-11.183275630171778,12,1.0,dynamic_1_5_p12_h1_3_6_12,dynamic:1.5,False,False,highs
random,4,229.05707183379684,687.1712155013906,458.1141436675938,40,190,0.905169189245421,0.021258199645671993,0.07381319321413887,0.8744746251446429,12,1.0,dynamic_1_5_p12_h1_3_6_12,dynamic:1.5,False,False,highs
random,5,200.79838825766808,602.3951647730042,401.59677651533616,43,202,0.8035660410842816,0.02050489987595938,0.07119756901374785,-27.384208950984117,12,1.0,dynamic_1_5_p12_h1_3_6_12,dynamic:1.5,False,False,highs
random,6,217.95666436504507,653.8699930951352,435.91332873009014,32,238,0.9977409785703018,0.020691400161013007,0.07184513944796184,-10.225932843607126,12,1.0,dynamic_1_5_p12_h1_3_6_12,dynamic:1.5,False,False,highs
random,7,162.2307676601897,486.6923029805692,324.4615353203795,32,186,0.8849649549296339,0.021174200024688616,0.07352152786350213,-65.95182954846248,12,1.0,dynamic_1_5_p12_h1_3_6_12,dynamic:1.5,False,False,highs
random,8,197.71513181781552,593.1453954534466,395.43026363563104,34,203,0.9273255734125825,0.02128540023113601,0.07390763969144448,-30.46746539083668,12,1.0,dynamic_1_5_p12_h1_3_6_12,dynamic:1.5,False,False,highs
random,9,247.83968453182462,743.5190535954738,495.6793690636492,33,225,0.7934576364579337,0.021475600107805803,0.07456805592988126,19.65708732317242,12,1.0,dynamic_1_5_p12_h1_3_6_12,dynamic:1.5,False,False,highs
random,10,282.1349718543962,846.4049155631885,564.2699437087923,34,195,0.9420892441487744,0.02246720014954917,0.07801111163037906,53.952374645744015,12,1.0,dynamic_1_5_p12_h1_3_6_12,dynamic:1.5,False,False,highs
random,11,213.36314640495863,640.0894392148757,426.7262928099171,36,169,0.9517630830647238,0.020816899836063385,0.07228090220855342,-14.81945080369357,12,1.0,dynamic_1_5_p12_h1_3_6_12,dynamic:1.5,False,False,highs
random,12,216.43274668982997,649.2982400694898,432.8654933796598,36,205,0.8783503641098364,0.021181399963097647,0.0735465276496446,-11.749850518822228,12,1.0,dynamic_1_5_p12_h1_3_6_12,dynamic:1.5,False,False,highs
random,13,211.76054632860655,635.2816389858198,423.5210926572132,39,180,0.8914528237050324,0.02098929978092201,0.07287951312820143,-16.422050880045646,12,1.0,dynamic_1_5_p12_h1_3_6_12,dynamic:1.5,False,False,highs
random,14,222.3341168213555,667.0023504640666,444.6682336427111,31,216,0.9846009424635263,0.021967999899061397,0.07627777742729652,-5.848480387296689,12,1.0,dynamic_1_5_p12_h1_3_6_12,dynamic:1.5,False,False,highs
random,15,207.16177695625993,621.4853308687799,414.32355391251997,38,183,0.834295358408154,0.020373999810544774,0.07074305489772491,-21.02082025239227,12,1.0,dynamic_1_5_p12_h1_3_6_12,dynamic:1.5,False,False,highs
random,16,222.35447296720167,667.063418901605,444.70894593440335,36,190,0.8192281653335572,0.022887800208991393,0.07947152850344234,-5.828124241450524,12,1.0,dynamic_1_5_p12_h1_3_6_12,dynamic:1.5,False,False,highs
random,17,246.00032410424933,738.0009723127479,492.00064820849855,31,202,0.9380056487090576,0.022508800320792943,0.07815555666941994,17.817726895597133,12,1.0,dynamic_1_5_p12_h1_3_6_12,dynamic:1.5,False,False,highs
random,18,144.69689334512304,434.0906800353691,289.39378669024603,31,203,0.997823037645514,0.020861799886915833,0.0724368051629022,-83.48570386352915,12,1.0,dynamic_1_5_p12_h1_3_6_12,dynamic:1.5,False,False,highs
random,19,215.65017561528452,646.9505268458535,431.30035123056894,37,161,0.8665114582300605,0.020249799999874085,0.07031180555511835,-12.532421593367673,12,1.0,dynamic_1_5_p12_h1_3_6_12,dynamic:1.5,False,False,highs
random,20,162.7729682389865,488.3189047169595,325.545936477973,38,201,0.9072310745016504,0.022025899874279276,0.07647881900791415,-65.4096289696657,12,1.0,dynamic_1_5_p12_h1_3_6_12,dynamic:1.5,False,False,highs
random,21,255.66388237467964,766.9916471240389,511.32776474935923,32,204,0.9978608949769555,0.020444099936867133,0.07098645811412199,27.481285166027448,12,1.0,dynamic_1_5_p12_h1_3_6_12,dynamic:1.5,False,False,highs
random,22,168.9733162803601,506.9199488410804,337.9466325607203,38,202,0.8900587709553517,0.02022539998870343,0.07022708329410914,-59.20928092829209,12,1.0,dynamic_1_5_p12_h1_3_6_12,dynamic:1.5,False,False,highs
random,23,201.11071025486893,603.3321307646069,402.2214205097379,31,210,0.9197251600007532,0.020868200081167743,0.07245902805961021,-27.071886953783263,12,1.0,dynamic_1_5_p12_h1_3_6_12,dynamic:1.5,False,False,highs
random,24,213.63610863826227,640.9083259147868,427.27221727652454,34,203,0.8472346605176141,0.02064500018605031,0.0716840284237858,-14.546488570389926,12,1.0,dynamic_1_5_p12_h1_3_6_12,dynamic:1.5,False,False,highs
random,25,299.90966786324077,899.7290035897224,599.8193357264817,31,211,0.9317037807886194,0.020086699951207265,0.06974548594169189,71.72707065458857,12,1.0,dynamic_1_5_p12_h1_3_6_12,dynamic:1.5,False,False,highs
random,26,219.03319517494145,657.0995855248243,438.06639034988285,40,170,0.8923845200367027,0.021852499921806157,0.0758767358396047,-9.149402033710743,12,1.0,dynamic_1_5_p12_h1_3_6_12,dynamic:1.5,False,False,highs
random,27,145.02857303587763,435.0857191076328,290.0571460717552,33,224,0.9984450924571132,0.02189769988763146,0.07603368016538702,-83.15402417277457,12,1.0,dynamic_1_5_p12_h1_3_6_12,dynamic:1.5,False,False,highs
random,28,249.5792886914473,748.7378660743419,499.15857738289463,37,214,0.978688337314118,0.021136799943633378,0.07339166647094923,21.39669148279509,12,1.0,dynamic_1_5_p12_h1_3_6_12,dynamic:1.5,False,False,highs
random,29,225.5915063210365,676.7745189631095,451.183012642073,31,207,0.9688930860716809,0.020947400014847517,0.07273402782933165,-2.5910908876157066,12,1.0,dynamic_1_5_p12_h1_3_6_12,dynamic:1.5,False,False,highs
