controller,seed,net_profit,total_revenue,total_cost,served_customers,rejected_customers,mean_soc_fulfillment,total_compute_s,mean_step_ms,gap_to_best,ports,grid_cap_strain,experiment_id,tariff,bess_enabled,v2g_enabled,solver
milp_h1,0,106.34371242920557,164.0373486638069,57.693636234601335,5,228,0.9982737150186118,4.267700099851936,14.81840312448589,-0.0012081033902120453,3,0.5,0_75_p3_h1_3_6_12_s0_50,0.75,True,True,highs
milp_h1,1,107.95689197480678,163.8623492002487,55.90545722544193,4,228,0.8692193757670923,4.076863200083608,14.155775000290305,1.6119714422110007,3,0.5,0_75_p3_h1_3_6_12_s0_50,0.75,True,True,highs
milp_h1,2,110.13246091703573,164.4248486638069,54.292387746771176,3,238,0.9993807198347596,4.154243599958136,14.424456944299083,3.78754038443995,3,0.5,0_75_p3_h1_3_6_12_s0_50,0.75,True,True,highs
milp_h1,3,106.17695484956104,163.4748492002487,57.29789435068766,4,229,0.9972724439596403,4.2627421998477075,14.801188193915651,-0.1679656830347369,3,0.5,0_75_p3_h1_3_6_12_s0_50,0.75,True,True,highs
milp_h1,4,103.23310362547636,164.81234866380692,61.579245038330555,4,235,0.9970989461652385,4.234074200008763,14.701646527808204,-3.111816907119419,3,0.5,0_75_p3_h1_3_6_12_s0_50,0.75,True,True,highs
milp_h1,5,109.07528714587289,162.7373502731323,53.662063127259415,7,247,0.9977104654228673,4.135580300135189,14.35965381991385,2.7303666132771127,3,0.5,0_75_p3_h1_3_6_12_s0_50,0.75,True,True,highs
milp_h1,6,103.13280880699554,162.31234920024872,59.17954039325317,2,277,0.0,4.15309069986688,14.420453818982221,-3.212111725600238,3,0.5,0_75_p3_h1_3_6_12_s0_50,0.75,True,True,highs
milp_h1,7,119.4605170711875,163.68734973669052,44.226832665503025,3,224,0.0,4.29329070005042,14.90725937517507,13.115596538591717,3,0.5,0_75_p3_h1_3_6_12_s0_50,0.75,True,True,highs
milp_h1,8,110.16571167409418,162.6998492002487,52.53413752615452,2,244,0.0,4.179034599947045,14.510536805371682,3.820791141498404,3,0.5,0_75_p3_h1_3_6_12_s0_50,0.75,True,True,highs
milp_h1,9,96.741010936598,163.86234920024873,67.12133826365073,5,263,0.6809168859354748,4.20528230004129,14.601674652921146,-9.603909595997777,3,0.5,0_75_p3_h1_3_6_12_s0_50,0.75,True,True,highs
milp_h1,10,88.90705920656522,164.0373486638069,75.13028945724169,3,235,0.9962812806910147,4.322829999917303,15.009826388601747,-17.437861326030557,3,0.5,0_75_p3_h1_3_6_12_s0_50,0.75,True,True,highs
milp_h1,11,104.53441167602935,162.29984979629515,57.765438120265806,8,206,0.841312629177567,4.096124499803409,14.222654513206281,-1.810508856566429,3,0.5,0_75_p3_h1_3_6_12_s0_50,0.75,True,True,highs
milp_h1,12,105.73708268553017,163.6498486638069,57.91276597827673,3,247,0.9990944965191934,4.194991100157495,14.565941319991301,-0.6078378470656105,3,0.5,0_75_p3_h1_3_6_12_s0_50,0.75,True,True,highs
milp_h1,13,107.13787736495337,164.42484866380693,57.28697129885356,2,226,0.999104543799713,4.125800999972853,14.325697916572405,0.7929568323575893,3,0.5,0_75_p3_h1_3_6_12_s0_50,0.75,True,True,highs
milp_h1,14,104.54641874432562,164.4248486638069,59.87842991948128,5,251,0.9977465175483153,4.3931290000036824,15.253920138901675,-1.7985017882701584,3,0.5,0_75_p3_h1_3_6_12_s0_50,0.75,True,True,highs
milp_h1,15,109.32926890999079,164.24984920024872,54.92058029025793,5,225,0.997760671839505,4.155554799959646,14.429009722082103,2.9843483773950084,3,0.5,0_75_p3_h1_3_6_12_s0_50,0.75,True,True,highs
milp_h1,16,103.67294742216666,164.0373486638069,60.36440124164025,4,231,0.9987538573677465,4.157092799898237,14.434349999646656,-2.6719731104291213,3,0.5,0_75_p3_h1_3_6_12_s0_50,0.75,True,True,highs
milp_h1,17,94.98514551247757,161.73735033273698,66.75220482025941,1,240,0.0,4.145771100113052,14.395038542059208,-11.359775020118207,3,0.5,0_75_p3_h1_3_6_12_s0_50,0.75,True,True,highs
milp_h1,18,123.63154392689466,162.52484973669053,38.893305809795855,7,236,0.8338560946643087,4.265047799999593,14.809193749998586,17.286623394298886,3,0.5,0_75_p3_h1_3_6_12_s0_50,0.75,True,True,highs
milp_h1,19,102.67771132290363,161.74984973669052,59.07213841378689,5,202,0.9973080172164243,4.119109700113768,14.302464236506138,-3.667209209692146,3,0.5,0_75_p3_h1_3_6_12_s0_50,0.75,True,True,highs
milp_h1,20,117.72681095972658,161.96235027313233,44.23553931340575,6,242,0.997055161398969,4.0989327002025675,14.232405209036692,11.381890427130799,3,0.5,0_75_p3_h1_3_6_12_s0_50,0.75,True,True,highs
milp_h1,21,94.03830942511559,161.99985134601593,67.96154192090034,7,241,0.9988480569951849,4.197703400044702,14.575359027932993,-12.306611107480194,3,0.5,0_75_p3_h1_3_6_12_s0_50,0.75,True,True,highs
milp_h1,22,119.18215411156416,164.81234866380692,45.630194552242756,2,247,0.0,4.076749700005166,14.155380902795716,12.83723357896838,3,0.5,0_75_p3_h1_3_6_12_s0_50,0.75,True,True,highs
milp_h1,23,109.15074740350246,163.68734973669052,54.53660233318806,4,246,0.8240878643411967,4.068568900111131,14.126975347608095,2.805826870906685,3,0.5,0_75_p3_h1_3_6_12_s0_50,0.75,True,True,highs
milp_h1,24,105.49472213685513,163.64984866380692,58.15512652695179,6,240,0.8135573925520898,4.159773299965309,14.443657291546211,-0.850198395740648,3,0.5,0_75_p3_h1_3_6_12_s0_50,0.75,True,True,highs
milp_h1,25,83.91436478495596,164.4248486638069,80.51048387885093,3,248,0.9993188283049581,4.308214400036377,14.959077777904087,-22.430555747639815,3,0.5,0_75_p3_h1_3_6_12_s0_50,0.75,True,True,highs
milp_h1,26,104.35259505063294,164.0373486638069,59.68475361317396,3,216,0.9994886192213372,4.1629798000794835,14.454790972498207,-1.9923254819628369,3,0.5,0_75_p3_h1_3_6_12_s0_50,0.75,True,True,highs
milp_h1,27,126.12607672611873,164.42484866380693,38.298771937688194,3,262,0.0,4.098767000075895,14.231829861374637,19.781156193522946,3,0.5,0_75_p3_h1_3_6_12_s0_50,0.75,True,True,highs
milp_h1,28,97.0102031941215,163.8623492002487,66.8521460061272,7,253,0.9968226403503528,4.190896400046768,14.551723611273498,-9.334717338474277,3,0.5,0_75_p3_h1_3_6_12_s0_50,0.75,True,True,highs
milp_h1,29,101.83955046534538,162.91234973669052,61.07279927134514,2,245,0.9999111804250073,4.287077200016938,14.885684722281034,-4.5053700672503965,3,0.5,0_75_p3_h1_3_6_12_s0_50,0.75,True,True,highs
milp_h3,0,106.34371242920557,164.0373486638069,57.693636234601335,6,227,0.9947629492030393,6.890352000147686,23.924833333846134,-0.0012081033902120453,3,0.5,0_75_p3_h1_3_6_12_s0_50,0.75,True,True,highs
milp_h3,1,107.95689197480681,163.86234920024873,55.90545722544193,3,229,0.8042175236164872,7.845564799965359,27.241544444324163,1.6119714422110292,3,0.5,0_75_p3_h1_3_6_12_s0_50,0.75,True,True,highs
milp_h3,2,110.13246091703576,164.42484866380693,54.292387746771176,4,237,0.9995563712714738,7.029057900290354,24.406451042674842,3.7875403844399784,3,0.5,0_75_p3_h1_3_6_12_s0_50,0.75,True,True,highs
milp_h3,3,106.17695484956104,163.4748492002487,57.29789435068766,6,227,0.9957441561311138,8.418601500074146,29.231255208590785,-0.1679656830347369,3,0.5,0_75_p3_h1_3_6_12_s0_50,0.75,True,True,highs
milp_h3,4,103.23310362547636,164.81234866380692,61.579245038330555,3,236,0.998567522576172,8.592390899924794,29.83469062473887,-3.111816907119419,3,0.5,0_75_p3_h1_3_6_12_s0_50,0.75,True,True,highs
milp_h3,5,109.07528714587289,162.7373502731323,53.662063127259415,5,249,0.5970870886350994,8.7481945000618,30.375675347436804,2.7303666132771127,3,0.5,0_75_p3_h1_3_6_12_s0_50,0.75,True,True,highs
milp_h3,6,103.30152075299183,162.562349319458,59.260828566466174,3,276,0.9996866665737066,7.893252399881021,27.407126388475767,-3.043399779603945,3,0.5,0_75_p3_h1_3_6_12_s0_50,0.75,True,True,highs
milp_h3,7,119.4605170711875,163.68734973669052,44.226832665503025,5,222,0.7252221287139651,8.57597110014467,29.77767743105788,13.115596538591717,3,0.5,0_75_p3_h1_3_6_12_s0_50,0.75,True,True,highs
milp_h3,8,110.16571167409418,162.6998492002487,52.53413752615452,4,242,0.9977479688130817,9.028624999642489,31.349392359869753,3.820791141498404,3,0.5,0_75_p3_h1_3_6_12_s0_50,0.75,True,True,highs
milp_h3,9,96.741010936598,163.86234920024873,67.12133826365073,4,263,0.8379060746431292,7.9936855000123614,27.755852430598477,-9.603909595997777,3,0.5,0_75_p3_h1_3_6_12_s0_50,0.75,True,True,highs
milp_h3,10,88.90705920656522,164.0373486638069,75.13028945724169,3,235,0.22037407336559917,8.57505330001004,29.77449062503486,-17.437861326030557,3,0.5,0_75_p3_h1_3_6_12_s0_50,0.75,True,True,highs
milp_h3,11,105.02374261820316,163.09989986419677,58.07615724599361,4,210,0.5448666835527652,8.324510999867925,28.90455208287474,-1.3211779143926208,3,0.5,0_75_p3_h1_3_6_12_s0_50,0.75,True,True,highs
milp_h3,12,105.7370826855302,163.64984866380692,57.91276597827673,4,246,0.0,8.797845099965343,30.548073263768554,-0.6078378470655821,3,0.5,0_75_p3_h1_3_6_12_s0_50,0.75,True,True,highs
milp_h3,13,107.13787736495337,164.42484866380693,57.28697129885356,4,224,0.9922257503322822,9.09394750019419,31.576206597896494,0.7929568323575893,3,0.5,0_75_p3_h1_3_6_12_s0_50,0.75,True,True,highs
milp_h3,14,104.54641874432565,164.42484866380693,59.87842991948128,6,250,0.7622322356530615,15.562187399948016,54.03537291648617,-1.79850178827013,3,0.5,0_75_p3_h1_3_6_12_s0_50,0.75,True,True,highs
milp_h3,15,109.32926890999079,164.24984920024872,54.92058029025793,2,228,0.9986582395751785,13.510108900023624,46.91010034730425,2.9843483773950084,3,0.5,0_75_p3_h1_3_6_12_s0_50,0.75,True,True,highs
milp_h3,16,103.67294742216666,164.0373486638069,60.36440124164025,5,230,0.996821436443636,11.239115899967146,39.02470798599703,-2.6719731104291213,3,0.5,0_75_p3_h1_3_6_12_s0_50,0.75,True,True,highs
milp_h3,17,95.1361096392123,161.9749005794525,66.83879094024022,1,240,0.9993864999886296,12.086588500038488,41.9673211806892,-11.208810893383486,3,0.5,0_75_p3_h1_3_6_12_s0_50,0.75,True,True,highs
milp_h3,18,124.06279339268804,163.08734920024872,39.02455580756068,5,238,0.7523961747596976,8.258710800029803,28.67607916677015,17.717872860092257,3,0.5,0_75_p3_h1_3_6_12_s0_50,0.75,True,True,highs
milp_h3,19,102.84327626215617,161.9998498558998,59.156573593743644,4,203,0.6396617744663061,7.822988499887288,27.163154513497528,-3.5016442704396127,3,0.5,0_75_p3_h1_3_6_12_s0_50,0.75,True,True,highs
milp_h3,20,117.72681095972658,161.96235027313233,44.23553931340575,4,244,0.9964540140819206,8.275872699712636,28.73566909622443,11.381890427130799,3,0.5,0_75_p3_h1_3_6_12_s0_50,0.75,True,True,highs
milp_h3,21,94.4001988992095,162.56235080957413,68.16215191036463,4,241,0.9958675164688735,7.796398099846556,27.07082673557832,-11.94472163338628,3,0.5,0_75_p3_h1_3_6_12_s0_50,0.75,True,True,highs
milp_h3,22,119.18215411156416,164.81234866380692,45.630194552242756,3,246,0.9982997526661497,9.006466500213719,31.27245312574208,12.83723357896838,3,0.5,0_75_p3_h1_3_6_12_s0_50,0.75,True,True,highs
milp_h3,23,109.15074740350246,163.68734973669052,54.53660233318806,4,246,0.8264818277668824,8.403814599965699,29.179911805436454,2.805826870906685,3,0.5,0_75_p3_h1_3_6_12_s0_50,0.75,True,True,highs
milp_h3,24,105.49472213685513,163.64984866380692,58.15512652695179,6,240,0.6639640303194608,9.424046499945689,32.722383680366974,-0.850198395740648,3,0.5,0_75_p3_h1_3_6_12_s0_50,0.75,True,True,highs
milp_h3,25,83.91436478495599,164.42484866380693,80.51048387885093,6,245,0.9872010752257047,8.733292099874234,30.32393090234109,-22.430555747639787,3,0.5,0_75_p3_h1_3_6_12_s0_50,0.75,True,True,highs
milp_h3,26,104.35259505063294,164.0373486638069,59.68475361317396,3,216,0.9958772626385383,7.576872399964486,26.30858472209891,-1.9923254819628369,3,0.5,0_75_p3_h1_3_6_12_s0_50,0.75,True,True,highs
milp_h3,27,126.12607672611873,164.42484866380693,38.298771937688194,2,263,0.0,7.686178999880212,26.688121527361847,19.781156193522946,3,0.5,0_75_p3_h1_3_6_12_s0_50,0.75,True,True,highs
milp_h3,28,97.0102031941215,163.8623492002487,66.8521460061272,4,256,0.9983933062442945,8.00368510010594,27.790573264256736,-9.334717338474277,3,0.5,0_75_p3_h1_3_6_12_s0_50,0.75,True,True,highs
milp_h3,29,101.83955046534538,162.91234973669052,61.07279927134514,5,242,0.0,8.473919899799512,29.423332985414973,-4.5053700672503965,3,0.5,0_75_p3_h1_3_6_12_s0_50,0.75,True,True,highs
milp_h6,0,106.51173450577099,164.2873487830162,57.775614277245204,4,229,0.9970903527188895,11.615171899902634,40.33045798577304,0.16681397317520918,3,0.5,0_75_p3_h1_3_6_12_s0_50,0.75,True,True,highs
milp_h6,1,107.95689197480681,163.86234920024873,55.90545722544193,3,229,0.8042175236164872,9.470842100025038,32.88486840286472,1.6119714422110292,3,0.5,0_75_p3_h1_3_6_12_s0_50,0.75,True,True,highs
milp_h6,2,110.13246091703576,164.42484866380693,54.292387746771176,4,237,0.9995563712714738,8.572114299851819,29.76428576337437,3.7875403844399784,3,0.5,0_75_p3_h1_3_6_12_s0_50,0.75,True,True,highs
milp_h6,3,106.34707692702452,163.724849319458,57.377772392433485,4,229,0.9968150018396337,10.258270900056232,35.618996180750806,0.00215639442873794,3,0.5,0_75_p3_h1_3_6_12_s0_50,0.75,True,True,highs
milp_h6,4,103.23310362547636,164.81234866380692,61.579245038330555,3,236,0.998567522576172,10.942882200091844,37.99611875031891,-3.111816907119419,3,0.5,0_75_p3_h1_3_6_12_s0_50,0.75,True,True,highs
milp_h6,5,109.07528714587289,162.7373502731323,53.662063127259415,5,249,0.5974911110699772,10.892717899987474,37.821937152734286,2.7303666132771127,3,0.5,0_75_p3_h1_3_6_12_s0_50,0.75,True,True,highs
milp_h6,6,103.88220795918782,163.4998004436493,59.61759248446147,2,277,0.0,9.273044500077958,32.19807118082625,-2.4627125734079556,3,0.5,0_75_p3_h1_3_6_12_s0_50,0.75,True,True,highs
milp_h6,7,119.4605170711875,163.68734973669052,44.226832665503025,5,222,0.7252221287139651,10.485569499898702,36.40822743020382,13.115596538591717,3,0.5,0_75_p3_h1_3_6_12_s0_50,0.75,True,True,highs
milp_h6,8,110.67340212596257,163.5123497366905,52.83894761072794,3,243,0.9969355617717279,11.346092899926589,39.39615590252288,4.328481593366789,3,0.5,0_75_p3_h1_3_6_12_s0_50,0.75,True,True,highs
milp_h6,9,96.741010936598,163.86234920024873,67.12133826365073,4,263,0.8379060746431292,15.926265099915327,55.29953159692822,-9.603909595997777,3,0.5,0_75_p3_h1_3_6_12_s0_50,0.75,True,True,highs
milp_h6,10,89.06309927690823,164.2873487830162,75.22424950610797,3,235,0.22037407336559917,17.396548900112975,60.404683680947834,-17.281821255687547,3,0.5,0_75_p3_h1_3_6_12_s0_50,0.75,True,True,highs
milp_h6,11,105.58057678741216,164.03725061416625,58.45667382675409,4,210,0.7657484045587335,18.488338900147937,64.19562118106923,-0.7643437451836235,3,0.5,0_75_p3_h1_3_6_12_s0_50,0.75,True,True,highs
milp_h6,12,106.03511981442014,164.08734920024872,58.052229385828575,3,247,0.0,18.9441397999326,65.77826319421041,-0.30980071817563726,3,0.5,0_75_p3_h1_3_6_12_s0_50,0.75,True,True,highs
milp_h6,13,107.13787736495337,164.42484866380693,57.28697129885356,4,224,0.9925088646002811,14.693796500112512,51.02012673650178,0.7929568323575893,3,0.5,0_75_p3_h1_3_6_12_s0_50,0.75,True,True,highs
milp_h6,14,104.54641874432565,164.42484866380693,59.87842991948128,6,250,0.7622322356530615,18.73460060004436,65.0506965279318,-1.79850178827013,3,0.5,0_75_p3_h1_3_6_12_s0_50,0.75,True,True,highs
milp_h6,15,109.32926890999079,164.24984920024872,54.92058029025793,2,228,0.9986582395751785,16.92199029994663,58.75691076370357,2.9843483773950084,3,0.5,0_75_p3_h1_3_6_12_s0_50,0.75,True,True,highs
milp_h6,16,103.84200149707874,164.2873487830162,60.445347285937466,3,232,0.9981439009452672,17.21849789985572,59.78645104116569,-2.5029190355170385,3,0.5,0_75_p3_h1_3_6_12_s0_50,0.75,True,True,highs
milp_h6,17,95.70104487588247,162.89985188245774,67.19880700657527,2,239,0.9981326334560865,16.021492599960766,55.63018263875266,-10.643875656713305,3,0.5,0_75_p3_h1_3_6_12_s0_50,0.75,True,True,highs
milp_h6,18,124.3993247097842,163.52484973669053,39.12552502690633,5,238,0.75347680967104,16.479126599864685,57.21918958286349,18.054404177188417,3,0.5,0_75_p3_h1_3_6_12_s0_50,0.75,True,True,highs
milp_h6,19,103.41015181684097,162.93730115890503,59.527149342064064,4,203,0.7596798292869722,14.90819059991918,51.76455069416382,-2.9347687157548137,3,0.5,0_75_p3_h1_3_6_12_s0_50,0.75,True,True,highs
milp_h6,20,118.03043059314967,162.39985080957413,44.369420216424466,4,244,0.9964540140819206,17.03076879993023,59.134613888646626,11.685510060553895,3,0.5,0_75_p3_h1_3_6_12_s0_50,0.75,True,True,highs
milp_h6,21,94.4001988992095,162.56235080957413,68.16215191036463,5,240,0.9970771307912905,16.323679600071046,56.67944305580224,-11.94472163338628,3,0.5,0_75_p3_h1_3_6_12_s0_50,0.75,True,True,highs
milp_h6,22,119.18215411156416,164.81234866380692,45.630194552242756,3,246,0.9982997526661497,17.805260600027395,61.8238215278729,12.83723357896838,3,0.5,0_75_p3_h1_3_6_12_s0_50,0.75,True,True,highs
milp_h6,23,109.15074740350246,163.68734973669052,54.53660233318806,4,246,0.7410259309011308,16.615170899996883,57.69156562498918,2.805826870906685,3,0.5,0_75_p3_h1_3_6_12_s0_50,0.75,True,True,highs
milp_h6,24,105.77296676152628,164.08734920024872,58.31438243872245,6,240,0.6656994881557103,18.963311299987254,65.84483090273352,-0.5719537710695022,3,0.5,0_75_p3_h1_3_6_12_s0_50,0.75,True,True,highs
milp_h6,25,83.91436478495599,164.42484866380693,80.51048387885093,6,245,0.9872010752257047,19.007678400084842,65.99888333362793,-22.430555747639787,3,0.5,0_75_p3_h1_3_6_12_s0_50,0.75,True,True,highs
milp_h6,26,104.52333512726227,164.2873487830162,59.76401365575393,4,215,0.9922870826440221,17.079214399913326,59.30282777747683,-1.8215854053335079,3,0.5,0_75_p3_h1_3_6_12_s0_50,0.75,True,True,highs
milp_h6,27,126.12607672611873,164.42484866380693,38.298771937688194,3,262,0.992552638968933,15.112850299934507,52.47517465255037,19.781156193522946,3,0.5,0_75_p3_h1_3_6_12_s0_50,0.75,True,True,highs
milp_h6,28,97.01020319412153,163.86234920024873,66.8521460061272,4,256,0.9966431182053165,16.236890200074413,56.3780909724806,-9.334717338474249,3,0.5,0_75_p3_h1_3_6_12_s0_50,0.75,True,True,highs
milp_h6,29,102.00699354208469,163.1623498558998,61.15535631381512,5,242,0.0,10.264735699951416,35.641443402609085,-4.337926990511093,3,0.5,0_75_p3_h1_3_6_12_s0_50,0.75,True,True,highs
milp_h12,0,106.81129411458969,164.7872990131378,57.976004898548126,5,228,0.9983400333871583,12.027797199974884,41.763184722135016,0.4663735819939063,3,0.5,0_75_p3_h1_3_6_12_s0_50,0.75,True,True,highs
milp_h12,1,108.18945373892785,164.23729913234712,56.047845393419266,3,229,0.8042175236164872,13.2649363000819,46.058806597506596,1.8445332063320734,3,0.5,0_75_p3_h1_3_6_12_s0_50,0.75,True,True,highs
milp_h12,2,110.37619799673558,164.79979841709138,54.4236004203558,2,239,0.0,12.14139829998021,42.157632986042394,4.031277464139805,3,0.5,0_75_p3_h1_3_6_12_s0_50,0.75,True,True,highs
milp_h12,3,106.65177004635333,164.22479972839355,57.573029682040215,6,227,0.9947852467778917,14.398452600056771,49.99462708353045,0.3068495137575553,3,0.5,0_75_p3_h1_3_6_12_s0_50,0.75,True,True,highs
milp_h12,4,103.23310362547636,164.81234866380692,61.579245038330555,3,236,0.998567522576172,14.52504930010764,50.43419895870708,-3.111816907119419,3,0.5,0_75_p3_h1_3_6_12_s0_50,0.75,True,True,highs
milp_h12,5,109.30943027436732,163.11230056285856,53.80287028849125,4,250,0.9986679268508454,14.347273199949996,49.816920833159706,2.9645097417715363,3,0.5,0_75_p3_h1_3_6_12_s0_50,0.75,True,True,highs
milp_h12,6,104.30773098766804,164.18725138902664,59.879520401358604,3,276,0.9988845420001404,16.627078300036374,57.73291076401519,-2.0371895449277417,3,0.5,0_75_p3_h1_3_6_12_s0_50,0.75,True,True,highs
milp_h12,7,119.4605170711875,163.68734973669052,44.226832665503025,5,222,0.7252221287139651,24.93508209985157,86.58014618004017,13.115596538591717,3,0.5,0_75_p3_h1_3_6_12_s0_50,0.75,True,True,highs
milp_h12,8,110.86110809296369,163.82475061416625,52.963642521202566,4,242,0.9969180028594473,26.128637900037575,90.72443715290825,4.516187560367911,3,0.5,0_75_p3_h1_3_6_12_s0_50,0.75,True,True,highs
milp_h12,9,96.96865919530393,164.23729913234712,67.26863993704319,4,263,0.8903727057719428,17.907887799927266,62.18016597196967,-9.37626133729185,3,0.5,0_75_p3_h1_3_6_12_s0_50,0.75,True,True,highs
milp_h12,10,89.3333695590496,164.7872990131378,75.45392945408821,4,234,0.737183852524466,14.330032599973492,49.75705763879685,-17.01155097354618,3,0.5,0_75_p3_h1_3_6_12_s0_50,0.75,True,True,highs
milp_h12,11,105.98866133242845,164.72470173835754,58.73604040592909,4,210,0.7692201299319659,14.754492500054766,51.23087673630127,-0.3562592001673295,3,0.5,0_75_p3_h1_3_6_12_s0_50,0.75,True,True,highs
milp_h12,12,106.49140974655748,164.7747497200966,58.283339973539114,3,247,0.0,15.510965800072881,53.85752013914195,0.14648921396170067,3,0.5,0_75_p3_h1_3_6_12_s0_50,0.75,True,True,highs
milp_h12,13,107.37079028338195,164.79979841709138,57.42900813370943,4,224,0.9918686836174846,12.435464900147053,43.17869756995505,1.0258697507861712,3,0.5,0_75_p3_h1_3_6_12_s0_50,0.75,True,True,highs
milp_h12,14,104.77969850152732,164.79979841709138,60.02009991556406,6,250,0.7613060102264372,15.36160239999299,53.33889722219788,-1.5652220310684584,3,0.5,0_75_p3_h1_3_6_12_s0_50,0.75,True,True,highs
milp_h12,15,109.32926890999079,164.24984920024872,54.92058029025793,2,228,0.9986582395751785,13.966059700091137,48.49326284753867,2.9843483773950084,3,0.5,0_75_p3_h1_3_6_12_s0_50,0.75,True,True,highs
milp_h12,16,104.14408376663923,164.7872990131378,60.643215246498585,6,229,0.9963739914565529,15.304249999957392,53.1397569442965,-2.200836765956552,3,0.5,0_75_p3_h1_3_6_12_s0_50,0.75,True,True,highs
milp_h12,17,96.12403326630593,163.58715584278107,67.46312257647514,5,236,0.9992276067868557,20.7648938998027,72.1003260409816,-10.22088726628985,3,0.5,0_75_p3_h1_3_6_12_s0_50,0.75,True,True,highs
milp_h12,18,124.82618771220248,164.08729984760285,39.261112135400374,3,240,0.507677644005861,25.26090930015198,87.7114906255277,18.481267179606704,3,0.5,0_75_p3_h1_3_6_12_s0_50,0.75,True,True,highs
milp_h12,19,103.82553469389677,163.6247522830963,59.79921758919954,5,202,0.7584517828408202,16.927760599908652,58.776946527460595,-2.5193858386990087,3,0.5,0_75_p3_h1_3_6_12_s0_50,0.75,True,True,highs
milp_h12,20,118.23960151796541,162.71230115890503,44.47269964093963,4,244,0.9964540140819206,14.096246399887605,48.94529999960974,11.894680985369632,3,0.5,0_75_p3_h1_3_6_12_s0_50,0.75,True,True,highs
milp_h12,21,94.4001988992095,162.56235080957413,68.16215191036463,4,241,0.9958675164688735,12.835853500087978,44.56893576419437,-11.94472163338628,3,0.5,0_75_p3_h1_3_6_12_s0_50,0.75,True,True,highs
milp_h12,22,119.18215411156416,164.81234866380692,45.630194552242756,3,246,0.9982997526661497,14.590706899849465,50.66217673558842,12.83723357896838,3,0.5,0_75_p3_h1_3_6_12_s0_50,0.75,True,True,highs
milp_h12,23,109.15074740350246,163.68734973669052,54.53660233318806,5,245,0.7413321372158084,13.463788299894077,46.74926493018776,2.805826870906685,3,0.5,0_75_p3_h1_3_6_12_s0_50,0.75,True,True,highs
milp_h12,24,106.19645771533251,164.7747497200966,58.57829200476408,6,240,0.6652341887467204,15.789405399889802,54.82432430517292,-0.14846281726326538,3,0.5,0_75_p3_h1_3_6_12_s0_50,0.75,True,True,highs
milp_h12,25,84.11372536718847,164.79979841709138,80.68607304990292,6,245,0.9872010752257047,15.261271100171143,52.99052465337203,-22.231195165407314,3,0.5,0_75_p3_h1_3_6_12_s0_50,0.75,True,True,highs
milp_h12,26,104.82953873127698,164.7872990131378,59.95776028186083,4,215,0.9922870826440221,18.944051499915076,65.77795659692735,-1.5153818013187959,3,0.5,0_75_p3_h1_3_6_12_s0_50,0.75,True,True,highs
milp_h12,27,126.31771684487663,164.67484878301622,38.357131938139595,2,263,0.0,21.93948349985294,76.17876215226715,19.97279631228085,3,0.5,0_75_p3_h1_3_6_12_s0_50,0.75,True,True,highs
milp_h12,28,97.23003429472448,164.23729913234712,67.00726483762264,4,256,0.9984694395710928,22.66651309998997,78.70317048607629,-9.114886237871303,3,0.5,0_75_p3_h1_3_6_12_s0_50,0.75,True,True,highs
milp_h12,29,102.3051381766796,163.6623004436493,61.35716226696968,3,244,0.9997056701578213,26.09310679975897,90.60106527694087,-4.039782355916174,3,0.5,0_75_p3_h1_3_6_12_s0_50,0.75,True,True,highs
equal_share,0,72.58699899035605,113.27935134103006,40.69235235067401,8,225,0.9960876579461511,0.004828099918086082,0.016764235826687783,-33.75792154223973,3,0.5,0_75_p3_h1_3_6_12_s0_50,0.75,True,True,highs
equal_share,1,84.15037448568023,129.39614671468735,45.24577222900712,4,228,0.6818769654695858,0.004744899764773436,0.016475346405463318,-22.194546046915548,3,0.5,0_75_p3_h1_3_6_12_s0_50,0.75,True,True,highs
equal_share,2,79.27126696795825,119.37193512171507,40.100668153756814,1,240,0.998051127189697,0.004515400010859594,0.015678472259929147,-27.073653564637524,3,0.5,0_75_p3_h1_3_6_12_s0_50,0.75,True,True,highs
equal_share,3,76.79459990930589,121.17508839422783,44.38048848492194,3,230,0.9964267028440221,0.004739599986351095,0.016456944397052413,-29.550320623289892,3,0.5,0_75_p3_h1_3_6_12_s0_50,0.75,True,True,highs
equal_share,4,76.61684739723972,123.48315026921625,46.86630287197653,6,233,0.9973293974554162,0.004331100048148073,0.015038541833847476,-29.728073135356055,3,0.5,0_75_p3_h1_3_6_12_s0_50,0.75,True,True,highs
equal_share,5,105.53752516218677,159.11105755234166,53.573532390154895,12,242,0.8535487458620722,0.004632599986507557,0.016085416619817907,-0.8073953704090115,3,0.5,0_75_p3_h1_3_6_12_s0_50,0.75,True,True,highs
equal_share,6,91.764469054264,146.10342187310982,54.338952818845826,3,276,0.99683549465922,0.004566900126519613,0.01585729210597088,-14.580451478331781,3,0.5,0_75_p3_h1_3_6_12_s0_50,0.75,True,True,highs
equal_share,7,89.2055736945719,123.13500192761421,33.929428233042316,3,224,0.996812818313126,0.005098400011775084,0.017702777818663487,-17.139346838023883,3,0.5,0_75_p3_h1_3_6_12_s0_50,0.75,True,True,highs
equal_share,8,94.55767200921696,139.7972032944109,45.23953128519394,2,244,0.9991275975613213,0.004806600001757033,0.01668958333943414,-11.787248523378821,3,0.5,0_75_p3_h1_3_6_12_s0_50,0.75,True,True,highs
equal_share,9,93.44092139539477,160.58578764596655,67.14486625057178,5,262,0.8378449341041323,0.004413399976328947,0.015324305473364398,-12.903999137201012,3,0.5,0_75_p3_h1_3_6_12_s0_50,0.75,True,True,highs
equal_share,10,69.36214003667008,129.47638378778976,60.11424375111967,6,232,0.7218088584530546,0.00449320011830423,0.015601389299667466,-36.982780495925695,3,0.5,0_75_p3_h1_3_6_12_s0_50,0.75,True,True,highs
equal_share,11,92.22910805516236,144.2872056622046,52.058097607042235,7,207,0.8780721044627817,0.004760499941767193,0.016529513686691644,-14.115812477433423,3,0.5,0_75_p3_h1_3_6_12_s0_50,0.75,True,True,highs
equal_share,12,102.86652264061576,160.9876827970147,58.12116015639896,5,245,0.7084790184547529,0.003700000117532909,0.0128472226303226,-3.4783978919800234,3,0.5,0_75_p3_h1_3_6_12_s0_50,0.75,True,True,highs
equal_share,13,103.69677008675072,160.92988322675228,57.233113140001564,5,223,0.9979125786055844,0.002794499829178676,0.009703124406870402,-2.6481504458450615,3,0.5,0_75_p3_h1_3_6_12_s0_50,0.75,True,True,highs
equal_share,14,81.53925186197895,129.91780847409757,48.37855661211861,7,249,0.9945809506420429,0.0027989999507553875,0.009718749829011763,-24.805668670616825,3,0.5,0_75_p3_h1_3_6_12_s0_50,0.75,True,True,highs
equal_share,15,101.46410298243332,153.55421760438185,52.09011462194853,5,225,0.9934837453233059,0.002822299866238609,0.009799652313328503,-4.880817550162462,3,0.5,0_75_p3_h1_3_6_12_s0_50,0.75,True,True,highs
equal_share,16,99.18211009879985,158.83335516011516,59.651245061315315,7,228,0.32102942468606405,0.0027820999966934323,0.009660069432963306,-7.162810433795926,3,0.5,0_75_p3_h1_3_6_12_s0_50,0.75,True,True,highs
equal_share,17,83.62642540879698,142.8015714656467,59.17514605684973,3,238,0.0,0.0028458999295253307,0.00988159697751851,-22.718495123798803,3,0.5,0_75_p3_h1_3_6_12_s0_50,0.75,True,True,highs
equal_share,18,121.37892313104518,160.60739588578667,39.228472754741496,6,237,0.8320749485521847,0.002769099854049273,0.009614930048782198,15.034002598449405,3,0.5,0_75_p3_h1_3_6_12_s0_50,0.75,True,True,highs
equal_share,19,98.26275586308114,156.7489602579501,58.48620439486896,4,203,0.0,0.00279560023045633,0.009706945244640034,-8.08216466951464,3,0.5,0_75_p3_h1_3_6_12_s0_50,0.75,True,True,highs
equal_share,20,112.58187161261957,156.0657885941015,43.483916981481926,5,243,0.9976851028601977,0.003052299900446087,0.01059826354321558,6.236951080023786,3,0.5,0_75_p3_h1_3_6_12_s0_50,0.75,True,True,highs
equal_share,21,90.82633311383519,158.84142439997015,68.01509128613496,7,238,0.9960884066748035,0.002682700054720044,0.009314930745555708,-15.518587418760589,3,0.5,0_75_p3_h1_3_6_12_s0_50,0.75,True,True,highs
equal_share,22,85.18526974410977,118.53236299753189,33.34709325342212,4,245,0.9971431217720248,0.0027475000242702663,0.009539930639827313,-21.159650788486005,3,0.5,0_75_p3_h1_3_6_12_s0_50,0.75,True,True,highs
equal_share,23,96.41007357263923,144.99426621890944,48.58419264627021,5,245,0.8584962091546401,0.0028383999597281218,0.009855555415722646,-9.934846959956545,3,0.5,0_75_p3_h1_3_6_12_s0_50,0.75,True,True,highs
equal_share,24,77.08628332717073,120.61450727572765,43.528223948556914,5,241,0.8074472098045411,0.0028813000390073285,0.010004514024331002,-29.258637205425046,3,0.5,0_75_p3_h1_3_6_12_s0_50,0.75,True,True,highs
equal_share,25,80.59207591449369,161.1110564544797,80.518980539986,5,246,0.9965905816667272,0.004562300135148689,0.015841319913710725,-25.75284461810209,3,0.5,0_75_p3_h1_3_6_12_s0_50,0.75,True,True,highs
equal_share,26,101.31425369870055,161.16636434197426,59.852110643273704,5,214,0.7485583624829377,0.0029395002202363685,0.010206597986931834,-5.030666833895225,3,0.5,0_75_p3_h1_3_6_12_s0_50,0.75,True,True,highs
equal_share,27,79.6965676789824,104.2695530545227,24.572985375540295,3,262,0.6750971753010975,0.0028245999856153503,0.009807638838942189,-26.648352853613375,3,0.5,0_75_p3_h1_3_6_12_s0_50,0.75,True,True,highs
equal_share,28,86.26452367958717,147.49282394349575,61.22830026390858,5,255,0.9981221168687766,0.0026899000658886507,0.009339930784335593,-20.080396853008608,3,0.5,0_75_p3_h1_3_6_12_s0_50,0.75,True,True,highs
equal_share,29,98.61481437012824,159.7630720703878,61.148257700259556,5,242,0.9990215601233667,0.0027739999495679513,0.009631944269333163,-7.730106162467536,3,0.5,0_75_p3_h1_3_6_12_s0_50,0.75,True,True,highs
max_charge,0,103.46149510145183,161.43749999999994,57.97600489854811,11,222,0.9968973562208718,0.001341600072919391,0.004658333586525664,-2.883425431143948,3,0.5,0_75_p3_h1_3_6_12_s0_50,0.75,True,True,highs
max_charge,1,104.82715460658069,160.87499999999994,56.04784539341925,5,227,0.8638359524572164,0.0012395999365253374,0.0043041664462685324,-1.5177659260150875,3,0.5,0_75_p3_h1_3_6_12_s0_50,0.75,True,True,highs
max_charge,2,107.01389957964416,161.43749999999994,54.42360042035578,6,235,0.9979934016411912,0.001229099914780818,0.004267708037433395,0.6689790470483814,3,0.5,0_75_p3_h1_3_6_12_s0_50,0.75,True,True,highs
max_charge,3,103.30197031795974,160.87499999999994,57.5730296820402,5,228,0.9976074440319799,0.0012227998522575945,0.0042458328203388695,-3.0429502146360363,3,0.5,0_75_p3_h1_3_6_12_s0_50,0.75,True,True,highs
max_charge,4,99.8582549616694,161.43749999999994,61.57924503833054,6,233,0.9992710506017771,0.0012583998322952539,0.004369443862136298,-6.486665570926377,3,0.5,0_75_p3_h1_3_6_12_s0_50,0.75,True,True,highs
max_charge,5,105.94712971150871,159.74999999999994,53.802870288491235,12,242,0.8535487458620722,0.0014461001701420173,0.005021181146326449,-0.39779082108707087,3,0.5,0_75_p3_h1_3_6_12_s0_50,0.75,True,True,highs
max_charge,6,100.99547959864135,160.87499999999994,59.87952040135859,4,275,0.9980789000744251,0.001288300147280097,0.004473264400278115,-5.349440933954426,3,0.5,0_75_p3_h1_3_6_12_s0_50,0.75,True,True,highs
max_charge,7,116.08566733449693,160.31249999999994,44.22683266550301,5,222,0.9990028621776536,0.001289200023165904,0.004476388969326056,9.740746801901153,3,0.5,0_75_p3_h1_3_6_12_s0_50,0.75,True,True,highs
max_charge,8,107.76818914711471,160.87499999999994,53.10681085288523,5,241,0.9994888286954704,0.0014396000042324886,0.004998611125807252,1.423268614518932,3,0.5,0_75_p3_h1_3_6_12_s0_50,0.75,True,True,highs
max_charge,9,93.60636006295677,160.87499999999994,67.26863993704318,5,262,0.8378449341041323,0.0020066001306986436,0.006967361564925846,-12.738560469639012,3,0.5,0_75_p3_h1_3_6_12_s0_50,0.75,True,True,highs
max_charge,10,85.98357054591175,161.43749999999994,75.4539294540882,9,229,0.8000288185455174,0.0019151997985318303,0.006649999300457744,-20.361349986684033,3,0.5,0_75_p3_h1_3_6_12_s0_50,0.75,True,True,highs
max_charge,11,102.70145959407087,161.43749999999994,58.736040405929074,8,206,0.8985512468513289,0.002169600047636777,0.0075333334987388095,-3.6434609385249104,3,0.5,0_75_p3_h1_3_6_12_s0_50,0.75,True,True,highs
max_charge,12,103.15416002646084,161.43749999999994,58.2833399735391,5,245,0.7084790184547529,0.001945499810972251,0.006755207676986983,-3.190760506134936,3,0.5,0_75_p3_h1_3_6_12_s0_50,0.75,True,True,highs
max_charge,13,104.00849186629053,161.43749999999994,57.42900813370942,5,223,0.9979125786055844,0.002444300029310398,0.008487152879549993,-2.3364286663052525,3,0.5,0_75_p3_h1_3_6_12_s0_50,0.75,True,True,highs
max_charge,14,101.4174000844359,161.43749999999994,60.020099915564046,10,246,0.995974899378788,0.002138900017598644,0.0074267361722175134,-4.927520448159882,3,0.5,0_75_p3_h1_3_6_12_s0_50,0.75,True,True,highs
max_charge,15,105.95441970974203,160.87499999999994,54.92058029025792,6,224,0.9934837453233059,0.001974899889319204,0.0068572912823583465,-0.39050082285375254,3,0.5,0_75_p3_h1_3_6_12_s0_50,0.75,True,True,highs
max_charge,16,100.79428475350137,161.43749999999994,60.64321524649857,9,226,0.547048103822566,0.0020032999746035784,0.006955902689595759,-5.5506357790944065,3,0.5,0_75_p3_h1_3_6_12_s0_50,0.75,True,True,highs
max_charge,17,92.84937742352481,160.31249999999994,67.46312257647513,4,237,0.0,0.001838099939050153,0.006382291455035253,-13.495543109070965,3,0.5,0_75_p3_h1_3_6_12_s0_50,0.75,True,True,highs
max_charge,18,121.58215469866985,160.87499999999994,39.29284530133008,6,237,0.8320749485521847,0.0015382999990833923,0.005341319441261779,15.237234166074074,3,0.5,0_75_p3_h1_3_6_12_s0_50,0.75,True,True,highs
max_charge,19,100.51328241080041,160.31249999999994,59.79921758919953,5,202,0.0,0.001269199899979867,0.004406944097152316,-5.831638121795365,3,0.5,0_75_p3_h1_3_6_12_s0_50,0.75,True,True,highs
max_charge,20,115.15872019529338,159.74999999999994,44.59127980470656,5,243,0.9976851028601977,0.0009810999763431028,0.0034065971400802177,8.813799662697605,3,0.5,0_75_p3_h1_3_6_12_s0_50,0.75,True,True,highs
max_charge,21,91.02534808963533,159.18749999999994,68.16215191036461,7,238,0.9960884066748035,0.0008937999373301864,0.0031034720046187025,-15.31957244296045,3,0.5,0_75_p3_h1_3_6_12_s0_50,0.75,True,True,highs
max_charge,22,115.8073054477572,161.43749999999994,45.63019455224274,7,242,0.9971431217720248,0.0008895997889339924,0.003088888156020807,9.462384915161422,3,0.5,0_75_p3_h1_3_6_12_s0_50,0.75,True,True,highs
max_charge,23,105.7758976668119,160.31249999999994,54.53660233318804,6,244,0.8584962091546401,0.0008750000270083547,0.003038194538223454,-0.5690228657838787,3,0.5,0_75_p3_h1_3_6_12_s0_50,0.75,True,True,highs
max_charge,24,102.85920799523588,161.43749999999994,58.578292004764066,8,238,0.8553229093017078,0.0009218000777764246,0.003200694714501474,-3.485712537359902,3,0.5,0_75_p3_h1_3_6_12_s0_50,0.75,True,True,highs
max_charge,25,80.75142695009706,161.43749999999994,80.68607304990289,5,246,0.9965905816667272,0.0009829999617068097,0.0034131943114819783,-25.593493582498724,3,0.5,0_75_p3_h1_3_6_12_s0_50,0.75,True,True,highs
max_charge,26,101.47973971813913,161.43749999999994,59.957760281860814,5,214,0.7485583624829377,0.00090819998877123,0.0031534721832334376,-4.86518081445665,3,0.5,0_75_p3_h1_3_6_12_s0_50,0.75,True,True,highs
max_charge,27,123.04827006161207,161.43749999999994,38.389229938387864,4,261,0.9974473921868747,0.0008983001171145588,0.003119097628869996,16.703349529016293,3,0.5,0_75_p3_h1_3_6_12_s0_50,0.75,True,True,highs
max_charge,28,93.86773516237731,160.87499999999994,67.00726483762263,6,254,0.9981221168687766,0.0009087001672014594,0.0031552089138939562,-12.477185370218464,3,0.5,0_75_p3_h1_3_6_12_s0_50,0.75,True,True,highs
max_charge,29,98.95533773303028,160.31249999999994,61.35716226696967,5,242,0.9990215601233667,0.0009204997477354482,0.003196179679636973,-7.389582799565503,3,0.5,0_75_p3_h1_3_6_12_s0_50,0.75,True,True,highs
random,0,101.82163083474722,158.86639482080304,57.04476398605582,6,227,0.994807267232512,0.008708000008482486,0.03023611114056419,-4.523289697848554,3,0.5,0_75_p3_h1_3_6_12_s0_50,0.75,True,True,highs
random,1,102.32151004588049,157.07944462893548,54.75793458305499,5,227,0.9161146790980519,0.008760999888181686,0.030420138500630856,-4.023410486715292,3,0.5,0_75_p3_h1_3_6_12_s0_50,0.75,True,True,highs
random,2,105.19409891007447,158.63512332612257,53.441024416048094,4,237,0.9983252034008799,0.008874699822627008,0.030814929939677112,-1.1508216225213062,3,0.5,0_75_p3_h1_3_6_12_s0_50,0.75,True,True,highs
random,3,102.05806198687799,158.97084830615523,56.91278631927724,7,226,0.9961633426956877,0.008670600014738739,0.030106250051176175,-4.2868585457177915,3,0.5,0_75_p3_h1_3_6_12_s0_50,0.75,True,True,highs
random,4,98.13830125958417,158.64213984498423,60.50383858540006,5,234,0.9979367791389674,0.00885470000503119,0.030745486128580524,-8.206619273011611,3,0.5,0_75_p3_h1_3_6_12_s0_50,0.75,True,True,highs
random,5,103.84006690059417,156.54288048965648,52.702813589062316,7,247,0.0,0.008667799964314327,0.03009652765386919,-2.5048536320016126,3,0.5,0_75_p3_h1_3_6_12_s0_50,0.75,True,True,highs
random,6,98.9494206563997,157.63691483048993,58.68749417409023,7,272,0.7117604657022818,0.008610999924712814,0.029899305294141715,-7.395499876196084,3,0.5,0_75_p3_h1_3_6_12_s0_50,0.75,True,True,highs
random,7,113.98464505297478,157.44118500324691,43.45653995027213,2,225,0.9969973702989949,0.008702700055437163,0.03021770852582348,7.639724520379005,3,0.5,0_75_p3_h1_3_6_12_s0_50,0.75,True,True,highs
random,8,105.99315102926661,158.2303661152402,52.23721508597358,5,241,0.543224090172695,0.00823280007170979,0.028586111360103434,-0.3517695033291659,3,0.5,0_75_p3_h1_3_6_12_s0_50,0.75,True,True,highs
random,9,93.00797719469011,159.77573543371506,66.76775823902494,5,263,0.8458498737159814,0.008442800070042722,0.029315278020981675,-13.336943337905666,3,0.5,0_75_p3_h1_3_6_12_s0_50,0.75,True,True,highs
random,10,84.78323298467389,159.08676210873008,74.3035291240562,6,232,0.9971763213075433,0.008409399961237796,0.029199305420964567,-21.561687547921892,3,0.5,0_75_p3_h1_3_6_12_s0_50,0.75,True,True,highs
random,11,99.9862983688366,157.14597056490862,57.15967219607202,6,208,0.6959272676425156,0.008283699891762808,0.02876284684639864,-6.358622163759179,3,0.5,0_75_p3_h1_3_6_12_s0_50,0.75,True,True,highs
random,12,101.73906936208823,159.19906649356238,57.45999713147415,7,243,0.9966657677307028,0.008635000020149164,0.029982638958851265,-4.605851170507549,3,0.5,0_75_p3_h1_3_6_12_s0_50,0.75,True,True,highs
random,13,102.00128152018578,158.223323709155,56.22204218896922,4,224,0.9989835852890477,0.00874310007202439,0.0303579863611958,-4.343639012409994,3,0.5,0_75_p3_h1_3_6_12_s0_50,0.75,True,True,highs
random,14,100.59811838048849,160.16396247634395,59.56584409585547,8,248,0.9953367214417108,0.008435599942458794,0.029290277577981923,-5.746802152107293,3,0.5,0_75_p3_h1_3_6_12_s0_50,0.75,True,True,highs
random,15,103.36262673136049,156.8665461745236,53.5039194431631,7,223,0.7234069024540489,0.008730500121600926,0.03031423653333655,-2.9822938012352864,3,0.5,0_75_p3_h1_3_6_12_s0_50,0.75,True,True,highs
random,16,99.28975037043446,159.06885196510282,59.77910159466837,8,227,0.5121797235239732,0.008754599839448929,0.03039791610919767,-7.055170162161318,3,0.5,0_75_p3_h1_3_6_12_s0_50,0.75,True,True,highs
random,17,90.88613324081597,157.07788243480263,66.19174919398667,5,236,0.9995127961593736,0.008484499951009639,0.029460069274339022,-15.458787291779814,3,0.5,0_75_p3_h1_3_6_12_s0_50,0.75,True,True,highs
random,18,119.6554641023302,158.31962889848742,38.66416479615722,5,238,0.7441197838243954,0.009131399827310815,0.03170624940038477,13.31054356973442,3,0.5,0_75_p3_h1_3_6_12_s0_50,0.75,True,True,highs
random,19,99.0047319468509,157.90832080204984,58.90358885519895,6,201,0.9980867741902189,0.008122399973217398,0.02820277768478263,-7.340188585744883,3,0.5,0_75_p3_h1_3_6_12_s0_50,0.75,True,True,highs
random,20,112.96968943811564,156.50440140695125,43.534711968835616,6,242,0.9992873121806753,0.008331899807672016,0.028930207665527834,6.624768905519858,3,0.5,0_75_p3_h1_3_6_12_s0_50,0.75,True,True,highs
random,21,89.98196413165914,157.33637870158753,67.3544145699284,7,238,0.7476784503315903,0.008295900144730695,0.02880520883587047,-16.36295640093664,3,0.5,0_75_p3_h1_3_6_12_s0_50,0.75,True,True,highs
random,22,114.3128249311763,159.31096288648638,44.99813795531008,10,239,0.9986556963158445,0.008857199863996357,0.030754166194431793,7.967904398580515,3,0.5,0_75_p3_h1_3_6_12_s0_50,0.75,True,True,highs
random,23,105.19005774894984,159.42144737358728,54.231389624637444,7,243,0.8587508581238342,0.008712300041224808,0.03025104180980836,-1.1548627836459389,3,0.5,0_75_p3_h1_3_6_12_s0_50,0.75,True,True,highs
random,24,101.55890056253676,159.38935993769277,57.830459375156,9,237,0.7139243040970706,0.00834530002612155,0.028976736201810935,-4.786019970059016,3,0.5,0_75_p3_h1_3_6_12_s0_50,0.75,True,True,highs
random,25,79.54498071230238,159.14807639915486,79.60309568685248,6,245,0.9964966408459383,0.008661499959998764,0.0300746526388846,-26.799939820293403,3,0.5,0_75_p3_h1_3_6_12_s0_50,0.75,True,True,highs
random,26,99.8004610102854,158.78145535934186,58.98099434905645,5,214,0.9996334727327199,0.008919500003685243,0.030970486123907095,-6.544459522310376,3,0.5,0_75_p3_h1_3_6_12_s0_50,0.75,True,True,highs
random,27,121.47195506097142,159.3854581628729,37.913503101901476,4,261,0.99848751594635,0.008817399997496977,0.03061597221353117,15.127034528375646,3,0.5,0_75_p3_h1_3_6_12_s0_50,0.75,True,True,highs
random,28,92.6517765742672,158.79970427703614,66.14792770276894,6,254,0.9974063840001974,0.008890800061635673,0.030870833547346085,-13.693143958328577,3,0.5,0_75_p3_h1_3_6_12_s0_50,0.75,True,True,highs
random,29,96.51183470343871,156.34355677458896,59.83172207115025,8,239,0.8188617811308939,0.007626299993717112,0.026480208311517747,-9.83308582915707,3,0.5,0_75_p3_h1_3_6_12_s0_50,0.75,True,True,highs
milp_h1,0,208.80405352512992,323.8998486638069,115.09579513867696,5,225,0.703671483402828,3.3695796997926664,11.69992951316898,0.602274544906976,6,0.5,0_75_p6_h1_3_6_12_s0_50,0.75,True,True,highs
milp_h1,1,212.2384750843048,323.8748492002487,111.6363741159439,10,219,0.9261185014883369,3.2005556999356486,11.113040624776557,4.036696104081869,6,0.5,0_75_p6_h1_3_6_12_s0_50,0.75,True,True,highs
milp_h1,2,216.37749851743382,324.6998486638069,108.3223501463731,9,229,0.9983159102987529,3.191821300133597,11.082712847686102,8.175719537210881,6,0.5,0_75_p6_h1_3_6_12_s0_50,0.75,True,True,highs
milp_h1,3,208.65656716426213,323.0748492002487,114.41828203598658,9,221,0.8533832736734855,3.1515859001665376,10.943006597800478,0.4547881840391881,6,0.5,0_75_p6_h1_3_6_12_s0_50,0.75,True,True,highs
milp_h1,4,202.8054585844278,325.79984866380687,122.99439007937907,7,229,0.998739787914772,3.226921000110451,11.204586805939066,-5.396320395795129,6,0.5,0_75_p6_h1_3_6_12_s0_50,0.75,True,True,highs
milp_h1,5,214.56882034738857,321.7748502731323,107.20602992574374,8,243,0.6934002227859838,3.2752897001919337,11.372533681221991,6.367041367165626,6,0.5,0_75_p6_h1_3_6_12_s0_50,0.75,True,True,highs
milp_h1,6,202.33188841740292,320.3748492002487,118.04296078284581,5,271,0.9983060250946576,3.235403199942084,11.234038888687792,-5.869890562820018,6,0.5,0_75_p6_h1_3_6_12_s0_50,0.75,True,True,highs
milp_h1,7,235.3446124047041,323.6998497366905,88.35523733198642,8,216,0.9985488125167536,3.177201400336344,11.031949306723416,27.142833424481154,6,0.5,0_75_p6_h1_3_6_12_s0_50,0.75,True,True,highs
milp_h1,8,216.42062081098553,321.1748492002487,104.75422838926315,11,233,0.9986733456908382,3.168764600006398,11.002654861133326,8.218841830762585,6,0.5,0_75_p6_h1_3_6_12_s0_50,0.75,True,True,highs
milp_h1,9,189.998696009318,324.1748492002487,134.17615319093068,12,252,0.7424485684297013,3.109974600112764,10.798522917058209,-18.203082970904944,6,0.5,0_75_p6_h1_3_6_12_s0_50,0.75,True,True,highs
milp_h1,10,173.97334974606832,323.8998486638069,149.92649891773857,11,224,0.8884746110315401,3.2161615998484194,11.167227777251457,-34.22842923415462,6,0.5,0_75_p6_h1_3_6_12_s0_50,0.75,True,True,highs
milp_h1,11,205.30490191551047,320.59984979629513,115.29494788078468,7,204,0.7021771909665361,3.0884482002293225,10.72377847301848,-2.89687706471247,6,0.5,0_75_p6_h1_3_6_12_s0_50,0.75,True,True,highs
milp_h1,12,207.53730470389127,323.0998486638069,115.56254395991563,7,240,0.613838712359977,3.1208066001418047,10.836134028270155,-0.6644742763316742,6,0.5,0_75_p6_h1_3_6_12_s0_50,0.75,True,True,highs
milp_h1,13,210.60001573463282,324.9998486638069,114.3998329291741,6,219,0.7805991534369764,3.1657463997835293,10.992174999248366,2.3982367544098793,6,0.5,0_75_p6_h1_3_6_12_s0_50,0.75,True,True,highs
milp_h1,14,205.4166488200426,324.9998486638069,119.5831998437643,7,246,0.9974288302877798,3.3105441000661813,11.494944791896463,-2.78513016018033,6,0.5,0_75_p6_h1_3_6_12_s0_50,0.75,True,True,highs
milp_h1,15,215.17527261972424,324.9748492002487,109.79957658052443,12,215,0.847048340081556,3.1632939001719933,10.983659375597199,6.973493639501299,6,0.5,0_75_p6_h1_3_6_12_s0_50,0.75,True,True,highs
milp_h1,16,203.7469621827205,324.3498486638069,120.6028864810864,8,224,0.9989774174113775,3.1825674998399336,11.050581596666436,-4.4548167975024455,6,0.5,0_75_p6_h1_3_6_12_s0_50,0.75,True,True,highs
milp_h1,17,185.27693122974716,318.02485140562055,132.7479201758734,8,230,0.7354393533409904,3.1349484997044783,10.885237846196105,-22.924847750475777,6,0.5,0_75_p6_h1_3_6_12_s0_50,0.75,True,True,highs
milp_h1,18,244.2315185815096,322.1248492002487,77.89333061873913,6,234,0.8937378518363353,3.216790700360434,11.169412154029285,36.02973960128665,6,0.5,0_75_p6_h1_3_6_12_s0_50,0.75,True,True,highs
milp_h1,19,201.43393124639988,319.2498497366905,117.81591849029064,6,198,0.6942491640513109,3.2680877002421767,11.347526736952002,-6.767847733823061,6,0.5,0_75_p6_h1_3_6_12_s0_50,0.75,True,True,highs
milp_h1,20,231.71442864239214,320.0248502731323,88.31042163074017,9,236,0.9983112979059655,3.151823300169781,10.943830903367294,23.512649662169196,6,0.5,0_75_p6_h1_3_6_12_s0_50,0.75,True,True,highs
milp_h1,21,185.33654898703097,321.5998508095741,136.26330182254313,5,237,0.9990043266933621,3.122896300017601,10.84338993061667,-22.865229993191974,6,0.5,0_75_p6_h1_3_6_12_s0_50,0.75,True,True,highs
milp_h1,22,234.89299955666064,326.0998486638069,91.20684910714625,10,236,0.9978151482900424,3.1844148998789024,11.056996180135078,26.6912205764377,6,0.5,0_75_p6_h1_3_6_12_s0_50,0.75,True,True,highs
milp_h1,23,214.736753064394,323.6998497366905,108.96309667229652,9,238,0.7382087072849458,3.2819900998438243,11.395798957791056,6.534974084171068,6,0.5,0_75_p6_h1_3_6_12_s0_50,0.75,True,True,highs
milp_h1,24,207.18530459702015,323.2498486638069,116.06454406678675,7,236,0.9978511246387927,3.1399013002810534,10.902435070420324,-1.016474383202791,6,0.5,0_75_p6_h1_3_6_12_s0_50,0.75,True,True,highs
milp_h1,25,164.27614924311638,325.1498486638069,160.8736994206905,6,242,0.7978799669108333,3.1304721000487916,10.869694791836082,-43.92562973710656,6,0.5,0_75_p6_h1_3_6_12_s0_50,0.75,True,True,highs
milp_h1,26,205.0064747720957,324.1998486638069,119.19337389171122,7,209,0.9983659527279422,3.165193399589043,10.990254859684178,-3.1953042081272542,6,0.5,0_75_p6_h1_3_6_12_s0_50,0.75,True,True,highs
milp_h1,27,248.74315678874655,325.2998486638069,76.5566918750604,17,245,0.7214980403440685,3.2192634999228176,11.177998263620895,40.541377808523606,6,0.5,0_75_p6_h1_3_6_12_s0_50,0.75,True,True,highs
milp_h1,28,190.18079485098517,323.57484920024865,133.39405434926348,5,252,0.9399822205142433,3.1412645998061635,10.907168749326956,-18.020984129237775,6,0.5,0_75_p6_h1_3_6_12_s0_50,0.75,True,True,highs
milp_h1,29,199.98771119117737,321.9498497366905,121.96213854551314,7,237,0.817598087155574,3.116449199995259,10.821004166650205,-8.214067789045572,6,0.5,0_75_p6_h1_3_6_12_s0_50,0.75,True,True,highs
milp_h3,0,208.9096258211485,324.0873990893363,115.17777326818782,6,224,0.7038910657264887,7.187438599939924,24.95638402756918,0.7078468409255549,6,0.5,0_75_p6_h1_3_6_12_s0_50,0.75,True,True,highs
milp_h3,1,212.23847508430475,323.87484920024866,111.6363741159439,7,222,0.9970758046658829,7.551424399920506,26.22022361083509,4.036696104081813,6,0.5,0_75_p6_h1_3_6_12_s0_50,0.75,True,True,highs
milp_h3,2,216.48886081784877,324.8873990893363,108.39853827148754,6,232,0.9952481872055639,6.237354300217703,21.657480209089247,8.287081837625834,6,0.5,0_75_p6_h1_3_6_12_s0_50,0.75,True,True,highs
milp_h3,3,208.65656716426207,323.07484920024865,114.41828203598656,9,221,0.9977909549899099,6.933996499836212,24.076376735542404,0.45478818403913124,6,0.5,0_75_p6_h1_3_6_12_s0_50,0.75,True,True,highs
milp_h3,4,202.8054585844278,325.79984866380687,122.99439007937906,8,228,0.9990145233491138,6.4227725000237115,22.30129340286011,-5.396320395795129,6,0.5,0_75_p6_h1_3_6_12_s0_50,0.75,True,True,highs
milp_h3,5,214.56882034738857,321.7748502731323,107.20602992574372,8,243,0.814851996770327,6.655271500028903,23.10858159732258,6.367041367165626,6,0.5,0_75_p6_h1_3_6_12_s0_50,0.75,True,True,highs
milp_h3,6,202.33188841740287,320.37484920024866,118.0429607828458,5,271,0.9970975663664705,6.700430899829371,23.265385068851984,-5.869890562820075,6,0.5,0_75_p6_h1_3_6_12_s0_50,0.75,True,True,highs
milp_h3,7,235.34461240470404,323.69984973669045,88.35523733198642,5,219,0.9971042446714935,6.576169000210939,22.833920139621316,27.142833424481097,6,0.5,0_75_p6_h1_3_6_12_s0_50,0.75,True,True,highs
milp_h3,8,216.72665133674144,321.67484985589977,104.94819851915834,8,235,0.9958037656846528,7.664625099801924,26.61328159653446,8.5248723565185,6,0.5,0_75_p6_h1_3_6_12_s0_50,0.75,True,True,highs
milp_h3,9,189.998696009318,324.1748492002487,134.17615319093068,10,254,0.7432385040960379,7.3808313999616075,25.62788680542225,-18.203082970904944,6,0.5,0_75_p6_h1_3_6_12_s0_50,0.75,True,True,highs
milp_h3,10,174.0669400231679,324.0873990893363,150.02045906616843,6,229,0.7262860290838477,6.7741501999262255,23.52135486085495,-34.13483895705505,6,0.5,0_75_p6_h1_3_6_12_s0_50,0.75,True,True,highs
milp_h3,11,205.30490191551047,320.59984979629513,115.29494788078466,9,202,0.803195348181465,7.552119799685897,26.22263819335381,-2.89687706471247,6,0.5,0_75_p6_h1_3_6_12_s0_50,0.75,True,True,highs
milp_h3,12,207.65313101633546,323.28739908933636,115.63426807300088,9,238,0.6132479609771302,7.25812599985511,25.2018263883858,-0.5486479638874755,6,0.5,0_75_p6_h1_3_6_12_s0_50,0.75,True,True,highs
milp_h3,13,210.6000157346328,324.99984866380686,114.39983292917408,6,219,0.12508336676440557,7.310154199949466,25.382479860935646,2.398236754409851,6,0.5,0_75_p6_h1_3_6_12_s0_50,0.75,True,True,highs
milp_h3,14,205.41664882004255,324.99984866380686,119.58319984376429,5,248,0.9972641413733649,5.871432799758622,20.386919443606327,-2.785130160180387,6,0.5,0_75_p6_h1_3_6_12_s0_50,0.75,True,True,highs
milp_h3,15,215.17527261972424,324.9748492002487,109.79957658052443,8,219,0.998382899660546,6.745821999793407,23.422993054838216,6.973493639501299,6,0.5,0_75_p6_h1_3_6_12_s0_50,0.75,True,True,highs
milp_h3,16,203.7469621827205,324.3498486638069,120.60288648108639,6,226,0.5954287995597144,6.639812300098129,23.054903819785167,-4.4548167975024455,6,0.5,0_75_p6_h1_3_6_12_s0_50,0.75,True,True,highs
milp_h3,17,185.2768814375242,318.02480187416074,132.74792043663655,9,229,0.8937377287681976,6.30744819965912,21.900861804371946,-22.924897542698744,6,0.5,0_75_p6_h1_3_6_12_s0_50,0.75,True,True,highs
milp_h3,18,244.27670961858507,322.18734931945795,77.91063970087288,7,233,0.9462204157274741,7.411947999848053,25.735930555027963,36.07493063836213,6,0.5,0_75_p6_h1_3_6_12_s0_50,0.75,True,True,highs
milp_h3,19,201.6681562214136,319.6247998476028,117.9566436261892,7,197,0.42996004063759785,6.982899999798974,24.24618055485755,-6.533622758809344,6,0.5,0_75_p6_h1_3_6_12_s0_50,0.75,True,True,highs
milp_h3,20,231.71442864239214,320.0248502731323,88.31042163074015,9,236,0.9987994293028866,6.611467200302286,22.956483334382938,23.512649662169196,6,0.5,0_75_p6_h1_3_6_12_s0_50,0.75,True,True,highs
milp_h3,21,185.33654898703097,321.5998508095741,136.26330182254313,6,236,0.9985262796123995,7.144233799976064,24.806367361028,-22.865229993191974,6,0.5,0_75_p6_h1_3_6_12_s0_50,0.75,True,True,highs
milp_h3,22,234.89299955666064,326.0998486638069,91.20684910714625,11,235,0.9024837432852786,6.072698199714068,21.08575763789607,26.6912205764377,6,0.5,0_75_p6_h1_3_6_12_s0_50,0.75,True,True,highs
milp_h3,23,214.73675306439395,323.69984973669045,108.96309667229652,8,240,0.8036465751596473,6.6921902000613045,23.23677152799064,6.5349740841710116,6,0.5,0_75_p6_h1_3_6_12_s0_50,0.75,True,True,highs
milp_h3,24,207.22050358747958,323.31234878301615,116.09184519553658,7,236,0.997379322095747,7.13831589979236,24.78581909650125,-0.9812753927433562,6,0.5,0_75_p6_h1_3_6_12_s0_50,0.75,True,True,highs
milp_h3,25,164.27614924311632,325.14984866380684,160.8736994206905,4,244,0.9997392891355312,7.900880600063829,27.433613194666073,-43.92562973710662,6,0.5,0_75_p6_h1_3_6_12_s0_50,0.75,True,True,highs
milp_h3,26,205.00647477209563,324.19984866380685,119.19337389171122,8,208,0.9983055220236985,7.679430799878901,26.664690277357295,-3.195304208127311,6,0.5,0_75_p6_h1_3_6_12_s0_50,0.75,True,True,highs
milp_h3,27,248.7431567887465,325.29984866380687,76.55669187506038,10,252,0.9984926497791297,7.5908747999346815,26.357204166439868,40.54137780852355,6,0.5,0_75_p6_h1_3_6_12_s0_50,0.75,True,True,highs
milp_h3,28,190.27827595560706,323.7623994469642,133.48412349135714,6,251,0.8436715871538499,7.798371300130384,27.07767812545272,-17.923503024615883,6,0.5,0_75_p6_h1_3_6_12_s0_50,0.75,True,True,highs
milp_h3,29,199.9877111911773,321.94984973669045,121.96213854551313,6,238,0.35009745886788096,7.444781999947736,25.849937499818527,-8.214067789045629,6,0.5,0_75_p6_h1_3_6_12_s0_50,0.75,True,True,highs
milp_h6,0,209.01524880329762,324.2749999403953,115.25975113709765,6,224,0.7779026959850323,9.789412700076355,33.991016319709566,0.8134698230746835,6,0.5,0_75_p6_h1_3_6_12_s0_50,0.75,True,True,highs
milp_h6,1,212.37833969593044,324.12494981288904,111.74661011695859,7,222,0.9970758046658829,10.24963830006891,35.58902187523927,4.176560715707495,6,0.5,0_75_p6_h1_3_6_12_s0_50,0.75,True,True,highs
milp_h6,2,216.64958227674163,325.1751004338264,108.52551815708476,5,233,0.9992649685219903,8.565005899610696,29.739603818092696,8.447803296518686,6,0.5,0_75_p6_h1_3_6_12_s0_50,0.75,True,True,highs
milp_h6,3,208.72836547096566,323.19989950656884,114.47153403560318,9,221,0.9990364768392227,9.271435400034534,32.192484027897684,0.5265864907427158,6,0.5,0_75_p6_h1_3_6_12_s0_50,0.75,True,True,highs
milp_h6,4,202.94615955650804,326.0499496340751,123.10379007756708,9,227,0.999761987251108,8.90958579996368,30.936061805429443,-5.255619423714904,6,0.5,0_75_p6_h1_3_6_12_s0_50,0.75,True,True,highs
milp_h6,5,214.63936429818472,321.8999002218246,107.26053592363992,8,243,0.814851996770327,9.200159299973166,31.94499756935127,6.437585317961776,6,0.5,0_75_p6_h1_3_6_12_s0_50,0.75,True,True,highs
milp_h6,6,202.54640889921347,320.7248498558998,118.17844095668632,5,271,0.9970975663664705,9.1366759002849,31.724569098211457,-5.655370081009465,6,0.5,0_75_p6_h1_3_6_12_s0_50,0.75,True,True,highs
milp_h6,7,235.4204485327005,323.8248998641967,88.40445133149622,6,218,0.9969315510725988,9.299552899901755,32.290114235769984,27.218669552477564,6,0.5,0_75_p6_h1_3_6_12_s0_50,0.75,True,True,highs
milp_h6,8,216.49020087122915,321.2998492598533,104.80964838862417,8,235,0.9958037656846528,10.57055269999546,36.703307986095346,8.288421891006209,6,0.5,0_75_p6_h1_3_6_12_s0_50,0.75,True,True,highs
milp_h6,9,189.998696009318,324.1748492002487,134.17615319093068,10,254,0.7432385040960379,9.746943100093631,33.84355243088066,-18.203082970904944,6,0.5,0_75_p6_h1_3_6_12_s0_50,0.75,True,True,highs
milp_h6,10,174.16058102448775,324.2749999403953,150.11441891590752,9,226,0.8616718915166418,9.252227199933259,32.12578888865715,-34.041197955735186,6,0.5,0_75_p6_h1_3_6_12_s0_50,0.75,True,True,highs
milp_h6,11,205.30495193747677,320.59989986419674,115.29494792671997,9,202,0.803195348181465,10.510688600101275,36.49544652812943,-2.8968270427461675,6,0.5,0_75_p6_h1_3_6_12_s0_50,0.75,True,True,highs
milp_h6,12,207.69172324985266,323.34989920854565,115.65817595869301,9,238,0.6132479609771302,9.876230199850397,34.29246597170277,-0.5100557303702828,6,0.5,0_75_p6_h1_3_6_12_s0_50,0.75,True,True,highs
milp_h6,13,210.7401527037223,325.2499496340751,114.50979693035282,6,219,0.12834975547264652,10.142827499861596,35.2181510411861,2.5383737234993475,6,0.5,0_75_p6_h1_3_6_12_s0_50,0.75,True,True,highs
milp_h6,14,205.5570697933435,325.2499496340751,119.6928798407316,5,248,0.9977182571636967,8.201417200121796,28.47714305597846,-2.644709186879453,6,0.5,0_75_p6_h1_3_6_12_s0_50,0.75,True,True,highs
milp_h6,15,215.17527261972424,324.9748492002487,109.79957658052443,8,219,0.9986904011681889,9.135614100203384,31.72088229237286,6.973493639501299,6,0.5,0_75_p6_h1_3_6_12_s0_50,0.75,True,True,highs
milp_h6,16,203.7469621827205,324.3498486638069,120.60288648108639,6,226,0.5954287995597144,9.162961399648339,31.8158381932234,-4.4548167975024455,6,0.5,0_75_p6_h1_3_6_12_s0_50,0.75,True,True,highs
milp_h6,17,185.27698078293722,318.02490093708036,132.74792015414315,9,229,0.8674206207046029,8.729493400111096,30.310740972607974,-22.924798197285725,6,0.5,0_75_p6_h1_3_6_12_s0_50,0.75,True,True,highs
milp_h6,18,245.28346827725565,323.4999002218246,78.21643194456894,8,232,0.9293760528424082,10.240464899863582,35.55716979119299,37.08168929703271,6,0.5,0_75_p6_h1_3_6_12_s0_50,0.75,True,True,highs
milp_h6,19,201.66825613366757,319.6248998045921,117.95664367092449,7,197,0.7717231800711821,7.824105800827965,27.16703403065266,-6.533522846555371,6,0.5,0_75_p6_h1_3_6_12_s0_50,0.75,True,True,highs
milp_h6,20,231.71442864239214,320.0248502731323,88.31042163074015,6,239,0.9964165685914749,9.072514900239184,31.501787848052725,23.512649662169196,6,0.5,0_75_p6_h1_3_6_12_s0_50,0.75,True,True,highs
milp_h6,21,185.33654898703097,321.5998508095741,136.26330182254313,7,235,0.9967413132897361,9.59629239991773,33.32045972193656,-22.865229993191974,6,0.5,0_75_p6_h1_3_6_12_s0_50,0.75,True,True,highs
milp_h6,22,234.89299955666058,326.0998486638068,91.20684910714625,7,239,0.9971175486982404,9.325177800288657,32.37908958433562,26.691220576437644,6,0.5,0_75_p6_h1_3_6_12_s0_50,0.75,True,True,highs
milp_h6,23,214.8067491948604,323.8248998641967,109.01815066933631,8,240,0.8036465751596473,9.442107700015185,32.785096180608285,6.604970214637461,6,0.5,0_75_p6_h1_3_6_12_s0_50,0.75,True,True,highs
milp_h6,24,207.25575308501718,323.374899148941,116.11914606392381,6,237,0.9955116443528533,9.518287600396434,33.04960972359873,-0.9460258952057643,6,0.5,0_75_p6_h1_3_6_12_s0_50,0.75,True,True,highs
milp_h6,25,164.3332297265529,325.27489914894096,160.94166942238806,4,244,0.9997392891355312,10.816049299697625,37.5557267350612,-43.86854925367004,6,0.5,0_75_p6_h1_3_6_12_s0_50,0.75,True,True,highs
milp_h6,26,205.07868525683875,324.324899148941,119.24621389210222,8,208,0.9983877790177283,10.230570400046417,35.52281388905006,-3.123093723384187,6,0.5,0_75_p6_h1_3_6_12_s0_50,0.75,True,True,highs
milp_h6,27,248.7431567887465,325.29984866380687,76.55669187506038,10,252,0.9984926497791297,10.539206599903991,36.59446736077775,40.54137780852355,6,0.5,0_75_p6_h1_3_6_12_s0_50,0.75,True,True,highs
milp_h6,28,190.4158617297808,324.05010007619853,133.63423834641773,6,251,0.8413746387386096,10.77510370008531,37.41355451418511,-17.78591725044214,6,0.5,0_75_p6_h1_3_6_12_s0_50,0.75,True,True,highs
milp_h6,29,200.05772331953045,322.0748998641967,122.01717654466627,6,238,0.35009745886788096,10.071901299932506,34.971879513654535,-8.144055660692487,6,0.5,0_75_p6_h1_3_6_12_s0_50,0.75,True,True,highs
milp_h12,0,209.01524880329762,324.2749999403953,115.25975113709765,8,222,0.7774633895251186,15.40797210013261,53.499903125460456,0.8134698230746835,6,0.5,0_75_p6_h1_3_6_12_s0_50,0.75,True,True,highs
milp_h12,1,212.37833969593044,324.12494981288904,111.74661011695859,10,219,0.8652824048253355,15.619569500064244,54.234616319667516,4.176560715707495,6,0.5,0_75_p6_h1_3_6_12_s0_50,0.75,True,True,highs
milp_h12,2,216.64958227674163,325.1751004338264,108.52551815708476,7,231,0.6438850966954773,13.57595680031227,47.138738889973155,8.447803296518686,6,0.5,0_75_p6_h1_3_6_12_s0_50,0.75,True,True,highs
milp_h12,3,208.72836547096566,323.19989950656884,114.47153403560318,7,223,0.9971456669413006,14.596837899589445,50.68346492913002,0.5265864907427158,6,0.5,0_75_p6_h1_3_6_12_s0_50,0.75,True,True,highs
milp_h12,4,203.01650992333887,326.17499999999995,123.15849007666108,8,228,0.9990145233491138,13.820120099757332,47.9865281241574,-5.185269056884067,6,0.5,0_75_p6_h1_3_6_12_s0_50,0.75,True,True,highs
milp_h12,5,214.63936429818472,321.8999002218246,107.26053592363992,8,243,0.7700858490811205,13.786374100047396,47.86935451405346,6.437585317961776,6,0.5,0_75_p6_h1_3_6_12_s0_50,0.75,True,True,highs
milp_h12,6,202.5463587882439,320.72479978799817,118.17844099975426,5,271,0.9970975663664705,13.775527599820634,47.83169305493276,-5.655420191979033,6,0.5,0_75_p6_h1_3_6_12_s0_50,0.75,True,True,highs
milp_h12,7,235.49628466069692,323.94994999170297,88.45366533100604,10,214,0.996832312746895,14.115936599730048,49.01366874906267,27.294505680473975,6,0.5,0_75_p6_h1_3_6_12_s0_50,0.75,True,True,highs
milp_h12,8,216.72665133674144,321.67484985589977,104.94819851915834,8,235,0.9958037656846528,16.506211300031282,57.313233680664176,8.5248723565185,6,0.5,0_75_p6_h1_3_6_12_s0_50,0.75,True,True,highs
milp_h12,9,189.998696009318,324.1748492002487,134.17615319093068,10,254,0.7432385040960379,15.446118200256024,53.632354862000085,-18.203082970904944,6,0.5,0_75_p6_h1_3_6_12_s0_50,0.75,True,True,highs
milp_h12,10,174.1605810244878,324.27499994039533,150.11441891590752,10,225,0.88879936140337,14.008693099778611,48.6412954853424,-34.04119795573513,6,0.5,0_75_p6_h1_3_6_12_s0_50,0.75,True,True,highs
milp_h12,11,205.3048515490293,320.5997997283935,115.2949481793642,9,202,0.807725956400446,15.527670300099999,53.91552187534722,-2.8969274311936317,6,0.5,0_75_p6_h1_3_6_12_s0_50,0.75,True,True,highs
milp_h12,12,207.69172324985266,323.34989920854565,115.65817595869301,9,238,0.6132479609771302,15.131372299947543,52.53948715259563,-0.5100557303702828,6,0.5,0_75_p6_h1_3_6_12_s0_50,0.75,True,True,highs
milp_h12,13,210.7401527037223,325.2499496340751,114.50979693035282,6,219,0.12834975547264652,15.377609499992104,53.39447743052814,2.5383737234993475,6,0.5,0_75_p6_h1_3_6_12_s0_50,0.75,True,True,highs
milp_h12,14,205.5570697933435,325.2499496340751,119.6928798407316,5,248,0.9995488085350464,12.3573079998896,42.90731944406111,-2.644709186879453,6,0.5,0_75_p6_h1_3_6_12_s0_50,0.75,True,True,highs
milp_h12,15,215.258738926053,325.0998995065689,109.84116058051585,9,218,0.9960432662367463,14.328638799663167,49.752218054386,7.056959945830073,6,0.5,0_75_p6_h1_3_6_12_s0_50,0.75,True,True,highs
milp_h12,16,203.7469621827205,324.3498486638069,120.6028864810864,6,226,0.5954287995597144,13.870669599884422,48.16204722182091,-4.4548167975024455,6,0.5,0_75_p6_h1_3_6_12_s0_50,0.75,True,True,highs
milp_h12,17,185.27688126368207,318.02480187416074,132.74792061047867,10,228,0.8955570224777527,13.464612099749502,46.752125346352436,-22.92489771654087,6,0.5,0_75_p6_h1_3_6_12_s0_50,0.75,True,True,highs
milp_h12,18,244.3219508886337,322.24989950656885,77.92794861793517,7,233,0.9462204157274741,15.80734199960716,54.88660416530264,36.120171908410754,6,0.5,0_75_p6_h1_3_6_12_s0_50,0.75,True,True,highs
milp_h12,19,201.66815604247248,319.6247998476028,117.95664380513031,8,196,0.7712917758720613,12.275220200041076,42.622292361253734,-6.533622937750465,6,0.5,0_75_p6_h1_3_6_12_s0_50,0.75,True,True,highs
milp_h12,20,231.71442864239214,320.0248502731323,88.31042163074015,10,235,0.9975682069937736,13.707732100010617,47.596292013925755,23.512649662169196,6,0.5,0_75_p6_h1_3_6_12_s0_50,0.75,True,True,highs
milp_h12,21,185.40059675872325,321.7249005794525,136.32430382072923,6,236,0.9984148060830282,14.754558400105452,51.23110555592171,-22.801182221499687,6,0.5,0_75_p6_h1_3_6_12_s0_50,0.75,True,True,highs
milp_h12,22,234.9645100444555,326.224899148941,91.2603891044855,8,238,0.6020536183697571,14.203271699981997,49.31691562493749,26.762731064232554,6,0.5,0_75_p6_h1_3_6_12_s0_50,0.75,True,True,highs
milp_h12,23,214.87674532532685,323.94994999170297,109.0732046663761,10,238,0.8412454014662314,14.20811969981878,49.3337489577041,6.674966345103911,6,0.5,0_75_p6_h1_3_6_12_s0_50,0.75,True,True,highs
milp_h12,24,207.25575308501718,323.374899148941,116.11914606392381,8,235,0.5249704575646489,15.219141000008676,52.84423958336346,-0.9460258952057643,6,0.5,0_75_p6_h1_3_6_12_s0_50,0.75,True,True,highs
milp_h12,25,164.3332297265529,325.27489914894096,160.94166942238806,4,244,0.9997392891355312,16.506672899908153,57.31483645801442,-43.86854925367004,6,0.5,0_75_p6_h1_3_6_12_s0_50,0.75,True,True,highs
milp_h12,26,205.07868525683875,324.324899148941,119.24621389210222,7,209,0.9983815033152442,15.952080600021873,55.389168750075946,-3.123093723384187,6,0.5,0_75_p6_h1_3_6_12_s0_50,0.75,True,True,highs
milp_h12,27,248.7431567887465,325.29984866380687,76.55669187506038,9,253,0.9984844994395411,15.682944300060626,54.45466770854384,40.54137780852355,6,0.5,0_75_p6_h1_3_6_12_s0_50,0.75,True,True,highs
milp_h12,28,190.41586172978083,324.05010007619853,133.6342383464177,6,251,0.8017029331048819,16.44756610004697,57.10960451405198,-17.78591725044211,6,0.5,0_75_p6_h1_3_6_12_s0_50,0.75,True,True,highs
milp_h12,29,200.05772331953045,322.0748998641967,122.01717654466627,5,239,0.21413384325715762,15.803209199890262,54.87225416628563,-8.144055660692487,6,0.5,0_75_p6_h1_3_6_12_s0_50,0.75,True,True,highs
equal_share,0,172.28962999569205,267.60368820428846,95.31405820859642,8,222,0.6864167376730882,0.0026768998650368303,0.00929479119804455,-35.91214898453089,6,0.5,0_75_p6_h1_3_6_12_s0_50,0.75,True,True,highs
equal_share,1,136.60396567145943,210.15678777992724,73.5528221084678,10,219,0.9588865341017225,0.0027424001891631633,0.009522222879038762,-71.5978133087635,6,0.5,0_75_p6_h1_3_6_12_s0_50,0.75,True,True,highs
equal_share,2,165.5298808515847,249.36239352638995,83.83251267480526,6,232,0.9984367258722767,0.0026787000242620707,0.009301041750909967,-42.67189812863825,6,0.5,0_75_p6_h1_3_6_12_s0_50,0.75,True,True,highs
equal_share,3,180.1136982576385,282.0417182102164,101.9280199525779,12,218,0.7932367861420353,0.0027257001493126154,0.009464236629557692,-28.088080722584436,6,0.5,0_75_p6_h1_3_6_12_s0_50,0.75,True,True,highs
equal_share,4,192.4729009894676,310.5108574635083,118.03795647404067,10,226,0.9987471404929406,0.0026581000711303204,0.009229514135869168,-15.728877990755336,6,0.5,0_75_p6_h1_3_6_12_s0_50,0.75,True,True,highs
equal_share,5,195.3172688614383,294.8977564715113,99.58048761007299,12,239,0.7690415232881626,0.002577299834229052,0.008948957757739764,-12.884510118784647,6,0.5,0_75_p6_h1_3_6_12_s0_50,0.75,True,True,highs
equal_share,6,176.3534737248119,280.6155399812169,104.262066256405,7,269,0.9976550014975332,0.0026467001589480788,0.009189931107458606,-31.84830525541105,6,0.5,0_75_p6_h1_3_6_12_s0_50,0.75,True,True,highs
equal_share,7,212.7290405430739,293.39120297630893,80.66216243323505,13,211,0.9959546693427163,0.002911500137997791,0.010109375479158998,4.527261562850953,6,0.5,0_75_p6_h1_3_6_12_s0_50,0.75,True,True,highs
equal_share,8,158.24660285282795,237.0539069929644,78.80730414013642,7,236,0.9977752631242811,0.002718399977311492,0.009438888810109347,-49.95517612739499,6,0.5,0_75_p6_h1_3_6_12_s0_50,0.75,True,True,highs
equal_share,9,136.39632995472135,229.38889585996867,92.99256590524732,10,254,0.739651377926017,0.0026868999120779335,0.009329513583603935,-71.80544902550159,6,0.5,0_75_p6_h1_3_6_12_s0_50,0.75,True,True,highs
equal_share,10,146.68980698558792,276.98246595246724,130.29265896687932,11,224,0.8862843457655408,0.0025844001211225986,0.008973611531675689,-61.51197199463502,6,0.5,0_75_p6_h1_3_6_12_s0_50,0.75,True,True,highs
equal_share,11,142.86987247235362,224.17250556745137,81.30263309509773,8,204,0.8482198862917391,0.0025872000551316887,0.008983333524762807,-65.33190650786932,6,0.5,0_75_p6_h1_3_6_12_s0_50,0.75,True,True,highs
equal_share,12,205.0546505132151,320.9728490757302,115.9181985625151,13,234,0.6900016633149197,0.002663200459210202,0.00924722381670209,-3.147128467007832,6,0.5,0_75_p6_h1_3_6_12_s0_50,0.75,True,True,highs
equal_share,13,187.42744248905706,290.53381563382254,103.10637314476547,7,218,0.7746339537571107,0.0026108999154530466,0.00906562470643419,-20.774336491165883,6,0.5,0_75_p6_h1_3_6_12_s0_50,0.75,True,True,highs
equal_share,14,173.95783435058166,277.032622730732,103.07478838015032,8,245,0.9960358201351717,0.0026231001829728484,0.009107986746433502,-34.24394462964128,6,0.5,0_75_p6_h1_3_6_12_s0_50,0.75,True,True,highs
equal_share,15,169.03184202480844,254.86376474759922,85.83192272279076,12,215,0.9974210907204676,0.002727600309299305,0.009470834407289254,-39.1699369554145,6,0.5,0_75_p6_h1_3_6_12_s0_50,0.75,True,True,highs
equal_share,16,196.4140197444508,314.5059884003632,118.09196865591241,7,225,0.994970310595731,0.0026357001333963126,0.009151736574292753,-11.787759235772143,6,0.5,0_75_p6_h1_3_6_12_s0_50,0.75,True,True,highs
equal_share,17,175.6047511254488,302.0389081293856,126.43415700393682,12,226,0.8228910161038611,0.0030563004256691784,0.010612154255795758,-32.597027854774154,6,0.5,0_75_p6_h1_3_6_12_s0_50,0.75,True,True,highs
equal_share,18,241.67935148781504,319.8067848791881,78.12743339137307,12,228,0.845536380299853,0.0025798002898227423,0.008957639895217855,33.4775725075921,6,0.5,0_75_p6_h1_3_6_12_s0_50,0.75,True,True,highs
equal_share,19,167.1329033226383,265.5011348836283,98.36823156099003,6,198,0.8153409974039363,0.0025856997235678136,0.00897812404016602,-41.06887565758464,6,0.5,0_75_p6_h1_3_6_12_s0_50,0.75,True,True,highs
equal_share,20,188.41225528999271,260.6045684348834,72.19231314489068,11,234,0.9952034866122155,0.002672299917321652,0.009278819157366848,-19.789523690230226,6,0.5,0_75_p6_h1_3_6_12_s0_50,0.75,True,True,highs
equal_share,21,179.8717405967125,314.8359327021935,134.96419210548098,18,224,0.8889465788742507,0.002534099970944226,0.008798958232445229,-28.33003838351044,6,0.5,0_75_p6_h1_3_6_12_s0_50,0.75,True,True,highs
equal_share,22,139.50413354201868,197.0602694945292,57.5561359525105,4,242,0.9964314575369636,0.0028010003443341702,0.009725695640049202,-68.69764543820426,6,0.5,0_75_p6_h1_3_6_12_s0_50,0.75,True,True,highs
equal_share,23,163.50480277772925,248.03480461512842,84.53000183739915,8,239,0.6066415557757773,0.002675200143130496,0.009288889385869779,-44.69697620249369,6,0.5,0_75_p6_h1_3_6_12_s0_50,0.75,True,True,highs
equal_share,24,118.15634351092075,184.71387056161655,66.5575270506958,5,238,0.9761270538831909,0.002663199877133593,0.009247221795602754,-90.04543546930219,6,0.5,0_75_p6_h1_3_6_12_s0_50,0.75,True,True,highs
equal_share,25,128.50750689256228,257.5594543664314,129.05194747386912,7,241,0.9961502971453604,0.00263620019541122,0.009153472900733404,-79.69427208766066,6,0.5,0_75_p6_h1_3_6_12_s0_50,0.75,True,True,highs
equal_share,26,159.36722088729732,253.42890192451307,94.06168103721573,7,209,0.9964267730928892,0.0027160003955941647,0.009430556929146405,-48.83455809292562,6,0.5,0_75_p6_h1_3_6_12_s0_50,0.75,True,True,highs
equal_share,27,181.6460286771949,237.85166148717744,56.20563280998254,6,256,0.9966687661732805,0.0026475001068320125,0.009192708704277821,-26.55575030302805,6,0.5,0_75_p6_h1_3_6_12_s0_50,0.75,True,True,highs
equal_share,28,129.43761632445774,221.5393103386658,92.10169401420809,6,251,0.9686502761292071,0.002620599960209802,0.009099305417395145,-78.7641626557652,6,0.5,0_75_p6_h1_3_6_12_s0_50,0.75,True,True,highs
equal_share,29,125.95025217293933,202.7415026136845,76.79125044074517,4,240,0.9976243307077874,0.002608599839732051,0.009057638332402954,-82.25152680728361,6,0.5,0_75_p6_h1_3_6_12_s0_50,0.75,True,True,highs
max_charge,0,206.50981553395587,322.22499999999997,115.7151844660441,14,216,0.8031627756527048,0.0011078998795710504,0.003846874581843925,-1.6919634462670672,6,0.5,0_75_p6_h1_3_6_12_s0_50,0.75,True,True,highs
max_charge,1,209.44873154759404,321.42499999999995,111.97626845240592,16,213,0.9748668915246601,0.001064799987943843,0.003697222180360566,1.2469525673710962,6,0.5,0_75_p6_h1_3_6_12_s0_50,0.75,True,True,highs
max_charge,2,213.81284849842388,322.54999999999995,108.7371515015761,14,225,0.9977283505365762,0.0010592999460641295,0.0036781248127226718,5.611069518200935,6,0.5,0_75_p6_h1_3_6_12_s0_50,0.75,True,True,highs
max_charge,3,206.18469930092493,321.09999999999997,114.91530069907505,17,213,0.861929493478579,0.0010459000477567315,0.0036315973880442064,-2.017079679298007,6,0.5,0_75_p6_h1_3_6_12_s0_50,0.75,True,True,highs
max_charge,4,199.71650992333883,322.87499999999994,123.1584900766611,12,224,0.9987471404929406,0.0010943000379484147,0.0037996529095431063,-8.485269056884107,6,0.5,0_75_p6_h1_3_6_12_s0_50,0.75,True,True,highs
max_charge,5,211.68735575179255,319.17499999999995,107.48764424820739,14,238,0.8451232237825478,0.0010591000027488917,0.0036774305651003183,3.4855767715696118,6,0.5,0_75_p6_h1_3_6_12_s0_50,0.75,True,True,highs
max_charge,6,200.95303920408085,320.12499999999994,119.17196079591909,10,266,0.998044610654277,0.0010816999420057982,0.0037559025764090214,-7.248739776142088,6,0.5,0_75_p6_h1_3_6_12_s0_50,0.75,True,True,highs
max_charge,7,232.1713346689939,320.62499999999994,88.45366533100604,15,209,0.9959546693427163,0.0010618999367579818,0.0036871525581874368,23.969555688770953,6,0.5,0_75_p6_h1_3_6_12_s0_50,0.75,True,True,highs
max_charge,8,214.71668495535846,320.44999999999993,105.73331504464149,11,232,0.9985014376069694,0.0010790001251734793,0.0037465282124079144,6.51490597513552,6,0.5,0_75_p6_h1_3_6_12_s0_50,0.75,True,True,highs
max_charge,9,187.01126346488792,321.42499999999995,134.41373653511204,18,246,0.8633118556949667,0.0011054000642616302,0.0038381946675751046,-21.190515515335022,6,0.5,0_75_p6_h1_3_6_12_s0_50,0.75,True,True,highs
max_charge,10,171.58858108917872,322.22499999999997,150.63641891082125,17,218,0.9288146802794287,0.001095799932954833,0.003804860878315392,-36.61319789104422,6,0.5,0_75_p6_h1_3_6_12_s0_50,0.75,True,True,highs
max_charge,11,204.004552535216,320.59999999999997,116.59544746478397,17,196,0.9092728166762496,0.001274200069019571,0.004424305795206844,-4.197226445006947,6,0.5,0_75_p6_h1_3_6_12_s0_50,0.75,True,True,highs
max_charge,12,205.64412404894824,321.8999999999999,116.25587595105169,13,234,0.6900016633149197,0.0010890001140069216,0.0037812503958573667,-2.5576549312746977,6,0.5,0_75_p6_h1_3_6_12_s0_50,0.75,True,True,highs
max_charge,13,207.81111140052474,322.54999999999995,114.7388885994752,9,216,0.819668653301985,0.0011674999550450593,0.004053819288350901,-0.39066757969820287,6,0.5,0_75_p6_h1_3_6_12_s0_50,0.75,True,True,highs
max_charge,14,202.62862016558643,322.54999999999995,119.92137983441351,13,240,0.9980093232251362,0.001090999983716756,0.003788194387905403,-5.573158814636514,6,0.5,0_75_p6_h1_3_6_12_s0_50,0.75,True,True,highs
max_charge,15,211.90883941948408,321.74999999999994,109.84116058051585,15,212,0.9974210907204676,0.0010777999996207654,0.0037423611097943243,3.7070604392611415,6,0.5,0_75_p6_h1_3_6_12_s0_50,0.75,True,True,highs
max_charge,16,201.17241351107754,322.22499999999997,121.05258648892242,9,223,0.9971502486141006,0.0010475002054590732,0.0036371534911773373,-7.029365469145404,6,0.5,0_75_p6_h1_3_6_12_s0_50,0.75,True,True,highs
max_charge,17,184.04664547840747,318.0249999999999,133.97835452159245,14,225,0.8665851546199221,0.001083099952666089,0.0037607637245350312,-24.15513350181547,6,0.5,0_75_p6_h1_3_6_12_s0_50,0.75,True,True,highs
max_charge,18,242.4143263921141,320.7749999999999,78.36067360788583,12,228,0.845536380299853,0.0010537997877690941,0.00365902704086491,34.212547411891165,6,0.5,0_75_p6_h1_3_6_12_s0_50,0.75,True,True,highs
max_charge,19,200.01137316226954,318.99999999999994,118.9886268377304,11,193,0.8836988082288583,0.00106819998472929,0.0037090277247544792,-8.190405817953405,6,0.5,0_75_p6_h1_3_6_12_s0_50,0.75,True,True,highs
max_charge,20,229.6408033832907,318.5249999999999,88.88419661670922,14,231,0.9961305717861324,0.0011371000146027654,0.003948263939592935,21.439024403067748,6,0.5,0_75_p6_h1_3_6_12_s0_50,0.75,True,True,highs
max_charge,21,182.05069617927072,318.37499999999994,136.32430382072923,19,223,0.9011545658274918,0.0011255999270360917,0.00390833307998643,-26.151082800952224,6,0.5,0_75_p6_h1_3_6_12_s0_50,0.75,True,True,highs
max_charge,22,231.61461089551443,322.87499999999994,91.2603891044855,11,235,0.9979178602813771,0.0011020999227184802,0.0038267358427725006,23.41283191529149,6,0.5,0_75_p6_h1_3_6_12_s0_50,0.75,True,True,highs
max_charge,23,211.55179533362383,320.62499999999994,109.0732046663761,13,234,0.8422442516551195,0.0010827000078279525,0.0037593750271803904,3.350016353400889,6,0.5,0_75_p6_h1_3_6_12_s0_50,0.75,True,True,highs
max_charge,24,205.0983289718627,321.8999999999999,116.80167102813719,18,226,0.9934613079713733,0.0012003999145235866,0.004168055258762454,-3.1034500083602268,6,0.5,0_75_p6_h1_3_6_12_s0_50,0.75,True,True,highs
max_charge,25,161.32512223720548,322.54999999999995,161.22487776279448,11,237,0.9968676738785159,0.0010845999931916595,0.003765972198582151,-46.87665674301746,6,0.5,0_75_p6_h1_3_6_12_s0_50,0.75,True,True,highs
max_charge,26,202.53845277130597,322.2249999999999,119.68654722869394,12,204,0.9974741477045284,0.0011730999394785613,0.004073263678745004,-5.6633262089169705,6,0.5,0_75_p6_h1_3_6_12_s0_50,0.75,True,True,highs
max_charge,27,245.84740812381105,322.54999999999995,76.7025918761889,13,249,0.9978128116636528,0.0010987002460751683,0.0038149314099832233,37.64562914358811,6,0.5,0_75_p6_h1_3_6_12_s0_50,0.75,True,True,highs
max_charge,28,187.54056998987988,321.42499999999995,133.88443001012007,13,244,0.9818717870915108,0.0010862999188248068,0.0037718747181416904,-20.661208990343056,6,0.5,0_75_p6_h1_3_6_12_s0_50,0.75,True,True,highs
max_charge,29,197.4991734623909,319.97499999999997,122.47582653760908,11,233,0.9489817892211596,0.001078399975085631,0.003744444357936219,-10.70260551783204,6,0.5,0_75_p6_h1_3_6_12_s0_50,0.75,True,True,highs
random,0,204.4978716294118,319.0366150606319,114.53874343122008,10,220,0.7195534258167506,0.010072099976241589,0.03497256936194996,-3.7039073508111358,6,0.5,0_75_p6_h1_3_6_12_s0_50,0.75,True,True,highs
random,1,207.89571694879385,318.98158016682254,111.0858632180287,12,217,0.9353700841463725,0.010166599793592468,0.035300693727751624,-0.30606203142909294,6,0.5,0_75_p6_h1_3_6_12_s0_50,0.75,True,True,highs
random,2,212.10308751205386,319.96807934416927,107.86499183211541,11,227,0.997444951445749,0.01068669997039251,0.03710659711941844,3.901308531830921,6,0.5,0_75_p6_h1_3_6_12_s0_50,0.75,True,True,highs
random,3,204.96746536857052,319.20925079290595,114.24178542433543,11,219,0.8813762542383707,0.010379199869930744,0.036038888437259525,-3.234313611652425,6,0.5,0_75_p6_h1_3_6_12_s0_50,0.75,True,True,highs
random,4,198.53626876248705,320.99071945062764,122.4544506881406,8,228,0.9971927021805317,0.010171799774980173,0.03531874921868115,-9.665510217735886,6,0.5,0_75_p6_h1_3_6_12_s0_50,0.75,True,True,highs
random,5,210.93497435288168,318.0027198414967,107.06774548861502,14,237,0.7692297897616539,0.01046279986621812,0.03632916620214625,2.7331953726587415,6,0.5,0_75_p6_h1_3_6_12_s0_50,0.75,True,True,highs
random,6,198.38513552963536,316.11615204039504,117.73101651075969,11,265,0.9976146578683559,0.010438100143801421,0.03624340327708827,-9.816643450587577,6,0.5,0_75_p6_h1_3_6_12_s0_50,0.75,True,True,highs
random,7,231.1999154131176,319.20763917771836,88.00772376460077,11,213,0.997691281663578,0.010381399653851986,0.036046526575874954,22.998136432894654,6,0.5,0_75_p6_h1_3_6_12_s0_50,0.75,True,True,highs
random,8,212.66491607792975,317.20524827605203,104.54033219812229,13,230,0.9983982847079726,0.010140600032173097,0.03521041677837881,4.463137097706806,6,0.5,0_75_p6_h1_3_6_12_s0_50,0.75,True,True,highs
random,9,186.76407988752825,321.00730293302206,134.2432230454938,15,249,0.7840726042112148,0.010271899896906689,0.03566631908648156,-21.437699092694686,6,0.5,0_75_p6_h1_3_6_12_s0_50,0.75,True,True,highs
random,10,169.77158598475526,319.1031885382402,149.33160255348494,14,221,0.90444167390974,0.010038999753305689,0.03485763803231142,-38.43019299546768,6,0.5,0_75_p6_h1_3_6_12_s0_50,0.75,True,True,highs
random,11,202.48943968910635,318.1350658443638,115.64562615525745,14,197,0.8116708199849415,0.00989740007207729,0.03436597247249059,-5.712339291116592,6,0.5,0_75_p6_h1_3_6_12_s0_50,0.75,True,True,highs
random,12,203.90639283520142,319.32019111133377,115.41379827613237,12,235,0.6104585998414301,0.010054799960926175,0.034912499864327,-4.295386145021524,6,0.5,0_75_p6_h1_3_6_12_s0_50,0.75,True,True,highs
random,13,206.13073628748006,319.8808950221944,113.75015873471435,8,217,0.6994050836094448,0.010289399971952662,0.03572708323594674,-2.0710426927428784,6,0.5,0_75_p6_h1_3_6_12_s0_50,0.75,True,True,highs
random,14,200.93135840452766,319.8802149779302,118.94885657340258,11,242,0.7747283392565532,0.01003419974585995,0.0348409713397915,-7.270420575695283,6,0.5,0_75_p6_h1_3_6_12_s0_50,0.75,True,True,highs
random,15,210.9429786855184,320.3266967297182,109.38371804419981,11,216,0.9985317545699519,0.010279799869749695,0.035693749547741994,2.7411997052954575,6,0.5,0_75_p6_h1_3_6_12_s0_50,0.75,True,True,highs
random,16,200.10652720232355,320.53461912718836,120.42809192486482,9,223,0.9993106985021564,0.010176199983106926,0.03533402771912127,-8.095251777899392,6,0.5,0_75_p6_h1_3_6_12_s0_50,0.75,True,True,highs
random,17,182.13244134709413,315.0014442945055,132.8690029474114,15,223,0.6352427710094667,0.010146799817448482,0.035231943810585004,-26.06933763312881,6,0.5,0_75_p6_h1_3_6_12_s0_50,0.75,True,True,highs
random,18,240.3065449603709,318.0349202288308,77.72837526845991,13,227,0.964192576273457,0.010005399613874033,0.03474097088150706,32.10476598014796,6,0.5,0_75_p6_h1_3_6_12_s0_50,0.75,True,True,highs
random,19,198.34277866095778,316.31886471390885,117.97608605295109,9,195,0.8130835751135248,0.01091000036103651,0.037881945698043436,-9.859000319265164,6,0.5,0_75_p6_h1_3_6_12_s0_50,0.75,True,True,highs
random,20,228.06243776463572,316.25500480860626,88.19256704397054,11,234,0.8467216366900566,0.010067100287415087,0.03495520933130239,19.860658784412777,6,0.5,0_75_p6_h1_3_6_12_s0_50,0.75,True,True,highs
random,21,181.4041952650621,317.1964448842172,135.79224961915511,11,231,0.8700506378894591,0.01014640013454482,0.03523055602272507,-26.79758371516084,6,0.5,0_75_p6_h1_3_6_12_s0_50,0.75,True,True,highs
random,22,231.07183682529615,322.0276732143955,90.95583638909939,12,234,0.997268064835335,0.010506600112421438,0.036481250390352216,22.870057845073205,6,0.5,0_75_p6_h1_3_6_12_s0_50,0.75,True,True,highs
random,23,210.68088095183717,319.26366415923644,108.58278320739927,10,237,0.8661620142933799,0.010011000122176483,0.03476041709089057,2.4791019716142273,6,0.5,0_75_p6_h1_3_6_12_s0_50,0.75,True,True,highs
random,24,203.62826487511367,319.580292105125,115.95202723001134,9,234,0.9988694590516581,0.010083199827931821,0.03501111051365216,-4.573514105109268,6,0.5,0_75_p6_h1_3_6_12_s0_50,0.75,True,True,highs
random,25,160.1503331415977,320.35655977792646,160.20622663632875,8,240,0.0,0.010374599864007905,0.03602291619447189,-48.05144583862523,6,0.5,0_75_p6_h1_3_6_12_s0_50,0.75,True,True,highs
random,26,200.97092149857195,319.80432958560743,118.83340808703548,15,201,0.897848349117187,0.010335599828977138,0.035887499406170614,-7.230857481650986,6,0.5,0_75_p6_h1_3_6_12_s0_50,0.75,True,True,highs
random,27,244.90700073386708,321.3134189747209,76.40641824085381,12,250,0.9950947998807281,0.010492599627468735,0.03643263759537755,36.70522175364414,6,0.5,0_75_p6_h1_3_6_12_s0_50,0.75,True,True,highs
random,28,185.97845681562865,318.8366619855177,132.85820516988906,9,248,0.9651789170567289,0.010271400213241577,0.03566458407375547,-22.223322164594293,6,0.5,0_75_p6_h1_3_6_12_s0_50,0.75,True,True,highs
random,29,196.4849303120863,318.34379542028864,121.85886510820232,10,234,0.9950339046153468,0.010112399730132893,0.03511249906296143,-11.716848668136635,6,0.5,0_75_p6_h1_3_6_12_s0_50,0.75,True,True,highs
milp_h1,0,412.0879287534872,641.0498492598532,228.96192050636606,13,211,0.8504470901352398,5.255955000058748,18.249843750203986,0.4343809450794538,12,0.5,0_75_p12_h1_3_6_12_s0_50,0.75,True,True,highs
milp_h1,1,419.4574796438216,641.7748492002486,222.31736955642697,17,206,0.9871764552712147,5.691632900125114,19.762614236545534,7.803931835413891,12,0.5,0_75_p12_h1_3_6_12_s0_50,0.75,True,True,highs
milp_h1,2,426.08975018742865,641.0498492598532,214.96009907242453,13,219,0.8908384703570064,5.3003820000449196,18.404104166822638,14.436202379020926,12,0.5,0_75_p12_h1_3_6_12_s0_50,0.75,True,True,highs
milp_h1,3,413.0836777915556,641.4498492002485,228.36617140869294,17,207,0.9191334183437223,5.452221300365636,18.931323959602903,1.4301299831478786,12,0.5,0_75_p12_h1_3_6_12_s0_50,0.75,True,True,highs
milp_h1,4,399.77415181497724,644.3498486638068,244.57569684882955,16,215,0.8938537190712341,5.6164168999530375,19.501447569281382,-11.879395993430478,12,0.5,0_75_p12_h1_3_6_12_s0_50,0.75,True,True,highs
milp_h1,5,424.42587439219153,638.0748502731323,213.64897588094072,15,230,0.6742418763179646,6.013087999657728,20.87877777658933,12.772326583783808,12,0.5,0_75_p12_h1_3_6_12_s0_50,0.75,True,True,highs
milp_h1,6,398.49452940411095,632.9998519420624,234.50532253795146,13,257,0.9985411521682309,5.5329730995581485,19.21171215124357,-13.159018404296773,12,0.5,0_75_p12_h1_3_6_12_s0_50,0.75,True,True,highs
milp_h1,7,465.68500139812625,641.5998497366904,175.9148483385642,21,197,0.8850022338934475,5.396767300204374,18.738775347931853,54.031453589718524,12,0.5,0_75_p12_h1_3_6_12_s0_50,0.75,True,True,highs
milp_h1,8,428.34719612332185,637.1998497962951,208.85265367297328,7,230,0.10593232129409828,5.550203599937959,19.271540277562355,16.693648314914128,12,0.5,0_75_p12_h1_3_6_12_s0_50,0.75,True,True,highs
milp_h1,9,375.6307561794916,643.3748492002486,267.744093020757,14,244,0.4760025468639671,5.620785199920647,19.516615277502247,-36.02279162891614,12,0.5,0_75_p12_h1_3_6_12_s0_50,0.75,True,True,highs
milp_h1,10,342.6644908150036,641.1498486638068,298.4853578488032,10,219,0.996970315224544,5.880438799911644,20.418190277470988,-68.98905699340412,12,0.5,0_75_p12_h1_3_6_12_s0_50,0.75,True,True,highs
milp_h1,11,405.4677881515423,634.9498503327369,229.48206218119458,11,194,0.8200502703938202,5.695182899944484,19.774940624807236,-6.1857596568654,12,0.5,0_75_p12_h1_3_6_12_s0_50,0.75,True,True,highs
milp_h1,12,409.94560247285756,640.2498492598532,230.3042467869957,15,226,0.869166786489391,4.983233399805613,17.302893749325044,-1.7079453355501641,12,0.5,0_75_p12_h1_3_6_12_s0_50,0.75,True,True,highs
milp_h1,13,416.1782041490077,644.0248486638068,227.84664451479907,9,210,0.759077759061659,4.93163240008289,17.123723611398923,4.524656340599961,12,0.5,0_75_p12_h1_3_6_12_s0_50,0.75,True,True,highs
milp_h1,14,405.80900894999496,644.0248486638068,238.21583971381182,13,234,0.9862633201216312,6.03310380037874,20.948277084648403,-5.844538858412761,12,0.5,0_75_p12_h1_3_6_12_s0_50,0.75,True,True,highs
milp_h1,15,426.270992039144,645.5998492002486,219.32885716110462,12,209,0.6800280513029345,6.264573300286429,21.751990625994544,14.617444230736282,12,0.5,0_75_p12_h1_3_6_12_s0_50,0.75,True,True,highs
milp_h1,16,403.89499170382817,644.9748486638068,241.07985695997868,16,210,0.846450320972166,6.026925000362098,20.926822917923953,-7.758556104579554,12,0.5,0_75_p12_h1_3_6_12_s0_50,0.75,True,True,highs
milp_h1,17,365.25684595457386,629.6498514056204,264.3930054510466,14,218,0.8646093993147915,6.032212499529123,20.945182290031678,-46.39670185383386,12,0.5,0_75_p12_h1_3_6_12_s0_50,0.75,True,True,highs
milp_h1,18,483.9343679547309,639.3748492002486,155.4404812455177,10,224,0.9982777940515032,5.782307699730154,20.0774572907297,72.28082014632315,12,0.5,0_75_p12_h1_3_6_12_s0_50,0.75,True,True,highs
milp_h1,19,398.9463710933923,634.2498497366904,235.3034786432981,12,186,0.8921855912244564,6.491584500181489,22.5402239589635,-12.707176715015407,12,0.5,0_75_p12_h1_3_6_12_s0_50,0.75,True,True,highs
milp_h1,20,459.360020337502,635.6748502731322,176.31482993563014,11,228,0.9979248241302052,5.348627800121903,18.57162430597883,47.7064725290943,12,0.5,0_75_p12_h1_3_6_12_s0_50,0.75,True,True,highs
milp_h1,21,366.15610614120953,637.899850809574,271.74374466836446,12,224,0.700018625115291,5.943510699959006,20.637189930413214,-45.49744166719819,12,0.5,0_75_p12_h1_3_6_12_s0_50,0.75,True,True,highs
milp_h1,22,460.7819320145845,639.9748513460158,179.1929193314313,19,227,0.9272628401970384,5.312077400129056,18.444713194892554,49.128384206176804,12,0.5,0_75_p12_h1_3_6_12_s0_50,0.75,True,True,highs
milp_h1,23,424.86435835361476,642.0748497366905,217.21049138307566,12,229,0.7851344905167491,5.466414999769768,18.98060763808947,13.210810545207039,12,0.5,0_75_p12_h1_3_6_12_s0_50,0.75,True,True,highs
milp_h1,24,409.67608853637364,641.0498492598532,231.37376072347953,9,229,0.9981217664132109,5.611681000096723,19.485003472558066,-1.977459272034082,12,0.5,0_75_p12_h1_3_6_12_s0_50,0.75,True,True,highs
milp_h1,25,323.71458184532315,644.2498492598532,320.5352674145301,11,231,0.9979304715648681,4.754086700006155,16.507245486132483,-87.93896596308457,12,0.5,0_75_p12_h1_3_6_12_s0_50,0.75,True,True,highs
milp_h1,26,405.0997346059878,642.6498492598532,237.55011465386545,11,199,0.8309007701011636,5.204072500142502,18.069696181050354,-6.553813202419917,12,0.5,0_75_p12_h1_3_6_12_s0_50,0.75,True,True,highs
milp_h1,27,493.9773169140021,647.0498486638069,153.0725317498048,14,242,0.9986604495407129,5.896316399826901,20.473320832732295,82.32376910559435,12,0.5,0_75_p12_h1_3_6_12_s0_50,0.75,True,True,highs
milp_h1,28,374.00326650223724,638.799849796295,264.79658329405777,11,240,0.9983308613164747,6.205577599845128,21.547144443906696,-37.650281306170484,12,0.5,0_75_p12_h1_3_6_12_s0_50,0.75,True,True,highs
milp_h1,29,395.4610286355018,638.7248497366904,243.26382110118863,22,219,0.9555241227517586,6.229564500390552,21.63043229302275,-16.192519172905918,12,0.5,0_75_p12_h1_3_6_12_s0_50,0.75,True,True,highs
milp_h3,0,412.3410755746968,641.4123003840446,229.07122480934774,12,212,0.8520409896673485,14.366450200119289,49.88350763930308,0.6875277662890653,12,0.5,0_75_p12_h1_3_6_12_s0_50,0.75,True,True,highs
milp_h3,1,419.4574796438216,641.7748492002486,222.31736955642697,12,211,0.877455057951377,14.607822600111831,50.721606250388305,7.803931835413891,12,0.5,0_75_p12_h1_3_6_12_s0_50,0.75,True,True,highs
milp_h3,2,426.0896996581521,641.0497990131377,214.96009935498554,13,220,0.9192867349718068,14.331279599748086,49.7613874991253,14.436151849744363,12,0.5,0_75_p12_h1_3_6_12_s0_50,0.75,True,True,highs
milp_h3,3,413.0836777915556,641.4498492002485,228.36617140869294,16,208,0.8161492144455655,15.669992600189289,54.409696528435035,1.4301299831478786,12,0.5,0_75_p12_h1_3_6_12_s0_50,0.75,True,True,highs
milp_h3,4,399.8184184272686,644.4123487830161,244.5939303557475,11,219,0.9589878018924946,17.307101399783278,60.094102082580825,-11.835129381139097,12,0.5,0_75_p12_h1_3_6_12_s0_50,0.75,True,True,highs
milp_h3,5,424.4258743921914,638.0748502731321,213.64897588094072,19,226,0.7831836280376734,15.871414600231219,55.109078473025065,12.772326583783695,12,0.5,0_75_p12_h1_3_6_12_s0_50,0.75,True,True,highs
milp_h3,6,398.49447949158184,632.9998025894164,234.50532309783455,11,259,0.9984930936407043,14.7824772997119,51.32804617955521,-13.15906831682588,12,0.5,0_75_p12_h1_3_6_12_s0_50,0.75,True,True,highs
milp_h3,7,465.68500139812625,641.5998497366904,175.9148483385642,11,207,0.7275918925080025,15.882479800027795,55.14749930565207,54.031453589718524,12,0.5,0_75_p12_h1_3_6_12_s0_50,0.75,True,True,highs
milp_h3,8,428.57380646364686,637.5373004436492,208.96349398000234,16,221,0.8525592194720866,14.724305199808441,51.126059721557084,16.920258655239138,12,0.5,0_75_p12_h1_3_6_12_s0_50,0.75,True,True,highs
milp_h3,9,375.63075617949164,643.3748492002486,267.74409302075696,14,244,0.7542280408633689,15.251079799985746,52.95513819439495,-36.02279162891608,12,0.5,0_75_p12_h1_3_6_12_s0_50,0.75,True,True,highs
milp_h3,10,342.8828402213414,641.5247984170912,298.64195819574985,12,217,0.8017202761175929,17.06800909980666,59.26392048543979,-68.77070758706634,12,0.5,0_75_p12_h1_3_6_12_s0_50,0.75,True,True,highs
milp_h3,11,405.4677378031015,634.9498004436492,229.48206264054772,9,196,0.8204689857466464,15.741103900247253,54.656610764747406,-6.185810005306223,12,0.5,0_75_p12_h1_3_6_12_s0_50,0.75,True,True,highs
milp_h3,12,410.18742067661515,640.5872997283934,230.39987905177827,13,228,0.8606696405724376,20.847614799742587,72.38755138799509,-1.4661271317925753,12,0.5,0_75_p12_h1_3_6_12_s0_50,0.75,True,True,highs
milp_h3,13,416.1782041490077,644.0248486638068,227.84664451479907,11,208,0.6782965871357943,17.08102379977936,59.309110415900555,4.524656340599961,12,0.5,0_75_p12_h1_3_6_12_s0_50,0.75,True,True,highs
milp_h3,14,405.80900894999496,644.0248486638068,238.21583971381182,11,236,0.9979831117584046,14.220145899540512,49.375506595626774,-5.844538858412761,12,0.5,0_75_p12_h1_3_6_12_s0_50,0.75,True,True,highs
milp_h3,15,426.27099203914395,645.5998492002486,219.32885716110465,15,206,0.7588522561968513,15.927157299825922,55.30262951328445,14.617444230736226,12,0.5,0_75_p12_h1_3_6_12_s0_50,0.75,True,True,highs
milp_h3,16,403.89499170382817,644.9748486638068,241.07985695997868,14,212,0.66825447759613,14.316034599964041,49.70845347209737,-7.758556104579554,12,0.5,0_75_p12_h1_3_6_12_s0_50,0.75,True,True,highs
milp_h3,17,365.2567959885088,629.6498018741606,264.3930058856518,13,219,0.7835647560633195,14.852477900043596,51.57110381959582,-46.396751819898896,12,0.5,0_75_p12_h1_3_6_12_s0_50,0.75,True,True,highs
milp_h3,18,484.2227728063034,639.749799132347,155.52702632604357,11,223,0.9966329494335441,14.182429700158536,49.24454756999492,72.56922499789567,12,0.5,0_75_p12_h1_3_6_12_s0_50,0.75,True,True,highs
milp_h3,19,399.18059588946494,634.6247998476027,235.4442039581378,10,188,0.8562676470557585,13.303682200115873,46.193340972624554,-12.472951918942783,12,0.5,0_75_p12_h1_3_6_12_s0_50,0.75,True,True,highs
milp_h3,20,459.360020337502,635.6748502731322,176.31482993563014,15,224,0.9359363178723047,12.482469199894695,43.3419069440788,47.7064725290943,12,0.5,0_75_p12_h1_3_6_12_s0_50,0.75,True,True,highs
milp_h3,21,366.15610614120953,637.899850809574,271.74374466836446,17,220,0.8789443734137239,11.017634199932218,38.2556743053202,-45.49744166719819,12,0.5,0_75_p12_h1_3_6_12_s0_50,0.75,True,True,highs
milp_h3,22,464.8677904069423,646.4248486638068,181.5570582568645,14,226,0.8545389480168267,14.590331899991725,50.660874652749044,53.214242598534554,12,0.5,0_75_p12_h1_3_6_12_s0_50,0.75,True,True,highs
milp_h3,23,424.86435835361476,642.0748497366905,217.21049138307566,15,226,0.7140724455487507,13.861270200053696,48.12941041685311,13.210810545207039,12,0.5,0_75_p12_h1_3_6_12_s0_50,0.75,True,True,highs
milp_h3,24,409.9293355361096,641.4123003840446,231.48296484793497,9,228,0.9976875138953604,13.704267899651313,47.58426354045595,-1.7242122722981321,12,0.5,0_75_p12_h1_3_6_12_s0_50,0.75,True,True,highs
milp_h3,25,323.8591123744805,644.4623497366904,320.6032373622099,11,231,0.9971591399210781,14.329671000072267,49.75580208358426,-87.79443543392722,12,0.5,0_75_p12_h1_3_6_12_s0_50,0.75,True,True,highs
milp_h3,26,405.25939512442733,642.8623497366904,237.602954612263,15,195,0.7829590663697504,15.447271499579074,53.636359373538454,-6.394152683980394,12,0.5,0_75_p12_h1_3_6_12_s0_50,0.75,True,True,highs
milp_h3,27,493.97731691400196,647.0498486638068,153.0725317498048,12,244,0.9921910010606112,15.094854699855205,52.41268993005279,82.32376910559424,12,0.5,0_75_p12_h1_3_6_12_s0_50,0.75,True,True,highs
milp_h3,28,374.0032161002937,638.7997997283934,264.7965836280997,10,241,0.997018353663389,15.32350500015309,53.2066145838649,-37.65033170811404,12,0.5,0_75_p12_h1_3_6_12_s0_50,0.75,True,True,highs
milp_h3,29,395.46102863550186,638.7248497366904,243.2638211011886,11,227,0.9983421028697005,14.415082099993015,50.05236840275352,-16.19251917290586,12,0.5,0_75_p12_h1_3_6_12_s0_50,0.75,True,True,highs
milp_h6,0,412.46481499551135,641.5998003840446,229.1349853885332,12,212,0.8520409896673485,20.71417890005978,71.92423229187423,0.8112671871036241,12,0.5,0_75_p12_h1_3_6_12_s0_50,0.75,True,True,highs
milp_h6,1,419.69463444324003,642.149799132347,222.4551646891069,12,211,0.877455057951377,20.45197680016281,71.01380833389865,8.041086634832311,12,0.5,0_75_p12_h1_3_6_12_s0_50,0.75,True,True,highs
milp_h6,2,426.08969953705457,641.0497990131377,214.96009947608312,12,220,0.8360718828691456,19.302258900133893,67.02173229213157,14.436151728646848,12,0.5,0_75_p12_h1_3_6_12_s0_50,0.75,True,True,highs
milp_h6,3,413.32549759764976,641.8247991323469,228.49930153469717,16,208,0.8161492123290744,23.292933199816616,80.87824027714103,1.671949789242035,12,0.5,0_75_p12_h1_3_6_12_s0_50,0.75,True,True,highs
milp_h6,4,400.3391856786807,645.2248493194579,244.8856636407772,11,219,0.9657898640290442,47.36594569988665,164.46508923571753,-11.314362129727044,12,0.5,0_75_p12_h1_3_6_12_s0_50,0.75,True,True,highs
milp_h6,5,424.6645596438597,638.4498005628584,213.78524091899868,19,226,0.7627548271076141,44.229600699589355,153.5750024291297,13.011011835451995,12,0.5,0_75_p12_h1_3_6_12_s0_50,0.75,True,True,highs
milp_h6,6,398.494479362378,632.9998025894164,234.50532322703836,11,259,0.9984930936407043,44.2042234998662,153.48688715231322,-13.159068446029721,12,0.5,0_75_p12_h1_3_6_12_s0_50,0.75,True,True,highs
milp_h6,7,465.93691647115224,641.9747998476028,176.0378833764505,16,202,0.8033012942443187,45.48079249987495,157.91941840234358,54.28336866274452,12,0.5,0_75_p12_h1_3_6_12_s0_50,0.75,True,True,highs
milp_h6,8,428.6966498858134,637.7248004436492,209.02815055783586,16,221,0.8527621547970803,40.77521949997754,141.5806232638109,17.04310207740565,12,0.5,0_75_p12_h1_3_6_12_s0_50,0.75,True,True,highs
milp_h6,9,375.8631561050812,643.749799132347,267.8866430272658,14,244,0.7547227542183547,46.123328000103356,160.15044444480333,-35.79039170332652,12,0.5,0_75_p12_h1_3_6_12_s0_50,0.75,True,True,highs
milp_h6,10,342.882840071996,641.5247984170912,298.64195834509525,12,217,0.8017202761175929,45.53950799975428,158.12329166581347,-68.77070773641174,12,0.5,0_75_p12_h1_3_6_12_s0_50,0.75,True,True,highs
milp_h6,11,405.46773766529554,634.9498004436492,229.48206277835365,9,196,0.8204689857466464,31.40542400017148,109.04661111170653,-6.185810143112178,12,0.5,0_75_p12_h1_3_6_12_s0_50,0.75,True,True,highs
milp_h6,12,410.3191354199965,640.7747997283934,230.45566430839693,15,226,0.8801980268547497,22.278261499654036,77.35507465157652,-1.3344123884112378,12,0.5,0_75_p12_h1_3_6_12_s0_50,0.75,True,True,highs
milp_h6,13,416.4156987697314,644.3997984170912,227.9840996473598,11,208,0.6782965871357943,19.605322999937925,68.0740381942289,4.762150961323698,12,0.5,0_75_p12_h1_3_6_12_s0_50,0.75,True,True,highs
milp_h6,14,406.0468585763215,644.3997984170912,238.35293984076972,11,236,0.9979831117584046,20.531393900047988,71.2895621529444,-5.606689232086239,12,0.5,0_75_p12_h1_3_6_12_s0_50,0.75,True,True,highs
milp_h6,15,426.5419819712638,645.974799132347,219.4328171610832,15,206,0.7592658253483704,20.129379400023026,69.89367847230217,14.888434162856072,12,0.5,0_75_p12_h1_3_6_12_s0_50,0.75,True,True,highs
milp_h6,16,404.13503141187505,645.3497984170913,241.21476700521623,12,214,0.9981765685220064,19.709159899997758,68.43458298610332,-7.518516396532675,12,0.5,0_75_p12_h1_3_6_12_s0_50,0.75,True,True,highs
milp_h6,17,365.25679585812725,629.6498018741606,264.3930060160334,13,219,0.7835647560633195,21.99073279989534,76.35671111074771,-46.396751950280475,12,0.5,0_75_p12_h1_3_6_12_s0_50,0.75,True,True,highs
milp_h6,18,484.22277272376766,639.749799132347,155.5270264085793,12,222,0.9979323907717659,20.007157000072766,69.46929513914155,72.56922491535994,12,0.5,0_75_p12_h1_3_6_12_s0_50,0.75,True,True,highs
milp_h6,19,399.1805957552591,634.6247998476027,235.4442040923436,10,188,0.8562676470557585,21.256961499981117,73.80889409715665,-12.472952053148617,12,0.5,0_75_p12_h1_3_6_12_s0_50,0.75,True,True,highs
milp_h6,20,459.6202155205956,636.0498005628584,176.42958504226283,14,225,0.9980004893285823,19.652368300157832,68.23738993110358,47.96666771218787,12,0.5,0_75_p12_h1_3_6_12_s0_50,0.75,True,True,highs
milp_h6,21,366.37855161428445,638.2748012781142,271.89624966382974,14,222,0.8783376149875266,19.765361999947345,68.62972916648384,-45.274996194123275,12,0.5,0_75_p12_h1_3_6_12_s0_50,0.75,True,True,highs
milp_h6,22,465.1088901668786,646.7997984170912,181.69090825021263,14,226,0.8545389480168267,23.097676299861632,80.20026493007511,53.45534235847089,12,0.5,0_75_p12_h1_3_6_12_s0_50,0.75,True,True,highs
milp_h6,23,425.10167342817465,642.4497998476028,217.34812641942816,15,226,0.7140724455487507,20.906690299976617,72.59267465269659,13.448125619766927,12,0.5,0_75_p12_h1_3_6_12_s0_50,0.75,True,True,highs
milp_h6,24,410.3803769339228,642.0999503493308,231.71957341540806,9,228,0.9964150199040575,21.266968599782558,73.84364097146721,-1.273170874484947,12,0.5,0_75_p12_h1_3_6_12_s0_50,0.75,True,True,highs
milp_h6,25,324.3092061754305,645.2749500513075,320.965743875877,11,231,0.9971826439388674,21.692478400131222,75.32110555601119,-87.3443416329772,12,0.5,0_75_p12_h1_3_6_12_s0_50,0.75,True,True,highs
milp_h6,26,405.81518244364247,643.6999503493307,237.88476790568822,15,195,0.7829590663697504,22.881959200109122,79.45124722260113,-5.838365364765252,12,0.5,0_75_p12_h1_3_6_12_s0_50,0.75,True,True,highs
milp_h6,27,494.2647266666093,647.4247984170912,153.1600717504819,11,245,0.994004712865018,23.593727100116666,81.92266354207176,82.61117885820158,12,0.5,0_75_p12_h1_3_6_12_s0_50,0.75,True,True,highs
milp_h6,28,374.00321595713285,638.7997997283934,264.79658377126054,10,241,0.997018353663389,22.85049940008321,79.34201180584448,-37.65033185127487,12,0.5,0_75_p12_h1_3_6_12_s0_50,0.75,True,True,highs
milp_h6,29,395.69838361731047,639.0997998476028,243.40141623029226,11,227,0.9983421028697005,22.571620700182393,78.37368298674443,-15.955164191097253,12,0.5,0_75_p12_h1_3_6_12_s0_50,0.75,True,True,highs
milp_h12,0,412.46481499551135,641.5998003840446,229.1349853885332,12,212,0.8503139394125011,32.377082900027744,112.42042673620745,0.8112671871036241,12,0.5,0_75_p12_h1_3_6_12_s0_50,0.75,True,True,highs
milp_h12,1,420.0201448318528,642.6498498558997,222.62970502404687,12,211,0.8781502605675474,30.709590500133345,106.63052256990744,8.366597023445081,12,0.5,0_75_p12_h1_3_6_12_s0_50,0.75,True,True,highs
milp_h12,2,426.08969953705457,641.0497990131377,214.9600994760831,12,220,0.8360991401441025,29.690507399936905,103.09203958311426,14.436151728646848,12,0.5,0_75_p12_h1_3_6_12_s0_50,0.75,True,True,highs
milp_h12,3,413.32549759764976,641.8247991323469,228.49930153469717,14,210,0.8568928709548991,39.08740849987953,135.7201684023595,1.671949789242035,12,0.5,0_75_p12_h1_3_6_12_s0_50,0.75,True,True,highs
milp_h12,4,400.37438564888635,645.2873995065688,244.91301385768247,11,219,0.9594611869226535,38.95622889956576,135.26468367904778,-11.279162159521377,12,0.5,0_75_p12_h1_3_6_12_s0_50,0.75,True,True,highs
milp_h12,5,425.0807200344259,639.0749006986616,213.9941806642357,19,226,0.7628431391291569,36.683200200117426,127.3722229170744,13.427172226018172,12,0.5,0_75_p12_h1_3_6_12_s0_50,0.75,True,True,highs
milp_h12,6,398.494479362378,632.9998025894164,234.50532322703836,11,259,0.9985089036763907,36.495095599791966,126.7190819437221,-13.159068446029721,12,0.5,0_75_p12_h1_3_6_12_s0_50,0.75,True,True,highs
milp_h12,7,465.93691647115224,641.9747998476028,176.0378833764505,13,205,0.7310728605231795,38.57673059985973,133.94698124951296,54.28336866274452,12,0.5,0_75_p12_h1_3_6_12_s0_50,0.75,True,True,highs
milp_h12,8,428.6966498858134,637.7248004436492,209.02815055783586,14,223,0.8531119103315543,36.12452550008311,125.43238020862191,17.04310207740565,12,0.5,0_75_p12_h1_3_6_12_s0_50,0.75,True,True,highs
milp_h12,9,376.50213051140304,644.7499002218245,268.2477697104215,15,243,0.7157729640276821,36.92234840034507,128.2025986123093,-35.151417297004684,12,0.5,0_75_p12_h1_3_6_12_s0_50,0.75,True,True,highs
milp_h12,10,342.882840071996,641.5247984170912,298.64195834509525,12,217,0.8017202761175929,38.4334650002711,133.4495312509413,-68.77070773641174,12,0.5,0_75_p12_h1_3_6_12_s0_50,0.75,True,True,highs
milp_h12,11,405.46773766529554,634.9498004436492,229.48206277835368,11,194,0.8794185825363363,38.18674470009864,132.59286354200918,-6.185810143112178,12,0.5,0_75_p12_h1_3_6_12_s0_50,0.75,True,True,highs
milp_h12,12,410.3191354199965,640.7747997283934,230.45566430839693,12,229,0.7887440384946321,38.102861000137636,132.30160069492234,-1.3344123884112378,12,0.5,0_75_p12_h1_3_6_12_s0_50,0.75,True,True,highs
milp_h12,13,416.5040948739512,644.5248493194579,228.0207544455067,11,208,0.6795306071383034,35.04646179944393,121.68910347029143,4.850547065543481,12,0.5,0_75_p12_h1_3_6_12_s0_50,0.75,True,True,highs
milp_h12,14,406.3732494834899,644.8998493194579,238.52659983596797,11,236,0.9979831117584046,35.847208199993474,124.46947291664401,-5.280298324917851,12,0.5,0_75_p12_h1_3_6_12_s0_50,0.75,True,True,highs
milp_h12,15,426.54198197126385,645.974799132347,219.43281716108316,15,206,0.7592658253483704,37.90212799984147,131.60461111056065,14.888434162856129,12,0.5,0_75_p12_h1_3_6_12_s0_50,0.75,True,True,highs
milp_h12,16,404.13503141187505,645.3497984170913,241.21476700521623,10,216,0.9978888709498476,36.95154890001868,128.30398923617597,-7.518516396532675,12,0.5,0_75_p12_h1_3_6_12_s0_50,0.75,True,True,highs
milp_h12,17,365.25679585812725,629.6498018741606,264.3930060160334,13,219,0.7282364213583905,38.02966959998594,132.04746388884007,-46.396751950280475,12,0.5,0_75_p12_h1_3_6_12_s0_50,0.75,True,True,highs
milp_h12,18,484.22277272376766,639.749799132347,155.52702640857933,11,223,0.9974267820047003,37.53272360004485,130.32195694460017,72.56922491535994,12,0.5,0_75_p12_h1_3_6_12_s0_50,0.75,True,True,highs
milp_h12,19,399.1805957552591,634.6247998476027,235.4442040923436,10,188,0.8562676470557585,34.64264630002435,120.286966319529,-12.472952053148617,12,0.5,0_75_p12_h1_3_6_12_s0_50,0.75,True,True,highs
milp_h12,20,459.9749095567416,636.5498509287833,176.57494137204168,14,225,0.9968384007090029,32.29970750003122,112.15176215288618,48.32136174833386,12,0.5,0_75_p12_h1_3_6_12_s0_50,0.75,True,True,highs
milp_h12,21,366.46293370564456,638.3998514652251,271.9369177595805,17,219,0.9140869342737623,25.72660999983782,89.32850694388132,-45.19061410276316,12,0.5,0_75_p12_h1_3_6_12_s0_50,0.75,True,True,highs
milp_h12,22,465.4393977443376,647.2998493194578,181.86045157512027,10,230,0.8245344415568574,38.408851300075185,133.36406701414995,53.78584993592989,12,0.5,0_75_p12_h1_3_6_12_s0_50,0.75,True,True,highs
milp_h12,23,425.10167342817465,642.4497998476028,217.34812641942816,14,227,0.7608165273024227,34.95784809999168,121.38141701386,13.448125619766927,12,0.5,0_75_p12_h1_3_6_12_s0_50,0.75,True,True,highs
milp_h12,24,410.3803769339228,642.0999503493308,231.71957341540806,9,228,0.9964150199040575,36.85714940010803,127.97621319481954,-1.273170874484947,12,0.5,0_75_p12_h1_3_6_12_s0_50,0.75,True,True,highs
milp_h12,25,324.29221345893535,645.2749500513075,320.9827365923722,11,231,0.9971826439388674,36.46669020023546,126.62045208415091,-87.36133434947237,12,0.5,0_75_p12_h1_3_6_12_s0_50,0.75,True,True,highs
milp_h12,26,405.79316552485216,643.6999503493307,237.90678482447856,15,195,0.7829590663697504,37.83921739982907,131.38617152718427,-5.860382283555566,12,0.5,0_75_p12_h1_3_6_12_s0_50,0.75,True,True,highs
milp_h12,27,494.2647266666093,647.4247984170912,153.1600717504819,11,245,0.992792317363115,41.304134600039106,143.41713402791356,82.61117885820158,12,0.5,0_75_p12_h1_3_6_12_s0_50,0.75,True,True,highs
milp_h12,28,374.00321595713285,638.7997997283934,264.79658377126054,10,241,0.997018353663389,37.7927812000853,131.2249347225184,-37.65033185127487,12,0.5,0_75_p12_h1_3_6_12_s0_50,0.75,True,True,highs
milp_h12,29,396.02414716473095,639.5998503923415,243.57570322761055,11,227,0.9983421028697005,37.18612719993689,129.1184972220031,-15.629400643676775,12,0.5,0_75_p12_h1_3_6_12_s0_50,0.75,True,True,highs
equal_share,0,376.540061840975,586.3316533492864,209.79159150831143,16,208,0.7749278736482391,0.005118599685374647,0.017772915574217524,-35.11348596743272,12,0.5,0_75_p12_h1_3_6_12_s0_50,0.75,True,True,highs
equal_share,1,384.94490865271143,589.7258626902903,204.7809540375789,18,205,0.9967377222511606,0.004988499917089939,0.0173211802676734,-26.70863915569629,12,0.5,0_75_p12_h1_3_6_12_s0_50,0.75,True,True,highs
equal_share,2,349.0666961227837,525.196213187538,176.12951706475428,20,212,0.8451574622175271,0.005149800446815789,0.01788125155144371,-62.586851685624026,12,0.5,0_75_p12_h1_3_6_12_s0_50,0.75,True,True,highs
equal_share,3,370.2533179019347,579.3170878716174,209.06376996968274,14,210,0.8220899128523484,0.004737900366308168,0.016451042938570026,-41.400229906473044,12,0.5,0_75_p12_h1_3_6_12_s0_50,0.75,True,True,highs
equal_share,4,345.28908694234286,557.0265107761695,211.73742383382665,24,206,0.8912928990932072,0.005268000182695687,0.01829166730102669,-66.36446086606486,12,0.5,0_75_p12_h1_3_6_12_s0_50,0.75,True,True,highs
equal_share,5,351.54650547150953,529.3102519766941,177.76374650518454,20,225,0.7911861538948869,0.004888899740763009,0.01697534632209378,-60.10704233689819,12,0.5,0_75_p12_h1_3_6_12_s0_50,0.75,True,True,highs
equal_share,6,297.4539623208369,472.4914327842426,175.03747046340564,18,252,0.9980245068446297,0.004957199998898432,0.01721249999617511,-114.1995854875708,12,0.5,0_75_p12_h1_3_6_12_s0_50,0.75,True,True,highs
equal_share,7,370.5660469719568,507.9639030746653,137.39785610270857,14,204,0.7697506005225584,0.004929399990942329,0.017115972190771975,-41.08750083645094,12,0.5,0_75_p12_h1_3_6_12_s0_50,0.75,True,True,highs
equal_share,8,321.11981856352594,478.41600184437686,157.29618328085093,17,220,0.7409181759087659,0.005126100237248465,0.01779895915711273,-90.53372924488178,12,0.5,0_75_p12_h1_3_6_12_s0_50,0.75,True,True,highs
equal_share,9,323.78550814595997,553.076103842673,229.290595696713,20,238,0.8281829415570516,0.004693499970017001,0.016296874895892363,-87.86803966244776,12,0.5,0_75_p12_h1_3_6_12_s0_50,0.75,True,True,highs
equal_share,10,306.0174183879473,575.0425108301077,269.0250924421604,21,208,0.9968549578675641,0.005100600101286545,0.01771041701835606,-105.6361294204604,12,0.5,0_75_p12_h1_3_6_12_s0_50,0.75,True,True,highs
equal_share,11,335.36650521216376,525.6414396803233,190.27493446815953,19,186,0.842753931000585,0.005520699982298538,0.019169097160758812,-76.28704259624396,12,0.5,0_75_p12_h1_3_6_12_s0_50,0.75,True,True,highs
equal_share,12,310.6812445278731,483.9746783411326,173.29343381325944,20,221,0.6959407818782828,0.005370800266973674,0.018648612038103037,-100.97230328053462,12,0.5,0_75_p12_h1_3_6_12_s0_50,0.75,True,True,highs
equal_share,13,363.22996123140416,562.3970731171815,199.1671118857774,18,201,0.8916325696668655,0.0050843998324126005,0.017654166084765974,-48.42358657700356,12,0.5,0_75_p12_h1_3_6_12_s0_50,0.75,True,True,highs
equal_share,14,334.87365486495094,533.2376173522035,198.36396248725256,9,238,0.9974324586151112,0.006243799754884094,0.021679860260014214,-76.77989294345679,12,0.5,0_75_p12_h1_3_6_12_s0_50,0.75,True,True,highs
equal_share,15,389.32494025171746,588.5128290330075,199.18788878129004,22,199,0.5970886764486387,0.004674700205214322,0.01623159793477195,-22.328607556690258,12,0.5,0_75_p12_h1_3_6_12_s0_50,0.75,True,True,highs
equal_share,16,318.3856268913032,507.49525031452845,189.10962342322526,14,212,0.8759569600074869,0.00477599969599396,0.016583332277756806,-93.2679209171045,12,0.5,0_75_p12_h1_3_6_12_s0_50,0.75,True,True,highs
equal_share,17,310.9444994259043,531.1396371449836,220.19513771907924,16,217,0.8446850868286626,0.004959399870131165,0.017220138437955432,-100.7090483825034,12,0.5,0_75_p12_h1_3_6_12_s0_50,0.75,True,True,highs
equal_share,18,402.47933729209797,531.4257754068598,128.94643811476183,19,215,0.9969110702283229,0.004714000126114115,0.01636805599345179,-9.174210516309756,12,0.5,0_75_p12_h1_3_6_12_s0_50,0.75,True,True,highs
equal_share,19,351.1539190782978,558.5982062170543,207.44428713875655,20,178,0.8487763456187386,0.004876499966485426,0.016932291550296616,-60.49962873010992,12,0.5,0_75_p12_h1_3_6_12_s0_50,0.75,True,True,highs
equal_share,20,440.56341213737005,610.8390015838169,170.2755894464468,26,213,0.816651553106265,0.004563699825666845,0.0158461799502321,28.90986432896233,12,0.5,0_75_p12_h1_3_6_12_s0_50,0.75,True,True,highs
equal_share,21,346.21904727904354,606.1863305118712,259.9672832328277,24,212,0.827082113279954,0.004935599892633036,0.01713749962719804,-65.43450052936419,12,0.5,0_75_p12_h1_3_6_12_s0_50,0.75,True,True,highs
equal_share,22,371.22661599724313,517.3518113174168,146.1251953201737,19,221,0.8700362054472872,0.005124000046635047,0.017791666828593913,-40.42693181116459,12,0.5,0_75_p12_h1_3_6_12_s0_50,0.75,True,True,highs
equal_share,23,361.43033057516675,547.6728271276125,186.2424965524458,19,222,0.8659395434452511,0.004920399747788906,0.017084721346489258,-50.22321723324097,12,0.5,0_75_p12_h1_3_6_12_s0_50,0.75,True,True,highs
equal_share,24,394.2614801200782,618.5062380909225,224.24475797084423,22,215,0.9074645043705052,0.004740299918921664,0.016459374718478,-17.39206768832952,12,0.5,0_75_p12_h1_3_6_12_s0_50,0.75,True,True,highs
equal_share,25,299.8057375741255,598.1918815152944,298.38614394116894,28,214,0.9182622161289569,0.005131499987328425,0.017817708289334808,-111.84781023428224,12,0.5,0_75_p12_h1_3_6_12_s0_50,0.75,True,True,highs
equal_share,26,385.4908143829423,613.5093904394886,228.0185760565463,22,188,0.9635349610541001,0.00487989978864789,0.01694409648836073,-26.162733425465433,12,0.5,0_75_p12_h1_3_6_12_s0_50,0.75,True,True,highs
equal_share,27,427.2489699292422,560.1101043529657,132.86113442372343,16,240,0.9979109381741154,0.005025799880968407,0.0174506940311403,15.595422120834485,12,0.5,0_75_p12_h1_3_6_12_s0_50,0.75,True,True,highs
equal_share,28,342.4228945801665,586.4326572446902,244.00976266452372,22,229,0.9953773702808207,0.004640699946321547,0.01611354148028315,-69.23065322824124,12,0.5,0_75_p12_h1_3_6_12_s0_50,0.75,True,True,highs
equal_share,29,337.1176529474146,545.7460365105095,208.62838356309487,15,223,0.9960728075374945,0.004536500113317743,0.015751736504575495,-74.5358948609931,12,0.5,0_75_p12_h1_3_6_12_s0_50,0.75,True,True,highs
max_charge,0,410.7630617221196,640.8999999999999,230.13693827788032,24,200,0.8299836472030725,0.0018006000318564475,0.006252083443945998,-0.8904860862881492,12,0.5,0_75_p12_h1_3_6_12_s0_50,0.75,True,True,highs
max_charge,1,417.569115102291,640.7499999999999,223.18088489770886,24,199,0.9970255844942523,0.0016743001178838313,0.005813542075985525,5.915567293883271,12,0.5,0_75_p12_h1_3_6_12_s0_50,0.75,True,True,highs
max_charge,2,424.9470810691514,641.0499999999998,216.1029189308484,23,209,0.9120603709971556,0.0017081003461498767,0.005930903979687072,13.293533260743686,12,0.5,0_75_p12_h1_3_6_12_s0_50,0.75,True,True,highs
max_charge,3,410.9181785960992,639.9499999999999,229.03182140390075,21,203,0.851653090955573,0.0018209001573268324,0.006322569990718168,-0.7353692123085125,12,0.5,0_75_p12_h1_3_6_12_s0_50,0.75,True,True,highs
max_charge,4,398.19411983489977,643.7999999999998,245.60588016510007,29,201,0.92045735337269,0.0018162998894695193,0.0063065968384358306,-13.459427973507957,12,0.5,0_75_p12_h1_3_6_12_s0_50,0.75,True,True,highs
max_charge,5,422.4516028165816,636.8999999999999,214.44839718341825,34,212,0.8459930953158737,0.0017602001898922026,0.006111806214903481,10.79805500817389,12,0.5,0_75_p12_h1_3_6_12_s0_50,0.75,True,True,highs
max_charge,6,397.2753584384917,632.9999999999999,235.72464156150815,32,238,0.9988369113424453,0.0017831000732257962,0.006191319698700681,-14.378189369916015,12,0.5,0_75_p12_h1_3_6_12_s0_50,0.75,True,True,highs
max_charge,7,463.4691906670729,639.9499999999999,176.48080933292704,23,195,0.8527054138329299,0.0016486002423334867,0.005724306396991273,51.81564285866517,12,0.5,0_75_p12_h1_3_6_12_s0_50,0.75,True,True,highs
max_charge,8,427.00581656098353,637.0499999999998,210.0441834390163,30,207,0.8879388537654905,0.0017055997159332037,0.005922221235879179,15.35226875257581,12,0.5,0_75_p12_h1_3_6_12_s0_50,0.75,True,True,highs
max_charge,9,373.5266336103279,642.0499999999998,268.52336638967193,29,229,0.8675047482338802,0.0017064998974092305,0.005925346866004272,-38.12691419807982,12,0.5,0_75_p12_h1_3_6_12_s0_50,0.75,True,True,highs
max_charge,10,341.1096421639124,640.8999999999999,299.7903578360875,24,205,0.9972655300332973,0.0017614999378565699,0.006116319228668645,-70.54390564449534,12,0.5,0_75_p12_h1_3_6_12_s0_50,0.75,True,True,highs
max_charge,11,404.16743844151495,634.9499999999999,230.78256155848499,31,174,0.8830937587856698,0.0018517997523304075,0.006429860251147248,-7.4861093668927765,12,0.5,0_75_p12_h1_3_6_12_s0_50,0.75,True,True,highs
max_charge,12,408.767709416151,640.0999999999999,231.33229058384893,30,211,0.8581624666173342,0.001575199596118182,0.005469443042077021,-2.885838392256744,12,0.5,0_75_p12_h1_3_6_12_s0_50,0.75,True,True,highs
max_charge,13,414.29197080930066,642.9999999999999,228.70802919069922,24,196,0.9107638127884237,0.0016912001592572778,0.0058722227751988815,2.638423000892942,12,0.5,0_75_p12_h1_3_6_12_s0_50,0.75,True,True,highs
max_charge,14,403.92500030994404,642.9999999999999,239.07499969005582,19,228,0.9126886028352281,0.0018265998514834791,0.006342360595428747,-7.7285474984636835,12,0.5,0_75_p12_h1_3_6_12_s0_50,0.75,True,True,highs
max_charge,15,423.34787617226436,642.8499999999999,219.50212382773555,26,195,0.6864040403914947,0.001952400227310136,0.006779167455937972,11.694328363856641,12,0.5,0_75_p12_h1_3_6_12_s0_50,0.75,True,True,highs
max_charge,16,401.32044303218515,642.8499999999999,241.52955696781473,22,204,0.8646152301322652,0.0018141001055482775,0.006298958699820408,-10.33310477622257,12,0.5,0_75_p12_h1_3_6_12_s0_50,0.75,True,True,highs
max_charge,17,364.0265602032342,629.6499999999999,265.62343979676564,31,202,0.7915338642299228,0.0018317999201826751,0.006360416389523177,-47.6269876051735,12,0.5,0_75_p12_h1_3_6_12_s0_50,0.75,True,True,highs
max_charge,18,482.48255210121465,638.4999999999999,156.01744789878524,33,201,0.9840488025402924,0.0020567000028677285,0.007141319454401835,70.82900429280693,12,0.5,0_75_p12_h1_3_6_12_s0_50,0.75,True,True,highs
max_charge,19,397.52381300926197,633.9999999999999,236.4761869907379,27,171,0.8834818871602278,0.0018344999989494681,0.006369791663018987,-14.129734799145751,12,0.5,0_75_p12_h1_3_6_12_s0_50,0.75,True,True,highs
max_charge,20,457.6160387486218,634.6499999999999,177.03396125137803,28,211,0.816651553106265,0.0018396998930256814,0.006387846850783616,45.96249094021408,12,0.5,0_75_p12_h1_3_6_12_s0_50,0.75,True,True,highs
max_charge,21,363.71573435068126,636.0999999999999,272.38426564931865,28,209,0.7838592524519844,0.0020448997092898935,0.00710034621281213,-47.93781345772646,12,0.5,0_75_p12_h1_3_6_12_s0_50,0.75,True,True,highs
max_charge,22,462.8112284461656,645.0999999999999,182.28877155383427,28,212,0.8534518558170154,0.0018484002503100783,0.006418056424687772,51.15768063775789,12,0.5,0_75_p12_h1_3_6_12_s0_50,0.75,True,True,highs
max_charge,23,422.2807253082593,639.9499999999999,217.66927469174064,27,215,0.8924809902380224,0.0018441997235640883,0.006403471262375306,10.627177499851598,12,0.5,0_75_p12_h1_3_6_12_s0_50,0.75,True,True,highs
max_charge,24,408.2568985521792,640.7499999999999,232.49310144782064,24,213,0.9167180094609728,0.0019789002544712275,0.006871181439136207,-3.3966492562285,12,0.5,0_75_p12_h1_3_6_12_s0_50,0.75,True,True,highs
max_charge,25,321.8572878241538,643.6499999999999,321.7927121758461,31,211,0.9256206628915364,0.0018792000773828477,0.006525000268690444,-89.79625998425394,12,0.5,0_75_p12_h1_3_6_12_s0_50,0.75,True,True,highs
max_charge,26,403.61950554847715,642.1999999999999,238.58049445152278,24,186,0.9635349610541001,0.001923100498970598,0.006677432288092354,-8.034042259930573,12,0.5,0_75_p12_h1_3_6_12_s0_50,0.75,True,True,highs
max_charge,27,491.08156824906655,644.2999999999998,153.2184317509333,26,231,0.9985789295482018,0.0017937002121470869,0.00622812573662183,79.42802044065883,12,0.5,0_75_p12_h1_3_6_12_s0_50,0.75,True,True,highs
max_charge,28,372.65238196055094,638.8,266.147618039449,31,220,0.9967700871081865,0.001797500008251518,0.006241319473095548,-39.00116584785678,12,0.5,0_75_p12_h1_3_6_12_s0_50,0.75,True,True,highs
max_charge,29,393.57391691207886,637.6999999999999,244.1260830879211,23,215,0.9971550209241686,0.0018224998784717172,0.006328124578026796,-18.079630896328865,12,0.5,0_75_p12_h1_3_6_12_s0_50,0.75,True,True,highs
random,0,405.95480458943507,633.337865365331,227.38306077589598,24,200,0.7915313036075391,0.021920699859037995,0.07611354117721526,-5.698743218972652,12,0.5,0_75_p12_h1_3_6_12_s0_50,0.75,True,True,highs
random,1,415.29034346314575,637.1474647699293,221.8571213067836,24,199,0.9324821694819053,0.02215590002015233,0.07693020840330671,3.636795654738023,12,0.5,0_75_p12_h1_3_6_12_s0_50,0.75,True,True,highs
random,2,419.2174241018082,632.4025237832504,213.1850996814422,21,211,0.8427003902744169,0.02054700010921806,0.07134375037922938,7.563876293400483,12,0.5,0_75_p12_h1_3_6_12_s0_50,0.75,True,True,highs
random,3,409.26349106970724,637.3845399597382,228.1210488900309,22,202,0.7402925109631859,0.02138389999163337,0.07424965274872698,-2.39005673870048,12,0.5,0_75_p12_h1_3_6_12_s0_50,0.75,True,True,highs
random,4,393.4900657397933,636.3959275177548,242.90586177796146,31,199,0.9015414992241534,0.022597300325287506,0.07846284835169273,-18.163482068614428,12,0.5,0_75_p12_h1_3_6_12_s0_50,0.75,True,True,highs
random,5,418.676900416718,630.970775676947,212.293875260229,28,217,0.8347737649600484,0.02230399992549792,0.07744444418575666,7.02335260831029,12,0.5,0_75_p12_h1_3_6_12_s0_50,0.75,True,True,highs
random,6,392.2981201159213,625.2394768783047,232.94135676238338,21,249,0.994301346950683,0.022785499808378518,0.07911631877909207,-19.355427692486444,12,0.5,0_75_p12_h1_3_6_12_s0_50,0.75,True,True,highs
random,7,459.9879181151738,634.8168577015218,174.82893958634807,23,195,0.7504893651752157,0.0220125000923872,0.07643229198745555,48.33437030676606,12,0.5,0_75_p12_h1_3_6_12_s0_50,0.75,True,True,highs
random,8,424.22307322862434,632.6366832624872,208.41361003386285,23,215,0.8726867395710631,0.02202120015863329,0.07646250055081004,12.569525420216621,12,0.5,0_75_p12_h1_3_6_12_s0_50,0.75,True,True,highs
random,9,367.6102367734074,632.4904037344395,264.8801669610321,21,237,0.803013386657274,0.01988879984128289,0.06905833278223225,-44.04331103500033,12,0.5,0_75_p12_h1_3_6_12_s0_50,0.75,True,True,highs
random,10,338.52942393656554,636.469680272459,297.9402563358934,24,205,0.8118259867791859,0.019867999624693766,0.06898610980796446,-73.12412387184219,12,0.5,0_75_p12_h1_3_6_12_s0_50,0.75,True,True,highs
random,11,398.81708937072824,626.3008522471708,227.48376287644263,25,181,0.796148122659505,0.020281499717384577,0.07042187401869644,-12.836458437679482,12,0.5,0_75_p12_h1_3_6_12_s0_50,0.75,True,True,highs
random,12,404.399174746461,633.6872524413474,229.28807769488637,28,213,0.7825666561715564,0.0207478997472208,0.07204131856673889,-7.254373061946751,12,0.5,0_75_p12_h1_3_6_12_s0_50,0.75,True,True,highs
random,13,411.98206913278966,639.3534777239489,227.37140859115928,22,198,0.9178542444122199,0.020133499725488946,0.06990798515794773,0.3285213243819385,12,0.5,0_75_p12_h1_3_6_12_s0_50,0.75,True,True,highs
random,14,401.43399938267794,639.0734538342166,237.63945445153868,25,222,0.6979157058690606,0.020551099762087688,0.0713579852850267,-10.219548425729784,12,0.5,0_75_p12_h1_3_6_12_s0_50,0.75,True,True,highs
random,15,421.0541087901032,639.674669012069,218.6205602219658,27,194,0.7737407132866347,0.021362299943575636,0.07417465258185985,9.400560981695492,12,0.5,0_75_p12_h1_3_6_12_s0_50,0.75,True,True,highs
random,16,394.9327001568873,632.8888499866454,237.9561498297581,23,203,0.9972755897684153,0.022092600294854492,0.07671041769046699,-16.720847651520444,12,0.5,0_75_p12_h1_3_6_12_s0_50,0.75,True,True,highs
random,17,359.89106247172083,623.1550921872224,263.2640297155016,32,200,0.8934714613896566,0.02086539994343184,0.07244930535913834,-51.76248533668689,12,0.5,0_75_p12_h1_3_6_12_s0_50,0.75,True,True,highs
random,18,478.98022948980395,633.9468774327785,154.96664794297456,26,208,0.9359745565352714,0.01948900005663745,0.0676701390855467,67.32668168139622,12,0.5,0_75_p12_h1_3_6_12_s0_50,0.75,True,True,highs
random,19,392.2298318711481,625.5801098685423,233.35027799739416,21,177,0.9433234780888945,0.01975640023010783,0.06859861191009663,-19.4237159372596,12,0.5,0_75_p12_h1_3_6_12_s0_50,0.75,True,True,highs
random,20,455.318781403957,631.3460879763608,176.02730657240372,25,214,0.8397644423119295,0.020184399880236015,0.07008472180637505,43.665233595549296,12,0.5,0_75_p12_h1_3_6_12_s0_50,0.75,True,True,highs
random,21,361.6139109160526,632.5575214188111,270.94361050275853,21,216,0.998528151081544,0.019380499434191734,0.06729340081316575,-50.039636892355134,12,0.5,0_75_p12_h1_3_6_12_s0_50,0.75,True,True,highs
random,22,458.97461119645754,639.1338734026348,180.15926220617726,23,217,0.8972829804742466,0.020559499942464754,0.07138715257800261,47.32106338804982,12,0.5,0_75_p12_h1_3_6_12_s0_50,0.75,True,True,highs
random,23,421.1412005537878,638.1497271307738,217.00852657698601,20,223,0.8801022362038777,0.019127800274873152,0.06641597317664288,9.487652745380103,12,0.5,0_75_p12_h1_3_6_12_s0_50,0.75,True,True,highs
random,24,401.8580875993101,630.6910285194488,228.83294092013867,17,220,0.9957068130387353,0.01998740030103363,0.06940069548970011,-9.795460209097598,12,0.5,0_75_p12_h1_3_6_12_s0_50,0.75,True,True,highs
random,25,316.8198137722029,634.438668283413,317.6188545112101,22,220,0.7002707614061086,0.0192182001483161,0.06672986162609756,-94.83373403620482,12,0.5,0_75_p12_h1_3_6_12_s0_50,0.75,True,True,highs
random,26,398.3707418073219,634.0631181183679,235.69237631104605,24,186,0.9294112284679288,0.020442700071725994,0.07098159747127081,-13.282806001085817,12,0.5,0_75_p12_h1_3_6_12_s0_50,0.75,True,True,highs
random,27,489.79166192935406,642.6172793744117,152.82561744505765,20,236,0.9060967097078964,0.022026600025128573,0.07648125008725198,78.13811412094634,12,0.5,0_75_p12_h1_3_6_12_s0_50,0.75,True,True,highs
random,28,369.09977171058057,632.8759551183833,263.77618340780276,21,230,0.996876659250159,0.020027500169817358,0.06953993114519916,-42.55377609782715,12,0.5,0_75_p12_h1_3_6_12_s0_50,0.75,True,True,highs
random,29,391.3145001924522,634.1368606350816,242.82236044262936,23,215,0.9126446007181013,0.020653000014135614,0.07171180560463755,-20.339047615955508,12,0.5,0_75_p12_h1_3_6_12_s0_50,0.75,True,True,highs
