controller,seed,net_profit,total_revenue,total_cost,served_customers,rejected_customers,mean_soc_fulfillment,total_compute_s,mean_step_ms,gap_to_best,ports,grid_cap_strain,experiment_id,tariff,bess_enabled,v2g_enabled,solver
milp_h1,0,28.988002449274063,86.96400734782219,57.976004898548126,8,225,0.670564689942161,3.4614188000705326,12.018815278022682,0.04097229186445617,3,0.5,dynamic_1_5_p3_h1_3_6_12_s0_50,dynamic:1.5,False,False,highs
milp_h1,1,28.023922696709633,84.0717680901289,56.047845393419266,6,226,0.9187338008004449,3.4945276999933412,12.13377673608799,-0.9231074606999741,3,0.5,dynamic_1_5_p3_h1_3_6_12_s0_50,dynamic:1.5,False,False,highs
milp_h1,2,27.2118002101779,81.6354006305337,54.4236004203558,2,239,0.9980511939289702,3.4228867999190697,11.885023610830103,-1.7352299472317085,3,0.5,dynamic_1_5_p3_h1_3_6_12_s0_50,dynamic:1.5,False,False,highs
milp_h1,3,28.786514841020107,86.35954452306032,57.573029682040215,6,227,0.9981742389762016,3.4930124998063548,12.12851562432762,-0.16051531638949967,3,0.5,dynamic_1_5_p3_h1_3_6_12_s0_50,dynamic:1.5,False,False,highs
milp_h1,4,30.789622519165277,92.36886755749583,61.579245038330555,2,237,0.0,3.5735366998414975,12.408113541116311,1.8425923617556705,3,0.5,dynamic_1_5_p3_h1_3_6_12_s0_50,dynamic:1.5,False,False,highs
milp_h1,5,26.901435144245625,80.70430543273687,53.80287028849125,5,249,0.9999994584773421,3.4383340001659235,11.938659722798345,-2.0455950131639824,3,0.5,dynamic_1_5_p3_h1_3_6_12_s0_50,dynamic:1.5,False,False,highs
milp_h1,6,29.718630194664,89.155890583992,59.437260389328,4,275,0.9985266226289099,3.349282399940421,11.629452777570906,0.7716000372543945,3,0.5,dynamic_1_5_p3_h1_3_6_12_s0_50,dynamic:1.5,False,False,highs
milp_h1,7,22.113416332751513,66.34024899825454,44.226832665503025,2,225,0.9985994338635947,3.3734170000243466,11.713253472306759,-6.833613824658094,3,0.5,dynamic_1_5_p3_h1_3_6_12_s0_50,dynamic:1.5,False,False,highs
milp_h1,8,26.45367792248726,79.36103376746178,52.90735584497452,5,242,0.9983411055734399,3.5633918001985876,12.372888195133985,-2.493352234922348,3,0.5,dynamic_1_5_p3_h1_3_6_12_s0_50,dynamic:1.5,False,False,highs
milp_h1,9,33.634319968521595,100.90295990556479,67.26863993704319,3,264,0.8378449341041323,3.467211099996348,12.038927430542875,4.687289811111988,3,0.5,dynamic_1_5_p3_h1_3_6_12_s0_50,dynamic:1.5,False,False,highs
milp_h1,10,37.726964727044106,113.18089418113232,75.45392945408821,5,233,0.9659427103570506,3.473510899959365,12.060801735970017,8.779934569634499,3,0.5,dynamic_1_5_p3_h1_3_6_12_s0_50,dynamic:1.5,False,False,highs
milp_h1,11,29.1880352050066,87.5641056150198,58.3760704100132,7,207,0.8850207146244535,3.504858499931288,12.16964756920586,0.24100504759699248,3,0.5,dynamic_1_5_p3_h1_3_6_12_s0_50,dynamic:1.5,False,False,highs
milp_h1,12,29.141669986769557,87.42500996030867,58.283339973539114,3,247,0.9986554744946895,3.3591659000958316,11.663770486443859,0.19463982935995006,3,0.5,dynamic_1_5_p3_h1_3_6_12_s0_50,dynamic:1.5,False,False,highs
milp_h1,13,28.60695031285286,85.82085093855858,57.21390062570572,7,221,0.7246636199212529,2564.0054520999547,8902.796708680398,-0.34007984455674745,3,0.5,dynamic_1_5_p3_h1_3_6_12_s0_50,dynamic:1.5,False,False,highs
milp_h1,14,29.803889963775873,89.41166989132762,59.607779927551746,7,249,0.9974315945949026,3.932252500046161,13.65365451404917,0.8568598063662662,3,0.5,dynamic_1_5_p3_h1_3_6_12_s0_50,dynamic:1.5,False,False,highs
milp_h1,15,27.34900139272213,82.04700417816639,54.69800278544426,6,224,0.996983610931791,4.231377999909455,14.69228472190783,-1.5980287646874771,3,0.5,dynamic_1_5_p3_h1_3_6_12_s0_50,dynamic:1.5,False,False,highs
milp_h1,16,30.321607623249292,90.96482286974788,60.643215246498585,5,230,0.9987287896544202,4.046362599823624,14.049870138276471,1.3745774658396854,3,0.5,dynamic_1_5_p3_h1_3_6_12_s0_50,dynamic:1.5,False,False,highs
milp_h1,17,33.73156128823757,101.19468386471272,67.46312257647514,6,235,0.9951902833586197,4.106779099965934,14.259649652659492,4.784531130827965,3,0.5,dynamic_1_5_p3_h1_3_6_12_s0_50,dynamic:1.5,False,False,highs
milp_h1,18,19.646422650665045,58.939267951995134,39.29284530133009,5,238,0.5060252615313208,4.157081300203572,14.434310070151291,-9.300607506744562,3,0.5,dynamic_1_5_p3_h1_3_6_12_s0_50,dynamic:1.5,False,False,highs
milp_h1,19,29.89960879459977,89.69882638379931,59.79921758919954,2,205,0.0,4.257477699997253,14.782908680546017,0.9525786371901646,3,0.5,dynamic_1_5_p3_h1_3_6_12_s0_50,dynamic:1.5,False,False,highs
milp_h1,20,22.295639902353287,66.88691970705986,44.59127980470657,4,244,0.9984834229831959,4.045905500053777,14.048282986297838,-6.65139025505632,3,0.5,dynamic_1_5_p3_h1_3_6_12_s0_50,dynamic:1.5,False,False,highs
milp_h1,21,34.081075955182314,102.24322786554694,68.16215191036463,4,241,0.9992420227589932,4.068723899923498,14.127513541401035,5.134045797772707,3,0.5,dynamic_1_5_p3_h1_3_6_12_s0_50,dynamic:1.5,False,False,highs
milp_h1,22,22.815097276121378,68.44529182836413,45.630194552242756,4,245,0.9995646250119085,4.124704400121118,14.321890278198326,-6.131932881288229,3,0.5,dynamic_1_5_p3_h1_3_6_12_s0_50,dynamic:1.5,False,False,highs
milp_h1,23,27.26830116659403,81.80490349978209,54.53660233318806,4,246,0.814556241460567,4.259690399849205,14.790591666143074,-1.6787289908155785,3,0.5,dynamic_1_5_p3_h1_3_6_12_s0_50,dynamic:1.5,False,False,highs
milp_h1,24,29.28914600238204,87.86743800714612,58.57829200476408,6,240,0.8563436206169422,4.163028399896575,14.454959721863109,0.3421158449724331,3,0.5,dynamic_1_5_p3_h1_3_6_12_s0_50,dynamic:1.5,False,False,highs
milp_h1,25,40.34303652495146,121.02910957485437,80.68607304990292,5,246,0.9965555406279857,4.132593300106237,14.349282292035545,11.396006367541851,3,0.5,dynamic_1_5_p3_h1_3_6_12_s0_50,dynamic:1.5,False,False,highs
milp_h1,26,29.978880140930414,89.93664042279124,59.95776028186083,4,215,0.793281354988137,4.290345699977479,14.897033680477357,1.0318499835208073,3,0.5,dynamic_1_5_p3_h1_3_6_12_s0_50,dynamic:1.5,False,False,highs
milp_h1,27,19.194614969193935,57.583844907581806,38.38922993838787,4,261,0.9988373743260115,4.09081539993349,14.204220138657952,-9.752415188215672,3,0.5,dynamic_1_5_p3_h1_3_6_12_s0_50,dynamic:1.5,False,False,highs
milp_h1,28,33.50363241881132,100.51089725643396,67.00726483762264,4,256,0.0,4.063631299912231,14.109830902473025,4.556602261401714,3,0.5,dynamic_1_5_p3_h1_3_6_12_s0_50,dynamic:1.5,False,False,highs
milp_h1,29,30.67858113348484,92.03574340045452,61.35716226696968,3,244,0.0,4.1495673999452265,14.408220138698702,1.7315509760752335,3,0.5,dynamic_1_5_p3_h1_3_6_12_s0_50,dynamic:1.5,False,False,highs
milp_h3,0,28.988002449274063,86.96400734782219,57.976004898548126,3,230,0.996699281106552,6.926360099896556,24.049861457974153,0.04097229186445617,3,0.5,dynamic_1_5_p3_h1_3_6_12_s0_50,dynamic:1.5,False,False,highs
milp_h3,1,28.023922696709633,84.0717680901289,56.047845393419266,6,226,0.6601274824812444,5.16078540001763,17.919393750061218,-0.9231074606999741,3,0.5,dynamic_1_5_p3_h1_3_6_12_s0_50,dynamic:1.5,False,False,highs
milp_h3,2,27.2118002101779,81.6354006305337,54.4236004203558,3,238,0.9980511939289702,5.409810000026482,18.784062500091952,-1.7352299472317085,3,0.5,dynamic_1_5_p3_h1_3_6_12_s0_50,dynamic:1.5,False,False,highs
milp_h3,3,28.786514841020107,86.35954452306032,57.573029682040215,3,230,0.987335901500529,6.441558299949975,22.3665218748263,-0.16051531638949967,3,0.5,dynamic_1_5_p3_h1_3_6_12_s0_50,dynamic:1.5,False,False,highs
milp_h3,4,30.789622519165277,92.36886755749583,61.579245038330555,5,234,0.8080285330673764,6.828157999945688,23.70888194425586,1.8425923617556705,3,0.5,dynamic_1_5_p3_h1_3_6_12_s0_50,dynamic:1.5,False,False,highs
milp_h3,5,26.901435144245625,80.70430543273687,53.80287028849125,7,247,0.8915482958220182,6.387914999955683,22.180260416512787,-2.0455950131639824,3,0.5,dynamic_1_5_p3_h1_3_6_12_s0_50,dynamic:1.5,False,False,highs
milp_h3,6,29.939760200679302,89.8192806020379,59.879520401358604,1,278,0.0,7.984627799858572,27.724402082842264,0.9927300432696953,3,0.5,dynamic_1_5_p3_h1_3_6_12_s0_50,dynamic:1.5,False,False,highs
milp_h3,7,22.113416332751513,66.34024899825454,44.226832665503025,4,223,0.9990227620827166,6.868127299909247,23.847664235795996,-6.833613824658094,3,0.5,dynamic_1_5_p3_h1_3_6_12_s0_50,dynamic:1.5,False,False,highs
milp_h3,8,26.553405426442623,79.66021627932787,53.106810852885246,3,243,0.9984756610851186,5.932984099941677,20.600639235908602,-2.393624730966984,3,0.5,dynamic_1_5_p3_h1_3_6_12_s0_50,dynamic:1.5,False,False,highs
milp_h3,9,33.634319968521595,100.90295990556479,67.26863993704319,4,263,0.8911857063922827,7.097452200061525,24.64393125021363,4.687289811111988,3,0.5,dynamic_1_5_p3_h1_3_6_12_s0_50,dynamic:1.5,False,False,highs
milp_h3,10,37.726964727044106,113.18089418113232,75.45392945408821,8,230,0.6917788646230889,6.351120400126092,22.052501389326707,8.779934569634499,3,0.5,dynamic_1_5_p3_h1_3_6_12_s0_50,dynamic:1.5,False,False,highs
milp_h3,11,29.368020202964544,88.10406060889363,58.73604040592909,5,209,0.6719224725151722,6.5442350998928305,22.72303854129455,0.42099004555493735,3,0.5,dynamic_1_5_p3_h1_3_6_12_s0_50,dynamic:1.5,False,False,highs
milp_h3,12,29.141669986769557,87.42500996030867,58.283339973539114,7,243,0.7171079550512675,5.790847399868653,20.107109027321712,0.19463982935995006,3,0.5,dynamic_1_5_p3_h1_3_6_12_s0_50,dynamic:1.5,False,False,highs
milp_h3,13,28.714504066854715,86.14351220056415,57.42900813370943,3,225,0.9968057267438064,7.1066288001457,24.675794444950345,-0.2325260905548916,3,0.5,dynamic_1_5_p3_h1_3_6_12_s0_50,dynamic:1.5,False,False,highs
milp_h3,14,30.01004995778203,90.03014987334609,60.02009991556406,7,249,0.9975783956301946,7.378210500028217,25.61878645843131,1.0630198003724232,3,0.5,dynamic_1_5_p3_h1_3_6_12_s0_50,dynamic:1.5,False,False,highs
milp_h3,15,27.460290145128965,82.3808704353869,54.92058029025793,4,226,0.9955002416297418,5.733233999853837,19.90706249949249,-1.4867400122806416,3,0.5,dynamic_1_5_p3_h1_3_6_12_s0_50,dynamic:1.5,False,False,highs
milp_h3,16,30.321607623249292,90.96482286974788,60.643215246498585,5,230,0.9991946748151892,7.085486100011622,24.60238229170702,1.3745774658396854,3,0.5,dynamic_1_5_p3_h1_3_6_12_s0_50,dynamic:1.5,False,False,highs
milp_h3,17,33.73156128823757,101.19468386471272,67.46312257647514,5,236,0.9981000479406071,6.018491900002118,20.8975413194518,4.784531130827965,3,0.5,dynamic_1_5_p3_h1_3_6_12_s0_50,dynamic:1.5,False,False,highs
milp_h3,18,19.646422650665045,58.939267951995134,39.29284530133009,6,237,0.8993176570105135,5.880510099930689,20.418437846981558,-9.300607506744562,3,0.5,dynamic_1_5_p3_h1_3_6_12_s0_50,dynamic:1.5,False,False,highs
milp_h3,19,29.89960879459977,89.69882638379931,59.79921758919954,2,205,0.0,7.118283600109862,24.716262500381465,0.9525786371901646,3,0.5,dynamic_1_5_p3_h1_3_6_12_s0_50,dynamic:1.5,False,False,highs
milp_h3,20,22.295639902353287,66.88691970705986,44.59127980470657,6,242,0.9963926310941345,6.557040400017286,22.767501388948908,-6.65139025505632,3,0.5,dynamic_1_5_p3_h1_3_6_12_s0_50,dynamic:1.5,False,False,highs
milp_h3,21,34.081075955182314,102.24322786554694,68.16215191036463,3,242,0.0,8.058409799792571,27.980589582613092,5.134045797772707,3,0.5,dynamic_1_5_p3_h1_3_6_12_s0_50,dynamic:1.5,False,False,highs
milp_h3,22,22.815097276121378,68.44529182836413,45.630194552242756,4,245,0.9988902171106003,7.858355099990149,27.28595520829913,-6.131932881288229,3,0.5,dynamic_1_5_p3_h1_3_6_12_s0_50,dynamic:1.5,False,False,highs
milp_h3,23,27.26830116659403,81.80490349978209,54.53660233318806,6,244,0.8148339402953124,6.163342300133081,21.40049409768431,-1.6787289908155785,3,0.5,dynamic_1_5_p3_h1_3_6_12_s0_50,dynamic:1.5,False,False,highs
milp_h3,24,29.28914600238204,87.86743800714612,58.57829200476408,6,240,0.7014817504429203,6.912816900090547,24.002836458647735,0.3421158449724331,3,0.5,dynamic_1_5_p3_h1_3_6_12_s0_50,dynamic:1.5,False,False,highs
milp_h3,25,40.34303652495146,121.02910957485437,80.68607304990292,4,247,0.9965905816667272,6.060279400073341,21.04263680581021,11.396006367541851,3,0.5,dynamic_1_5_p3_h1_3_6_12_s0_50,dynamic:1.5,False,False,highs
milp_h3,26,29.978880140930414,89.93664042279124,59.95776028186083,3,216,0.9989257588498375,5.679269999964163,19.719687499875565,1.0318499835208073,3,0.5,dynamic_1_5_p3_h1_3_6_12_s0_50,dynamic:1.5,False,False,highs
milp_h3,27,19.194614969193935,57.583844907581806,38.38922993838787,4,261,0.9967283623326,7.227826399932383,25.09661944420966,-9.752415188215672,3,0.5,dynamic_1_5_p3_h1_3_6_12_s0_50,dynamic:1.5,False,False,highs
milp_h3,28,33.50363241881132,100.51089725643396,67.00726483762264,5,255,0.9986576343587159,6.790975600015372,23.579776388942264,4.556602261401714,3,0.5,dynamic_1_5_p3_h1_3_6_12_s0_50,dynamic:1.5,False,False,highs
milp_h3,29,30.67858113348484,92.03574340045452,61.35716226696968,6,241,0.9992050626068785,10.6430772998865,36.95512951349479,1.7315509760752335,3,0.5,dynamic_1_5_p3_h1_3_6_12_s0_50,dynamic:1.5,False,False,highs
milp_h6,0,28.988002449274063,86.96400734782219,57.976004898548126,4,229,0.9950892482739316,16.55791590003355,57.492763541783155,0.04097229186445617,3,0.5,dynamic_1_5_p3_h1_3_6_12_s0_50,dynamic:1.5,False,False,highs
milp_h6,1,28.023922696709633,84.0717680901289,56.047845393419266,6,226,0.6601274824812444,10.164039200055413,35.29180277797018,-0.9231074606999741,3,0.5,dynamic_1_5_p3_h1_3_6_12_s0_50,dynamic:1.5,False,False,highs
milp_h6,2,27.2118002101779,81.6354006305337,54.4236004203558,3,238,0.9980511939289702,10.304573600136791,35.77976944491942,-1.7352299472317085,3,0.5,dynamic_1_5_p3_h1_3_6_12_s0_50,dynamic:1.5,False,False,highs
milp_h6,3,28.786514841020107,86.35954452306032,57.573029682040215,3,230,0.987335901500529,11.88595019991044,41.270660416355696,-0.16051531638949967,3,0.5,dynamic_1_5_p3_h1_3_6_12_s0_50,dynamic:1.5,False,False,highs
milp_h6,4,30.789622519165277,92.36886755749583,61.579245038330555,5,234,0.8080285330673764,8.34158260023105,28.963828473024478,1.8425923617556705,3,0.5,dynamic_1_5_p3_h1_3_6_12_s0_50,dynamic:1.5,False,False,highs
milp_h6,5,26.901435144245625,80.70430543273687,53.80287028849125,7,247,0.8915482958220182,8.168965699936962,28.36446423589223,-2.0455950131639824,3,0.5,dynamic_1_5_p3_h1_3_6_12_s0_50,dynamic:1.5,False,False,highs
milp_h6,6,29.939760200679302,89.8192806020379,59.879520401358604,1,278,0.0,9.997718099984922,34.71429895828098,0.9927300432696953,3,0.5,dynamic_1_5_p3_h1_3_6_12_s0_50,dynamic:1.5,False,False,highs
milp_h6,7,22.113416332751513,66.34024899825454,44.226832665503025,4,223,0.9992513359210791,8.867086799960816,30.788495833197278,-6.833613824658094,3,0.5,dynamic_1_5_p3_h1_3_6_12_s0_50,dynamic:1.5,False,False,highs
milp_h6,8,26.553405426442623,79.66021627932787,53.106810852885246,4,242,0.9985576822134021,7.696355200008838,26.723455555586245,-2.393624730966984,3,0.5,dynamic_1_5_p3_h1_3_6_12_s0_50,dynamic:1.5,False,False,highs
milp_h6,9,33.634319968521595,100.90295990556479,67.26863993704319,4,263,0.8911857063922827,8.873533499892801,30.810880207961116,4.687289811111988,3,0.5,dynamic_1_5_p3_h1_3_6_12_s0_50,dynamic:1.5,False,False,highs
milp_h6,10,37.726964727044106,113.18089418113232,75.45392945408821,8,230,0.08163285312234823,7.850134600099409,27.257411805900727,8.779934569634499,3,0.5,dynamic_1_5_p3_h1_3_6_12_s0_50,dynamic:1.5,False,False,highs
milp_h6,11,29.368020202964544,88.10406060889363,58.73604040592909,5,209,0.6719224725151722,8.056413800048176,27.973659027945057,0.42099004555493735,3,0.5,dynamic_1_5_p3_h1_3_6_12_s0_50,dynamic:1.5,False,False,highs
milp_h6,12,29.141669986769557,87.42500996030867,58.283339973539114,7,243,0.7171079550512675,6.906308899924625,23.980239235849393,0.19463982935995006,3,0.5,dynamic_1_5_p3_h1_3_6_12_s0_50,dynamic:1.5,False,False,highs
milp_h6,13,28.714504066854715,86.14351220056415,57.42900813370943,3,225,0.9968057267438064,8.762125400040532,30.424046527918513,-0.2325260905548916,3,0.5,dynamic_1_5_p3_h1_3_6_12_s0_50,dynamic:1.5,False,False,highs
milp_h6,14,30.01004995778203,90.03014987334609,60.02009991556406,8,248,0.9986333813292324,8.575517600038438,29.776102777911245,1.0630198003724232,3,0.5,dynamic_1_5_p3_h1_3_6_12_s0_50,dynamic:1.5,False,False,highs
milp_h6,15,27.460290145128965,82.3808704353869,54.92058029025793,4,226,0.9955002416297418,7.13217690003512,24.764503125121944,-1.4867400122806416,3,0.5,dynamic_1_5_p3_h1_3_6_12_s0_50,dynamic:1.5,False,False,highs
milp_h6,16,30.321607623249292,90.96482286974788,60.643215246498585,5,230,0.9991946748151892,8.983289599986165,31.19197777772974,1.3745774658396854,3,0.5,dynamic_1_5_p3_h1_3_6_12_s0_50,dynamic:1.5,False,False,highs
milp_h6,17,33.73156128823757,101.19468386471272,67.46312257647514,5,236,0.9981000479406071,7.357344700052636,25.546335764071653,4.784531130827965,3,0.5,dynamic_1_5_p3_h1_3_6_12_s0_50,dynamic:1.5,False,False,highs
milp_h6,18,19.646422650665045,58.939267951995134,39.29284530133009,6,237,0.8993176570105135,7.223516999918502,25.08165624971702,-9.300607506744562,3,0.5,dynamic_1_5_p3_h1_3_6_12_s0_50,dynamic:1.5,False,False,highs
milp_h6,19,29.89960879459977,89.69882638379931,59.79921758919954,2,205,0.0,8.414633400010644,29.21747708337029,0.9525786371901646,3,0.5,dynamic_1_5_p3_h1_3_6_12_s0_50,dynamic:1.5,False,False,highs
milp_h6,20,22.295639902353287,66.88691970705986,44.59127980470657,6,242,0.9963926310941345,7.525518699985696,26.13027326383922,-6.65139025505632,3,0.5,dynamic_1_5_p3_h1_3_6_12_s0_50,dynamic:1.5,False,False,highs
milp_h6,21,34.081075955182314,102.24322786554694,68.16215191036463,3,242,0.0,10.36322529996687,35.98342118044052,5.134045797772707,3,0.5,dynamic_1_5_p3_h1_3_6_12_s0_50,dynamic:1.5,False,False,highs
milp_h6,22,22.815097276121378,68.44529182836413,45.630194552242756,4,245,0.9988902171106003,9.645393499988131,33.49094965273657,-6.131932881288229,3,0.5,dynamic_1_5_p3_h1_3_6_12_s0_50,dynamic:1.5,False,False,highs
milp_h6,23,27.26830116659403,81.80490349978209,54.53660233318806,5,245,0.8568259536085119,7.78077579998353,27.016582638831704,-1.6787289908155785,3,0.5,dynamic_1_5_p3_h1_3_6_12_s0_50,dynamic:1.5,False,False,highs
milp_h6,24,29.28914600238204,87.86743800714612,58.57829200476408,6,240,0.698841993491527,8.81315319990972,30.60122638857542,0.3421158449724331,3,0.5,dynamic_1_5_p3_h1_3_6_12_s0_50,dynamic:1.5,False,False,highs
milp_h6,25,40.34303652495146,121.02910957485437,80.68607304990292,4,247,0.9965905816667272,7.472324700022,25.94557187507639,11.396006367541851,3,0.5,dynamic_1_5_p3_h1_3_6_12_s0_50,dynamic:1.5,False,False,highs
milp_h6,26,29.978880140930414,89.93664042279124,59.95776028186083,3,216,0.9989257588498375,11.023253799998201,38.27518680554931,1.0318499835208073,3,0.5,dynamic_1_5_p3_h1_3_6_12_s0_50,dynamic:1.5,False,False,highs
milp_h6,27,19.194614969193935,57.583844907581806,38.38922993838787,5,260,0.9975192358961955,14.989346900038072,52.04634340290997,-9.752415188215672,3,0.5,dynamic_1_5_p3_h1_3_6_12_s0_50,dynamic:1.5,False,False,highs
milp_h6,28,33.50363241881132,100.51089725643396,67.00726483762264,5,255,0.9986576343587159,13.67340180008614,47.47708958363243,4.556602261401714,3,0.5,dynamic_1_5_p3_h1_3_6_12_s0_50,dynamic:1.5,False,False,highs
milp_h6,29,30.67858113348484,92.03574340045452,61.35716226696968,6,241,0.9992050626068785,14.62368630009587,50.77668854199955,1.7315509760752335,3,0.5,dynamic_1_5_p3_h1_3_6_12_s0_50,dynamic:1.5,False,False,highs
milp_h12,0,28.988002449274063,86.96400734782219,57.976004898548126,4,229,0.9984517157353089,21.91171660007967,76.0823493058322,0.04097229186445617,3,0.5,dynamic_1_5_p3_h1_3_6_12_s0_50,dynamic:1.5,False,False,highs
milp_h12,1,28.023922696709633,84.0717680901289,56.047845393419266,6,226,0.6601274824812444,14.115006399995764,49.01043888887418,-0.9231074606999741,3,0.5,dynamic_1_5_p3_h1_3_6_12_s0_50,dynamic:1.5,False,False,highs
milp_h12,2,27.2118002101779,81.6354006305337,54.4236004203558,3,238,0.9980511939289702,14.155007000081241,49.1493298613932,-1.7352299472317085,3,0.5,dynamic_1_5_p3_h1_3_6_12_s0_50,dynamic:1.5,False,False,highs
milp_h12,3,28.786514841020107,86.35954452306032,57.573029682040215,3,230,0.9916969184836416,19.304079800116597,67.02805486151595,-0.16051531638949967,3,0.5,dynamic_1_5_p3_h1_3_6_12_s0_50,dynamic:1.5,False,False,highs
milp_h12,4,30.789622519165277,92.36886755749583,61.579245038330555,5,234,0.8080285330673764,19.9683552999486,69.33456701371041,1.8425923617556705,3,0.5,dynamic_1_5_p3_h1_3_6_12_s0_50,dynamic:1.5,False,False,highs
milp_h12,5,26.901435144245625,80.70430543273687,53.80287028849125,7,247,0.8057891094115727,18.76112000006833,65.14277777801504,-2.0455950131639824,3,0.5,dynamic_1_5_p3_h1_3_6_12_s0_50,dynamic:1.5,False,False,highs
milp_h12,6,29.939760200679302,89.8192806020379,59.879520401358604,1,278,0.0,22.53483289986616,78.24594756897972,0.9927300432696953,3,0.5,dynamic_1_5_p3_h1_3_6_12_s0_50,dynamic:1.5,False,False,highs
milp_h12,7,22.113416332751513,66.34024899825454,44.226832665503025,4,223,0.9992513359210791,19.13613230023475,66.44490382025954,-6.833613824658094,3,0.5,dynamic_1_5_p3_h1_3_6_12_s0_50,dynamic:1.5,False,False,highs
milp_h12,8,26.553405426442623,79.66021627932787,53.106810852885246,4,242,0.9979537975625057,18.31441220016859,63.59170902836316,-2.393624730966984,3,0.5,dynamic_1_5_p3_h1_3_6_12_s0_50,dynamic:1.5,False,False,highs
milp_h12,9,33.634319968521595,100.90295990556479,67.26863993704319,4,263,0.8911857063922827,20.93138489998819,72.67841979162566,4.687289811111988,3,0.5,dynamic_1_5_p3_h1_3_6_12_s0_50,dynamic:1.5,False,False,highs
milp_h12,10,37.726964727044106,113.18089418113232,75.45392945408821,8,230,0.08163285312234823,17.343090499940445,60.21906423590432,8.779934569634499,3,0.5,dynamic_1_5_p3_h1_3_6_12_s0_50,dynamic:1.5,False,False,highs
milp_h12,11,29.368020202964544,88.10406060889363,58.73604040592909,5,209,0.6719224725151722,18.184282499933033,63.139869791434144,0.42099004555493735,3,0.5,dynamic_1_5_p3_h1_3_6_12_s0_50,dynamic:1.5,False,False,highs
milp_h12,12,29.141669986769557,87.42500996030867,58.283339973539114,7,243,0.7171079550512675,15.771052900061477,54.760600347435684,0.19463982935995006,3,0.5,dynamic_1_5_p3_h1_3_6_12_s0_50,dynamic:1.5,False,False,highs
milp_h12,13,28.714504066854715,86.14351220056415,57.42900813370943,3,225,0.9968057267438064,21.392051099828677,74.27795520773846,-0.2325260905548916,3,0.5,dynamic_1_5_p3_h1_3_6_12_s0_50,dynamic:1.5,False,False,highs
milp_h12,14,30.01004995778203,90.03014987334609,60.02009991556406,6,250,0.9971465804062832,21.385893100086832,74.2565732641904,1.0630198003724232,3,0.5,dynamic_1_5_p3_h1_3_6_12_s0_50,dynamic:1.5,False,False,highs
milp_h12,15,27.460290145128965,82.3808704353869,54.92058029025793,4,226,0.9955002416297418,15.380248600034975,53.40364097234366,-1.4867400122806416,3,0.5,dynamic_1_5_p3_h1_3_6_12_s0_50,dynamic:1.5,False,False,highs
milp_h12,16,30.321607623249292,90.96482286974788,60.643215246498585,6,229,0.771731656307687,16.746914600124,58.14900902820833,1.3745774658396854,3,0.5,dynamic_1_5_p3_h1_3_6_12_s0_50,dynamic:1.5,False,False,highs
milp_h12,17,33.73156128823757,101.19468386471272,67.46312257647514,5,236,0.9981000479406071,10.353424800021457,35.94939166674117,4.784531130827965,3,0.5,dynamic_1_5_p3_h1_3_6_12_s0_50,dynamic:1.5,False,False,highs
milp_h12,18,19.646422650665045,58.939267951995134,39.29284530133009,6,237,0.8993176570105135,10.334464299914544,35.8835565969255,-9.300607506744562,3,0.5,dynamic_1_5_p3_h1_3_6_12_s0_50,dynamic:1.5,False,False,highs
milp_h12,19,29.89960879459977,89.69882638379931,59.79921758919954,2,205,0.0,11.820652200040058,41.04393125013909,0.9525786371901646,3,0.5,dynamic_1_5_p3_h1_3_6_12_s0_50,dynamic:1.5,False,False,highs
milp_h12,20,22.295639902353287,66.88691970705986,44.59127980470657,8,240,0.9968771665452154,11.354871100003948,39.426635763902595,-6.65139025505632,3,0.5,dynamic_1_5_p3_h1_3_6_12_s0_50,dynamic:1.5,False,False,highs
milp_h12,21,34.081075955182314,102.24322786554694,68.16215191036463,3,242,0.0,13.719112399907317,47.63580694412263,5.134045797772707,3,0.5,dynamic_1_5_p3_h1_3_6_12_s0_50,dynamic:1.5,False,False,highs
milp_h12,22,22.815097276121378,68.44529182836413,45.630194552242756,4,245,0.9988902171106003,13.153592099872185,45.672194791222864,-6.131932881288229,3,0.5,dynamic_1_5_p3_h1_3_6_12_s0_50,dynamic:1.5,False,False,highs
milp_h12,23,27.26830116659403,81.80490349978209,54.53660233318806,5,245,0.8578247104209437,10.488539300000411,36.41853923611254,-1.6787289908155785,3,0.5,dynamic_1_5_p3_h1_3_6_12_s0_50,dynamic:1.5,False,False,highs
milp_h12,24,29.28914600238204,87.86743800714612,58.57829200476408,6,240,0.698841993491527,17.6303378000448,61.2164506946,0.3421158449724331,3,0.5,dynamic_1_5_p3_h1_3_6_12_s0_50,dynamic:1.5,False,False,highs
milp_h12,25,40.34303652495146,121.02910957485437,80.68607304990292,3,248,0.9972389319497843,19.945076199932373,69.25373680532074,11.396006367541851,3,0.5,dynamic_1_5_p3_h1_3_6_12_s0_50,dynamic:1.5,False,False,highs
milp_h12,26,29.978880140930414,89.93664042279124,59.95776028186083,3,216,0.9989257588498375,17.23951830000442,59.85943854168201,1.0318499835208073,3,0.5,dynamic_1_5_p3_h1_3_6_12_s0_50,dynamic:1.5,False,False,highs
milp_h12,27,19.194614969193935,57.583844907581806,38.38922993838787,4,261,0.9978052743778335,20.048056000072393,69.61130555580692,-9.752415188215672,3,0.5,dynamic_1_5_p3_h1_3_6_12_s0_50,dynamic:1.5,False,False,highs
milp_h12,28,33.50363241881132,100.51089725643396,67.00726483762264,5,255,0.997719408530143,11.464408700077911,39.8069746530483,4.556602261401714,3,0.5,dynamic_1_5_p3_h1_3_6_12_s0_50,dynamic:1.5,False,False,highs
milp_h12,29,30.67858113348484,92.03574340045452,61.35716226696968,6,241,0.9992050626068785,11.822274000078323,41.04956250027195,1.7315509760752335,3,0.5,dynamic_1_5_p3_h1_3_6_12_s0_50,dynamic:1.5,False,False,highs
equal_share,0,20.346175917053387,61.03852775116015,40.692351834106766,8,225,0.9960876579461511,0.0033116998383775353,0.01149895777214422,-8.60085424035622,3,0.5,dynamic_1_5_p3_h1_3_6_12_s0_50,dynamic:1.5,False,False,highs
equal_share,1,22.622792733842182,67.86837820152654,45.24558546768436,4,228,0.6818769654695858,0.0029474001785274595,0.01023402839766479,-6.324237423567425,3,0.5,dynamic_1_5_p3_h1_3_6_12_s0_50,dynamic:1.5,False,False,highs
equal_share,2,20.050220741422308,60.15066222426694,40.10044148284463,1,240,0.9980511939289702,0.0028743999428115785,0.009980555356984647,-8.896809415987299,3,0.5,dynamic_1_5_p3_h1_3_6_12_s0_50,dynamic:1.5,False,False,highs
equal_share,3,22.19020001634837,66.5706000490451,44.38040003269673,3,230,0.9964268336222204,0.0029732001130469143,0.01032361150363512,-6.756830141061236,3,0.5,dynamic_1_5_p3_h1_3_6_12_s0_50,dynamic:1.5,False,False,highs
equal_share,4,23.433150118038924,70.29945035411677,46.86630023607785,6,233,0.9973294438040373,0.002842900124960579,0.009871180989446456,-5.513880039370683,3,0.5,dynamic_1_5_p3_h1_3_6_12_s0_50,dynamic:1.5,False,False,highs
equal_share,5,26.786764611939972,80.36029383581992,53.573529223879945,12,242,0.8535487668858449,0.002770299819530919,0.00961909659559347,-2.1602655454696347,3,0.5,dynamic_1_5_p3_h1_3_6_12_s0_50,dynamic:1.5,False,False,highs
equal_share,6,27.169424905554052,81.50827471666216,54.338849811108105,3,276,0.9968355837063084,0.0030268000409705564,0.010509722364481099,-1.7776052518555545,3,0.5,dynamic_1_5_p3_h1_3_6_12_s0_50,dynamic:1.5,False,False,highs
equal_share,7,16.964713129277513,50.894139387832524,33.92942625855501,3,224,0.9968128674814721,0.0029957000515423715,0.010401736290077679,-11.982317028132094,3,0.5,dynamic_1_5_p3_h1_3_6_12_s0_50,dynamic:1.5,False,False,highs
equal_share,8,22.61969961690017,67.85909885070049,45.23939923380032,2,244,0.9991275975613213,0.002774499880615622,0.009633680141026465,-6.327330540509436,3,0.5,dynamic_1_5_p3_h1_3_6_12_s0_50,dynamic:1.5,False,False,highs
equal_share,9,33.57243130151733,100.71729390455197,67.14486260303464,5,262,0.8378449341041323,0.00410040003771428,0.014237500130952362,4.62540114410772,3,0.5,dynamic_1_5_p3_h1_3_6_12_s0_50,dynamic:1.5,False,False,highs
equal_share,10,30.057118394648555,90.17135518394565,60.114236789297095,6,232,0.7218089733986575,0.004210799816064537,0.01462083269466853,1.1100882372389478,3,0.5,dynamic_1_5_p3_h1_3_6_12_s0_50,dynamic:1.5,False,False,highs
equal_share,11,26.0290468202982,78.0871404608946,52.058093640596404,7,207,0.8780721958398445,0.004591799952322617,0.01594374983445353,-2.9179833371114086,3,0.5,dynamic_1_5_p3_h1_3_6_12_s0_50,dynamic:1.5,False,False,highs
equal_share,12,29.06057848775683,87.18173546327048,58.12115697551366,5,245,0.7084790753566944,0.00484919993323274,0.016837499768169235,0.11354833034722134,3,0.5,dynamic_1_5_p3_h1_3_6_12_s0_50,dynamic:1.5,False,False,highs
equal_share,13,28.61655529558668,85.84966588676004,57.23311059117336,5,223,0.9979126038828485,0.0045555000397143885,0.015817708471230516,-0.3304748618229283,3,0.5,dynamic_1_5_p3_h1_3_6_12_s0_50,dynamic:1.5,False,False,highs
equal_share,14,24.189276704401387,72.56783011320417,48.37855340880278,7,249,0.9945810628000085,0.0031817000708542764,0.011047569690466238,-4.75775345300822,3,0.5,dynamic_1_5_p3_h1_3_6_12_s0_50,dynamic:1.5,False,False,highs
equal_share,15,26.045008033746257,78.13502410123876,52.0900160674925,5,225,0.9934837453233059,0.00268990000768099,0.00933993058222566,-2.9020221236633503,3,0.5,dynamic_1_5_p3_h1_3_6_12_s0_50,dynamic:1.5,False,False,highs
equal_share,16,29.82562083662686,89.47686250988058,59.651241673253715,7,228,0.3210294815779322,0.002871700096875429,0.009971180891928574,0.878590679217254,3,0.5,dynamic_1_5_p3_h1_3_6_12_s0_50,dynamic:1.5,False,False,highs
equal_share,17,29.587572099793988,88.76271629938198,59.17514419958799,3,238,0.0,0.003007200240972452,0.01044166750337657,0.640541942384381,3,0.5,dynamic_1_5_p3_h1_3_6_12_s0_50,dynamic:1.5,False,False,highs
equal_share,18,19.61423637737075,58.84270913211225,39.228472754741496,6,237,0.8320749485521847,0.0027545000048121437,0.009564236127819944,-9.332793780038855,3,0.5,dynamic_1_5_p3_h1_3_6_12_s0_50,dynamic:1.5,False,False,highs
equal_share,19,29.243091653382052,87.72927496014616,58.486183306764104,4,203,0.0,0.0027329999284120277,0.009489583084763985,0.29606149597244524,3,0.5,dynamic_1_5_p3_h1_3_6_12_s0_50,dynamic:1.5,False,False,highs
equal_share,20,21.741957488620017,65.22587246586006,43.48391497724005,5,243,0.9976851747143256,0.0027534000255400315,0.009560416755347332,-7.20507266878959,3,0.5,dynamic_1_5_p3_h1_3_6_12_s0_50,dynamic:1.5,False,False,highs
equal_share,21,34.007542866072825,102.02262859821849,68.01508573214566,7,238,0.99608859320216,0.0030542000458808616,0.010604861270419659,5.060512708663218,3,0.5,dynamic_1_5_p3_h1_3_6_12_s0_50,dynamic:1.5,False,False,highs
equal_share,22,16.67354636937158,50.02063910811474,33.347092738743164,4,245,0.9971431656424181,0.0030277000623755157,0.010512847438803874,-12.273483788038028,3,0.5,dynamic_1_5_p3_h1_3_6_12_s0_50,dynamic:1.5,False,False,highs
equal_share,23,24.29209459709905,72.87628379129714,48.58418919419809,5,245,0.858496273349082,0.002830599798471667,0.009828471522471065,-4.654935560310555,3,0.5,dynamic_1_5_p3_h1_3_6_12_s0_50,dynamic:1.5,False,False,highs
equal_share,24,21.763975493585164,65.29192648075548,43.527950987170314,5,241,0.807447290551134,0.002891399766667746,0.010039582523151895,-7.183054663824443,3,0.5,dynamic_1_5_p3_h1_3_6_12_s0_50,dynamic:1.5,False,False,highs
equal_share,25,40.25948723189178,120.77846169567533,80.51897446378355,5,246,0.9965905816667272,0.0028281000413699076,0.00981979181031218,11.312457074482175,3,0.5,dynamic_1_5_p3_h1_3_6_12_s0_50,dynamic:1.5,False,False,highs
equal_share,26,29.926054301891952,89.77816290567586,59.852108603783904,5,214,0.7485583624829377,0.0029255000554258004,0.010157986303561807,0.9790241444823451,3,0.5,dynamic_1_5_p3_h1_3_6_12_s0_50,dynamic:1.5,False,False,highs
equal_share,27,12.286460428706459,36.85938128611938,24.57292085741292,3,262,0.6750972503853172,0.004373599964310415,0.015186110987188941,-16.66056972870315,3,0.5,dynamic_1_5_p3_h1_3_6_12_s0_50,dynamic:1.5,False,False,highs
equal_share,28,30.61415013195429,91.84245039586287,61.22830026390858,5,255,0.9981221168687766,0.004262299960828386,0.01479965264176523,1.6671199745446827,3,0.5,dynamic_1_5_p3_h1_3_6_12_s0_50,dynamic:1.5,False,False,highs
equal_share,29,30.57412834714288,91.72238504142865,61.14825669428577,5,242,0.9990215922962633,0.004809300124179572,0.0166989587645124,1.6270981897332746,3,0.5,dynamic_1_5_p3_h1_3_6_12_s0_50,dynamic:1.5,False,False,highs
max_charge,0,28.98800244927405,86.96400734782216,57.97600489854811,11,222,0.9968973966659183,0.00207349999982398,0.0071996527771665975,0.040972291864441956,3,0.5,dynamic_1_5_p3_h1_3_6_12_s0_50,dynamic:1.5,False,False,highs
max_charge,1,28.02392269670962,84.07176809012887,56.04784539341925,5,227,0.863836033906772,0.0022295000235317275,0.007741319526151831,-0.9231074606999883,3,0.5,dynamic_1_5_p3_h1_3_6_12_s0_50,dynamic:1.5,False,False,highs
max_charge,2,27.211800210177884,81.63540063053367,54.42360042035578,6,235,0.9979934238876155,0.002005700211157091,0.006964236844295455,-1.7352299472317227,3,0.5,dynamic_1_5_p3_h1_3_6_12_s0_50,dynamic:1.5,False,False,highs
max_charge,3,28.786514841020093,86.3595445230603,57.5730296820402,5,228,0.9976075312174452,0.0019959999044658616,0.006930555223839797,-0.16051531638951388,3,0.5,dynamic_1_5_p3_h1_3_6_12_s0_50,dynamic:1.5,False,False,highs
max_charge,4,30.789622519165263,92.3688675574958,61.57924503833054,6,233,0.9992710506017771,0.00202840004931204,0.007043055726777918,1.8425923617556563,3,0.5,dynamic_1_5_p3_h1_3_6_12_s0_50,dynamic:1.5,False,False,highs
max_charge,5,26.90143514424561,80.70430543273685,53.802870288491235,12,242,0.8535487668858449,0.0019671999471029267,0.006830555371885162,-2.0455950131639966,3,0.5,dynamic_1_5_p3_h1_3_6_12_s0_50,dynamic:1.5,False,False,highs
max_charge,6,29.939760200679288,89.81928060203788,59.87952040135859,4,275,0.9980789745680787,0.0019444001372903585,0.006751389365591522,0.9927300432696811,3,0.5,dynamic_1_5_p3_h1_3_6_12_s0_50,dynamic:1.5,False,False,highs
max_charge,7,22.113416332751513,66.34024899825452,44.22683266550301,5,222,0.9990028949306043,0.0018361999245826155,0.006375694182578526,-6.833613824658094,3,0.5,dynamic_1_5_p3_h1_3_6_12_s0_50,dynamic:1.5,False,False,highs
max_charge,8,26.55340542644261,79.66021627932784,53.10681085288523,5,241,0.9994888286954704,0.0022479001781903207,0.007805208952049725,-2.393624730966998,3,0.5,dynamic_1_5_p3_h1_3_6_12_s0_50,dynamic:1.5,False,False,highs
max_charge,9,33.63431996852158,100.90295990556476,67.26863993704318,5,262,0.8378449341041323,0.0022298000112641603,0.007742361150222778,4.687289811111974,3,0.5,dynamic_1_5_p3_h1_3_6_12_s0_50,dynamic:1.5,False,False,highs
max_charge,10,37.72696472704409,113.18089418113229,75.4539294540882,9,229,0.8000289007214757,0.0020130999328102916,0.006989930322257957,8.779934569634484,3,0.5,dynamic_1_5_p3_h1_3_6_12_s0_50,dynamic:1.5,False,False,highs
max_charge,11,29.36802020296453,88.1040606088936,58.736040405929074,8,206,0.8985513229988812,0.001969899909454398,0.006839930241161103,0.42099004555492314,3,0.5,dynamic_1_5_p3_h1_3_6_12_s0_50,dynamic:1.5,False,False,highs
max_charge,12,29.141669986769543,87.42500996030864,58.2833399735391,5,245,0.7084790753566944,0.0020580999844241887,0.007146180501472877,0.19463982935993585,3,0.5,dynamic_1_5_p3_h1_3_6_12_s0_50,dynamic:1.5,False,False,highs
max_charge,13,28.7145040668547,86.14351220056412,57.42900813370942,5,223,0.9979126038828485,0.002004100169870071,0.006958681145382191,-0.2325260905549058,3,0.5,dynamic_1_5_p3_h1_3_6_12_s0_50,dynamic:1.5,False,False,highs
max_charge,14,30.010049957782016,90.03014987334606,60.020099915564046,10,246,0.9959749554577707,0.0020201000152155757,0.007014236163942971,1.063019800372409,3,0.5,dynamic_1_5_p3_h1_3_6_12_s0_50,dynamic:1.5,False,False,highs
max_charge,15,27.46029014512895,82.38087043538687,54.92058029025792,6,224,0.9934837453233059,0.0022280999255599454,0.007736458074860921,-1.4867400122806558,3,0.5,dynamic_1_5_p3_h1_3_6_12_s0_50,dynamic:1.5,False,False,highs
max_charge,16,30.321607623249278,90.96482286974785,60.64321524649857,9,226,0.5470481417504781,0.0012551000982057303,0.00435798645210323,1.3745774658396712,3,0.5,dynamic_1_5_p3_h1_3_6_12_s0_50,dynamic:1.5,False,False,highs
max_charge,17,33.73156128823756,101.19468386471269,67.46312257647513,4,237,0.0,0.0014721999905304983,0.005111805522675341,4.784531130827951,3,0.5,dynamic_1_5_p3_h1_3_6_12_s0_50,dynamic:1.5,False,False,highs
max_charge,18,19.646422650665038,58.93926795199512,39.29284530133008,6,237,0.8320749485521847,0.001361799964797683,0.004728472099991955,-9.30060750674457,3,0.5,dynamic_1_5_p3_h1_3_6_12_s0_50,dynamic:1.5,False,False,highs
max_charge,19,29.899608794599757,89.69882638379929,59.79921758919953,5,202,0.0,0.0012572000705404207,0.004365278022709794,0.9525786371901503,3,0.5,dynamic_1_5_p3_h1_3_6_12_s0_50,dynamic:1.5,False,False,highs
max_charge,20,22.295639902353287,66.88691970705985,44.59127980470656,5,243,0.9976851747143256,0.0012394000514177606,0.004303472400756113,-6.65139025505632,3,0.5,dynamic_1_5_p3_h1_3_6_12_s0_50,dynamic:1.5,False,False,highs
max_charge,21,34.0810759551823,102.24322786554691,68.16215191036461,7,238,0.99608859320216,0.0012250000436324626,0.004253472373723828,5.134045797772693,3,0.5,dynamic_1_5_p3_h1_3_6_12_s0_50,dynamic:1.5,False,False,highs
max_charge,22,22.815097276121364,68.4452918283641,45.63019455224274,7,242,0.9971431656424181,0.00126149995776359,0.004380208186679131,-6.131932881288243,3,0.5,dynamic_1_5_p3_h1_3_6_12_s0_50,dynamic:1.5,False,False,highs
max_charge,23,27.268301166594014,81.80490349978206,54.53660233318804,6,244,0.858496273349082,0.0012704000400844961,0.004411111250293389,-1.6787289908155927,3,0.5,dynamic_1_5_p3_h1_3_6_12_s0_50,dynamic:1.5,False,False,highs
max_charge,24,29.289146002382026,87.86743800714609,58.578292004764066,8,238,0.8553229970156869,0.0012325999996392056,0.004279861109858353,0.34211584497241887,3,0.5,dynamic_1_5_p3_h1_3_6_12_s0_50,dynamic:1.5,False,False,highs
max_charge,25,40.34303652495146,121.02910957485435,80.68607304990289,5,246,0.9965905816667272,0.0012211999855935574,0.004240277727755408,11.396006367541851,3,0.5,dynamic_1_5_p3_h1_3_6_12_s0_50,dynamic:1.5,False,False,highs
max_charge,26,29.9788801409304,89.93664042279121,59.957760281860814,5,214,0.7485583624829377,0.001247300038812682,0.0043309029125440344,1.031849983520793,3,0.5,dynamic_1_5_p3_h1_3_6_12_s0_50,dynamic:1.5,False,False,highs
max_charge,27,19.19461496919393,57.58384490758179,38.389229938387864,4,261,0.9974473921868747,0.0012233000597916543,0.0042475696520543555,-9.752415188215679,3,0.5,dynamic_1_5_p3_h1_3_6_12_s0_50,dynamic:1.5,False,False,highs
max_charge,28,33.50363241881131,100.51089725643394,67.00726483762263,6,254,0.9981221168687766,0.0015982000913936645,0.005549305872894668,4.5566022614017,3,0.5,dynamic_1_5_p3_h1_3_6_12_s0_50,dynamic:1.5,False,False,highs
max_charge,29,30.678581133484826,92.03574340045449,61.35716226696967,5,242,0.9990215922962633,0.001819899960537441,0.006319097085199448,1.7315509760752192,3,0.5,dynamic_1_5_p3_h1_3_6_12_s0_50,dynamic:1.5,False,False,highs
random,0,28.522381993027913,85.56714597908373,57.04476398605582,6,227,0.9948073211358578,0.015295400051400065,0.05310902795625023,-0.4246481643816935,3,0.5,dynamic_1_5_p3_h1_3_6_12_s0_50,dynamic:1.5,False,False,highs
random,1,27.378967291527488,82.13690187458248,54.75793458305499,5,227,0.9161146991854199,0.011892700058524497,0.04129409742543228,-1.5680628658821192,3,0.5,dynamic_1_5_p3_h1_3_6_12_s0_50,dynamic:1.5,False,False,highs
random,2,26.720512208024047,80.16153662407214,53.441024416048094,4,237,0.9983252034008799,0.012464100160286762,0.04327812555655126,-2.22651794938556,3,0.5,dynamic_1_5_p3_h1_3_6_12_s0_50,dynamic:1.5,False,False,highs
random,3,28.456393159638615,85.36917947891585,56.91278631927724,7,226,0.9961634253676367,0.011289800095255487,0.03920069477519266,-0.49063699777099146,3,0.5,dynamic_1_5_p3_h1_3_6_12_s0_50,dynamic:1.5,False,False,highs
random,4,30.251919292700023,90.75575787810008,60.50383858540006,5,234,0.9979367791389674,0.01134050008840859,0.03937673641808538,1.3048891352904164,3,0.5,dynamic_1_5_p3_h1_3_6_12_s0_50,dynamic:1.5,False,False,highs
random,5,26.351406794531158,79.05422038359347,52.702813589062316,7,247,0.0,0.011601100122788921,0.04028159764857264,-2.595623362878449,3,0.5,dynamic_1_5_p3_h1_3_6_12_s0_50,dynamic:1.5,False,False,highs
random,6,29.343747087045116,88.03124126113535,58.68749417409023,7,272,0.7117604657022818,0.011541099956957623,0.04007326373943619,0.39671692963550953,3,0.5,dynamic_1_5_p3_h1_3_6_12_s0_50,dynamic:1.5,False,False,highs
random,7,21.728269975136072,65.1848099254082,43.45653995027213,2,225,0.9969973702989949,0.011832799893454649,0.041086110741161974,-7.2187601822735346,3,0.5,dynamic_1_5_p3_h1_3_6_12_s0_50,dynamic:1.5,False,False,highs
random,8,26.118607542986787,78.35582262896037,52.23721508597358,5,241,0.5432240987219802,0.012156799930380657,0.04221111086937728,-2.82842261442282,3,0.5,dynamic_1_5_p3_h1_3_6_12_s0_50,dynamic:1.5,False,False,highs
random,9,33.38387911951247,100.15163735853741,66.76775823902494,5,263,0.8458498737159814,0.01158219990611542,0.0402159718962341,4.436848962102864,3,0.5,dynamic_1_5_p3_h1_3_6_12_s0_50,dynamic:1.5,False,False,highs
random,10,37.151764562028106,111.4552936860843,74.3035291240562,6,232,0.9971763487080699,0.011285300075542182,0.03918506970674369,8.204734404618499,3,0.5,dynamic_1_5_p3_h1_3_6_12_s0_50,dynamic:1.5,False,False,highs
random,11,28.57983609803601,85.73950829410803,57.15967219607202,6,208,0.6959272641731967,0.011698899936163798,0.04062118033390208,-0.3671940593735954,3,0.5,dynamic_1_5_p3_h1_3_6_12_s0_50,dynamic:1.5,False,False,highs
random,12,28.729998565737084,86.18999569721123,57.45999713147415,7,243,0.9966657677307028,0.011917300056666136,0.0413795140856463,-0.21703159167252295,3,0.5,dynamic_1_5_p3_h1_3_6_12_s0_50,dynamic:1.5,False,False,highs
random,13,28.111021094484606,84.33306328345382,56.22204218896922,4,224,0.9989836189920666,0.014710399918840267,0.05107777749597315,-0.836009062925001,3,0.5,dynamic_1_5_p3_h1_3_6_12_s0_50,dynamic:1.5,False,False,highs
random,14,29.78292204792774,89.34876614378321,59.56584409585547,8,248,0.9953367214417108,0.020624600001610816,0.07161319445003755,0.8358918905181341,3,0.5,dynamic_1_5_p3_h1_3_6_12_s0_50,dynamic:1.5,False,False,highs
random,15,26.751959721581557,80.25587916474466,53.5039194431631,7,223,0.7234069024540489,0.022095400068792515,0.07672013912775179,-2.1950704358280504,3,0.5,dynamic_1_5_p3_h1_3_6_12_s0_50,dynamic:1.5,False,False,highs
random,16,29.889550797334188,89.66865239200256,59.77910159466837,8,227,0.5121797315263575,0.01957510010106489,0.06796909757314198,0.9425206399245809,3,0.5,dynamic_1_5_p3_h1_3_6_12_s0_50,dynamic:1.5,False,False,highs
random,17,33.09587459699334,99.28762379098,66.19174919398667,5,236,0.9995127961593736,0.018269400010467507,0.06343541670301217,4.148844439583733,3,0.5,dynamic_1_5_p3_h1_3_6_12_s0_50,dynamic:1.5,False,False,highs
random,18,19.33208239807861,57.996247194235835,38.66416479615722,5,238,0.7441197838243954,0.018860799915273674,0.06548888859470026,-9.614947759330995,3,0.5,dynamic_1_5_p3_h1_3_6_12_s0_50,dynamic:1.5,False,False,highs
random,19,29.451794427599467,88.35538328279841,58.90358885519895,6,201,0.9980867741902189,0.02005279991135467,0.06962777746998149,0.5047642701898596,3,0.5,dynamic_1_5_p3_h1_3_6_12_s0_50,dynamic:1.5,False,False,highs
random,20,21.76735598441781,65.30206795325343,43.534711968835616,6,242,0.9992873121806753,0.018647099961526692,0.06474687486641212,-7.1796741729917954,3,0.5,dynamic_1_5_p3_h1_3_6_12_s0_50,dynamic:1.5,False,False,highs
random,21,33.6772072849642,101.03162185489259,67.3544145699284,7,238,0.747678489701224,0.01875360005942639,0.0651166668730083,4.73017712755459,3,0.5,dynamic_1_5_p3_h1_3_6_12_s0_50,dynamic:1.5,False,False,highs
random,22,22.49906897765505,67.49720693296513,44.99813795531008,10,239,0.9986556963158445,0.018201000144472346,0.06319791716830675,-6.447961179754557,3,0.5,dynamic_1_5_p3_h1_3_6_12_s0_50,dynamic:1.5,False,False,highs
random,23,27.115694812318722,81.34708443695617,54.231389624637444,7,243,0.8587508581238342,0.01662729996314738,0.057733680427595066,-1.831335345090885,3,0.5,dynamic_1_5_p3_h1_3_6_12_s0_50,dynamic:1.5,False,False,highs
random,24,28.915229687578012,86.74568906273402,57.830459375156,9,237,0.7139243040970706,0.011360399978002533,0.03944583325695324,-0.03180046983159457,3,0.5,dynamic_1_5_p3_h1_3_6_12_s0_50,dynamic:1.5,False,False,highs
random,25,39.80154784342625,119.40464353027873,79.60309568685248,6,245,0.9964966182867174,0.01155620017379988,0.04012569504791625,10.854517686016642,3,0.5,dynamic_1_5_p3_h1_3_6_12_s0_50,dynamic:1.5,False,False,highs
random,26,29.490497174528223,88.47149152358467,58.98099434905645,5,214,0.9996334727327199,0.008934500234317966,0.03102257025804849,0.5434670171186156,3,0.5,dynamic_1_5_p3_h1_3_6_12_s0_50,dynamic:1.5,False,False,highs
random,27,18.956751550950734,56.87025465285221,37.913503101901476,4,261,0.9984875378185825,0.008503099787048995,0.029524652038364567,-9.990278606458872,3,0.5,dynamic_1_5_p3_h1_3_6_12_s0_50,dynamic:1.5,False,False,highs
random,28,33.07396385138446,99.2218915541534,66.14792770276894,6,254,0.9974063840001974,0.008368499999050982,0.029057291663371468,4.1269336939748555,3,0.5,dynamic_1_5_p3_h1_3_6_12_s0_50,dynamic:1.5,False,False,highs
random,29,29.91586103557512,89.74758310672537,59.83172207115025,8,239,0.8188617832451242,0.008476400122162886,0.02943194486862113,0.9688308781655124,3,0.5,dynamic_1_5_p3_h1_3_6_12_s0_50,dynamic:1.5,False,False,highs
milp_h1,0,57.85759223302206,173.57277669906617,115.71518446604411,10,223,0.9007552953425919,3.147351599909598,10.92830416635277,0.08342275636064755,6,0.5,dynamic_1_5_p6_h1_3_6_12_s0_50,dynamic:1.5,False,False,highs
milp_h1,1,55.98813422620296,167.96440267860888,111.97626845240592,7,222,0.9989470483973515,3.1272276002855506,10.858429167658162,-1.786035250458454,6,0.5,dynamic_1_5_p6_h1_3_6_12_s0_50,dynamic:1.5,False,False,highs
milp_h1,2,54.368575750788054,163.10572725236415,108.7371515015761,12,228,0.9981286156607098,3.1753333000233397,11.025462847303263,-3.4055937258733593,6,0.5,dynamic_1_5_p6_h1_3_6_12_s0_50,dynamic:1.5,False,False,highs
milp_h1,3,57.457650349537516,172.37295104861258,114.91530069907506,9,221,0.9979612284237462,3.271802100003697,11.36042395834617,-0.31651912712389674,6,0.5,dynamic_1_5_p6_h1_3_6_12_s0_50,dynamic:1.5,False,False,highs
milp_h1,4,61.579245038330555,184.73773511499166,123.15849007666111,6,230,0.9989499196803572,3.1793555001495406,11.039428819963682,3.805075561669142,6,0.5,dynamic_1_5_p6_h1_3_6_12_s0_50,dynamic:1.5,False,False,highs
milp_h1,5,53.7438221241037,161.2314663723111,107.4876442482074,7,244,0.08709434747631646,3.2092519002617337,11.143235764797687,-4.030347352557712,6,0.5,dynamic_1_5_p6_h1_3_6_12_s0_50,dynamic:1.5,False,False,highs
milp_h1,6,59.58598039795956,178.75794119387865,119.17196079591909,7,269,0.998329001716018,3.3618056002014782,11.672936111810689,1.8118109212981466,6,0.5,dynamic_1_5_p6_h1_3_6_12_s0_50,dynamic:1.5,False,False,highs
milp_h1,7,44.226832665503025,132.68049799650908,88.45366533100605,9,215,0.9989717372986363,3.134226500085788,10.882730903075652,-13.547336811158388,6,0.5,dynamic_1_5_p6_h1_3_6_12_s0_50,dynamic:1.5,False,False,highs
milp_h1,8,52.86665752232075,158.59997256696224,105.73331504464149,9,234,0.7879721853209878,3.165760999894701,10.992225694078822,-4.907511954340663,6,0.5,dynamic_1_5_p6_h1_3_6_12_s0_50,dynamic:1.5,False,False,highs
milp_h1,9,67.20686826755602,201.62060480266808,134.41373653511206,10,254,0.5712312911225318,3.1592654000851326,10.969671528073377,9.432698790894605,6,0.5,dynamic_1_5_p6_h1_3_6_12_s0_50,dynamic:1.5,False,False,highs
milp_h1,10,75.31820945541062,225.9546283662319,150.63641891082128,12,223,0.8268369472103525,3.202023100166116,11.11813576446568,17.54403997874921,6,0.5,dynamic_1_5_p6_h1_3_6_12_s0_50,dynamic:1.5,False,False,highs
milp_h1,11,58.29772373239199,174.89317119717597,116.59544746478399,11,200,0.898906606917039,3.1549005001143087,10.954515625396905,0.5235542557305735,6,0.5,dynamic_1_5_p6_h1_3_6_12_s0_50,dynamic:1.5,False,False,highs
milp_h1,12,58.12793797552584,174.38381392657755,116.2558759510517,10,238,0.7429237189330699,3.173998399550328,11.020827776216416,0.35376849886442585,6,0.5,dynamic_1_5_p6_h1_3_6_12_s0_50,dynamic:1.5,False,False,highs
milp_h1,13,57.36944429973761,172.10833289921283,114.73888859947522,10,215,0.8718876388951038,3.155250900366809,10.95573229294031,-0.4047251769238045,6,0.5,dynamic_1_5_p6_h1_3_6_12_s0_50,dynamic:1.5,False,False,highs
milp_h1,14,59.960689917206764,179.8820697516203,119.92137983441353,10,243,0.9994062808767666,3.244271099945763,11.26483020814501,2.186520440545351,6,0.5,dynamic_1_5_p6_h1_3_6_12_s0_50,dynamic:1.5,False,False,highs
milp_h1,15,54.92058029025793,164.7617408707738,109.84116058051586,9,218,0.9993159378250447,3.1198570000124164,10.832836805598667,-2.8535891864034824,6,0.5,dynamic_1_5_p6_h1_3_6_12_s0_50,dynamic:1.5,False,False,highs
milp_h1,16,60.526293244461215,181.57887973338364,121.05258648892243,6,226,0.9977297909896772,3.328914200217696,11.558729861867,2.7521237677998016,6,0.5,dynamic_1_5_p6_h1_3_6_12_s0_50,dynamic:1.5,False,False,highs
milp_h1,17,66.98917726079623,200.96753178238868,133.97835452159245,6,232,0.4756429106341273,3.2168442000693176,11.169597916907353,9.215007784134812,6,0.5,dynamic_1_5_p6_h1_3_6_12_s0_50,dynamic:1.5,False,False,highs
milp_h1,18,39.18033680394292,117.54101041182875,78.36067360788583,9,231,0.9569264968872689,3.1804177996818908,11.043117360006566,-18.59383267271849,6,0.5,dynamic_1_5_p6_h1_3_6_12_s0_50,dynamic:1.5,False,False,highs
milp_h1,19,59.494313418865204,178.4829402565956,118.98862683773041,7,197,0.6946821332694069,3.154376599966781,10.952696527662434,1.7201439422037907,6,0.5,dynamic_1_5_p6_h1_3_6_12_s0_50,dynamic:1.5,False,False,highs
milp_h1,20,44.442098308354616,133.32629492506385,88.88419661670923,5,240,0.0,3.2686055000231136,11.349324652858034,-13.332071168306797,6,0.5,dynamic_1_5_p6_h1_3_6_12_s0_50,dynamic:1.5,False,False,highs
milp_h1,21,68.16215191036463,204.48645573109388,136.32430382072926,7,237,0.9984341547022714,3.0838946001022123,10.707967361466014,10.387982433703215,6,0.5,dynamic_1_5_p6_h1_3_6_12_s0_50,dynamic:1.5,False,False,highs
milp_h1,22,45.4515095591545,136.35452867746352,90.90301911830902,14,232,0.9449439734068902,3.171424699772615,11.011891318654913,-12.322659917506911,6,0.5,dynamic_1_5_p6_h1_3_6_12_s0_50,dynamic:1.5,False,False,highs
milp_h1,23,54.53660233318806,163.60980699956417,109.07320466637611,8,239,0.6074091483015602,3.1792515999113675,11.039068055247803,-3.237567143473356,6,0.5,dynamic_1_5_p6_h1_3_6_12_s0_50,dynamic:1.5,False,False,highs
milp_h1,24,58.40083551406862,175.2025065422058,116.80167102813719,7,236,0.9969466028439598,3.1867018000630196,11.064936805774373,0.6266660374072046,6,0.5,dynamic_1_5_p6_h1_3_6_12_s0_50,dynamic:1.5,False,False,highs
milp_h1,25,80.61243888139725,241.83731664419173,161.22487776279448,5,243,0.9991679461492632,3.288589099800447,11.418712152084886,22.83826940473584,6,0.5,dynamic_1_5_p6_h1_3_6_12_s0_50,dynamic:1.5,False,False,highs
milp_h1,26,59.843273614346984,179.52982084304094,119.68654722869395,15,201,0.912062787403265,3.1710836997954175,11.010707290956312,2.0691041376855708,6,0.5,dynamic_1_5_p6_h1_3_6_12_s0_50,dynamic:1.5,False,False,highs
milp_h1,27,38.35129593809445,115.05388781428336,76.7025918761889,7,255,0.9993194297681858,3.195423900120659,11.095221875418954,-19.42287353856696,6,0.5,dynamic_1_5_p6_h1_3_6_12_s0_50,dynamic:1.5,False,False,highs
milp_h1,28,66.94221500506004,200.8266450151801,133.88443001012007,8,249,0.9752451814054559,3.135061099776067,10.885628818666898,9.168045528398622,6,0.5,dynamic_1_5_p6_h1_3_6_12_s0_50,dynamic:1.5,False,False,highs
milp_h1,29,61.23791326880453,183.71373980641363,122.4758265376091,9,235,0.9456896462408754,3.107308200211264,10.78926458406689,3.46374379214312,6,0.5,dynamic_1_5_p6_h1_3_6_12_s0_50,dynamic:1.5,False,False,highs
milp_h3,0,57.85759223302205,173.57277669906614,115.7151844660441,6,224,0.7038910803839072,7.067542899894761,24.540079513523477,0.08342275636063334,6,0.5,dynamic_1_5_p6_h1_3_6_12_s0_50,dynamic:1.5,False,False,highs
milp_h3,1,55.98813422620297,167.96440267860888,111.9762684524059,7,222,0.9970758046658829,7.611338499817066,26.42825867992037,-1.7860352504584398,6,0.5,dynamic_1_5_p6_h1_3_6_12_s0_50,dynamic:1.5,False,False,highs
milp_h3,2,54.368575750788054,163.10572725236415,108.7371515015761,6,232,0.9990622305649127,6.348856300202897,22.044639931260058,-3.4055937258733593,6,0.5,dynamic_1_5_p6_h1_3_6_12_s0_50,dynamic:1.5,False,False,highs
milp_h3,3,57.45765034953753,172.37295104861258,114.91530069907505,10,220,0.9963864039029331,7.060251599963522,24.51476249987334,-0.3165191271238825,6,0.5,dynamic_1_5_p6_h1_3_6_12_s0_50,dynamic:1.5,False,False,highs
milp_h3,4,61.579245038330555,184.73773511499164,123.15849007666108,9,227,0.9998163752576341,6.601864800235489,22.923141667484337,3.805075561669142,6,0.5,dynamic_1_5_p6_h1_3_6_12_s0_50,dynamic:1.5,False,False,highs
milp_h3,5,53.743822124103716,161.2314663723111,107.48764424820739,8,243,0.8139956849116021,6.629900699772406,23.02048854087641,-4.030347352557698,6,0.5,dynamic_1_5_p6_h1_3_6_12_s0_50,dynamic:1.5,False,False,highs
milp_h3,6,59.58598039795953,178.75794119387862,119.17196079591909,6,270,0.9985210814975692,6.265265900234226,21.754395486924395,1.8118109212981182,6,0.5,dynamic_1_5_p6_h1_3_6_12_s0_50,dynamic:1.5,False,False,highs
milp_h3,7,44.22683266550301,132.68049799650905,88.45366533100604,10,214,0.7537821304553073,6.81435749999946,23.660963541664792,-13.547336811158402,6,0.5,dynamic_1_5_p6_h1_3_6_12_s0_50,dynamic:1.5,False,False,highs
milp_h3,8,52.866657522320736,158.5999725669622,105.73331504464147,8,235,0.9958038000101769,7.801340500009246,27.087987847254325,-4.907511954340677,6,0.5,dynamic_1_5_p6_h1_3_6_12_s0_50,dynamic:1.5,False,False,highs
milp_h3,9,67.20686826755602,201.62060480266805,134.41373653511204,10,254,0.7417472776359877,7.154655800113687,24.84255486150586,9.432698790894605,6,0.5,dynamic_1_5_p6_h1_3_6_12_s0_50,dynamic:1.5,False,False,highs
milp_h3,10,75.31820945541062,225.95462836623187,150.63641891082125,10,225,0.906706008907967,6.619531699892832,22.984485069072335,17.54403997874921,6,0.5,dynamic_1_5_p6_h1_3_6_12_s0_50,dynamic:1.5,False,False,highs
milp_h3,11,58.29772373239199,174.89317119717595,116.59544746478396,9,202,0.803195348181465,7.683902500080876,26.68021701416971,0.5235542557305735,6,0.5,dynamic_1_5_p6_h1_3_6_12_s0_50,dynamic:1.5,False,False,highs
milp_h3,12,58.12793797552585,174.38381392657755,116.25587595105169,9,238,0.6132479717344634,7.510571099963272,26.078371874872474,0.35376849886444006,6,0.5,dynamic_1_5_p6_h1_3_6_12_s0_50,dynamic:1.5,False,False,highs
milp_h3,13,57.369444299737594,172.1083328992128,114.7388885994752,6,219,0.10952005749007576,7.37214690001565,25.59773229172101,-0.4047251769238187,6,0.5,dynamic_1_5_p6_h1_3_6_12_s0_50,dynamic:1.5,False,False,highs
milp_h3,14,59.96068991720675,179.88206975162026,119.92137983441351,7,246,0.6438975993311153,5.954393800202524,20.67497847292543,2.186520440545337,6,0.5,dynamic_1_5_p6_h1_3_6_12_s0_50,dynamic:1.5,False,False,highs
milp_h3,15,54.92058029025792,164.76174087077376,109.84116058051585,9,218,0.9956860035182593,6.624239700322505,23.000832292786477,-2.8535891864034966,6,0.5,dynamic_1_5_p6_h1_3_6_12_s0_50,dynamic:1.5,False,False,highs
milp_h3,16,60.5262932444612,181.57887973338362,121.05258648892242,4,228,0.9980634557439412,6.717539599892916,23.32479027740596,2.7521237677997874,6,0.5,dynamic_1_5_p6_h1_3_6_12_s0_50,dynamic:1.5,False,False,highs
milp_h3,17,66.9891772607962,200.96753178238865,133.97835452159245,8,230,0.8937377412439249,6.46949449981912,22.46352256881639,9.215007784134784,6,0.5,dynamic_1_5_p6_h1_3_6_12_s0_50,dynamic:1.5,False,False,highs
milp_h3,18,39.18033680394291,117.54101041182874,78.36067360788583,7,233,0.946220434064194,7.457564700423973,25.894321876472127,-18.593832672718506,6,0.5,dynamic_1_5_p6_h1_3_6_12_s0_50,dynamic:1.5,False,False,highs
milp_h3,19,59.494313418865204,178.48294025659558,118.98862683773038,9,195,0.5719323134918646,7.3258578004315495,25.437006251498435,1.7201439422037907,6,0.5,dynamic_1_5_p6_h1_3_6_12_s0_50,dynamic:1.5,False,False,highs
milp_h3,20,44.4420983083546,133.32629492506382,88.88419661670922,6,239,0.996817888479255,6.452599899639608,22.40486076263753,-13.332071168306811,6,0.5,dynamic_1_5_p6_h1_3_6_12_s0_50,dynamic:1.5,False,False,highs
milp_h3,21,68.16215191036463,204.48645573109386,136.32430382072923,9,233,0.8028520583985466,6.8133549998747185,23.657482638453885,10.387982433703215,6,0.5,dynamic_1_5_p6_h1_3_6_12_s0_50,dynamic:1.5,False,False,highs
milp_h3,22,45.63019455224274,136.89058365672824,91.2603891044855,6,240,0.9976346428145637,6.70516810004483,23.281833680711216,-12.143974924418671,6,0.5,dynamic_1_5_p6_h1_3_6_12_s0_50,dynamic:1.5,False,False,highs
milp_h3,23,54.53660233318804,163.60980699956414,109.0732046663761,9,238,0.8855174651178964,6.764586700039217,23.48814826402506,-3.2375671434733704,6,0.5,dynamic_1_5_p6_h1_3_6_12_s0_50,dynamic:1.5,False,False,highs
milp_h3,24,58.4008355140686,175.20250654220578,116.80167102813718,6,237,0.9950448592223525,7.173551299900282,24.90816423576487,0.6266660374071904,6,0.5,dynamic_1_5_p6_h1_3_6_12_s0_50,dynamic:1.5,False,False,highs
milp_h3,25,80.61243888139722,241.8373166441917,161.22487776279448,4,244,0.9997392891355312,7.69229729968356,26.70936562390125,22.83826940473581,6,0.5,dynamic_1_5_p6_h1_3_6_12_s0_50,dynamic:1.5,False,False,highs
milp_h3,26,59.84327361434697,179.5298208430409,119.68654722869394,8,208,0.9983055220236985,7.69218260011985,26.708967361527257,2.0691041376855566,6,0.5,dynamic_1_5_p6_h1_3_6_12_s0_50,dynamic:1.5,False,False,highs
milp_h3,27,38.35129593809445,115.05388781428336,76.7025918761889,10,252,0.9985257022778921,7.660008899954846,26.597253124843217,-19.42287353856696,6,0.5,dynamic_1_5_p6_h1_3_6_12_s0_50,dynamic:1.5,False,False,highs
milp_h3,28,66.94221500506004,200.82664501518008,133.88443001012004,6,251,0.8436715997160086,7.775091100134887,26.99684409769058,9.168045528398622,6,0.5,dynamic_1_5_p6_h1_3_6_12_s0_50,dynamic:1.5,False,False,highs
milp_h3,29,61.23791326880455,183.71373980641363,122.47582653760908,5,239,0.21413384325715762,7.6166543998988345,26.446716666315396,3.463743792143134,6,0.5,dynamic_1_5_p6_h1_3_6_12_s0_50,dynamic:1.5,False,False,highs
milp_h6,0,57.85759223302205,173.57277669906614,115.7151844660441,6,224,0.7779027069780963,9.466266800183803,32.86898194508265,0.08342275636063334,6,0.5,dynamic_1_5_p6_h1_3_6_12_s0_50,dynamic:1.5,False,False,highs
milp_h6,1,55.98813422620297,167.96440267860888,111.9762684524059,7,222,0.9970758046658829,10.302086700277869,35.77113437596482,-1.7860352504584398,6,0.5,dynamic_1_5_p6_h1_3_6_12_s0_50,dynamic:1.5,False,False,highs
milp_h6,2,54.368575750788054,163.10572725236415,108.7371515015761,6,232,0.9990622305649127,8.340254400041886,28.959216666812104,-3.4055937258733593,6,0.5,dynamic_1_5_p6_h1_3_6_12_s0_50,dynamic:1.5,False,False,highs
milp_h6,3,57.45765034953753,172.37295104861258,114.91530069907505,11,219,0.9974804524556121,9.387505600170698,32.595505556148254,-0.3165191271238825,6,0.5,dynamic_1_5_p6_h1_3_6_12_s0_50,dynamic:1.5,False,False,highs
milp_h6,4,61.579245038330555,184.73773511499164,123.15849007666108,9,227,0.9998163752576341,8.827151199890068,30.649830555173846,3.805075561669142,6,0.5,dynamic_1_5_p6_h1_3_6_12_s0_50,dynamic:1.5,False,False,highs
milp_h6,5,53.743822124103716,161.2314663723111,107.48764424820739,8,243,0.8139956849116021,9.000081500067608,31.250282986345862,-4.030347352557698,6,0.5,dynamic_1_5_p6_h1_3_6_12_s0_50,dynamic:1.5,False,False,highs
milp_h6,6,59.58598039795953,178.75794119387862,119.17196079591909,6,270,0.9985210814975692,8.403167900105473,29.17766631981067,1.8118109212981182,6,0.5,dynamic_1_5_p6_h1_3_6_12_s0_50,dynamic:1.5,False,False,highs
milp_h6,7,44.22683266550301,132.68049799650905,88.45366533100604,10,214,0.6300443410114432,9.242211800650693,32.0910131967038,-13.547336811158402,6,0.5,dynamic_1_5_p6_h1_3_6_12_s0_50,dynamic:1.5,False,False,highs
milp_h6,8,52.866657522320736,158.5999725669622,105.73331504464147,8,235,0.9958038000101769,10.478441799787106,36.38347847148301,-4.907511954340677,6,0.5,dynamic_1_5_p6_h1_3_6_12_s0_50,dynamic:1.5,False,False,highs
milp_h6,9,67.20686826755602,201.62060480266805,134.41373653511204,10,254,0.7417472776359877,9.85361719984212,34.213948610562916,9.432698790894605,6,0.5,dynamic_1_5_p6_h1_3_6_12_s0_50,dynamic:1.5,False,False,highs
milp_h6,10,75.31820945541062,225.95462836623187,150.63641891082125,10,225,0.906706008907967,8.879262699978426,30.83077326381398,17.54403997874921,6,0.5,dynamic_1_5_p6_h1_3_6_12_s0_50,dynamic:1.5,False,False,highs
milp_h6,11,58.29772373239199,174.89317119717595,116.59544746478396,9,202,0.803195348181465,10.33697550027864,35.892276042634165,0.5235542557305735,6,0.5,dynamic_1_5_p6_h1_3_6_12_s0_50,dynamic:1.5,False,False,highs
milp_h6,12,58.12793797552585,174.38381392657755,116.25587595105169,9,238,0.6132479717344634,9.859480500075733,34.23430729192963,0.35376849886444006,6,0.5,dynamic_1_5_p6_h1_3_6_12_s0_50,dynamic:1.5,False,False,highs
milp_h6,13,57.369444299737594,172.1083328992128,114.7388885994752,6,219,0.10952005749007576,9.997701399843208,34.71424097167781,-0.4047251769238187,6,0.5,dynamic_1_5_p6_h1_3_6_12_s0_50,dynamic:1.5,False,False,highs
milp_h6,14,59.96068991720675,179.88206975162026,119.92137983441351,7,246,0.6438975993311153,7.995506999985082,27.762177083281536,2.186520440545337,6,0.5,dynamic_1_5_p6_h1_3_6_12_s0_50,dynamic:1.5,False,False,highs
milp_h6,15,54.92058029025792,164.76174087077376,109.84116058051585,9,218,0.9948581757508749,9.293108100100653,32.267736458682826,-2.8535891864034966,6,0.5,dynamic_1_5_p6_h1_3_6_12_s0_50,dynamic:1.5,False,False,highs
milp_h6,16,60.5262932444612,181.57887973338362,121.05258648892242,4,228,0.9980634557439412,9.020267899904866,31.320374652447452,2.7521237677997874,6,0.5,dynamic_1_5_p6_h1_3_6_12_s0_50,dynamic:1.5,False,False,highs
milp_h6,17,66.9891772607962,200.96753178238865,133.97835452159245,8,230,0.8937377412439249,8.701171599968802,30.212401388780563,9.215007784134784,6,0.5,dynamic_1_5_p6_h1_3_6_12_s0_50,dynamic:1.5,False,False,highs
milp_h6,18,39.18033680394291,117.54101041182874,78.36067360788583,7,233,0.946220434064194,9.61568490017089,33.38779479226004,-18.593832672718506,6,0.5,dynamic_1_5_p6_h1_3_6_12_s0_50,dynamic:1.5,False,False,highs
milp_h6,19,59.49431341886519,178.48294025659558,118.9886268377304,9,195,0.7709608525140071,7.714939399884315,26.787984027376094,1.7201439422037765,6,0.5,dynamic_1_5_p6_h1_3_6_12_s0_50,dynamic:1.5,False,False,highs
milp_h6,20,44.4420983083546,133.32629492506382,88.88419661670922,6,239,0.9992458868853171,9.065527499798918,31.477526040968467,-13.332071168306811,6,0.5,dynamic_1_5_p6_h1_3_6_12_s0_50,dynamic:1.5,False,False,highs
milp_h6,21,68.16215191036463,204.48645573109386,136.32430382072923,9,233,0.8028520583985466,9.07077329972526,31.495740624046043,10.387982433703215,6,0.5,dynamic_1_5_p6_h1_3_6_12_s0_50,dynamic:1.5,False,False,highs
milp_h6,22,45.63019455224274,136.89058365672824,91.2603891044855,7,239,0.9971667125680952,8.970838299690513,31.148744096147613,-12.143974924418671,6,0.5,dynamic_1_5_p6_h1_3_6_12_s0_50,dynamic:1.5,False,False,highs
milp_h6,23,54.53660233318804,163.60980699956414,109.0732046663761,9,238,0.8855174651178964,8.871956299990416,30.805403819411165,-3.2375671434733704,6,0.5,dynamic_1_5_p6_h1_3_6_12_s0_50,dynamic:1.5,False,False,highs
milp_h6,24,58.4008355140686,175.20250654220578,116.80167102813718,6,237,0.9950448592223525,9.885572700179182,34.32490520895549,0.6266660374071904,6,0.5,dynamic_1_5_p6_h1_3_6_12_s0_50,dynamic:1.5,False,False,highs
milp_h6,25,80.61243888139722,241.8373166441917,161.22487776279448,4,244,0.9997392891355312,10.571303800388705,36.70591597357189,22.83826940473581,6,0.5,dynamic_1_5_p6_h1_3_6_12_s0_50,dynamic:1.5,False,False,highs
milp_h6,26,59.84327361434697,179.5298208430409,119.68654722869394,8,208,0.9983877790177283,10.25068330031354,35.592650348310904,2.0691041376855566,6,0.5,dynamic_1_5_p6_h1_3_6_12_s0_50,dynamic:1.5,False,False,highs
milp_h6,27,38.35129593809445,115.05388781428336,76.7025918761889,10,252,0.9985257022778921,10.122257899784017,35.146728818694505,-19.42287353856696,6,0.5,dynamic_1_5_p6_h1_3_6_12_s0_50,dynamic:1.5,False,False,highs
milp_h6,28,66.94221500506004,200.82664501518008,133.88443001012004,6,251,0.8023977330577261,10.503604799945606,36.47084999981113,9.168045528398622,6,0.5,dynamic_1_5_p6_h1_3_6_12_s0_50,dynamic:1.5,False,False,highs
milp_h6,29,61.23791326880455,183.71373980641363,122.47582653760908,5,239,0.21413384325715762,10.238900300260866,35.55173715368356,3.463743792143134,6,0.5,dynamic_1_5_p6_h1_3_6_12_s0_50,dynamic:1.5,False,False,highs
milp_h12,0,57.85759223302205,173.57277669906614,115.7151844660441,8,222,0.7774634005181825,15.021181200019782,52.15687916673536,0.08342275636063334,6,0.5,dynamic_1_5_p6_h1_3_6_12_s0_50,dynamic:1.5,False,False,highs
milp_h12,1,55.98813422620297,167.96440267860888,111.9762684524059,7,222,0.995652513669443,15.48931729994365,53.782351735915455,-1.7860352504584398,6,0.5,dynamic_1_5_p6_h1_3_6_12_s0_50,dynamic:1.5,False,False,highs
milp_h12,2,54.368575750788054,163.10572725236415,108.7371515015761,6,232,0.9990622305649127,12.523395599855576,43.484012499498526,-3.4055937258733593,6,0.5,dynamic_1_5_p6_h1_3_6_12_s0_50,dynamic:1.5,False,False,highs
milp_h12,3,57.45765034953753,172.37295104861258,114.91530069907505,7,223,0.9996583468764855,14.305466599558713,49.67175902624553,-0.3165191271238825,6,0.5,dynamic_1_5_p6_h1_3_6_12_s0_50,dynamic:1.5,False,False,highs
milp_h12,4,61.57924503833054,184.73773511499164,123.1584900766611,9,227,0.9998163752576341,13.764713700162247,47.79414479223002,3.8050755616691276,6,0.5,dynamic_1_5_p6_h1_3_6_12_s0_50,dynamic:1.5,False,False,highs
milp_h12,5,53.743822124103716,161.2314663723111,107.48764424820739,8,243,0.7690154592577143,13.519024099950911,46.94105590260733,-4.030347352557698,6,0.5,dynamic_1_5_p6_h1_3_6_12_s0_50,dynamic:1.5,False,False,highs
milp_h12,6,59.585980397959545,178.75794119387862,119.17196079591908,6,270,0.9985210814975692,12.691449200297939,44.067531945478954,1.8118109212981324,6,0.5,dynamic_1_5_p6_h1_3_6_12_s0_50,dynamic:1.5,False,False,highs
milp_h12,7,44.22683266550301,132.68049799650905,88.45366533100604,9,215,0.8497150829817839,13.84019840011024,48.05624444482722,-13.547336811158402,6,0.5,dynamic_1_5_p6_h1_3_6_12_s0_50,dynamic:1.5,False,False,highs
milp_h12,8,52.866657522320736,158.5999725669622,105.73331504464147,8,235,0.9958038000101769,16.17588090020581,56.166253125714626,-4.907511954340677,6,0.5,dynamic_1_5_p6_h1_3_6_12_s0_50,dynamic:1.5,False,False,highs
milp_h12,9,67.20686826755602,201.62060480266805,134.41373653511204,10,254,0.7417472776359877,14.941650600230787,51.88073125080135,9.432698790894605,6,0.5,dynamic_1_5_p6_h1_3_6_12_s0_50,dynamic:1.5,False,False,highs
milp_h12,10,75.31820945541062,225.95462836623187,150.63641891082125,10,225,0.906706008907967,13.49685059976764,46.86406458252653,17.54403997874921,6,0.5,dynamic_1_5_p6_h1_3_6_12_s0_50,dynamic:1.5,False,False,highs
milp_h12,11,58.29772373239199,174.89317119717595,116.59544746478396,9,202,0.807725956400446,15.82790710023255,54.958010764696354,0.5235542557305735,6,0.5,dynamic_1_5_p6_h1_3_6_12_s0_50,dynamic:1.5,False,False,highs
milp_h12,12,58.12793797552585,174.38381392657755,116.25587595105169,9,238,0.6132479717344634,15.257161500281654,52.9762552093113,0.35376849886444006,6,0.5,dynamic_1_5_p6_h1_3_6_12_s0_50,dynamic:1.5,False,False,highs
milp_h12,13,57.369444299737594,172.1083328992128,114.7388885994752,6,219,0.10952005749007576,15.455547599791316,53.665095832608735,-0.4047251769238187,6,0.5,dynamic_1_5_p6_h1_3_6_12_s0_50,dynamic:1.5,False,False,highs
milp_h12,14,59.96068991720675,179.88206975162026,119.92137983441351,7,246,0.6438975993311153,12.354057100164937,42.89603159779492,2.186520440545337,6,0.5,dynamic_1_5_p6_h1_3_6_12_s0_50,dynamic:1.5,False,False,highs
milp_h12,15,54.92058029025792,164.76174087077376,109.84116058051585,9,218,0.9966228629558559,13.891339499765309,48.23381770751843,-2.8535891864034966,6,0.5,dynamic_1_5_p6_h1_3_6_12_s0_50,dynamic:1.5,False,False,highs
milp_h12,16,60.5262932444612,181.57887973338362,121.05258648892242,4,228,0.9980634557439412,13.80921669973759,47.94866909631108,2.7521237677997874,6,0.5,dynamic_1_5_p6_h1_3_6_12_s0_50,dynamic:1.5,False,False,highs
milp_h12,17,66.9891772607962,200.96753178238865,133.97835452159245,8,230,0.8937377412439249,13.191338100004941,45.80325729168382,9.215007784134784,6,0.5,dynamic_1_5_p6_h1_3_6_12_s0_50,dynamic:1.5,False,False,highs
milp_h12,18,39.18033680394291,117.54101041182874,78.36067360788583,7,233,0.9268090681769712,15.440264199743979,53.61202847133326,-18.593832672718506,6,0.5,dynamic_1_5_p6_h1_3_6_12_s0_50,dynamic:1.5,False,False,highs
milp_h12,19,59.49431341886519,178.48294025659558,118.9886268377304,9,195,0.7709608525140071,11.97356389957713,41.57487465130948,1.7201439422037765,6,0.5,dynamic_1_5_p6_h1_3_6_12_s0_50,dynamic:1.5,False,False,highs
milp_h12,20,44.4420983083546,133.32629492506382,88.88419661670922,7,238,0.996092756608586,13.808136000297964,47.944916667701264,-13.332071168306811,6,0.5,dynamic_1_5_p6_h1_3_6_12_s0_50,dynamic:1.5,False,False,highs
milp_h12,21,68.16215191036463,204.48645573109386,136.32430382072923,9,233,0.803169084084658,14.46955290029291,50.24150312601705,10.387982433703215,6,0.5,dynamic_1_5_p6_h1_3_6_12_s0_50,dynamic:1.5,False,False,highs
milp_h12,22,45.63019455224274,136.89058365672824,91.2603891044855,7,239,0.9956775649551793,13.819775700307218,47.985332292733396,-12.143974924418671,6,0.5,dynamic_1_5_p6_h1_3_6_12_s0_50,dynamic:1.5,False,False,highs
milp_h12,23,54.53660233318804,163.60980699956414,109.0732046663761,9,239,0.8412925051737823,13.781679799838457,47.8530548605502,-3.2375671434733704,6,0.5,dynamic_1_5_p6_h1_3_6_12_s0_50,dynamic:1.5,False,False,highs
milp_h12,24,58.4008355140686,175.20250654220578,116.80167102813718,6,237,0.9950448592223525,15.095308299787575,52.41426492981797,0.6266660374071904,6,0.5,dynamic_1_5_p6_h1_3_6_12_s0_50,dynamic:1.5,False,False,highs
milp_h12,25,80.61243888139722,241.8373166441917,161.22487776279448,4,244,0.9997392891355312,16.41762270007166,57.005634375248825,22.83826940473581,6,0.5,dynamic_1_5_p6_h1_3_6_12_s0_50,dynamic:1.5,False,False,highs
milp_h12,26,59.84327361434697,179.5298208430409,119.68654722869394,7,209,0.9983815033152442,15.75468980014557,54.70378402828323,2.0691041376855566,6,0.5,dynamic_1_5_p6_h1_3_6_12_s0_50,dynamic:1.5,False,False,highs
milp_h12,27,38.35129593809445,115.05388781428336,76.7025918761889,10,252,0.9982984228903193,15.905871300084982,55.228719791961744,-19.42287353856696,6,0.5,dynamic_1_5_p6_h1_3_6_12_s0_50,dynamic:1.5,False,False,highs
milp_h12,28,66.94221500506004,200.82664501518008,133.88443001012004,6,251,0.8012384003373231,16.255701499525458,56.44340798446339,9.168045528398622,6,0.5,dynamic_1_5_p6_h1_3_6_12_s0_50,dynamic:1.5,False,False,highs
milp_h12,29,61.23791326880455,183.71373980641363,122.47582653760908,5,239,0.21413384325715762,15.849007299984805,55.03127534716946,3.463743792143134,6,0.5,dynamic_1_5_p6_h1_3_6_12_s0_50,dynamic:1.5,False,False,highs
equal_share,0,47.6569051778299,142.97071553348974,95.31381035565984,8,222,0.6864167464675395,0.002685099985683337,0.009323263839178253,-10.117264298831515,6,0.5,dynamic_1_5_p6_h1_3_6_12_s0_50,dynamic:1.5,False,False,highs
equal_share,1,36.776411054233904,110.3292331627017,73.5528221084678,10,219,0.9588865341017225,0.0026673996762838215,0.009261804431541046,-20.99775842242751,6,0.5,dynamic_1_5_p6_h1_3_6_12_s0_50,dynamic:1.5,False,False,highs
equal_share,2,41.91625341467699,125.74876024403099,83.832506829354,6,232,0.9984367258722767,0.0026395996974315494,0.00916527672719288,-15.857916061984426,6,0.5,dynamic_1_5_p6_h1_3_6_12_s0_50,dynamic:1.5,False,False,highs
equal_share,3,50.96400837865559,152.8920251359668,101.92801675731121,12,218,0.793236808378937,0.002546800271375105,0.008843056497830225,-6.810161098005821,6,0.5,dynamic_1_5_p6_h1_3_6_12_s0_50,dynamic:1.5,False,False,highs
equal_share,4,59.01897489545996,177.05692468637986,118.0379497909199,10,226,0.9987472008568755,0.0025951001152861863,0.009010764289188147,1.2448054187985491,6,0.5,dynamic_1_5_p6_h1_3_6_12_s0_50,dynamic:1.5,False,False,highs
equal_share,5,49.79024033347122,149.37072100041368,99.58048066694246,12,239,0.7690416260231422,0.0026965001015923917,0.009362847574973583,-7.9839291431901955,6,0.5,dynamic_1_5_p6_h1_3_6_12_s0_50,dynamic:1.5,False,False,highs
equal_share,6,52.13103053928188,156.39309161784567,104.26206107856379,7,269,0.9976550014975332,0.0026139000547118485,0.009076041856638363,-5.643138937379533,6,0.5,dynamic_1_5_p6_h1_3_6_12_s0_50,dynamic:1.5,False,False,highs
equal_share,7,40.331077636094946,120.99323290828482,80.66215527218988,13,211,0.9959547081091339,0.0025937999016605318,0.009006249658543512,-17.443091840566467,6,0.5,dynamic_1_5_p6_h1_3_6_12_s0_50,dynamic:1.5,False,False,highs
equal_share,8,39.403452067510145,118.21035620253042,78.80690413502028,7,236,0.9977752631242811,0.002541199733968824,0.00882361018739175,-18.37071740915127,6,0.5,dynamic_1_5_p6_h1_3_6_12_s0_50,dynamic:1.5,False,False,highs
equal_share,9,46.4960860815751,139.4882582447253,92.9921721631502,10,254,0.7396514477726219,0.0026928995503112674,0.009350345660803012,-11.278083395086313,6,0.5,dynamic_1_5_p6_h1_3_6_12_s0_50,dynamic:1.5,False,False,highs
equal_share,10,65.14632549698567,195.43897649095697,130.2926509939713,11,224,0.8862844196097743,0.002644899592269212,0.009183679139823653,7.372156020324255,6,0.5,dynamic_1_5_p6_h1_3_6_12_s0_50,dynamic:1.5,False,False,highs
equal_share,11,40.651259588320016,121.95377876496003,81.30251917664002,8,204,0.848220012635571,0.0027172000554855913,0.009434722414880525,-17.122909888341397,6,0.5,dynamic_1_5_p6_h1_3_6_12_s0_50,dynamic:1.5,False,False,highs
equal_share,12,57.95909582065957,173.8772874619787,115.91819164131914,13,234,0.6900017389350105,0.002517700078897178,0.008742014162837423,0.184926343998157,6,0.5,dynamic_1_5_p6_h1_3_6_12_s0_50,dynamic:1.5,False,False,highs
equal_share,13,51.55318584743766,154.65955754231294,103.10637169487528,7,218,0.7746340111612028,0.002664900093805045,0.009253125325711962,-6.220983629223753,6,0.5,dynamic_1_5_p6_h1_3_6_12_s0_50,dynamic:1.5,False,False,highs
equal_share,14,51.537381044284444,154.61214313285333,103.07476208856889,8,245,0.9960358201351717,0.0026115998334717005,0.009068054977332294,-6.236788432376969,6,0.5,dynamic_1_5_p6_h1_3_6_12_s0_50,dynamic:1.5,False,False,highs
equal_share,15,42.915959278532526,128.74787783559756,85.83191855706504,12,215,0.9974211237865113,0.0026075996865984052,0.009054165578466685,-14.858210198128887,6,0.5,dynamic_1_5_p6_h1_3_6_12_s0_50,dynamic:1.5,False,False,highs
equal_share,16,59.045981201964366,177.1379436058931,118.09196240392873,7,225,0.994970465201773,0.002552399877458811,0.00886249957450976,1.2718117253029533,6,0.5,dynamic_1_5_p6_h1_3_6_12_s0_50,dynamic:1.5,False,False,highs
equal_share,17,63.21701629692025,189.65104889076076,126.43403259384051,12,226,0.8228910161038611,0.002526200085412711,0.00877152807434969,5.442846820258836,6,0.5,dynamic_1_5_p6_h1_3_6_12_s0_50,dynamic:1.5,False,False,highs
equal_share,18,39.06371459907166,117.19114379721498,78.12742919814332,12,228,0.8455364073182409,0.0026061003445647657,0.009048959529738769,-18.710454877589754,6,0.5,dynamic_1_5_p6_h1_3_6_12_s0_50,dynamic:1.5,False,False,highs
equal_share,19,49.184002462586776,147.5520073877603,98.36800492517354,6,198,0.8153410282317054,0.002738299604970962,0.009507984739482507,-8.590167014074638,6,0.5,dynamic_1_5_p6_h1_3_6_12_s0_50,dynamic:1.5,False,False,highs
equal_share,20,36.096154254997685,108.28846276499303,72.19230850999534,11,234,0.9952036261920887,0.002677000389667228,0.009295140241900098,-21.678015221663728,6,0.5,dynamic_1_5_p6_h1_3_6_12_s0_50,dynamic:1.5,False,False,highs
equal_share,21,67.48208993182982,202.44626979548948,134.96417986365967,18,224,0.8889466224870303,0.0026070999447256327,0.00905243036363067,9.707920455168406,6,0.5,dynamic_1_5_p6_h1_3_6_12_s0_50,dynamic:1.5,False,False,highs
equal_share,22,28.77788783740111,86.33366351220332,57.555775674802206,4,242,0.9964314575369636,0.0027404996508266777,0.00951562378759263,-28.996281639260303,6,0.5,dynamic_1_5_p6_h1_3_6_12_s0_50,dynamic:1.5,False,False,highs
equal_share,23,42.26499850014335,126.79499550043006,84.52999700028671,8,239,0.6066415557757773,0.0026432998420204967,0.009178124451460058,-15.509170976518064,6,0.5,dynamic_1_5_p6_h1_3_6_12_s0_50,dynamic:1.5,False,False,highs
equal_share,24,33.27868538184683,99.83605614554048,66.55737076369365,5,238,0.9761270538831909,0.0026497002982068807,0.00920034825766278,-24.495484094814586,6,0.5,dynamic_1_5_p6_h1_3_6_12_s0_50,dynamic:1.5,False,False,highs
equal_share,25,64.52597227861392,193.57791683584176,129.05194455722784,7,241,0.9961503225944337,0.002662100159795955,0.009243403332624843,6.751802801952508,6,0.5,dynamic_1_5_p6_h1_3_6_12_s0_50,dynamic:1.5,False,False,highs
equal_share,26,47.03084051860786,141.0925215558236,94.06168103721573,7,209,0.9964267730928892,0.002577800041763112,0.00895069458945525,-10.743328958053553,6,0.5,dynamic_1_5_p6_h1_3_6_12_s0_50,dynamic:1.5,False,False,highs
equal_share,27,28.102793635445117,84.30838090633536,56.20558727089024,6,256,0.9966688013539831,0.0026454997423570603,0.009185762994295348,-29.671375841216296,6,0.5,dynamic_1_5_p6_h1_3_6_12_s0_50,dynamic:1.5,False,False,highs
equal_share,28,46.050788521043174,138.1523655631295,92.10157704208633,6,251,0.9686502761292071,0.0026108002348337322,0.00906527859317268,-11.72338095561824,6,0.5,dynamic_1_5_p6_h1_3_6_12_s0_50,dynamic:1.5,False,False,highs
equal_share,29,38.395507098901405,115.1865212967042,76.7910141978028,4,240,0.9976245090108791,0.0027748004358727485,0.009634723735669266,-19.37866237776001,6,0.5,dynamic_1_5_p6_h1_3_6_12_s0_50,dynamic:1.5,False,False,highs
max_charge,0,57.85759223302205,173.57277669906614,115.7151844660441,14,216,0.8031627811492368,0.0012376000231597573,0.004297222302638046,0.08342275636063334,6,0.5,dynamic_1_5_p6_h1_3_6_12_s0_50,dynamic:1.5,False,False,highs
max_charge,1,55.98813422620296,167.96440267860888,111.97626845240592,16,213,0.9748669137289052,0.0010753001261036843,0.0037336809934155704,-1.786035250458454,6,0.5,dynamic_1_5_p6_h1_3_6_12_s0_50,dynamic:1.5,False,False,highs
max_charge,2,54.368575750788025,163.10572725236412,108.7371515015761,14,225,0.9977283746733787,0.0011383998207747936,0.003952777155468034,-3.4055937258733877,6,0.5,dynamic_1_5_p6_h1_3_6_12_s0_50,dynamic:1.5,False,False,highs
max_charge,3,57.45765034953753,172.37295104861258,114.91530069907505,17,213,0.86192950830318,0.001068200042936951,0.003709027926864413,-0.3165191271238825,6,0.5,dynamic_1_5_p6_h1_3_6_12_s0_50,dynamic:1.5,False,False,highs
max_charge,4,61.57924503833054,184.73773511499164,123.1584900766611,12,224,0.9987472008568755,0.0011099999828729779,0.0038541666071978398,3.8050755616691276,6,0.5,dynamic_1_5_p6_h1_3_6_12_s0_50,dynamic:1.5,False,False,highs
max_charge,5,53.74382212410369,161.23146637231108,107.48764424820739,14,238,0.8451232922725342,0.001088699937099591,0.003780208114929135,-4.030347352557726,6,0.5,dynamic_1_5_p6_h1_3_6_12_s0_50,dynamic:1.5,False,False,highs
max_charge,6,59.58598039795953,178.75794119387862,119.17196079591909,10,266,0.998044610654277,0.0010550000879447907,0.003663194749808301,1.8118109212981182,6,0.5,dynamic_1_5_p6_h1_3_6_12_s0_50,dynamic:1.5,False,False,highs
max_charge,7,44.22683266550301,132.68049799650905,88.45366533100604,15,209,0.9959547081091339,0.00112119983532466,0.0038930549837661805,-13.547336811158402,6,0.5,dynamic_1_5_p6_h1_3_6_12_s0_50,dynamic:1.5,False,False,highs
max_charge,8,52.86665752232072,158.5999725669622,105.73331504464149,11,232,0.9985014869175161,0.0011392000305932015,0.00395555566178195,-4.907511954340691,6,0.5,dynamic_1_5_p6_h1_3_6_12_s0_50,dynamic:1.5,False,False,highs
max_charge,9,67.20686826755602,201.62060480266805,134.41373653511204,18,246,0.8633119196064531,0.0010666000307537615,0.0037034723290061164,9.432698790894605,6,0.5,dynamic_1_5_p6_h1_3_6_12_s0_50,dynamic:1.5,False,False,highs
max_charge,10,75.31820945541065,225.9546283662319,150.63641891082125,17,218,0.9288147264320745,0.001062200142769143,0.0036881949401706355,17.54403997874924,6,0.5,dynamic_1_5_p6_h1_3_6_12_s0_50,dynamic:1.5,False,False,highs
max_charge,11,58.29772373239197,174.89317119717595,116.59544746478397,17,196,0.909272872829064,0.001264600025024265,0.004390972309112031,0.5235542557305592,6,0.5,dynamic_1_5_p6_h1_3_6_12_s0_50,dynamic:1.5,False,False,highs
max_charge,12,58.12793797552585,174.38381392657755,116.25587595105169,13,234,0.6900017389350105,0.0010918001644313335,0.0037909727931643524,0.35376849886444006,6,0.5,dynamic_1_5_p6_h1_3_6_12_s0_50,dynamic:1.5,False,False,highs
max_charge,13,57.369444299737594,172.1083328992128,114.7388885994752,9,216,0.8196686992252585,0.0010760000732261688,0.0037361113653686415,-0.4047251769238187,6,0.5,dynamic_1_5_p6_h1_3_6_12_s0_50,dynamic:1.5,False,False,highs
max_charge,14,59.96068991720675,179.88206975162026,119.92137983441351,13,240,0.9980093232251362,0.0011109001643490046,0.0038572922373229326,2.186520440545337,6,0.5,dynamic_1_5_p6_h1_3_6_12_s0_50,dynamic:1.5,False,False,highs
max_charge,15,54.92058029025792,164.76174087077376,109.84116058051585,15,212,0.9974211237865113,0.001128500240156427,0.00391840361165426,-2.8535891864034966,6,0.5,dynamic_1_5_p6_h1_3_6_12_s0_50,dynamic:1.5,False,False,highs
max_charge,16,60.5262932444612,181.57887973338362,121.05258648892242,9,223,0.9971503259171217,0.001051900180755183,0.003652431183177719,2.7521237677997874,6,0.5,dynamic_1_5_p6_h1_3_6_12_s0_50,dynamic:1.5,False,False,highs
max_charge,17,66.9891772607962,200.96753178238865,133.97835452159245,14,225,0.8665851546199221,0.001021500094793737,0.0035468753291449198,9.215007784134784,6,0.5,dynamic_1_5_p6_h1_3_6_12_s0_50,dynamic:1.5,False,False,highs
max_charge,18,39.18033680394291,117.54101041182874,78.36067360788583,12,228,0.8455364073182409,0.0010341996676288545,0.003590971068155745,-18.593832672718506,6,0.5,dynamic_1_5_p6_h1_3_6_12_s0_50,dynamic:1.5,False,False,highs
max_charge,19,59.49431341886519,178.48294025659558,118.9886268377304,11,193,0.8836988494598875,0.0010959000792354345,0.00380520860845637,1.7201439422037765,6,0.5,dynamic_1_5_p6_h1_3_6_12_s0_50,dynamic:1.5,False,False,highs
max_charge,20,44.4420983083546,133.32629492506382,88.88419661670922,14,231,0.996130683450031,0.0010358001745771617,0.003596528383948478,-13.332071168306811,6,0.5,dynamic_1_5_p6_h1_3_6_12_s0_50,dynamic:1.5,False,False,highs
max_charge,21,68.16215191036463,204.48645573109386,136.32430382072923,19,223,0.901154604594407,0.0010152999602723867,0.0035253470842791204,10.387982433703215,6,0.5,dynamic_1_5_p6_h1_3_6_12_s0_50,dynamic:1.5,False,False,highs
max_charge,22,45.63019455224274,136.89058365672824,91.2603891044855,11,235,0.9979178602813771,0.0010481000936124474,0.003639236436154331,-12.143974924418671,6,0.5,dynamic_1_5_p6_h1_3_6_12_s0_50,dynamic:1.5,False,False,highs
max_charge,23,54.53660233318804,163.60980699956414,109.0732046663761,13,234,0.8422442516551195,0.0010155000491067767,0.003526041837176308,-3.2375671434733704,6,0.5,dynamic_1_5_p6_h1_3_6_12_s0_50,dynamic:1.5,False,False,highs
max_charge,24,58.40083551406859,175.20250654220578,116.80167102813719,18,226,0.9934613229016606,0.0010358000581618398,0.0035965279797286107,0.6266660374071762,6,0.5,dynamic_1_5_p6_h1_3_6_12_s0_50,dynamic:1.5,False,False,highs
max_charge,25,80.61243888139722,241.8373166441917,161.22487776279448,11,237,0.9968676942377745,0.0010308000491932034,0.0035791668374764007,22.83826940473581,6,0.5,dynamic_1_5_p6_h1_3_6_12_s0_50,dynamic:1.5,False,False,highs
max_charge,26,59.84327361434697,179.5298208430409,119.68654722869394,12,204,0.9974741477045284,0.0010739001154433936,0.003728819845289561,2.0691041376855566,6,0.5,dynamic_1_5_p6_h1_3_6_12_s0_50,dynamic:1.5,False,False,highs
max_charge,27,38.35129593809445,115.05388781428336,76.7025918761889,13,249,0.9978128652316754,0.0010413001000415534,0.003615625347366505,-19.42287353856696,6,0.5,dynamic_1_5_p6_h1_3_6_12_s0_50,dynamic:1.5,False,False,highs
max_charge,28,66.94221500506,200.82664501518008,133.88443001012007,13,244,0.9818717960644812,0.0011947000748477876,0.004148264148777041,9.168045528398594,6,0.5,dynamic_1_5_p6_h1_3_6_12_s0_50,dynamic:1.5,False,False,highs
max_charge,29,61.23791326880455,183.71373980641363,122.47582653760908,11,233,0.9489818728748262,0.0010343999019823968,0.0035916663263277668,3.463743792143134,6,0.5,dynamic_1_5_p6_h1_3_6_12_s0_50,dynamic:1.5,False,False,highs
random,0,57.269371715610035,171.80811514683012,114.53874343122008,10,220,0.719553427648928,0.01042879992746748,0.03621111085926208,-0.5047977610513783,6,0.5,dynamic_1_5_p6_h1_3_6_12_s0_50,dynamic:1.5,False,False,highs
random,1,55.54293160901436,166.62879482704307,111.0858632180287,12,217,0.9353700841463725,0.010938000283204019,0.037979167650013954,-2.231237867647053,6,0.5,dynamic_1_5_p6_h1_3_6_12_s0_50,dynamic:1.5,False,False,highs
random,2,53.93249591605769,161.7974877481731,107.86499183211541,11,227,0.9974449634503039,0.010354799509514123,0.035954164963590704,-3.8416735606037236,6,0.5,dynamic_1_5_p6_h1_3_6_12_s0_50,dynamic:1.5,False,False,highs
random,3,57.120892712167716,171.36267813650315,114.24178542433543,11,219,0.8813762667692853,0.010477000352693722,0.0363784734468532,-0.6532767644936968,6,0.5,dynamic_1_5_p6_h1_3_6_12_s0_50,dynamic:1.5,False,False,highs
random,4,61.227225344070305,183.6816760322109,122.4544506881406,8,228,0.9971927021805317,0.010604599781800061,0.036821527020139105,3.4530558674088923,6,0.5,dynamic_1_5_p6_h1_3_6_12_s0_50,dynamic:1.5,False,False,highs
random,5,53.533872744307516,160.60161823292253,107.06774548861502,14,237,0.7692297990291603,0.01011449977522716,0.03511979088620541,-4.240296732353897,6,0.5,dynamic_1_5_p6_h1_3_6_12_s0_50,dynamic:1.5,False,False,highs
random,6,58.86550825537982,176.5965247661395,117.73101651075969,11,265,0.9976146578683559,0.010075499798404053,0.034984374300014075,1.0913387787184092,6,0.5,dynamic_1_5_p6_h1_3_6_12_s0_50,dynamic:1.5,False,False,highs
random,7,44.003861882300384,132.01158564690115,88.00772376460077,11,213,0.997691281663578,0.010462399979587644,0.03632777770690154,-13.770307594361029,6,0.5,dynamic_1_5_p6_h1_3_6_12_s0_50,dynamic:1.5,False,False,highs
random,8,52.27016609906116,156.81049829718344,104.54033219812229,13,230,0.9983982847079726,0.010660999803803861,0.03701736042987452,-5.504003377600256,6,0.5,dynamic_1_5_p6_h1_3_6_12_s0_50,dynamic:1.5,False,False,highs
random,9,67.12161152274692,201.36483456824072,134.2432230454938,15,249,0.7840726062793458,0.010466699866810814,0.03634270787087088,9.347442046085504,6,0.5,dynamic_1_5_p6_h1_3_6_12_s0_50,dynamic:1.5,False,False,highs
random,10,74.66580127674246,223.9974038302274,149.33160255348494,14,221,0.9044416926042936,0.01020209986018017,0.03542395784784781,16.891631800081043,6,0.5,dynamic_1_5_p6_h1_3_6_12_s0_50,dynamic:1.5,False,False,highs
random,11,57.82281307762872,173.46843923288617,115.64562615525745,14,197,0.8116708213590745,0.010881299764150754,0.037782290847745675,0.04864360096730991,6,0.5,dynamic_1_5_p6_h1_3_6_12_s0_50,dynamic:1.5,False,False,highs
random,12,57.70689913806619,173.12069741419856,115.41379827613237,12,235,0.6104586025307635,0.010506400343729183,0.036480556749059666,-0.0672703385952218,6,0.5,dynamic_1_5_p6_h1_3_6_12_s0_50,dynamic:1.5,False,False,highs
random,13,56.87507936735719,170.62523810207153,113.75015873471435,8,217,0.6994050805554549,0.010246200225083157,0.03557708411487207,-0.8990901093042254,6,0.5,dynamic_1_5_p6_h1_3_6_12_s0_50,dynamic:1.5,False,False,highs
random,14,59.4744282867013,178.42328486010388,118.94885657340258,11,242,0.7747283392565532,0.010253900254610926,0.03560382032851016,1.7002588100398839,6,0.5,dynamic_1_5_p6_h1_3_6_12_s0_50,dynamic:1.5,False,False,highs
random,15,54.69185902209992,164.07557706629973,109.38371804419981,11,216,0.9985317545699519,0.010396100027719513,0.03609756954069275,-3.082310454561494,6,0.5,dynamic_1_5_p6_h1_3_6_12_s0_50,dynamic:1.5,False,False,highs
random,16,60.21404596243241,180.64213788729722,120.42809192486482,9,223,0.9993106985021564,0.010355000267736614,0.03595486204075213,2.439876485770995,6,0.5,dynamic_1_5_p6_h1_3_6_12_s0_50,dynamic:1.5,False,False,highs
random,17,66.43450147370572,199.3035044211171,132.8690029474114,15,223,0.6352427697867317,0.01020260009681806,0.035425694780618265,8.66033199704431,6,0.5,dynamic_1_5_p6_h1_3_6_12_s0_50,dynamic:1.5,False,False,highs
random,18,38.864187634229964,116.59256290268988,77.72837526845991,13,227,0.9641925917934032,0.010208100167801604,0.03544479224931112,-18.90998184243145,6,0.5,dynamic_1_5_p6_h1_3_6_12_s0_50,dynamic:1.5,False,False,highs
random,19,58.98804302647552,176.9641290794266,117.97608605295109,9,195,0.8130835561631363,0.010457499622134492,0.03631076257685587,1.2138735498141102,6,0.5,dynamic_1_5_p6_h1_3_6_12_s0_50,dynamic:1.5,False,False,highs
random,20,44.09628352198527,132.2888505659558,88.19256704397054,11,234,0.8467216758218968,0.010158299905015156,0.035271874670191515,-13.677885954676142,6,0.5,dynamic_1_5_p6_h1_3_6_12_s0_50,dynamic:1.5,False,False,highs
random,21,67.89612480957757,203.6883744287327,135.79224961915511,11,231,0.8700506378894591,0.010252800129819661,0.03560000045076271,10.121955332916158,6,0.5,dynamic_1_5_p6_h1_3_6_12_s0_50,dynamic:1.5,False,False,highs
random,22,45.4779181945497,136.4337545836491,90.95583638909939,12,234,0.997268064835335,0.010282600211212412,0.03570347295559865,-12.296251282111712,6,0.5,dynamic_1_5_p6_h1_3_6_12_s0_50,dynamic:1.5,False,False,highs
random,23,54.29139160369965,162.87417481109892,108.58278320739927,10,237,0.8661620142933799,0.01057300015236251,0.03671180608459205,-3.482777872961762,6,0.5,dynamic_1_5_p6_h1_3_6_12_s0_50,dynamic:1.5,False,False,highs
random,24,57.976013615005655,173.928040845017,115.95202723001134,9,234,0.9988694590516581,0.01009310013614595,0.0350454865838401,0.2018441383442422,6,0.5,dynamic_1_5_p6_h1_3_6_12_s0_50,dynamic:1.5,False,False,highs
random,25,80.10311331816436,240.3093399544931,160.20622663632875,8,240,0.0,0.010402800020528957,0.03612083340461444,22.328943841502948,6,0.5,dynamic_1_5_p6_h1_3_6_12_s0_50,dynamic:1.5,False,False,highs
random,26,59.41670404351774,178.25011213055322,118.83340808703548,15,201,0.8978483511112955,0.009935200185282156,0.03449722286556304,1.6425345668563267,6,0.5,dynamic_1_5_p6_h1_3_6_12_s0_50,dynamic:1.5,False,False,highs
random,27,38.203209120426905,114.60962736128072,76.40641824085381,12,250,0.9950947998807281,0.010370999720180407,0.03601041569507086,-19.570960356234508,6,0.5,dynamic_1_5_p6_h1_3_6_12_s0_50,dynamic:1.5,False,False,highs
random,28,66.42910258494456,199.28730775483362,132.85820516988906,9,248,0.9651789170567289,0.01025989992194809,0.0356246525067642,8.654933108283146,6,0.5,dynamic_1_5_p6_h1_3_6_12_s0_50,dynamic:1.5,False,False,highs
random,29,60.929432554101155,182.78829766230348,121.85886510820232,10,234,0.9950339046153468,0.010281299968482926,0.03569895822389905,3.1552630774397414,6,0.5,dynamic_1_5_p6_h1_3_6_12_s0_50,dynamic:1.5,False,False,highs
milp_h1,0,115.06846913894015,345.20540741682044,230.1369382778803,23,203,0.8543371613511234,6.058243200037396,21.035566666796512,0.004276638560810397,12,0.5,dynamic_1_5_p12_h1_3_6_12_s0_50,dynamic:1.5,False,False,highs
milp_h1,1,111.59044244885439,334.7713273465632,223.18088489770884,17,206,0.9267829676890417,5.421157999953721,18.823465277617085,-3.473750051524945,12,0.5,dynamic_1_5_p12_h1_3_6_12_s0_50,dynamic:1.5,False,False,highs
milp_h1,2,108.05145946542422,324.1543783962726,216.10291893084838,17,215,0.8756411321992966,5.431011299981037,18.857678124934157,-7.012733034955119,12,0.5,dynamic_1_5_p12_h1_3_6_12_s0_50,dynamic:1.5,False,False,highs
milp_h1,3,114.51591070195036,343.5477321058511,229.03182140390072,18,206,0.7077414423161202,5.8079422999871895,20.166466319399962,-0.5482817984289738,12,0.5,dynamic_1_5_p12_h1_3_6_12_s0_50,dynamic:1.5,False,False,highs
milp_h1,4,122.80294008255001,368.40882024765006,245.60588016510005,29,201,0.8876642652573647,5.628419199958444,19.54312222207793,7.738747582170674,12,0.5,dynamic_1_5_p12_h1_3_6_12_s0_50,dynamic:1.5,False,False,highs
milp_h1,5,107.22419859170915,321.6725957751274,214.44839718341822,33,212,0.7430287789715212,5.771247300202958,20.039053125704715,-7.839993908670181,12,0.5,dynamic_1_5_p12_h1_3_6_12_s0_50,dynamic:1.5,False,False,highs
milp_h1,6,117.86232078075409,353.5869623422622,235.72464156150812,19,251,0.9990829401178359,6.002956599870231,20.84359930510497,2.7981282803747547,12,0.5,dynamic_1_5_p12_h1_3_6_12_s0_50,dynamic:1.5,False,False,highs
milp_h1,7,88.24040466646352,264.72121399939056,176.48080933292704,18,200,0.7326885596961886,5.725128299935022,19.878917708107718,-26.823787833915816,12,0.5,dynamic_1_5_p12_h1_3_6_12_s0_50,dynamic:1.5,False,False,highs
milp_h1,8,105.02209171950815,315.06627515852443,210.04418343901628,20,217,0.7786849833971322,5.913828499964438,20.534126735987634,-10.04210078087118,12,0.5,dynamic_1_5_p12_h1_3_6_12_s0_50,dynamic:1.5,False,False,highs
milp_h1,9,134.26168319483594,402.7850495845078,268.5233663896719,20,238,0.8089777995573743,4.7588252001442015,16.52369861161181,19.197490694456604,12,0.5,dynamic_1_5_p12_h1_3_6_12_s0_50,dynamic:1.5,False,False,highs
milp_h1,10,149.8951789180437,449.6855367541312,299.7903578360875,19,210,0.8210417459784777,4.6493696000252385,16.14364444453208,34.83098641766438,12,0.5,dynamic_1_5_p12_h1_3_6_12_s0_50,dynamic:1.5,False,False,highs
milp_h1,11,115.39128077924249,346.1738423377275,230.78256155848499,22,183,0.8137562801595224,6.096404800278833,21.168072223190393,0.32708827886315817,12,0.5,dynamic_1_5_p12_h1_3_6_12_s0_50,dynamic:1.5,False,False,highs
milp_h1,12,115.66614529192444,346.99843587577334,231.3322905838489,25,216,0.6047787489896924,5.72359180013882,19.873582639370902,0.6019527915451022,12,0.5,dynamic_1_5_p12_h1_3_6_12_s0_50,dynamic:1.5,False,False,highs
milp_h1,13,114.35401459534964,343.06204378604883,228.7080291906992,16,203,0.6623847149684451,6.089324500004295,21.143487847237136,-0.7101779050296955,12,0.5,dynamic_1_5_p12_h1_3_6_12_s0_50,dynamic:1.5,False,False,highs
milp_h1,14,119.5374998450279,358.6124995350837,239.07499969005582,17,230,0.7598241577619004,5.773785099649103,20.047864929337166,4.4733073446485605,12,0.5,dynamic_1_5_p12_h1_3_6_12_s0_50,dynamic:1.5,False,False,highs
milp_h1,15,109.7510619138678,329.2531857416033,219.50212382773552,25,196,0.8853133682747063,6.304031600011513,21.888998611151084,-5.313130586511534,12,0.5,dynamic_1_5_p12_h1_3_6_12_s0_50,dynamic:1.5,False,False,highs
milp_h1,16,120.76477848390738,362.2943354517221,241.5295569678147,22,205,0.9810620355321892,5.855068000033498,20.330097222338534,5.700585983528043,12,0.5,dynamic_1_5_p12_h1_3_6_12_s0_50,dynamic:1.5,False,False,highs
milp_h1,17,132.81171989838276,398.43515969514834,265.6234397967656,17,215,0.8795429505933253,5.827695600106381,20.235054167036044,17.747527398003427,12,0.5,dynamic_1_5_p12_h1_3_6_12_s0_50,dynamic:1.5,False,False,highs
milp_h1,18,78.00872394939262,234.02617184817785,156.01744789878524,21,213,0.8974343190840097,5.969379700312857,20.72701284830853,-37.05546855098672,12,0.5,dynamic_1_5_p12_h1_3_6_12_s0_50,dynamic:1.5,False,False,highs
milp_h1,19,118.23809349536896,354.7142804861068,236.47618699073786,17,181,0.9127304383430855,5.680944399937289,19.72550138867114,3.173900994989623,12,0.5,dynamic_1_5_p12_h1_3_6_12_s0_50,dynamic:1.5,False,False,highs
milp_h1,20,88.516980625689,265.55094187706703,177.03396125137803,19,221,0.9971148880325029,5.964504699717509,20.710085762908015,-26.547211874690333,12,0.5,dynamic_1_5_p12_h1_3_6_12_s0_50,dynamic:1.5,False,False,highs
milp_h1,21,136.19213282465932,408.576398473978,272.38426564931865,26,210,0.8803698104144378,6.370918700267794,22.12124548704095,21.12794032427999,12,0.5,dynamic_1_5_p12_h1_3_6_12_s0_50,dynamic:1.5,False,False,highs
milp_h1,22,91.14438577691712,273.4331573307514,182.28877155383427,15,225,0.6886419204886951,5.743438199715456,19.942493749012,-23.919806723462216,12,0.5,dynamic_1_5_p12_h1_3_6_12_s0_50,dynamic:1.5,False,False,highs
milp_h1,23,108.8346373458703,326.5039120376109,217.6692746917406,19,222,0.9200536552713046,6.1062391001032665,21.202219097580787,-6.229555154509029,12,0.5,dynamic_1_5_p12_h1_3_6_12_s0_50,dynamic:1.5,False,False,highs
milp_h1,24,116.24655072391033,348.73965217173094,232.4931014478206,18,219,0.7519420847159767,6.189626399806002,21.491758332659728,1.182358223530997,12,0.5,dynamic_1_5_p12_h1_3_6_12_s0_50,dynamic:1.5,False,False,highs
milp_h1,25,160.89635608792304,482.68906826376906,321.792712175846,18,224,0.997610881101355,5.915826199983712,20.54106319438789,45.832163587543704,12,0.5,dynamic_1_5_p12_h1_3_6_12_s0_50,dynamic:1.5,False,False,highs
milp_h1,26,119.29024722576139,357.8707416772842,238.58049445152278,16,194,0.9963860823402194,6.757006899890257,23.461829513507837,4.226054725382056,12,0.5,dynamic_1_5_p12_h1_3_6_12_s0_50,dynamic:1.5,False,False,highs
milp_h1,27,76.60921587546665,229.82764762639994,153.2184317509333,20,236,0.9406167839738275,5.515576999838231,19.15130902721608,-38.45497662491269,12,0.5,dynamic_1_5_p12_h1_3_6_12_s0_50,dynamic:1.5,False,False,highs
milp_h1,28,133.07380901972448,399.2214270591735,266.147618039449,11,240,0.9993418833972144,6.075148200412514,21.09426458476567,18.009616519345144,12,0.5,dynamic_1_5_p12_h1_3_6_12_s0_50,dynamic:1.5,False,False,highs
milp_h1,29,122.06304154396054,366.1891246318816,244.12608308792107,22,216,0.9452961518383722,6.112538300105371,21.224091319810313,6.9988490435812025,12,0.5,dynamic_1_5_p12_h1_3_6_12_s0_50,dynamic:1.5,False,False,highs
milp_h3,0,115.06846913894015,345.20540741682044,230.1369382778803,12,212,0.8520410226717839,17.40415669992217,60.43109965250753,0.004276638560810397,12,0.5,dynamic_1_5_p12_h1_3_6_12_s0_50,dynamic:1.5,False,False,highs
milp_h3,1,111.59044244885442,334.7713273465633,223.18088489770886,12,211,0.878150282075533,18.193630999769084,63.17232986030932,-3.4737500515249167,12,0.5,dynamic_1_5_p12_h1_3_6_12_s0_50,dynamic:1.5,False,False,highs
milp_h3,2,108.05145946542419,324.1543783962726,216.1029189308484,13,220,0.9192025355987433,15.71848759954446,54.57808194286271,-7.012733034955147,12,0.5,dynamic_1_5_p12_h1_3_6_12_s0_50,dynamic:1.5,False,False,highs
milp_h3,3,114.51591070195036,343.5477321058511,229.03182140390072,16,208,0.8161492165620566,17.066505299764685,59.258698957516266,-0.5482817984289738,12,0.5,dynamic_1_5_p12_h1_3_6_12_s0_50,dynamic:1.5,False,False,highs
milp_h3,4,122.80294008255001,368.40882024765006,245.60588016510005,11,219,0.9589878018924946,16.247620300098788,56.4153482642319,7.738747582170674,12,0.5,dynamic_1_5_p12_h1_3_6_12_s0_50,dynamic:1.5,False,False,highs
milp_h3,5,107.22419859170915,321.6725957751274,214.44839718341822,18,227,0.8163494511079177,16.238353699911386,56.383172569136754,-7.839993908670181,12,0.5,dynamic_1_5_p12_h1_3_6_12_s0_50,dynamic:1.5,False,False,highs
milp_h3,6,117.86232078075409,353.5869623422622,235.72464156150812,11,259,0.9984930936407043,15.214015100034885,52.826441319565575,2.7981282803747547,12,0.5,dynamic_1_5_p12_h1_3_6_12_s0_50,dynamic:1.5,False,False,highs
milp_h3,7,88.24040466646352,264.72121399939056,176.48080933292704,15,203,0.778230662402029,16.162282300269,56.11903576482291,-26.823787833915816,12,0.5,dynamic_1_5_p12_h1_3_6_12_s0_50,dynamic:1.5,False,False,highs
milp_h3,8,105.02209171950813,315.06627515852443,210.0441834390163,13,224,0.8201752676299303,15.337970699911239,53.25684270802513,-10.042100780871209,12,0.5,dynamic_1_5_p12_h1_3_6_12_s0_50,dynamic:1.5,False,False,highs
milp_h3,9,134.26168319483594,402.7850495845079,268.52336638967193,14,244,0.7139902650458798,15.3873688999156,53.42836423581806,19.197490694456604,12,0.5,dynamic_1_5_p12_h1_3_6_12_s0_50,dynamic:1.5,False,False,highs
milp_h3,10,149.89517891804377,449.68553675413125,299.7903578360875,12,217,0.8017202761175929,16.70707800021046,58.01068750073076,34.830986417664434,12,0.5,dynamic_1_5_p12_h1_3_6_12_s0_50,dynamic:1.5,False,False,highs
milp_h3,11,115.39128077924249,346.1738423377275,230.78256155848499,9,196,0.7602429255293611,15.432477299968014,53.58499062488894,0.32708827886315817,12,0.5,dynamic_1_5_p12_h1_3_6_12_s0_50,dynamic:1.5,False,False,highs
milp_h3,12,115.66614529192444,346.99843587577334,231.3322905838489,15,226,0.6299509971941106,16.157298799662385,56.10173194327217,0.6019527915451022,12,0.5,dynamic_1_5_p12_h1_3_6_12_s0_50,dynamic:1.5,False,False,highs
milp_h3,13,114.35401459534961,343.06204378604883,228.70802919069922,11,208,0.6782965958214754,15.323305799567606,53.2059229151653,-0.7101779050297239,12,0.5,dynamic_1_5_p12_h1_3_6_12_s0_50,dynamic:1.5,False,False,highs
milp_h3,14,119.53749984502792,358.6124995350837,239.0749996900558,11,236,0.9979831117584046,14.300382599933073,49.654106249767615,4.473307344648589,12,0.5,dynamic_1_5_p12_h1_3_6_12_s0_50,dynamic:1.5,False,False,highs
milp_h3,15,109.75106191386777,329.2531857416033,219.50212382773555,15,206,0.6780198033713125,15.94690560005256,55.3712000001825,-5.313130586511562,12,0.5,dynamic_1_5_p12_h1_3_6_12_s0_50,dynamic:1.5,False,False,highs
milp_h3,16,120.76477848390735,362.2943354517221,241.52955696781473,11,215,0.9977032730423399,15.151615299895639,52.609775346859855,5.700585983528015,12,0.5,dynamic_1_5_p12_h1_3_6_12_s0_50,dynamic:1.5,False,False,highs
milp_h3,17,132.81171989838282,398.4351596951484,265.6234397967656,13,219,0.7835647647606361,14.895662999799242,51.721052082636255,17.747527398003484,12,0.5,dynamic_1_5_p12_h1_3_6_12_s0_50,dynamic:1.5,False,False,highs
milp_h3,18,78.00872394939262,234.02617184817785,156.01744789878524,14,220,0.994351785893866,14.295920199889224,49.63861180517092,-37.05546855098672,12,0.5,dynamic_1_5_p12_h1_3_6_12_s0_50,dynamic:1.5,False,False,highs
milp_h3,19,118.23809349536896,354.7142804861068,236.47618699073786,9,189,0.8577861533354648,15.787322699616197,54.81709270700068,3.173900994989623,12,0.5,dynamic_1_5_p12_h1_3_6_12_s0_50,dynamic:1.5,False,False,highs
milp_h3,20,88.516980625689,265.55094187706703,177.03396125137803,17,222,0.8164818479522273,15.550577699963469,53.99506145820649,-26.547211874690333,12,0.5,dynamic_1_5_p12_h1_3_6_12_s0_50,dynamic:1.5,False,False,highs
milp_h3,21,136.19213282465932,408.576398473978,272.38426564931865,12,226,0.7711358557574647,10.56115029999637,36.670660763876285,21.12794032427999,12,0.5,dynamic_1_5_p12_h1_3_6_12_s0_50,dynamic:1.5,False,False,highs
milp_h3,22,91.14438577691715,273.4331573307514,182.28877155383424,14,226,0.8563032323660904,17.821657700347714,61.88075590398512,-23.919806723462187,12,0.5,dynamic_1_5_p12_h1_3_6_12_s0_50,dynamic:1.5,False,False,highs
milp_h3,23,108.83463734587028,326.5039120376109,217.66927469174064,13,228,0.7280611434275982,16.75411380029982,58.17400625104104,-6.2295551545090575,12,0.5,dynamic_1_5_p12_h1_3_6_12_s0_50,dynamic:1.5,False,False,highs
milp_h3,24,116.24655072391033,348.73965217173094,232.4931014478206,9,228,0.9971033756274732,15.25252620028914,52.96016041767062,1.182358223530997,12,0.5,dynamic_1_5_p12_h1_3_6_12_s0_50,dynamic:1.5,False,False,highs
milp_h3,25,160.89635608792304,482.68906826376906,321.792712175846,11,231,0.9975421043255085,16.285503699677065,56.54688784610092,45.832163587543704,12,0.5,dynamic_1_5_p12_h1_3_6_12_s0_50,dynamic:1.5,False,False,highs
milp_h3,26,119.29024722576139,357.8707416772842,238.58049445152278,13,198,0.9987715439276752,13.54718750010943,47.03884548649108,4.226054725382056,12,0.5,dynamic_1_5_p12_h1_3_6_12_s0_50,dynamic:1.5,False,False,highs
milp_h3,27,76.60921587546665,229.82764762639994,153.2184317509333,11,245,0.9921910010606112,16.66345730019384,57.859226736784166,-38.45497662491269,12,0.5,dynamic_1_5_p12_h1_3_6_12_s0_50,dynamic:1.5,False,False,highs
milp_h3,28,133.07380901972448,399.2214270591735,266.147618039449,10,241,0.9985902577832876,16.730319399677683,58.0913868044364,18.009616519345144,12,0.5,dynamic_1_5_p12_h1_3_6_12_s0_50,dynamic:1.5,False,False,highs
milp_h3,29,122.06304154396051,366.1891246318816,244.1260830879211,11,227,0.9983421028697005,15.044065900030546,52.236339930661615,6.998849043581174,12,0.5,dynamic_1_5_p12_h1_3_6_12_s0_50,dynamic:1.5,False,False,highs
milp_h6,0,115.06846913894015,345.20540741682044,230.1369382778803,12,212,0.8520410226717839,24.26740440024878,84.26182083419715,0.004276638560810397,12,0.5,dynamic_1_5_p12_h1_3_6_12_s0_50,dynamic:1.5,False,False,highs
milp_h6,1,111.59044244885442,334.7713273465633,223.18088489770886,12,211,0.878150282075533,23.77330679949955,82.546204164929,-3.4737500515249167,12,0.5,dynamic_1_5_p12_h1_3_6_12_s0_50,dynamic:1.5,False,False,highs
milp_h6,2,108.05145946542419,324.1543783962726,216.1029189308484,13,220,0.9111307250710949,23.87610959968879,82.90315833225274,-7.012733034955147,12,0.5,dynamic_1_5_p12_h1_3_6_12_s0_50,dynamic:1.5,False,False,highs
milp_h6,3,114.51591070195036,343.5477321058511,229.03182140390072,16,208,0.816149238056559,23.63304650047212,82.05918923775042,-0.5482817984289738,12,0.5,dynamic_1_5_p12_h1_3_6_12_s0_50,dynamic:1.5,False,False,highs
milp_h6,4,122.80294008255001,368.40882024765006,245.60588016510005,11,219,0.9657898640290442,24.940927300369367,86.60044201517141,7.738747582170674,12,0.5,dynamic_1_5_p12_h1_3_6_12_s0_50,dynamic:1.5,False,False,highs
milp_h6,5,107.22419859170915,321.6725957751274,214.44839718341822,18,227,0.8169260558123034,23.222250799968606,80.63281527766877,-7.839993908670181,12,0.5,dynamic_1_5_p12_h1_3_6_12_s0_50,dynamic:1.5,False,False,highs
milp_h6,6,117.86232078075409,353.5869623422622,235.72464156150812,11,259,0.9984930936407043,22.399453300022287,77.77587951396627,2.7981282803747547,12,0.5,dynamic_1_5_p12_h1_3_6_12_s0_50,dynamic:1.5,False,False,highs
milp_h6,7,88.24040466646352,264.72121399939056,176.48080933292704,16,202,0.803301304545609,24.493679399834946,85.04749791609356,-26.823787833915816,12,0.5,dynamic_1_5_p12_h1_3_6_12_s0_50,dynamic:1.5,False,False,highs
milp_h6,8,105.02209171950813,315.06627515852443,210.0441834390163,13,224,0.8204274529235658,22.878312900167657,79.43858645891548,-10.042100780871209,12,0.5,dynamic_1_5_p12_h1_3_6_12_s0_50,dynamic:1.5,False,False,highs
milp_h6,9,134.26168319483594,402.7850495845079,268.52336638967193,14,244,0.7139902650458798,22.915072699950542,79.56622465260605,19.197490694456604,12,0.5,dynamic_1_5_p12_h1_3_6_12_s0_50,dynamic:1.5,False,False,highs
milp_h6,10,149.89517891804377,449.68553675413125,299.7903578360875,12,217,0.8017202761175929,23.71015259975684,82.3269187491557,34.830986417664434,12,0.5,dynamic_1_5_p12_h1_3_6_12_s0_50,dynamic:1.5,False,False,highs
milp_h6,11,115.39128077924249,346.1738423377275,230.78256155848499,9,196,0.7602429255293611,23.712619500089204,82.33548437530973,0.32708827886315817,12,0.5,dynamic_1_5_p12_h1_3_6_12_s0_50,dynamic:1.5,False,False,highs
milp_h6,12,115.66614529192444,346.99843587577334,231.3322905838489,17,224,0.6304006638912742,24.09790140003315,83.67326875011511,0.6019527915451022,12,0.5,dynamic_1_5_p12_h1_3_6_12_s0_50,dynamic:1.5,False,False,highs
milp_h6,13,114.35401459534961,343.06204378604883,228.70802919069922,11,208,0.6782965958214754,22.854999800241785,79.35763819528398,-0.7101779050297239,12,0.5,dynamic_1_5_p12_h1_3_6_12_s0_50,dynamic:1.5,False,False,highs
milp_h6,14,119.53749984502792,358.6124995350837,239.0749996900558,11,236,0.9979831117584046,23.498025700013386,81.59036701393536,4.473307344648589,12,0.5,dynamic_1_5_p12_h1_3_6_12_s0_50,dynamic:1.5,False,False,highs
milp_h6,15,109.75106191386777,329.2531857416033,219.50212382773555,15,206,0.6780198033713125,23.45631560005131,81.44554027795594,-5.313130586511562,12,0.5,dynamic_1_5_p12_h1_3_6_12_s0_50,dynamic:1.5,False,False,highs
milp_h6,16,120.76477848390735,362.2943354517221,241.52955696781473,11,215,0.9977032730423399,22.822844899987103,79.24598923606634,5.700585983528015,12,0.5,dynamic_1_5_p12_h1_3_6_12_s0_50,dynamic:1.5,False,False,highs
milp_h6,17,132.81171989838282,398.4351596951484,265.6234397967656,13,219,0.7835647647606361,23.548851499974262,81.76684548602174,17.747527398003484,12,0.5,dynamic_1_5_p12_h1_3_6_12_s0_50,dynamic:1.5,False,False,highs
milp_h6,18,78.00872394939262,234.02617184817785,156.01744789878524,17,217,0.995461072950359,19.00832840008661,66.00114027807851,-37.05546855098672,12,0.5,dynamic_1_5_p12_h1_3_6_12_s0_50,dynamic:1.5,False,False,highs
milp_h6,19,118.23809349536896,354.7142804861068,236.47618699073786,10,188,0.8594823257579305,20.045413699932396,69.60213090254304,3.173900994989623,12,0.5,dynamic_1_5_p12_h1_3_6_12_s0_50,dynamic:1.5,False,False,highs
milp_h6,20,88.516980625689,265.55094187706703,177.03396125137803,17,223,0.9447160354396619,21.025216000241926,73.00422222306224,-26.547211874690333,12,0.5,dynamic_1_5_p12_h1_3_6_12_s0_50,dynamic:1.5,False,False,highs
milp_h6,21,136.19213282465927,408.5763984739779,272.38426564931865,12,224,0.8167466771176585,23.667696300079115,82.17950104194136,21.127940324279933,12,0.5,dynamic_1_5_p12_h1_3_6_12_s0_50,dynamic:1.5,False,False,highs
milp_h6,22,91.14438577691715,273.4331573307514,182.28877155383424,14,226,0.877001470195319,24.843709700217005,86.26288090353127,-23.919806723462187,12,0.5,dynamic_1_5_p12_h1_3_6_12_s0_50,dynamic:1.5,False,False,highs
milp_h6,23,108.83463734587028,326.5039120376109,217.66927469174064,13,228,0.7280611434275982,24.20300890004728,84.03822534738639,-6.2295551545090575,12,0.5,dynamic_1_5_p12_h1_3_6_12_s0_50,dynamic:1.5,False,False,highs
milp_h6,24,116.24655072391033,348.73965217173094,232.4931014478206,9,228,0.9971033756274732,25.06075699997018,87.01651736100757,1.182358223530997,12,0.5,dynamic_1_5_p12_h1_3_6_12_s0_50,dynamic:1.5,False,False,highs
milp_h6,25,160.89635608792304,482.68906826376906,321.792712175846,11,231,0.9975656083432979,21.297845800057985,73.95085347242356,45.832163587543704,12,0.5,dynamic_1_5_p12_h1_3_6_12_s0_50,dynamic:1.5,False,False,highs
milp_h6,26,119.29024722576139,357.8707416772842,238.58049445152278,13,198,0.9987715439276752,19.11549120026757,66.3732333342624,4.226054725382056,12,0.5,dynamic_1_5_p12_h1_3_6_12_s0_50,dynamic:1.5,False,False,highs
milp_h6,27,76.60921587546665,229.82764762639994,153.2184317509333,11,245,0.9951408807622674,20.907482500042534,72.59542534736991,-38.45497662491269,12,0.5,dynamic_1_5_p12_h1_3_6_12_s0_50,dynamic:1.5,False,False,highs
milp_h6,28,133.07380901972448,399.2214270591735,266.147618039449,10,241,0.9985902577832876,22.404247999889776,77.79252777739505,18.009616519345144,12,0.5,dynamic_1_5_p12_h1_3_6_12_s0_50,dynamic:1.5,False,False,highs
milp_h6,29,122.06304154396051,366.1891246318816,244.1260830879211,11,227,0.9983421028697005,25.55605810022098,88.73631284798951,6.998849043581174,12,0.5,dynamic_1_5_p12_h1_3_6_12_s0_50,dynamic:1.5,False,False,highs
milp_h12,0,115.06846913894012,345.20540741682044,230.13693827788032,12,212,0.8503139691114968,35.75162709958386,124.13759409577727,0.004276638560781976,12,0.5,dynamic_1_5_p12_h1_3_6_12_s0_50,dynamic:1.5,False,False,highs
milp_h12,1,111.59044244885442,334.7713273465633,223.18088489770886,12,211,0.878150282075533,36.36147710037767,126.2551288207558,-3.4737500515249167,12,0.5,dynamic_1_5_p12_h1_3_6_12_s0_50,dynamic:1.5,False,False,highs
milp_h12,2,108.05145946542419,324.1543783962726,216.1029189308484,13,220,0.9111307250710949,39.3588736000238,136.6627555556382,-7.012733034955147,12,0.5,dynamic_1_5_p12_h1_3_6_12_s0_50,dynamic:1.5,False,False,highs
milp_h12,3,114.51591070195036,343.5477321058511,229.03182140390072,14,210,0.8568928966823837,41.02060529959272,142.43265729025248,-0.5482817984289738,12,0.5,dynamic_1_5_p12_h1_3_6_12_s0_50,dynamic:1.5,False,False,highs
milp_h12,4,122.80294008255001,368.40882024765006,245.60588016510005,11,219,0.9594611869226535,39.06571489974158,135.64484340188048,7.738747582170674,12,0.5,dynamic_1_5_p12_h1_3_6_12_s0_50,dynamic:1.5,False,False,highs
milp_h12,5,107.22419859170915,321.6725957751274,214.44839718341822,18,227,0.8164123946977715,38.02221749981982,132.02158854104104,-7.839993908670181,12,0.5,dynamic_1_5_p12_h1_3_6_12_s0_50,dynamic:1.5,False,False,highs
milp_h12,6,117.86232078075409,353.5869623422622,235.72464156150812,11,259,0.9985089036763907,39.36392310002702,136.6802885417605,2.7981282803747547,12,0.5,dynamic_1_5_p12_h1_3_6_12_s0_50,dynamic:1.5,False,False,highs
milp_h12,7,88.24040466646352,264.72121399939056,176.48080933292704,13,205,0.7310728665055043,40.42586179974023,140.36757569354248,-26.823787833915816,12,0.5,dynamic_1_5_p12_h1_3_6_12_s0_50,dynamic:1.5,False,False,highs
milp_h12,8,105.02209171950813,315.06627515852443,210.0441834390163,13,224,0.8703886706645708,47.45820789973368,164.7854440962975,-10.042100780871209,12,0.5,dynamic_1_5_p12_h1_3_6_12_s0_50,dynamic:1.5,False,False,highs
milp_h12,9,134.26168319483594,402.7850495845079,268.52336638967193,15,243,0.6575933136522498,37.38752530008787,129.81779618086068,19.197490694456604,12,0.5,dynamic_1_5_p12_h1_3_6_12_s0_50,dynamic:1.5,False,False,highs
milp_h12,10,149.89517891804377,449.68553675413125,299.7903578360875,12,217,0.8017202761175929,41.98543350005639,145.78275520852912,34.830986417664434,12,0.5,dynamic_1_5_p12_h1_3_6_12_s0_50,dynamic:1.5,False,False,highs
milp_h12,11,115.39128077924249,346.1738423377275,230.78256155848499,12,193,0.896679626643658,37.652960099920165,130.73944479138947,0.32708827886315817,12,0.5,dynamic_1_5_p12_h1_3_6_12_s0_50,dynamic:1.5,False,False,highs
milp_h12,12,115.66614529192444,346.99843587577334,231.3322905838489,14,227,0.5935332912587608,37.672611300309654,130.8076781260752,0.6019527915451022,12,0.5,dynamic_1_5_p12_h1_3_6_12_s0_50,dynamic:1.5,False,False,highs
milp_h12,13,114.35401459534961,343.06204378604883,228.70802919069922,11,208,0.6795306187192116,32.46593149990076,112.72892881909986,-0.7101779050297239,12,0.5,dynamic_1_5_p12_h1_3_6_12_s0_50,dynamic:1.5,False,False,highs
milp_h12,14,119.53749984502792,358.6124995350837,239.0749996900558,11,236,0.9979831117584046,32.68280789966229,113.4819718738274,4.473307344648589,12,0.5,dynamic_1_5_p12_h1_3_6_12_s0_50,dynamic:1.5,False,False,highs
milp_h12,15,109.75106191386777,329.2531857416033,219.50212382773555,15,206,0.6780198033713125,33.363931799976854,115.84698541658629,-5.313130586511562,12,0.5,dynamic_1_5_p12_h1_3_6_12_s0_50,dynamic:1.5,False,False,highs
milp_h12,16,120.76477848390738,362.2943354517221,241.5295569678147,16,210,0.77961480778782,31.698767699941527,110.06516562479698,5.700585983528043,12,0.5,dynamic_1_5_p12_h1_3_6_12_s0_50,dynamic:1.5,False,False,highs
milp_h12,17,132.81171989838282,398.4351596951484,265.6234397967656,13,219,0.7282364322300362,34.667276900378056,120.3724892374238,17.747527398003484,12,0.5,dynamic_1_5_p12_h1_3_6_12_s0_50,dynamic:1.5,False,False,highs
milp_h12,18,78.00872394939262,234.02617184817785,156.01744789878524,17,217,0.9953754530065841,34.37687770012417,119.36415868098669,-37.05546855098672,12,0.5,dynamic_1_5_p12_h1_3_6_12_s0_50,dynamic:1.5,False,False,highs
milp_h12,19,118.23809349536896,354.7142804861068,236.47618699073786,10,188,0.8580725980310507,34.5898611000448,120.10368437515555,3.173900994989623,12,0.5,dynamic_1_5_p12_h1_3_6_12_s0_50,dynamic:1.5,False,False,highs
milp_h12,20,88.516980625689,265.55094187706703,177.03396125137803,18,221,0.9064106604834811,31.025951700110454,107.72899895871686,-26.547211874690333,12,0.5,dynamic_1_5_p12_h1_3_6_12_s0_50,dynamic:1.5,False,False,highs
milp_h12,21,136.19213282465932,408.576398473978,272.38426564931865,12,224,0.8167466771176585,28.372870200226316,98.5169104174525,21.12794032427999,12,0.5,dynamic_1_5_p12_h1_3_6_12_s0_50,dynamic:1.5,False,False,highs
milp_h12,22,91.14438577691715,273.4331573307514,182.28877155383424,10,230,0.8250461667899927,50.067725700035226,173.84626979178898,-23.919806723462187,12,0.5,dynamic_1_5_p12_h1_3_6_12_s0_50,dynamic:1.5,False,False,highs
milp_h12,23,108.83463734587028,326.5039120376109,217.66927469174064,10,231,0.7621152176061975,74.18737249958212,257.59504340132685,-6.2295551545090575,12,0.5,dynamic_1_5_p12_h1_3_6_12_s0_50,dynamic:1.5,False,False,highs
milp_h12,24,116.24655072391033,348.73965217173094,232.4931014478206,9,228,0.9971033756274732,77.2941708000726,268.3825375002521,1.182358223530997,12,0.5,dynamic_1_5_p12_h1_3_6_12_s0_50,dynamic:1.5,False,False,highs
milp_h12,25,160.89635608792304,482.68906826376906,321.792712175846,11,231,0.9975195974019154,79.5595902002533,276.24857708421285,45.832163587543704,12,0.5,dynamic_1_5_p12_h1_3_6_12_s0_50,dynamic:1.5,False,False,highs
milp_h12,26,119.29024722576139,357.8707416772842,238.58049445152278,13,198,0.9987715439276752,65.76957519998541,228.3665805555049,4.226054725382056,12,0.5,dynamic_1_5_p12_h1_3_6_12_s0_50,dynamic:1.5,False,False,highs
milp_h12,27,76.60921587546665,229.82764762639994,153.2184317509333,11,245,0.9954539247862554,81.68984389968682,283.645291318357,-38.45497662491269,12,0.5,dynamic_1_5_p12_h1_3_6_12_s0_50,dynamic:1.5,False,False,highs
milp_h12,28,133.07380901972448,399.2214270591735,266.147618039449,10,241,0.9985902577832876,55.46160949993646,192.5750329858905,18.009616519345144,12,0.5,dynamic_1_5_p12_h1_3_6_12_s0_50,dynamic:1.5,False,False,highs
milp_h12,29,122.06304154396051,366.1891246318816,244.1260830879211,11,227,0.9983421028697005,35.66423759996542,123.83415833321325,6.998849043581174,12,0.5,dynamic_1_5_p12_h1_3_6_12_s0_50,dynamic:1.5,False,False,highs
equal_share,0,104.89577727625758,314.6873318287727,209.79155455251512,16,208,0.774927914908999,0.005398500070441514,0.01874479191125526,-10.168415224121759,12,0.5,dynamic_1_5_p12_h1_3_6_12_s0_50,dynamic:1.5,False,False,highs
equal_share,1,102.39041394131124,307.1712418239337,204.78082788262248,18,205,0.9967377413637354,0.0050623000133782625,0.017577430602007855,-12.673778559068097,12,0.5,dynamic_1_5_p12_h1_3_6_12_s0_50,dynamic:1.5,False,False,highs
equal_share,2,88.06465792824434,264.19397378473303,176.1293158564887,20,212,0.8451574662340426,0.005070900137070566,0.017607292142606132,-26.99953457213499,12,0.5,dynamic_1_5_p12_h1_3_6_12_s0_50,dynamic:1.5,False,False,highs
equal_share,3,104.53171448345572,313.5951434503672,209.06342896691146,14,210,0.8220899669789435,0.005174099904252216,0.017965624667542417,-10.53247801692362,12,0.5,dynamic_1_5_p12_h1_3_6_12_s0_50,dynamic:1.5,False,False,highs
equal_share,4,105.86859436415585,317.60578309246756,211.7371887283117,24,206,0.8912929306603212,0.004947900306433439,0.01718020939733833,-9.19559813622348,12,0.5,dynamic_1_5_p12_h1_3_6_12_s0_50,dynamic:1.5,False,False,highs
equal_share,5,88.88185456210226,266.6455636863068,177.76370912420452,20,225,0.7911861806271617,0.005234699929133058,0.018176041420600895,-26.182337938277072,12,0.5,dynamic_1_5_p12_h1_3_6_12_s0_50,dynamic:1.5,False,False,highs
equal_share,6,87.51873244304474,262.5561973291342,175.03746488608945,18,252,0.9980245068446297,0.004936299781547859,0.017139929797041178,-27.545460057334594,12,0.5,dynamic_1_5_p12_h1_3_6_12_s0_50,dynamic:1.5,False,False,highs
equal_share,7,68.69888153474557,206.09664460423667,137.3977630694911,14,204,0.7697506257359298,0.005315800168318674,0.01845763947332873,-46.36531096563377,12,0.5,dynamic_1_5_p12_h1_3_6_12_s0_50,dynamic:1.5,False,False,highs
equal_share,8,78.64796638130073,235.9438991439022,157.29593276260147,17,220,0.7409182686078385,0.005505999899469316,0.01911805520649068,-36.4162261190786,12,0.5,dynamic_1_5_p12_h1_3_6_12_s0_50,dynamic:1.5,False,False,highs
equal_share,9,114.6451715903097,343.93551477092916,229.29034318061946,20,238,0.828182989740928,0.0049571997951716185,0.01721249928879034,-0.4190209100696336,12,0.5,dynamic_1_5_p12_h1_3_6_12_s0_50,dynamic:1.5,False,False,highs
equal_share,10,134.51254284438653,403.53762853315965,269.0250856887731,21,208,0.996855005521847,0.005383599927881733,0.018693055305144906,19.448350344007196,12,0.5,dynamic_1_5_p12_h1_3_6_12_s0_50,dynamic:1.5,False,False,highs
equal_share,11,95.13736895267647,285.41210685802935,190.27473790535288,19,186,0.842753931000585,0.0054853998008184135,0.019046527086175047,-19.926823547702867,12,0.5,dynamic_1_5_p12_h1_3_6_12_s0_50,dynamic:1.5,False,False,highs
equal_share,12,86.64671288992517,259.9401386697756,173.29342577985042,20,221,0.6959408091334065,0.004951899871230125,0.0171940967751046,-28.417479610454166,12,0.5,dynamic_1_5_p12_h1_3_6_12_s0_50,dynamic:1.5,False,False,highs
equal_share,13,99.58340904030621,298.75022712091857,199.16681808061236,18,201,0.8916325988299205,0.005233099771430716,0.018170485317467764,-15.480783460073127,12,0.5,dynamic_1_5_p12_h1_3_6_12_s0_50,dynamic:1.5,False,False,highs
equal_share,14,99.18175123645253,297.5452537093576,198.36350247290508,9,238,0.9974324586151112,0.005132399877766147,0.017820832908910234,-15.882441263926808,12,0.5,dynamic_1_5_p12_h1_3_6_12_s0_50,dynamic:1.5,False,False,highs
equal_share,15,99.59370742105835,298.781122263175,199.18741484211665,22,199,0.5970887060756548,0.004964500374626368,0.017237848523008224,-15.47048507932098,12,0.5,dynamic_1_5_p12_h1_3_6_12_s0_50,dynamic:1.5,False,False,highs
equal_share,16,94.55471482703658,283.6641444811097,189.10942965407312,14,212,0.8759570366468682,0.005469799507409334,0.018992359400726855,-20.509477673342758,12,0.5,dynamic_1_5_p12_h1_3_6_12_s0_50,dynamic:1.5,False,False,highs
equal_share,17,110.09739471214232,330.292184136427,220.1947894242847,16,217,0.8446851137325474,0.005184000008739531,0.018000000030345593,-4.966797788237017,12,0.5,dynamic_1_5_p12_h1_3_6_12_s0_50,dynamic:1.5,False,False,highs
equal_share,18,64.47321568970892,193.41964706912677,128.94643137941785,19,215,0.9969111549895975,0.00546379984007217,0.018971527222472813,-50.59097681067041,12,0.5,dynamic_1_5_p12_h1_3_6_12_s0_50,dynamic:1.5,False,False,highs
equal_share,19,103.72214198654595,311.1664259596378,207.44428397309187,20,178,0.8487763613244803,0.005897599650779739,0.020477776565207426,-11.342050513833385,12,0.5,dynamic_1_5_p12_h1_3_6_12_s0_50,dynamic:1.5,False,False,highs
equal_share,20,85.13779015554303,255.41337046662906,170.27558031108603,26,213,0.8166515920078521,0.004896300029940903,0.017001041770628136,-29.926402344836305,12,0.5,dynamic_1_5_p12_h1_3_6_12_s0_50,dynamic:1.5,False,False,highs
equal_share,21,129.98357546389866,389.95072639169604,259.9671509277974,24,212,0.8270821790636201,0.005116699991049245,0.017766319413365435,14.919382963519325,12,0.5,dynamic_1_5_p12_h1_3_6_12_s0_50,dynamic:1.5,False,False,highs
equal_share,22,73.0624584211389,219.1873752634167,146.1249168422778,19,221,0.870036238268517,0.005024000129196793,0.01744444489304442,-42.001734079240435,12,0.5,dynamic_1_5_p12_h1_3_6_12_s0_50,dynamic:1.5,False,False,highs
equal_share,23,93.12124618595948,279.3637385578785,186.242492371919,19,222,0.8659395808279604,0.004809499921975657,0.01669965250685992,-21.942946314419856,12,0.5,dynamic_1_5_p12_h1_3_6_12_s0_50,dynamic:1.5,False,False,highs
equal_share,24,112.12237501651575,336.36712504954727,224.24475003303152,22,215,0.907464543131463,0.005123299750266597,0.01778923524398124,-2.9418174838635878,12,0.5,dynamic_1_5_p12_h1_3_6_12_s0_50,dynamic:1.5,False,False,highs
equal_share,25,149.19306809839964,447.5792042951989,298.38613619679927,28,214,0.9182622592357644,0.006052499957149848,0.02101562485121475,34.1288755980203,12,0.5,dynamic_1_5_p12_h1_3_6_12_s0_50,dynamic:1.5,False,False,highs
equal_share,26,114.00928279326865,342.02784837980596,228.0185655865373,22,188,0.9635349965401602,0.005779099999926984,0.02006631944419092,-1.0549097071106814,12,0.5,dynamic_1_5_p12_h1_3_6_12_s0_50,dynamic:1.5,False,False,highs
equal_share,27,66.43056609119901,199.29169827359706,132.86113218239805,16,240,0.9979109381741154,0.0054598001297563314,0.018957639339431707,-48.63362640918032,12,0.5,dynamic_1_5_p12_h1_3_6_12_s0_50,dynamic:1.5,False,False,highs
equal_share,28,122.00480145051776,366.0144043515533,244.00960290103555,22,229,0.9953774073531921,0.005549000081373379,0.019267361393657565,6.940608950138426,12,0.5,dynamic_1_5_p12_h1_3_6_12_s0_50,dynamic:1.5,False,False,highs
equal_share,29,104.31418862175741,312.94256586527223,208.62837724351482,15,223,0.9960728389402332,0.005615899746771902,0.019499651898513548,-10.750003878621925,12,0.5,dynamic_1_5_p12_h1_3_6_12_s0_50,dynamic:1.5,False,False,highs
max_charge,0,115.06846913894017,345.2054074168205,230.13693827788032,24,200,0.8299836832254128,0.001894400513265282,0.006577779559948895,0.004276638560838819,12,0.5,dynamic_1_5_p12_h1_3_6_12_s0_50,dynamic:1.5,False,False,highs
max_charge,1,111.59044244885442,334.7713273465633,223.18088489770886,24,199,0.9970256116442853,0.002434699679724872,0.008453818332378028,-3.4737500515249167,12,0.5,dynamic_1_5_p12_h1_3_6_12_s0_50,dynamic:1.5,False,False,highs
max_charge,2,108.05145946542419,324.1543783962726,216.1029189308484,23,209,0.9120603840344638,0.0018087000062223524,0.006280208354938723,-7.012733034955147,12,0.5,dynamic_1_5_p12_h1_3_6_12_s0_50,dynamic:1.5,False,False,highs
max_charge,3,114.51591070195039,343.54773210585114,229.03182140390075,21,203,0.8516531561987913,0.002013400138821453,0.006990972704241156,-0.5482817984289454,12,0.5,dynamic_1_5_p12_h1_3_6_12_s0_50,dynamic:1.5,False,False,highs
max_charge,4,122.80294008255004,368.4088202476501,245.60588016510007,29,201,0.9204574003808275,0.0017888999718707055,0.006211458235662172,7.738747582170703,12,0.5,dynamic_1_5_p12_h1_3_6_12_s0_50,dynamic:1.5,False,False,highs
max_charge,5,107.22419859170913,321.6725957751274,214.44839718341825,34,212,0.8459931427917523,0.001664700044784695,0.005780208488835746,-7.839993908670209,12,0.5,dynamic_1_5_p12_h1_3_6_12_s0_50,dynamic:1.5,False,False,highs
max_charge,6,117.86232078075406,353.5869623422622,235.72464156150815,32,238,0.9988369113424453,0.0016034002183005214,0.005567361869099032,2.7981282803747263,12,0.5,dynamic_1_5_p12_h1_3_6_12_s0_50,dynamic:1.5,False,False,highs
max_charge,7,88.24040466646352,264.72121399939056,176.48080933292704,23,195,0.8527054414412347,0.0017610999348107725,0.006114930329204071,-26.823787833915816,12,0.5,dynamic_1_5_p12_h1_3_6_12_s0_50,dynamic:1.5,False,False,highs
max_charge,8,105.02209171950818,315.0662751585245,210.0441834390163,30,207,0.8879388939438077,0.0016117999330163002,0.005596527545195486,-10.042100780871152,12,0.5,dynamic_1_5_p12_h1_3_6_12_s0_50,dynamic:1.5,False,False,highs
max_charge,9,134.26168319483594,402.7850495845079,268.52336638967193,29,229,0.8675047852984004,0.0015157999587245286,0.005263194301126835,19.197490694456604,12,0.5,dynamic_1_5_p12_h1_3_6_12_s0_50,dynamic:1.5,False,False,highs
max_charge,10,149.89517891804377,449.68553675413125,299.7903578360875,24,205,0.9972655646909576,0.001649299869313836,0.005726735657339709,34.830986417664434,12,0.5,dynamic_1_5_p12_h1_3_6_12_s0_50,dynamic:1.5,False,False,highs
max_charge,11,115.39128077924249,346.1738423377275,230.78256155848499,31,174,0.8830937841859927,0.001832899870350957,0.006364235660940822,0.32708827886315817,12,0.5,dynamic_1_5_p12_h1_3_6_12_s0_50,dynamic:1.5,False,False,highs
max_charge,12,115.66614529192447,346.9984358757734,231.33229058384893,30,211,0.8581624752864416,0.0018969998927786946,0.006586805183259357,0.6019527915451306,12,0.5,dynamic_1_5_p12_h1_3_6_12_s0_50,dynamic:1.5,False,False,highs
max_charge,13,114.35401459534961,343.06204378604883,228.70802919069922,24,196,0.9107638766760604,0.0020845000399276614,0.007237847360859935,-0.7101779050297239,12,0.5,dynamic_1_5_p12_h1_3_6_12_s0_50,dynamic:1.5,False,False,highs
max_charge,14,119.5374998450279,358.6124995350837,239.07499969005582,19,228,0.9126886381158859,0.0018386996816843748,0.006384373894737412,4.4733073446485605,12,0.5,dynamic_1_5_p12_h1_3_6_12_s0_50,dynamic:1.5,False,False,highs
max_charge,15,109.75106191386777,329.2531857416033,219.50212382773555,26,195,0.6864041070992085,0.0018170997500419617,0.006309374132090145,-5.313130586511562,12,0.5,dynamic_1_5_p12_h1_3_6_12_s0_50,dynamic:1.5,False,False,highs
max_charge,16,120.76477848390735,362.2943354517221,241.52955696781473,22,204,0.8646153093026622,0.0018583005003165454,0.006452432292765782,5.700585983528015,12,0.5,dynamic_1_5_p12_h1_3_6_12_s0_50,dynamic:1.5,False,False,highs
max_charge,17,132.81171989838276,398.4351596951484,265.62343979676564,31,202,0.7915338941004523,0.001766100263921544,0.0061322925830609165,17.747527398003427,12,0.5,dynamic_1_5_p12_h1_3_6_12_s0_50,dynamic:1.5,False,False,highs
max_charge,18,78.00872394939265,234.02617184817788,156.01744789878524,33,201,0.9840488217701481,0.0019984000828117132,0.0069388891764295595,-37.05546855098669,12,0.5,dynamic_1_5_p12_h1_3_6_12_s0_50,dynamic:1.5,False,False,highs
max_charge,19,118.23809349536893,354.7142804861068,236.4761869907379,27,171,0.8834818992415676,0.0021694996976293623,0.007532985061213064,3.1739009949895944,12,0.5,dynamic_1_5_p12_h1_3_6_12_s0_50,dynamic:1.5,False,False,highs
max_charge,20,88.516980625689,265.55094187706703,177.03396125137803,28,211,0.8166515920078521,0.0020256992720533162,0.0070336780279629035,-26.547211874690333,12,0.5,dynamic_1_5_p12_h1_3_6_12_s0_50,dynamic:1.5,False,False,highs
max_charge,21,136.19213282465932,408.576398473978,272.38426564931865,28,209,0.783859315768351,0.0017776997410692275,0.006172568545379262,21.12794032427999,12,0.5,dynamic_1_5_p12_h1_3_6_12_s0_50,dynamic:1.5,False,False,highs
max_charge,22,91.14438577691712,273.4331573307514,182.28877155383427,28,212,0.8534519166350518,0.0018518000142648816,0.00642986116064195,-23.919806723462216,12,0.5,dynamic_1_5_p12_h1_3_6_12_s0_50,dynamic:1.5,False,False,highs
max_charge,23,108.83463734587033,326.503912037611,217.66927469174064,27,215,0.8924810302391578,0.0017550998891238123,0.006094096837235459,-6.229555154509001,12,0.5,dynamic_1_5_p12_h1_3_6_12_s0_50,dynamic:1.5,False,False,highs
max_charge,24,116.2465507239103,348.73965217173094,232.49310144782064,24,213,0.9167180443458347,0.0018458999402355403,0.0064093747924845144,1.1823582235309686,12,0.5,dynamic_1_5_p12_h1_3_6_12_s0_50,dynamic:1.5,False,False,highs
max_charge,25,160.89635608792304,482.6890682637691,321.7927121758461,31,211,0.9256207020795433,0.0026211999356746674,0.009101388665537039,45.832163587543704,12,0.5,dynamic_1_5_p12_h1_3_6_12_s0_50,dynamic:1.5,False,False,highs
max_charge,26,119.29024722576139,357.8707416772842,238.58049445152278,24,186,0.9635349965401602,0.0017206001793965697,0.005974306178460311,4.226054725382056,12,0.5,dynamic_1_5_p12_h1_3_6_12_s0_50,dynamic:1.5,False,False,highs
max_charge,27,76.60921587546667,229.82764762639997,153.2184317509333,26,231,0.9985789295482018,0.0017132001521531492,0.005948611639420657,-38.45497662491266,12,0.5,dynamic_1_5_p12_h1_3_6_12_s0_50,dynamic:1.5,False,False,highs
max_charge,28,133.07380901972454,399.22142705917355,266.147618039449,31,220,0.9967701110961916,0.0017655998817645013,0.00613055514501563,18.0096165193452,12,0.5,dynamic_1_5_p12_h1_3_6_12_s0_50,dynamic:1.5,False,False,highs
max_charge,29,122.06304154396057,366.18912463188167,244.1260830879211,23,215,0.9971550480117367,0.0018177999299950898,0.00631180531248295,6.998849043581231,12,0.5,dynamic_1_5_p12_h1_3_6_12_s0_50,dynamic:1.5,False,False,highs
random,0,113.691530387948,341.074591163844,227.38306077589598,24,200,0.7915313133960907,0.019583000073907897,0.06799652803440243,-1.3726621124313283,12,0.5,dynamic_1_5_p12_h1_3_6_12_s0_50,dynamic:1.5,False,False,highs
random,1,110.9285606533918,332.7856819601754,221.8571213067836,24,199,0.9324821694819053,0.02042359978077002,0.07091527701656257,-4.135631846987536,12,0.5,dynamic_1_5_p12_h1_3_6_12_s0_50,dynamic:1.5,False,False,highs
random,2,106.59254984072109,319.7776495221633,213.1850996814422,21,211,0.8427003902744169,0.0222356999584008,0.077207291522225,-8.471642659658244,12,0.5,dynamic_1_5_p12_h1_3_6_12_s0_50,dynamic:1.5,False,False,highs
random,3,114.06052444501543,342.1815733350463,228.1210488900309,22,202,0.7402925269319847,0.02177890023449436,0.07562118136977208,-1.003668055363903,12,0.5,dynamic_1_5_p12_h1_3_6_12_s0_50,dynamic:1.5,False,False,highs
random,4,121.45293088898072,364.3587926669422,242.90586177796146,31,199,0.9015414992241534,0.020760200306540355,0.07208402884215401,6.388738388601382,12,0.5,dynamic_1_5_p12_h1_3_6_12_s0_50,dynamic:1.5,False,False,highs
random,5,106.14693763011448,318.44081289034347,212.293875260229,28,217,0.834773765603437,0.02085790003184229,0.0724232639994524,-8.917254870264856,12,0.5,dynamic_1_5_p12_h1_3_6_12_s0_50,dynamic:1.5,False,False,highs
random,6,116.47067838119168,349.41203514357505,232.94135676238338,21,249,0.9943013585076566,0.020378300425363705,0.07075798758806842,1.4064858808123404,12,0.5,dynamic_1_5_p12_h1_3_6_12_s0_50,dynamic:1.5,False,False,highs
random,7,87.41446979317399,262.24340937952206,174.82893958634807,23,195,0.7504893651752157,0.022132799873361364,0.07684999956028252,-27.649722707205342,12,0.5,dynamic_1_5_p12_h1_3_6_12_s0_50,dynamic:1.5,False,False,highs
random,8,104.20680501693144,312.6204150507943,208.41361003386285,23,215,0.8726867456546918,0.019735099805984646,0.06852465210411335,-10.857387483447894,12,0.5,dynamic_1_5_p12_h1_3_6_12_s0_50,dynamic:1.5,False,False,highs
random,9,132.44008348051608,397.3202504415482,264.8801669610321,21,237,0.8030133881037835,0.01970260014059022,0.06841180604371605,17.375890980136745,12,0.5,dynamic_1_5_p12_h1_3_6_12_s0_50,dynamic:1.5,False,False,highs
random,10,148.9701281679467,446.91038450384013,297.9402563358934,24,205,0.8118259881579681,0.01942939980654046,0.06746319377270993,33.90593566756738,12,0.5,dynamic_1_5_p12_h1_3_6_12_s0_50,dynamic:1.5,False,False,highs
random,11,113.74188143822133,341.22564431466395,227.48376287644263,25,181,0.796148122659505,0.0198685000941623,0.06898784754917466,-1.3223110621580076,12,0.5,dynamic_1_5_p12_h1_3_6_12_s0_50,dynamic:1.5,False,False,highs
random,12,114.64403884744323,343.9321165423296,229.28807769488637,28,213,0.7825666613178391,0.020938500034390017,0.07270312511940978,-0.42015365293610785,12,0.5,dynamic_1_5_p12_h1_3_6_12_s0_50,dynamic:1.5,False,False,highs
random,13,113.68570429557965,341.05711288673893,227.37140859115928,22,198,0.9178542392736909,0.020775799872353673,0.07213819400122803,-1.3784882047996803,12,0.5,dynamic_1_5_p12_h1_3_6_12_s0_50,dynamic:1.5,False,False,highs
random,14,118.8197272257693,356.459181677308,237.63945445153868,25,222,0.6979157116656002,0.022321199852740392,0.07750416615534858,3.755534725389964,12,0.5,dynamic_1_5_p12_h1_3_6_12_s0_50,dynamic:1.5,False,False,highs
random,15,109.31028011098292,327.9308403329487,218.6205602219658,27,194,0.7737407132866347,0.022262400074396282,0.07730000025832043,-5.753912389396419,12,0.5,dynamic_1_5_p12_h1_3_6_12_s0_50,dynamic:1.5,False,False,highs
random,16,118.97807491487902,356.9342247446371,237.9561498297581,23,203,0.9972755897684153,0.019968300068285316,0.06933437523710179,3.9138824144996818,12,0.5,dynamic_1_5_p12_h1_3_6_12_s0_50,dynamic:1.5,False,False,highs
random,17,131.6320148577508,394.89604457325237,263.2640297155016,32,200,0.8934714618474101,0.021191899897530675,0.07358298575531484,16.567822357371455,12,0.5,dynamic_1_5_p12_h1_3_6_12_s0_50,dynamic:1.5,False,False,highs
random,18,77.4833239714873,232.44997191446186,154.96664794297456,26,208,0.9359745565352714,0.021522999770240858,0.07473263809111409,-37.58086852889204,12,0.5,dynamic_1_5_p12_h1_3_6_12_s0_50,dynamic:1.5,False,False,highs
random,19,116.67513899869707,350.0254169960912,233.35027799739416,21,177,0.9433234780888945,0.02227320006932132,0.07733750024069902,1.6109464983177304,12,0.5,dynamic_1_5_p12_h1_3_6_12_s0_50,dynamic:1.5,False,False,highs
random,20,88.01365328620184,264.04095985860556,176.02730657240372,25,214,0.8397644423119295,0.022337500093271956,0.07756076421274985,-27.05053921417749,12,0.5,dynamic_1_5_p12_h1_3_6_12_s0_50,dynamic:1.5,False,False,highs
random,21,135.4718052513793,406.4154157541378,270.94361050275853,21,216,0.998528151081544,0.020951199752744287,0.07274722136369544,20.40761275099996,12,0.5,dynamic_1_5_p12_h1_3_6_12_s0_50,dynamic:1.5,False,False,highs
random,22,90.07963110308864,270.2388933092659,180.15926220617726,23,217,0.8972829804742466,0.023859200155129656,0.08284444498308909,-24.98456139729069,12,0.5,dynamic_1_5_p12_h1_3_6_12_s0_50,dynamic:1.5,False,False,highs
random,23,108.50426328849301,325.512789865479,217.00852657698601,20,223,0.8801022362038777,0.0221278999815695,0.07683298604711632,-6.5599292118863275,12,0.5,dynamic_1_5_p12_h1_3_6_12_s0_50,dynamic:1.5,False,False,highs
random,24,114.41647046006935,343.249411380208,228.83294092013867,17,220,0.9957068130387353,0.02121120024821721,0.07365000086186531,-0.6477220403099864,12,0.5,dynamic_1_5_p12_h1_3_6_12_s0_50,dynamic:1.5,False,False,highs
random,25,158.8094272556051,476.4282817668152,317.6188545112101,22,220,0.7002707625532838,0.020650799939176068,0.07170416645547245,43.745234755225766,12,0.5,dynamic_1_5_p12_h1_3_6_12_s0_50,dynamic:1.5,False,False,highs
random,26,117.84618815552298,353.538564466569,235.69237631104605,24,186,0.9294112339603899,0.019818099826807156,0.06881284662085818,2.781995655143646,12,0.5,dynamic_1_5_p12_h1_3_6_12_s0_50,dynamic:1.5,False,False,highs
random,27,76.41280872252884,229.23842616758648,152.82561744505765,20,236,0.9060967244462346,0.019865100155584514,0.06897604220689067,-38.6513837778505,12,0.5,dynamic_1_5_p12_h1_3_6_12_s0_50,dynamic:1.5,False,False,highs
random,28,131.8880917039014,395.66427511170417,263.77618340780276,21,230,0.9968766508763001,0.019762799725867808,0.06862083238148545,16.823899203522075,12,0.5,dynamic_1_5_p12_h1_3_6_12_s0_50,dynamic:1.5,False,False,highs
random,29,121.41118022131468,364.23354066394404,242.82236044262936,23,215,0.9126446106296238,0.020547699939925224,0.07134618034696258,6.346987720935346,12,0.5,dynamic_1_5_p12_h1_3_6_12_s0_50,dynamic:1.5,False,False,highs
