controller,seed,net_profit,total_revenue,total_cost,served_customers,rejected_customers,mean_soc_fulfillment,total_compute_s,mean_step_ms,gap_to_best,ports,grid_cap_strain,experiment_id,tariff,bess_enabled,v2g_enabled,solver
milp_h1,0,51.73074755072594,80.71875,28.988002449274063,1,232,0.0,3.306155199985369,11.479705555504754,0.22152770813554667,3,0.25,0_75_p3_h1_3_6_12_s0_25,0.75,False,False,highs
milp_h1,1,52.41357730329037,80.4375,28.023922696709633,3,229,0.7842874217134553,3.07063019979978,10.661910415971457,0.9043574606999769,3,0.25,0_75_p3_h1_3_6_12_s0_25,0.75,False,False,highs
milp_h1,2,53.5069497898221,80.71875,27.2118002101779,4,237,0.9986996912183178,3.1874516001116717,11.067540278165527,1.9977299472317114,3,0.25,0_75_p3_h1_3_6_12_s0_25,0.75,False,False,highs
milp_h1,3,51.65098515897989,80.4375,28.786514841020107,1,232,0.9972760036049202,3.0978927999240113,10.756572221958372,0.14176531638950252,3,0.25,0_75_p3_h1_3_6_12_s0_25,0.75,False,False,highs
milp_h1,4,49.92912748083472,80.71875,30.789622519165277,1,238,0.0,3.3343770000792574,11.577697916941865,-1.5800923617556677,3,0.25,0_75_p3_h1_3_6_12_s0_25,0.75,False,False,highs
milp_h1,5,52.973564855754375,79.875,26.901435144245625,2,252,0.0,3.1677393001154996,10.999094792067707,1.4643450131639852,3,0.25,0_75_p3_h1_3_6_12_s0_25,0.75,False,False,highs
milp_h1,6,50.4977397993207,80.4375,29.939760200679302,3,276,0.9980862918466256,3.1218011998716975,10.839587499554504,-1.0114800432696924,3,0.25,0_75_p3_h1_3_6_12_s0_25,0.75,False,False,highs
milp_h1,7,58.04283366724849,80.15625,22.113416332751513,0,227,0.0,3.1160406999842962,10.819585763834361,6.533613824658097,3,0.25,0_75_p3_h1_3_6_12_s0_25,0.75,False,False,highs
milp_h1,8,53.88409457355738,80.4375,26.553405426442623,1,245,0.0,3.194334600106231,11.09143958370219,2.3748747309669866,3,0.25,0_75_p3_h1_3_6_12_s0_25,0.75,False,False,highs
milp_h1,9,46.803180031478405,80.4375,33.634319968521595,3,264,0.658221248923907,3.127101000121911,10.857989583756636,-4.706039811111985,3,0.25,0_75_p3_h1_3_6_12_s0_25,0.75,False,False,highs
milp_h1,10,42.991785272955894,80.71875,37.726964727044106,2,236,0.9960253973142259,3.2118452999711735,11.152240624899909,-8.517434569634496,3,0.25,0_75_p3_h1_3_6_12_s0_25,0.75,False,False,highs
milp_h1,11,51.350729797035456,80.71875,29.368020202964544,4,210,0.5445862547113499,3.3505184999958146,11.633744791652134,-0.1584900455549345,3,0.25,0_75_p3_h1_3_6_12_s0_25,0.75,False,False,highs
milp_h1,12,51.57708001323044,80.71875,29.141669986769557,2,248,0.0,3.1557927000976633,10.957613542005776,0.06786017064005279,3,0.25,0_75_p3_h1_3_6_12_s0_25,0.75,False,False,highs
milp_h1,13,52.004245933145285,80.71875,28.714504066854715,1,227,0.0,3.191705299905152,11.082310069115112,0.49502609055489444,3,0.25,0_75_p3_h1_3_6_12_s0_25,0.75,False,False,highs
milp_h1,14,50.70870004221797,80.71875,30.01004995778203,7,249,0.9963495270838596,3.2307149000262143,11.217760069535466,-0.8005198003724203,3,0.25,0_75_p3_h1_3_6_12_s0_25,0.75,False,False,highs
milp_h1,15,52.977209854871035,80.4375,27.460290145128965,1,229,0.0,3.2070631000678986,11.135635764124649,1.4679900122806444,3,0.25,0_75_p3_h1_3_6_12_s0_25,0.75,False,False,highs
milp_h1,16,50.39714237675071,80.71875,30.321607623249292,2,233,0.0,3.1686504999524914,11.002258680390595,-1.1120774658396826,3,0.25,0_75_p3_h1_3_6_12_s0_25,0.75,False,False,highs
milp_h1,17,46.42468871176243,80.15625,33.73156128823757,1,240,0.0,3.177466699897195,11.03287048575415,-5.084531130827962,3,0.25,0_75_p3_h1_3_6_12_s0_25,0.75,False,False,highs
milp_h1,18,60.791077349334955,80.4375,19.646422650665045,3,240,0.4730959770393176,3.300636399901123,11.460543055212232,9.281857506744565,3,0.25,0_75_p3_h1_3_6_12_s0_25,0.75,False,False,highs
milp_h1,19,50.25664120540023,80.15625,29.89960879459977,1,206,0.0,3.149118599918438,10.934439583050132,-1.2525786371901617,3,0.25,0_75_p3_h1_3_6_12_s0_25,0.75,False,False,highs
milp_h1,20,57.57936009764671,79.875,22.295639902353287,3,245,1.0,3.0881362000800436,10.722695139166818,6.070140255056323,3,0.25,0_75_p3_h1_3_6_12_s0_25,0.75,False,False,highs
milp_h1,21,45.512674044817686,79.59375,34.081075955182314,3,242,0.0,3.0755432000150904,10.678969444496841,-5.996545797772704,3,0.25,0_75_p3_h1_3_6_12_s0_25,0.75,False,False,highs
milp_h1,22,57.90365272387862,80.71875,22.815097276121378,5,244,0.7830954184023884,3.305077699900721,11.475964235766392,6.394432881288232,3,0.25,0_75_p3_h1_3_6_12_s0_25,0.75,False,False,highs
milp_h1,23,52.88794883340597,80.15625,27.26830116659403,5,246,0.27933997118768095,3.1715282998775365,11.012251041241447,1.3787289908155813,3,0.25,0_75_p3_h1_3_6_12_s0_25,0.75,False,False,highs
milp_h1,24,51.42960399761796,80.71875,29.28914600238204,5,241,0.7056527757961402,3.1409425999154337,10.906050694150812,-0.07961584497243024,3,0.25,0_75_p3_h1_3_6_12_s0_25,0.75,False,False,highs
milp_h1,25,40.37571347504854,80.71875,40.34303652495146,3,248,0.997858249148476,3.2081981001683744,11.139576736695744,-11.133506367541848,3,0.25,0_75_p3_h1_3_6_12_s0_25,0.75,False,False,highs
milp_h1,26,50.739869859069586,80.71875,29.978880140930414,3,216,0.7760666651779532,3.3006483998906333,11.460584721842476,-0.7693499835208044,3,0.25,0_75_p3_h1_3_6_12_s0_25,0.75,False,False,highs
milp_h1,27,61.524135030806065,80.71875,19.194614969193935,1,264,0.0,3.4980912998435088,12.14615034667885,10.014915188215674,3,0.25,0_75_p3_h1_3_6_12_s0_25,0.75,False,False,highs
milp_h1,28,46.93386758118868,80.4375,33.50363241881132,3,257,0.9992132100429153,2.7626934000727488,9.592685416919267,-4.5753522614017115,3,0.25,0_75_p3_h1_3_6_12_s0_25,0.75,False,False,highs
milp_h1,29,49.30891887098551,79.875,30.566081129014492,4,243,0.9992333405417053,2.995659500025795,10.401595486200677,-2.2003009716048822,3,0.25,0_75_p3_h1_3_6_12_s0_25,0.75,False,False,highs
milp_h3,0,51.73074755072594,80.71875,28.988002449274063,3,230,0.9956920856304501,6.008776899907389,20.863808680233987,0.22152770813554667,3,0.25,0_75_p3_h1_3_6_12_s0_25,0.75,False,False,highs
milp_h3,1,52.41357730329037,80.4375,28.023922696709633,2,230,0.7843385961882147,3.828887300027418,13.294747569539645,0.9043574606999769,3,0.25,0_75_p3_h1_3_6_12_s0_25,0.75,False,False,highs
milp_h3,2,53.5069497898221,80.71875,27.2118002101779,1,240,0.0,4.239972499970463,14.722126736008553,1.9977299472317114,3,0.25,0_75_p3_h1_3_6_12_s0_25,0.75,False,False,highs
milp_h3,3,51.65098515897989,80.4375,28.786514841020107,4,229,0.5120012601390305,5.603223299898673,19.4556364579815,0.14176531638950252,3,0.25,0_75_p3_h1_3_6_12_s0_25,0.75,False,False,highs
milp_h3,4,49.92912748083472,80.71875,30.789622519165277,2,237,0.9992575843884703,5.151190499935183,17.88607812477494,-1.5800923617556677,3,0.25,0_75_p3_h1_3_6_12_s0_25,0.75,False,False,highs
milp_h3,5,52.973564855754375,79.875,26.901435144245625,5,249,0.9982754602058562,6.122232100009569,21.25775034725545,1.4643450131639852,3,0.25,0_75_p3_h1_3_6_12_s0_25,0.75,False,False,highs
milp_h3,6,50.4977397993207,80.4375,29.939760200679302,4,275,0.9986466593455886,5.879249499892467,20.414060763515508,-1.0114800432696924,3,0.25,0_75_p3_h1_3_6_12_s0_25,0.75,False,False,highs
milp_h3,7,58.04283366724849,80.15625,22.113416332751513,4,223,0.9997073358572152,5.908232299887459,20.514695485720342,6.533613824658097,3,0.25,0_75_p3_h1_3_6_12_s0_25,0.75,False,False,highs
milp_h3,8,53.88409457355738,80.4375,26.553405426442623,2,244,0.0,4.807496200039168,16.692695139024888,2.3748747309669866,3,0.25,0_75_p3_h1_3_6_12_s0_25,0.75,False,False,highs
milp_h3,9,46.803180031478405,80.4375,33.634319968521595,2,265,0.658221248923907,5.795495000013034,20.123246527823035,-4.706039811111985,3,0.25,0_75_p3_h1_3_6_12_s0_25,0.75,False,False,highs
milp_h3,10,42.991785272955894,80.71875,37.726964727044106,2,236,0.999475608325069,4.757558199911728,16.519299305249053,-8.517434569634496,3,0.25,0_75_p3_h1_3_6_12_s0_25,0.75,False,False,highs
milp_h3,11,51.350729797035456,80.71875,29.368020202964544,4,210,0.6059126251878888,5.062877799937269,17.57943680533774,-0.1584900455549345,3,0.25,0_75_p3_h1_3_6_12_s0_25,0.75,False,False,highs
milp_h3,12,51.57708001323044,80.71875,29.141669986769557,4,246,0.9983630779027938,5.969463799978257,20.727304861035616,0.06786017064005279,3,0.25,0_75_p3_h1_3_6_12_s0_25,0.75,False,False,highs
milp_h3,13,52.004245933145285,80.71875,28.714504066854715,1,227,0.9971125289318451,5.44659589989169,18.91179131906837,0.49502609055489444,3,0.25,0_75_p3_h1_3_6_12_s0_25,0.75,False,False,highs
milp_h3,14,50.70870004221797,80.71875,30.01004995778203,6,250,0.6953741991359254,5.087125300022308,17.663629513966345,-0.8005198003724203,3,0.25,0_75_p3_h1_3_6_12_s0_25,0.75,False,False,highs
milp_h3,15,52.977209854871035,80.4375,27.460290145128965,2,228,0.9970983176356866,5.3931813999515725,18.726324305387404,1.4679900122806444,3,0.25,0_75_p3_h1_3_6_12_s0_25,0.75,False,False,highs
milp_h3,16,50.39714237675071,80.71875,30.321607623249292,2,233,0.0,6.326723199992557,21.967788888863044,-1.1120774658396826,3,0.25,0_75_p3_h1_3_6_12_s0_25,0.75,False,False,highs
milp_h3,17,46.42468871176243,80.15625,33.73156128823757,2,239,0.9978074830560558,4.692563599994173,16.29362361109088,-5.084531130827962,3,0.25,0_75_p3_h1_3_6_12_s0_25,0.75,False,False,highs
milp_h3,18,60.791077349334955,80.4375,19.646422650665045,6,237,0.6306248090656197,4.844658499932848,16.821730902544612,9.281857506744565,3,0.25,0_75_p3_h1_3_6_12_s0_25,0.75,False,False,highs
milp_h3,19,50.25664120540023,80.15625,29.89960879459977,1,206,0.0,4.776227000009385,16.584121527810364,-1.2525786371901617,3,0.25,0_75_p3_h1_3_6_12_s0_25,0.75,False,False,highs
milp_h3,20,57.57936009764671,79.875,22.295639902353287,3,245,0.9990005547237913,5.365410299986252,18.629896874952262,6.070140255056323,3,0.25,0_75_p3_h1_3_6_12_s0_25,0.75,False,False,highs
milp_h3,21,45.512674044817686,79.59375,34.081075955182314,2,243,0.0,6.113139199936995,21.226177777559013,-5.996545797772704,3,0.25,0_75_p3_h1_3_6_12_s0_25,0.75,False,False,highs
milp_h3,22,57.90365272387862,80.71875,22.815097276121378,3,246,0.0,5.931583399986266,20.595775694396757,6.394432881288232,3,0.25,0_75_p3_h1_3_6_12_s0_25,0.75,False,False,highs
milp_h3,23,52.88794883340597,80.15625,27.26830116659403,7,243,0.626914928090401,6.464349300033064,22.445657291781473,1.3787289908155813,3,0.25,0_75_p3_h1_3_6_12_s0_25,0.75,False,False,highs
milp_h3,24,51.42960399761796,80.71875,29.28914600238204,7,239,0.8031152812232474,4.8136437999492045,16.71404097204585,-0.07961584497243024,3,0.25,0_75_p3_h1_3_6_12_s0_25,0.75,False,False,highs
milp_h3,25,40.37571347504854,80.71875,40.34303652495146,5,246,0.9969584599021689,5.625112200039439,19.531639583470273,-11.133506367541848,3,0.25,0_75_p3_h1_3_6_12_s0_25,0.75,False,False,highs
milp_h3,26,50.739869859069586,80.71875,29.978880140930414,3,216,0.9990820282460549,4.32999330018356,15.034698958970694,-0.7693499835208044,3,0.25,0_75_p3_h1_3_6_12_s0_25,0.75,False,False,highs
milp_h3,27,61.524135030806065,80.71875,19.194614969193935,2,263,0.9997285936499445,6.098762900059228,21.176260069650098,10.014915188215674,3,0.25,0_75_p3_h1_3_6_12_s0_25,0.75,False,False,highs
milp_h3,28,46.93386758118868,80.4375,33.50363241881132,3,257,0.9958253380935879,4.723242800013395,16.400148611157622,-4.5753522614017115,3,0.25,0_75_p3_h1_3_6_12_s0_25,0.75,False,False,highs
milp_h3,29,49.47766886651516,80.15625,30.67858113348484,2,245,0.9971727796499704,4.724056400053087,16.40297361129544,-2.0315509760752306,3,0.25,0_75_p3_h1_3_6_12_s0_25,0.75,False,False,highs
milp_h6,0,51.73074755072594,80.71875,28.988002449274063,3,230,0.9979238637908264,7.763792500147247,26.957612847733497,0.22152770813554667,3,0.25,0_75_p3_h1_3_6_12_s0_25,0.75,False,False,highs
milp_h6,1,52.41357730329037,80.4375,28.023922696709633,2,230,0.7843385961882147,4.1907849002600415,14.551336459236255,0.9043574606999769,3,0.25,0_75_p3_h1_3_6_12_s0_25,0.75,False,False,highs
milp_h6,2,53.5069497898221,80.71875,27.2118002101779,1,240,0.0,4.5491083000961225,15.795514930889315,1.9977299472317114,3,0.25,0_75_p3_h1_3_6_12_s0_25,0.75,False,False,highs
milp_h6,3,51.65098515897989,80.4375,28.786514841020107,4,229,0.5120012601390305,6.171251700012363,21.427957291709593,0.14176531638950252,3,0.25,0_75_p3_h1_3_6_12_s0_25,0.75,False,False,highs
milp_h6,4,49.92912748083472,80.71875,30.789622519165277,2,237,0.9992575843884703,5.718408800064935,19.85558611133658,-1.5800923617556677,3,0.25,0_75_p3_h1_3_6_12_s0_25,0.75,False,False,highs
milp_h6,5,52.973564855754375,79.875,26.901435144245625,5,249,0.9993442668770616,6.306989899938344,21.899270485897027,1.4643450131639852,3,0.25,0_75_p3_h1_3_6_12_s0_25,0.75,False,False,highs
milp_h6,6,50.4977397993207,80.4375,29.939760200679302,4,275,0.9986466593455886,6.16920399988885,21.420847221836286,-1.0114800432696924,3,0.25,0_75_p3_h1_3_6_12_s0_25,0.75,False,False,highs
milp_h6,7,58.04283366724849,80.15625,22.113416332751513,4,223,0.9997073358572152,6.435608200088609,22.345861805863226,6.533613824658097,3,0.25,0_75_p3_h1_3_6_12_s0_25,0.75,False,False,highs
milp_h6,8,53.88409457355738,80.4375,26.553405426442623,2,244,0.0,5.016593899927102,17.418728819191326,2.3748747309669866,3,0.25,0_75_p3_h1_3_6_12_s0_25,0.75,False,False,highs
milp_h6,9,46.803180031478405,80.4375,33.634319968521595,2,265,0.658221248923907,6.251955499959877,21.70817881930513,-4.706039811111985,3,0.25,0_75_p3_h1_3_6_12_s0_25,0.75,False,False,highs
milp_h6,10,42.991785272955894,80.71875,37.726964727044106,2,236,0.999475608325069,5.192674700025236,18.030120486198737,-8.517434569634496,3,0.25,0_75_p3_h1_3_6_12_s0_25,0.75,False,False,highs
milp_h6,11,51.350729797035456,80.71875,29.368020202964544,4,210,0.6059126251878888,5.449845299925073,18.92307395807317,-0.1584900455549345,3,0.25,0_75_p3_h1_3_6_12_s0_25,0.75,False,False,highs
milp_h6,12,51.57708001323044,80.71875,29.141669986769557,4,246,0.9983630779027938,6.278137100016465,21.79908715283495,0.06786017064005279,3,0.25,0_75_p3_h1_3_6_12_s0_25,0.75,False,False,highs
milp_h6,13,52.004245933145285,80.71875,28.714504066854715,1,227,0.9971125289318451,6.1608834998332895,21.391956596643368,0.49502609055489444,3,0.25,0_75_p3_h1_3_6_12_s0_25,0.75,False,False,highs
milp_h6,14,50.70870004221797,80.71875,30.01004995778203,6,250,0.6926236405832986,5.40256029999,18.758889930520834,-0.8005198003724203,3,0.25,0_75_p3_h1_3_6_12_s0_25,0.75,False,False,highs
milp_h6,15,52.977209854871035,80.4375,27.460290145128965,2,228,0.9970983176356866,6.144935900141718,21.336582986603187,1.4679900122806444,3,0.25,0_75_p3_h1_3_6_12_s0_25,0.75,False,False,highs
milp_h6,16,50.39714237675071,80.71875,30.321607623249292,2,233,0.0,7.004658700199798,24.321731597915964,-1.1120774658396826,3,0.25,0_75_p3_h1_3_6_12_s0_25,0.75,False,False,highs
milp_h6,17,46.42468871176243,80.15625,33.73156128823757,2,239,0.9978074830560558,4.850396100155194,16.84165312553887,-5.084531130827962,3,0.25,0_75_p3_h1_3_6_12_s0_25,0.75,False,False,highs
milp_h6,18,60.791077349334955,80.4375,19.646422650665045,6,237,0.6306248090656197,5.430612100040889,18.856292014030867,9.281857506744565,3,0.25,0_75_p3_h1_3_6_12_s0_25,0.75,False,False,highs
milp_h6,19,50.25664120540023,80.15625,29.89960879459977,1,206,0.0,5.2674832998309284,18.28987256885739,-1.2525786371901617,3,0.25,0_75_p3_h1_3_6_12_s0_25,0.75,False,False,highs
milp_h6,20,57.57936009764671,79.875,22.295639902353287,3,245,0.9990005547237913,6.183886199971312,21.47182708323372,6.070140255056323,3,0.25,0_75_p3_h1_3_6_12_s0_25,0.75,False,False,highs
milp_h6,21,45.512674044817686,79.59375,34.081075955182314,2,243,0.0,6.640142300122534,23.056049653203242,-5.996545797772704,3,0.25,0_75_p3_h1_3_6_12_s0_25,0.75,False,False,highs
milp_h6,22,57.90365272387862,80.71875,22.815097276121378,3,246,0.0,6.34501930019178,22.03131701455479,6.394432881288232,3,0.25,0_75_p3_h1_3_6_12_s0_25,0.75,False,False,highs
milp_h6,23,52.88794883340597,80.15625,27.26830116659403,7,243,0.5030724722168006,7.333888500012108,25.46489062504204,1.3787289908155813,3,0.25,0_75_p3_h1_3_6_12_s0_25,0.75,False,False,highs
milp_h6,24,51.42960399761796,80.71875,29.28914600238204,7,239,0.38713584251413224,5.956521700049052,20.68236701405921,-0.07961584497243024,3,0.25,0_75_p3_h1_3_6_12_s0_25,0.75,False,False,highs
milp_h6,25,40.37571347504854,80.71875,40.34303652495146,5,246,0.9969584599021689,6.513482900132658,22.616260069905064,-11.133506367541848,3,0.25,0_75_p3_h1_3_6_12_s0_25,0.75,False,False,highs
milp_h6,26,50.739869859069586,80.71875,29.978880140930414,3,216,0.9990820282460549,5.2325150999531616,18.1684552081707,-0.7693499835208044,3,0.25,0_75_p3_h1_3_6_12_s0_25,0.75,False,False,highs
milp_h6,27,61.524135030806065,80.71875,19.194614969193935,2,263,0.9997285936499445,7.379425100138178,25.62300381992423,10.014915188215674,3,0.25,0_75_p3_h1_3_6_12_s0_25,0.75,False,False,highs
milp_h6,28,46.93386758118868,80.4375,33.50363241881132,3,257,0.9958253380935879,5.478448399997433,19.022390277768864,-4.5753522614017115,3,0.25,0_75_p3_h1_3_6_12_s0_25,0.75,False,False,highs
milp_h6,29,49.47766886651516,80.15625,30.67858113348484,2,245,0.9971727796499704,5.931752200063784,20.596361805777025,-2.0315509760752306,3,0.25,0_75_p3_h1_3_6_12_s0_25,0.75,False,False,highs
milp_h12,0,51.73074755072594,80.71875,28.988002449274063,3,230,0.9979239276343531,10.676624799903948,37.071613888555376,0.22152770813554667,3,0.25,0_75_p3_h1_3_6_12_s0_25,0.75,False,False,highs
milp_h12,1,52.41357730329037,80.4375,28.023922696709633,2,230,0.7843385961882147,6.430905600005644,22.32953333335293,0.9043574606999769,3,0.25,0_75_p3_h1_3_6_12_s0_25,0.75,False,False,highs
milp_h12,2,53.5069497898221,80.71875,27.2118002101779,1,240,0.0,11403.525566999728,39595.57488541572,1.9977299472317114,3,0.25,0_75_p3_h1_3_6_12_s0_25,0.75,False,False,highs
milp_h12,3,51.65098515897989,80.4375,28.786514841020107,4,229,0.5120012601390305,22.314384500234155,77.48050173692415,0.14176531638950252,3,0.25,0_75_p3_h1_3_6_12_s0_25,0.75,False,False,highs
milp_h12,4,49.92912748083472,80.71875,30.789622519165277,2,237,0.9992575843884703,19.264468999870587,66.89051736066176,-1.5800923617556677,3,0.25,0_75_p3_h1_3_6_12_s0_25,0.75,False,False,highs
milp_h12,5,52.973564855754375,79.875,26.901435144245625,5,249,0.9993442668770616,21.490941100084456,74.62132326418214,1.4643450131639852,3,0.25,0_75_p3_h1_3_6_12_s0_25,0.75,False,False,highs
milp_h12,6,50.4977397993207,80.4375,29.939760200679302,4,275,0.9986466593455886,19.86931520042708,68.9906777792607,-1.0114800432696924,3,0.25,0_75_p3_h1_3_6_12_s0_25,0.75,False,False,highs
milp_h12,7,58.04283366724849,80.15625,22.113416332751513,4,223,0.9997073358572152,19.664576899755048,68.27978090192725,6.533613824658097,3,0.25,0_75_p3_h1_3_6_12_s0_25,0.75,False,False,highs
milp_h12,8,53.88409457355738,80.4375,26.553405426442623,2,244,0.9992857510678782,17.12739739983226,59.47012986052869,2.3748747309669866,3,0.25,0_75_p3_h1_3_6_12_s0_25,0.75,False,False,highs
milp_h12,9,46.803180031478405,80.4375,33.634319968521595,2,265,0.658221248923907,20.72140459989896,71.94932152742695,-4.706039811111985,3,0.25,0_75_p3_h1_3_6_12_s0_25,0.75,False,False,highs
milp_h12,10,42.991785272955894,80.71875,37.726964727044106,2,236,0.999475608325069,16.361064100055955,56.80925034741651,-8.517434569634496,3,0.25,0_75_p3_h1_3_6_12_s0_25,0.75,False,False,highs
milp_h12,11,51.350729797035456,80.71875,29.368020202964544,4,210,0.6059126251878888,17.557454399822745,60.96338333271787,-0.1584900455549345,3,0.25,0_75_p3_h1_3_6_12_s0_25,0.75,False,False,highs
milp_h12,12,51.57708001323044,80.71875,29.141669986769557,4,246,0.9983630779027938,19.147111599944765,66.4830263886971,0.06786017064005279,3,0.25,0_75_p3_h1_3_6_12_s0_25,0.75,False,False,highs
milp_h12,13,52.004245933145285,80.71875,28.714504066854715,1,227,0.9971125289318451,19.57248630016693,67.96002187557961,0.49502609055489444,3,0.25,0_75_p3_h1_3_6_12_s0_25,0.75,False,False,highs
milp_h12,14,50.70870004221797,80.71875,30.01004995778203,7,249,0.7499630604271128,17.99743350027711,62.49108854262886,-0.8005198003724203,3,0.25,0_75_p3_h1_3_6_12_s0_25,0.75,False,False,highs
milp_h12,15,52.977209854871035,80.4375,27.460290145128965,2,228,0.9970983176356866,19.235934899857966,66.79144062450683,1.4679900122806444,3,0.25,0_75_p3_h1_3_6_12_s0_25,0.75,False,False,highs
milp_h12,16,50.39714237675071,80.71875,30.321607623249292,2,233,0.0,21.126326299796347,73.35529965207064,-1.1120774658396826,3,0.25,0_75_p3_h1_3_6_12_s0_25,0.75,False,False,highs
milp_h12,17,46.42468871176243,80.15625,33.73156128823757,2,239,0.9978074830560558,15.448027500213357,53.63898437574082,-5.084531130827962,3,0.25,0_75_p3_h1_3_6_12_s0_25,0.75,False,False,highs
milp_h12,18,60.791077349334955,80.4375,19.646422650665045,6,237,0.6306248090656197,17.36543279988109,60.29664166625379,9.281857506744565,3,0.25,0_75_p3_h1_3_6_12_s0_25,0.75,False,False,highs
milp_h12,19,50.25664120540023,80.15625,29.89960879459977,1,206,0.0,16.53809279963025,57.42393333204947,-1.2525786371901617,3,0.25,0_75_p3_h1_3_6_12_s0_25,0.75,False,False,highs
milp_h12,20,57.57936009764671,79.875,22.295639902353287,4,244,1.0,16.10335540008964,55.91442847253347,6.070140255056323,3,0.25,0_75_p3_h1_3_6_12_s0_25,0.75,False,False,highs
milp_h12,21,45.512674044817686,79.59375,34.081075955182314,2,243,0.0,20.519436200032942,71.24804236122549,-5.996545797772704,3,0.25,0_75_p3_h1_3_6_12_s0_25,0.75,False,False,highs
milp_h12,22,57.90365272387862,80.71875,22.815097276121378,3,246,0.0,19.52850690006744,67.80731562523417,6.394432881288232,3,0.25,0_75_p3_h1_3_6_12_s0_25,0.75,False,False,highs
milp_h12,23,52.88794883340597,80.15625,27.26830116659403,7,243,0.626914928090401,23.811414500145474,82.67852256994956,1.3787289908155813,3,0.25,0_75_p3_h1_3_6_12_s0_25,0.75,False,False,highs
milp_h12,24,51.42960399761796,80.71875,29.28914600238204,6,240,0.6864631037765729,17.480188099929364,60.695097569199184,-0.07961584497243024,3,0.25,0_75_p3_h1_3_6_12_s0_25,0.75,False,False,highs
milp_h12,25,40.37571347504854,80.71875,40.34303652495146,4,247,0.9988956902600976,20.671128700167174,71.77475243113602,-11.133506367541848,3,0.25,0_75_p3_h1_3_6_12_s0_25,0.75,False,False,highs
milp_h12,26,50.739869859069586,80.71875,29.978880140930414,3,216,0.9990820282460549,15.994619500037516,55.53687326401915,-0.7693499835208044,3,0.25,0_75_p3_h1_3_6_12_s0_25,0.75,False,False,highs
milp_h12,27,61.524135030806065,80.71875,19.194614969193935,2,263,0.9997285936499445,22.118131999799516,76.79906944374832,10.014915188215674,3,0.25,0_75_p3_h1_3_6_12_s0_25,0.75,False,False,highs
milp_h12,28,46.93386758118868,80.4375,33.50363241881132,3,257,0.9958253380935879,17.940540400188183,62.29354305620897,-4.5753522614017115,3,0.25,0_75_p3_h1_3_6_12_s0_25,0.75,False,False,highs
milp_h12,29,49.47766886651516,80.15625,30.67858113348484,2,245,0.9971727796499704,18.849240099894814,65.448750346857,-2.0315509760752306,3,0.25,0_75_p3_h1_3_6_12_s0_25,0.75,False,False,highs
equal_share,0,51.72274292501896,80.70503750090518,28.98229457588621,6,227,0.6940820037845934,0.004904599743895233,0.017029860221858446,0.21352308242857276,3,0.25,0_75_p3_h1_3_6_12_s0_25,0.75,False,False,highs
equal_share,1,52.41357730329037,80.4375,28.023922696709633,3,229,0.7842874217134553,0.004500700015341863,0.015627430608825914,0.9043574606999769,3,0.25,0_75_p3_h1_3_6_12_s0_25,0.75,False,False,highs
equal_share,2,53.49334896455452,80.6964398548007,27.20309089024618,3,238,0.9982179892519383,0.004608399962307885,0.01600138875801349,1.9841291219641306,3,0.25,0_75_p3_h1_3_6_12_s0_25,0.75,False,False,highs
equal_share,3,42.36574675696053,66.57887937653192,24.21313261957138,4,229,0.9965804920105077,0.004382300190627575,0.015216320106345747,-9.143473085629857,3,0.25,0_75_p3_h1_3_6_12_s0_25,0.75,False,False,highs
equal_share,4,47.40273986682179,76.42243899229175,29.019699125469955,3,236,0.9968502011676512,0.004528999736066908,0.015725693528010096,-4.1064799757686,3,0.25,0_75_p3_h1_3_6_12_s0_25,0.75,False,False,highs
equal_share,5,27.455447213006636,41.688802006891365,14.23335479388473,3,251,0.9986096534701598,0.004549400211544707,0.015796528512308013,-24.053772629583754,3,0.25,0_75_p3_h1_3_6_12_s0_25,0.75,False,False,highs
equal_share,6,50.43135690600035,80.33388855024657,29.902531644246217,2,277,0.9978401051365625,0.0043910999957006425,0.015246874985071676,-1.0778629365900372,3,0.25,0_75_p3_h1_3_6_12_s0_25,0.75,False,False,highs
equal_share,7,58.01675452181577,80.12112030386925,22.10436578205348,5,222,0.5373329682866669,0.0044355999561958015,0.015401388736790977,6.50753467922538,3,0.25,0_75_p3_h1_3_6_12_s0_25,0.75,False,False,highs
equal_share,8,50.82743897309494,75.6583748459816,24.830935872886656,1,245,0.0,0.004433800291735679,0.015395139901859997,-0.6817808694954479,3,0.25,0_75_p3_h1_3_6_12_s0_25,0.75,False,False,highs
equal_share,9,41.31955197577209,70.62256345152855,29.303011475756456,2,265,0.658221248923907,0.004391999973449856,0.015249999907812,-10.189667866818297,3,0.25,0_75_p3_h1_3_6_12_s0_25,0.75,False,False,highs
equal_share,10,39.40146748917935,73.9982339143753,34.59676642519595,4,234,0.9934788482177143,0.0048635002167429775,0.016887153530357562,-12.107752353411037,3,0.25,0_75_p3_h1_3_6_12_s0_25,0.75,False,False,highs
equal_share,11,51.34240094207962,80.70539876727167,29.362997825192053,3,211,0.9962609856796876,0.00471190016833134,0.01636076447337271,-0.1668189005107692,3,0.25,0_75_p3_h1_3_6_12_s0_25,0.75,False,False,highs
equal_share,12,51.51616835062134,80.62561422586441,29.109445875243072,4,246,0.9967336388170459,0.0046876999258529395,0.01627673585365604,0.006948508030951928,3,0.25,0_75_p3_h1_3_6_12_s0_25,0.75,False,False,highs
equal_share,13,51.97852409270649,80.67503213882446,28.69650804611797,3,225,0.9990311382874397,0.004434200003743172,0.015396527790774902,0.4693042501161031,3,0.25,0_75_p3_h1_3_6_12_s0_25,0.75,False,False,highs
equal_share,14,32.92273927331867,52.34937518835068,19.426635915032005,3,253,0.9970053296976537,0.004547099815681577,0.01578854102667214,-18.58648056927172,3,0.25,0_75_p3_h1_3_6_12_s0_25,0.75,False,False,highs
equal_share,15,52.957021399747504,80.40750288963318,27.450481489885675,2,228,0.9981910769333866,0.004752300068503246,0.016501041904525157,1.4478015571571135,3,0.25,0_75_p3_h1_3_6_12_s0_25,0.75,False,False,highs
equal_share,16,37.29303022381799,59.45024213551824,22.157211911700244,2,233,0.9975392024563218,0.004396700271172449,0.015266320386015449,-14.216189618772397,3,0.25,0_75_p3_h1_3_6_12_s0_25,0.75,False,False,highs
equal_share,17,45.02428867859998,77.83661323280126,32.812324554201275,3,238,0.9935512932923343,0.0044399998732842505,0.015416666226681426,-6.48493116399041,3,0.25,0_75_p3_h1_3_6_12_s0_25,0.75,False,False,highs
equal_share,18,55.854429213054566,73.82126060128212,17.966831388227554,5,238,0.8223225909344024,0.00459190018591471,0.01594409786775941,4.345209370464175,3,0.25,0_75_p3_h1_3_6_12_s0_25,0.75,False,False,highs
equal_share,19,50.247110403712725,80.14126226305962,29.894151859346895,4,203,0.9981754849450106,0.0052400002314243466,0.018194445248001203,-1.2621094388776655,3,0.25,0_75_p3_h1_3_6_12_s0_25,0.75,False,False,highs
equal_share,20,44.30991480286556,60.765003536626295,16.45508873376073,1,247,1.0,0.004577800078550354,0.01589513916163317,-7.199305039724827,3,0.25,0_75_p3_h1_3_6_12_s0_25,0.75,False,False,highs
equal_share,21,43.466223735201,76.26426064968109,32.79803691448009,4,241,0.9962154946745928,0.004468200262635946,0.015514584245263703,-8.042996107389392,3,0.25,0_75_p3_h1_3_6_12_s0_25,0.75,False,False,highs
equal_share,22,54.91577911106165,76.01527478545904,21.099495674397385,6,243,0.99837732416167,0.004546099982690066,0.015785069384340506,3.4065592684712627,3,0.25,0_75_p3_h1_3_6_12_s0_25,0.75,False,False,highs
equal_share,23,38.64500416686251,58.6395148055758,19.994510638713287,3,247,0.4288309093323224,0.004406000254675746,0.015298611995401896,-12.864215675727877,3,0.25,0_75_p3_h1_3_6_12_s0_25,0.75,False,False,highs
equal_share,24,32.6735660422039,51.06896747430892,18.395401432105015,3,243,0.41177357406046994,0.004470400133868679,0.015522222687044026,-18.83565380038649,3,0.25,0_75_p3_h1_3_6_12_s0_25,0.75,False,False,highs
equal_share,25,26.908918824905836,52.58352854847908,25.674609723573244,2,249,0.9964392750331617,0.004592199984472245,0.015945138834973074,-24.600301017684554,3,0.25,0_75_p3_h1_3_6_12_s0_25,0.75,False,False,highs
equal_share,26,50.739869859069586,80.71875,29.978880140930414,6,213,0.7213256407893465,0.004308600153308362,0.014960417198987367,-0.7693499835208044,3,0.25,0_75_p3_h1_3_6_12_s0_25,0.75,False,False,highs
equal_share,27,46.49979592802676,60.94015051424503,14.440354586218273,1,264,0.0,0.004606499773217365,0.015994790879226964,-5.009423914563634,3,0.25,0_75_p3_h1_3_6_12_s0_25,0.75,False,False,highs
equal_share,28,40.77555249280934,69.77211633324623,28.996563840436888,6,254,0.9960051096616739,0.0042982001905329525,0.014924306217128307,-10.73366734978105,3,0.25,0_75_p3_h1_3_6_12_s0_25,0.75,False,False,highs
equal_share,29,40.513822560371366,65.609810376518,25.09598781614663,1,246,0.0,0.004792199964867905,0.01663958321134689,-10.995397282219024,3,0.25,0_75_p3_h1_3_6_12_s0_25,0.75,False,False,highs
max_charge,0,51.730747550725916,80.71874999999997,28.988002449274056,6,227,0.6940820037845934,0.001947699667653069,0.006762846068239823,0.22152770813552536,3,0.25,0_75_p3_h1_3_6_12_s0_25,0.75,False,False,highs
max_charge,1,52.413577303290346,80.43749999999997,28.023922696709626,3,229,0.7842874217134553,0.001951800484675914,0.006777085016235813,0.9043574606999556,3,0.25,0_75_p3_h1_3_6_12_s0_25,0.75,False,False,highs
max_charge,2,53.50694978982208,80.71874999999997,27.21180021017789,3,238,0.9982179892519383,0.001946800242876634,0.006759723065543868,1.99772994723169,3,0.25,0_75_p3_h1_3_6_12_s0_25,0.75,False,False,highs
max_charge,3,51.65098515897987,80.43749999999997,28.7865148410201,6,227,0.9973540914511898,0.0019734003872144967,0.0068520846778281136,0.1417653163894812,3,0.25,0_75_p3_h1_3_6_12_s0_25,0.75,False,False,highs
max_charge,4,49.9291274808347,80.71874999999997,30.78962251916527,5,234,0.9977840808389519,0.0018335999047849327,0.0063666663360587945,-1.580092361755689,3,0.25,0_75_p3_h1_3_6_12_s0_25,0.75,False,False,highs
max_charge,5,52.973564855754354,79.87499999999997,26.901435144245617,6,248,0.9982213291008168,0.0018047996854875237,0.0062666655746094575,1.464345013163964,3,0.25,0_75_p3_h1_3_6_12_s0_25,0.75,False,False,highs
max_charge,6,50.49773979932068,80.43749999999997,29.939760200679295,3,276,0.9978401051365625,0.0018463002343196422,0.006410764702498757,-1.0114800432697137,3,0.25,0_75_p3_h1_3_6_12_s0_25,0.75,False,False,highs
max_charge,7,58.042833667248466,80.15624999999997,22.113416332751505,5,222,0.5373329682866669,0.0018815998046193272,0.0065333326549282195,6.533613824658076,3,0.25,0_75_p3_h1_3_6_12_s0_25,0.75,False,False,highs
max_charge,8,53.884094573557356,80.43749999999997,26.553405426442616,3,243,0.0,0.001867600018158555,0.00648472228527276,2.3748747309669653,3,0.25,0_75_p3_h1_3_6_12_s0_25,0.75,False,False,highs
max_charge,9,46.803180031478384,80.43749999999997,33.63431996852159,4,263,0.658221248923907,0.0021876998071093112,0.007596179885796219,-4.7060398111120065,3,0.25,0_75_p3_h1_3_6_12_s0_25,0.75,False,False,highs
max_charge,10,42.99178527295587,80.71874999999997,37.7269647270441,5,233,0.9934788482177143,0.001934700267156586,0.006717709260960368,-8.517434569634517,3,0.25,0_75_p3_h1_3_6_12_s0_25,0.75,False,False,highs
max_charge,11,51.350729797035434,80.71874999999997,29.368020202964537,3,211,0.9962609856796876,0.0021241001959424466,0.0073753479025779395,-0.15849004555495583,3,0.25,0_75_p3_h1_3_6_12_s0_25,0.75,False,False,highs
max_charge,12,51.57708001323042,80.71874999999997,29.14166998676955,4,246,0.9967336388170459,0.0019275002705398947,0.006692709272707968,0.06786017064003147,3,0.25,0_75_p3_h1_3_6_12_s0_25,0.75,False,False,highs
max_charge,13,52.00424593314526,80.71874999999997,28.71450406685471,3,225,0.9990311382874397,0.0022796998382546008,0.00791562443838403,0.4950260905548731,3,0.25,0_75_p3_h1_3_6_12_s0_25,0.75,False,False,highs
max_charge,14,50.70870004221795,80.71874999999997,30.010049957782023,10,246,0.9988982367459591,0.0018604997894726694,0.006460068713446769,-0.8005198003724416,3,0.25,0_75_p3_h1_3_6_12_s0_25,0.75,False,False,highs
max_charge,15,52.97720985487101,80.43749999999997,27.46029014512896,2,228,0.9981910769333866,0.0018137999577447772,0.006297916519947143,1.467990012280623,3,0.25,0_75_p3_h1_3_6_12_s0_25,0.75,False,False,highs
max_charge,16,50.397142376750686,80.71874999999997,30.321607623249285,8,227,0.9987416245606414,0.0018069999641738832,0.006274305431159317,-1.112077465839704,3,0.25,0_75_p3_h1_3_6_12_s0_25,0.75,False,False,highs
max_charge,17,46.42468871176241,80.15624999999997,33.731561288237565,4,237,0.9967473769780442,0.0019176996138412505,0.0066586792147265645,-5.084531130827983,3,0.25,0_75_p3_h1_3_6_12_s0_25,0.75,False,False,highs
max_charge,18,60.79107734933493,80.43749999999997,19.64642265066504,7,236,0.8223225909344024,0.0018889997445512563,0.006559026890802973,9.281857506744537,3,0.25,0_75_p3_h1_3_6_12_s0_25,0.75,False,False,highs
max_charge,19,50.25664120540021,80.15624999999997,29.899608794599764,4,203,0.9981754849450106,0.001812099915696308,0.006292013596167736,-1.252578637190183,3,0.25,0_75_p3_h1_3_6_12_s0_25,0.75,False,False,highs
max_charge,20,57.57936009764669,79.87499999999997,22.29563990235328,5,243,0.9991494589989994,0.0018386000592727214,0.006384027983585838,6.070140255056302,3,0.25,0_75_p3_h1_3_6_12_s0_25,0.75,False,False,highs
max_charge,21,45.512674044817665,79.59374999999997,34.08107595518231,5,240,0.9962154946745928,0.0019337998237460852,0.006714582721340573,-5.9965457977727255,3,0.25,0_75_p3_h1_3_6_12_s0_25,0.75,False,False,highs
max_charge,22,57.9036527238786,80.71874999999997,22.81509727612137,8,241,0.99837732416167,0.0019193996849935502,0.006664582239560938,6.3944328812882105,3,0.25,0_75_p3_h1_3_6_12_s0_25,0.75,False,False,highs
max_charge,23,52.88794883340595,80.15624999999997,27.26830116659402,5,245,0.4288309093323224,0.0018187997920904309,0.006315277055869551,1.37872899081556,3,0.25,0_75_p3_h1_3_6_12_s0_25,0.75,False,False,highs
max_charge,24,51.42960399761794,80.71874999999997,29.289146002382033,6,240,0.7056527757961402,0.002038300212007016,0.007077431291691028,-0.07961584497245155,3,0.25,0_75_p3_h1_3_6_12_s0_25,0.75,False,False,highs
max_charge,25,40.37571347504853,80.71874999999997,40.343036524951444,7,244,0.997056748370023,0.0021439002885017544,0.007444098223964425,-11.133506367541862,3,0.25,0_75_p3_h1_3_6_12_s0_25,0.75,False,False,highs
max_charge,26,50.739869859069564,80.71874999999997,29.978880140930407,6,213,0.7213256407893465,0.0019115001196041703,0.0066371531930700355,-0.7693499835208257,3,0.25,0_75_p3_h1_3_6_12_s0_25,0.75,False,False,highs
max_charge,27,61.524135030806036,80.71874999999997,19.194614969193932,3,263,0.0,0.0012944997870363295,0.004494790927209478,10.014915188215646,3,0.25,0_75_p3_h1_3_6_12_s0_25,0.75,False,False,highs
max_charge,28,46.93386758118866,80.43749999999997,33.503632418811314,7,253,0.9979661957219386,0.000919299985980615,0.003192013840210469,-4.575352261401733,3,0.25,0_75_p3_h1_3_6_12_s0_25,0.75,False,False,highs
max_charge,29,49.47766886651514,80.15624999999997,30.678581133484833,5,242,0.36376406873069933,0.0009220998908858746,0.00320173573224262,-2.031550976075252,3,0.25,0_75_p3_h1_3_6_12_s0_25,0.75,False,False,highs
random,0,51.509482209201174,80.36644207262975,28.856959863428578,5,228,0.9960639823666053,0.00877420001779683,0.03046597228401677,0.00026236661078371526,3,0.25,0_75_p3_h1_3_6_12_s0_25,0.75,False,False,highs
random,1,52.35076622840817,80.34767312466693,27.996906896258757,2,230,0.5741583232758991,0.0077974998857825994,0.02707465238118958,0.8415463858177787,3,0.25,0_75_p3_h1_3_6_12_s0_25,0.75,False,False,highs
random,2,53.41083364559117,80.57342480421126,27.162591158620092,0,241,0.0,0.008515199704561383,0.029566665640838135,1.901613803000778,3,0.25,0_75_p3_h1_3_6_12_s0_25,0.75,False,False,highs
random,3,51.54685795112134,80.27605913179714,28.729201180675798,3,230,0.9983271873203314,0.010061400302220136,0.03493541771604214,0.037638108530948955,3,0.25,0_75_p3_h1_3_6_12_s0_25,0.75,False,False,highs
random,4,49.821301412839055,80.54483698844132,30.723535575602263,1,238,0.0,0.011249000061070547,0.039059027989828285,-1.6879184297513348,3,0.25,0_75_p3_h1_3_6_12_s0_25,0.75,False,False,highs
random,5,52.786581029346486,79.58939792216079,26.8028168928143,3,251,0.99800709725068,0.01108150024083443,0.038477431391786214,1.277361186756096,3,0.25,0_75_p3_h1_3_6_12_s0_25,0.75,False,False,highs
random,6,50.40183289057278,80.28828442675588,29.8864515361831,3,276,0.0,0.010913999984040856,0.03789583327791964,-1.1073869520176132,3,0.25,0_75_p3_h1_3_6_12_s0_25,0.75,False,False,highs
random,7,57.69868140187573,79.67797849347288,21.979297091597147,3,224,0.0,0.009982699993997812,0.03466215275693685,6.189461559285341,3,0.25,0_75_p3_h1_3_6_12_s0_25,0.75,False,False,highs
random,8,53.72134162621974,80.17938050395732,26.45803887773758,4,242,0.4466179117877224,0.009759700042195618,0.033887847368734784,2.2121217836293496,3,0.25,0_75_p3_h1_3_6_12_s0_25,0.75,False,False,highs
random,9,46.75579844676892,80.35390510788112,33.5981066611122,4,263,0.757269862578029,0.009621200180845335,0.03340694507237964,-4.753421395821469,3,0.25,0_75_p3_h1_3_6_12_s0_25,0.75,False,False,highs
random,10,42.752039691297604,80.29890510145633,37.54686541015872,4,234,0.9951450720354823,0.009948000137228519,0.03454166714315458,-8.757180151292786,3,0.25,0_75_p3_h1_3_6_12_s0_25,0.75,False,False,highs
random,11,50.91701755546516,80.0357856153332,29.11876805986804,5,209,0.9982556428843345,0.009562400111462921,0.033202778164801806,-0.5922022871252324,3,0.25,0_75_p3_h1_3_6_12_s0_25,0.75,False,False,highs
random,12,51.50796602576605,80.60827367385747,29.100307648091412,3,247,0.0,0.011551999719813466,0.0401111101382412,-0.0012538168243381165,3,0.25,0_75_p3_h1_3_6_12_s0_25,0.75,False,False,highs
random,13,51.86414588751488,80.49497536675109,28.630829479236215,1,227,0.9947542641045637,0.009785300237126648,0.03397673693446753,0.35492604492448976,3,0.25,0_75_p3_h1_3_6_12_s0_25,0.75,False,False,highs
random,14,50.70870004221797,80.71875,30.01004995778203,5,251,0.5616507935654587,0.009761200024513528,0.03389305564067197,-0.8005198003724203,3,0.25,0_75_p3_h1_3_6_12_s0_25,0.75,False,False,highs
random,15,52.702459133025805,80.02835096567811,27.32589183265231,2,228,0.0,0.009549499984132126,0.033157986056014326,1.1932392904354145,3,0.25,0_75_p3_h1_3_6_12_s0_25,0.75,False,False,highs
random,16,50.14557334914972,80.32641786309371,30.18084451394399,3,232,0.9975211797799269,0.009345900092739612,0.03245104198867921,-1.363646493440669,3,0.25,0_75_p3_h1_3_6_12_s0_25,0.75,False,False,highs
random,17,46.289347083779695,79.94325669614608,33.653909612366384,3,238,0.0,0.009643500205129385,0.03348437571225481,-5.219872758810695,3,0.25,0_75_p3_h1_3_6_12_s0_25,0.75,False,False,highs
random,18,60.55899489894525,80.13014071149249,19.571145812547236,4,239,0.4780531244629384,0.009204499947372824,0.031960069261711195,9.04977505635486,3,0.25,0_75_p3_h1_3_6_12_s0_25,0.75,False,False,highs
random,19,49.90220590187552,79.58891144581308,29.68670554393756,1,206,0.998799043298955,0.008941200096160173,0.031045833667222824,-1.6070139407148716,3,0.25,0_75_p3_h1_3_6_12_s0_25,0.75,False,False,highs
random,20,57.405723617398365,79.64262061224797,22.236896994849605,3,245,0.9992231469973829,0.009015399817144498,0.031303471587307286,5.896503774807975,3,0.25,0_75_p3_h1_3_6_12_s0_25,0.75,False,False,highs
random,21,45.330698514370674,79.27287836308996,33.942179848719285,2,243,0.0,0.00935040001058951,0.0324666667034358,-6.178521328219716,3,0.25,0_75_p3_h1_3_6_12_s0_25,0.75,False,False,highs
random,22,57.82269179117718,80.6067704230836,22.78407863190643,4,245,0.0,0.009562200109940022,0.033202083715069525,6.313471948586788,3,0.25,0_75_p3_h1_3_6_12_s0_25,0.75,False,False,highs
random,23,52.83638728684268,80.07707234140048,27.240685054557805,4,246,0.7129482150198886,0.008593099773861468,0.029837151992574543,1.3271674442522894,3,0.25,0_75_p3_h1_3_6_12_s0_25,0.75,False,False,highs
random,24,51.12743539047975,80.24572360522673,29.11828821474698,5,241,0.8457856975559661,0.008733299793675542,0.030323957616928965,-0.3817844521106437,3,0.25,0_75_p3_h1_3_6_12_s0_25,0.75,False,False,highs
random,25,40.25933348464954,80.49453294443542,40.23519945978588,3,248,0.0,0.009627200051909313,0.03342777795801845,-11.249886357940852,3,0.25,0_75_p3_h1_3_6_12_s0_25,0.75,False,False,highs
random,26,50.62600659076044,80.54263412977392,29.916627539013476,2,217,0.9986272238755775,0.00960379999014549,0.03334652774356073,-0.8832132518299503,3,0.25,0_75_p3_h1_3_6_12_s0_25,0.75,False,False,highs
random,27,61.50506894369417,80.69237591989558,19.18730697620141,3,262,0.9995304930005471,0.00886189957964234,0.030770484651535906,9.99584910110378,3,0.25,0_75_p3_h1_3_6_12_s0_25,0.75,False,False,highs
random,28,46.88566917400862,80.34581924378837,33.46015006977975,3,257,0.9971444080117567,0.009105300094233826,0.03161562532720078,-4.623550668581771,3,0.25,0_75_p3_h1_3_6_12_s0_25,0.75,False,False,highs
random,29,49.360381045264575,79.97098459877958,30.61060355351501,3,244,0.9990547758216086,0.00950170008582063,0.03299201418687719,-2.1488387973258156,3,0.25,0_75_p3_h1_3_6_12_s0_25,0.75,False,False,highs
milp_h1,0,103.46149510145187,161.4375,57.976004898548126,6,226,0.7715745349589165,3.1444618998502847,10.918270485591266,0.44305541627109335,6,0.25,0_75_p6_h1_3_6_12_s0_25,0.75,False,False,highs
milp_h1,1,104.82715460658073,160.875,56.047845393419266,4,226,0.9988900429475708,3.1347561999573372,10.884570138740754,1.8087149213999538,6,0.25,0_75_p6_h1_3_6_12_s0_25,0.75,False,False,highs
milp_h1,2,107.0138995796442,161.4375,54.4236004203558,3,235,0.9984874153506453,3.169690400158288,11.005869444994055,3.9954598944634228,6,0.25,0_75_p6_h1_3_6_12_s0_25,0.75,False,False,highs
milp_h1,3,103.30197031795979,160.875,57.573029682040215,3,227,0.0,3.1566610002773814,10.960628473185352,0.28353063277900503,6,0.25,0_75_p6_h1_3_6_12_s0_25,0.75,False,False,highs
milp_h1,4,99.85825496166945,161.4375,61.579245038330555,2,234,0.9982935423113727,3.1832601999049075,11.052986805225373,-3.1601847235113354,6,0.25,0_75_p6_h1_3_6_12_s0_25,0.75,False,False,highs
milp_h1,5,105.94712971150875,159.75,53.80287028849125,3,248,0.06876515905592273,3.121232500008773,10.837612847252684,2.9286900263279705,6,0.25,0_75_p6_h1_3_6_12_s0_25,0.75,False,False,highs
milp_h1,6,100.9954795986414,160.875,59.879520401358604,2,274,0.9987093590163263,3.1072731998865493,10.78914305516163,-2.022960086539385,6,0.25,0_75_p6_h1_3_6_12_s0_25,0.75,False,False,highs
milp_h1,7,116.08566733449697,160.3125,44.226832665503025,4,220,0.997890912952772,3.281497900141403,11.394089931046539,13.067227649316195,6,0.25,0_75_p6_h1_3_6_12_s0_25,0.75,False,False,highs
milp_h1,8,107.76818914711475,160.875,53.106810852885246,6,237,0.998592046920079,3.173909199918853,11.020518055273795,4.749749461933973,6,0.25,0_75_p6_h1_3_6_12_s0_25,0.75,False,False,highs
milp_h1,9,93.60636006295681,160.875,67.26863993704319,9,255,0.7306628631571003,3.1909936002630275,11.07983888980218,-9.41207962222397,6,0.25,0_75_p6_h1_3_6_12_s0_25,0.75,False,False,highs
milp_h1,10,85.98357054591179,161.4375,75.45392945408821,6,229,0.8535295130008558,3.177940600144211,11.034515972722955,-17.03486913926899,6,0.25,0_75_p6_h1_3_6_12_s0_25,0.75,False,False,highs
milp_h1,11,102.70145959407091,161.4375,58.73604040592909,3,208,0.6854228904587228,3.193100600154139,11.087154861646317,-0.316980091109869,6,0.25,0_75_p6_h1_3_6_12_s0_25,0.75,False,False,highs
milp_h1,12,103.15416002646089,161.4375,58.283339973539114,7,240,0.7728785213813232,3.149453799909679,10.935603471908609,0.13572034128010557,6,0.25,0_75_p6_h1_3_6_12_s0_25,0.75,False,False,highs
milp_h1,13,104.00849186629057,161.4375,57.42900813370943,3,222,0.0808270779204179,3.156822699937038,10.961189930336937,0.9900521811097889,6,0.25,0_75_p6_h1_3_6_12_s0_25,0.75,False,False,highs
milp_h1,14,101.41740008443594,161.4375,60.02009991556406,1,252,0.0,3.1385701001854613,10.897812847866184,-1.6010396007448406,6,0.25,0_75_p6_h1_3_6_12_s0_25,0.75,False,False,highs
milp_h1,15,105.95441970974207,160.875,54.92058029025793,5,222,0.9990266009372571,3.0934814003121573,10.74125486219499,2.935980024561289,6,0.25,0_75_p6_h1_3_6_12_s0_25,0.75,False,False,highs
milp_h1,16,100.79428475350142,161.4375,60.643215246498585,2,230,0.0,3.104959999793209,10.781111110393088,-2.224154931679365,6,0.25,0_75_p6_h1_3_6_12_s0_25,0.75,False,False,highs
milp_h1,17,92.84937742352486,160.3125,67.46312257647514,4,234,0.4518828322807449,3.130608000094071,10.870166666993303,-10.169062261655924,6,0.25,0_75_p6_h1_3_6_12_s0_25,0.75,False,False,highs
milp_h1,18,121.58215469866991,160.875,39.29284530133009,5,235,0.9202282113521586,3.121225900016725,10.837589930613628,18.56371501348913,6,0.25,0_75_p6_h1_3_6_12_s0_25,0.75,False,False,highs
milp_h1,19,100.51328241080046,160.3125,59.79921758919954,2,202,0.06735670222305658,3.1114369000133593,10.803600347268608,-2.5051572743803234,6,0.25,0_75_p6_h1_3_6_12_s0_25,0.75,False,False,highs
milp_h1,20,115.15872019529343,159.75,44.59127980470657,2,243,0.0,3.2572647001361474,11.309946875472734,12.140280510112646,6,0.25,0_75_p6_h1_3_6_12_s0_25,0.75,False,False,highs
milp_h1,21,91.02534808963537,159.1875,68.16215191036463,3,239,0.0,3.08761440005037,10.72088333350823,-11.993091595545408,6,0.25,0_75_p6_h1_3_6_12_s0_25,0.75,False,False,highs
milp_h1,22,115.80730544775724,161.4375,45.630194552242756,5,241,0.8032024640774361,3.1455984998319764,10.922217013305474,12.788865762576464,6,0.25,0_75_p6_h1_3_6_12_s0_25,0.75,False,False,highs
milp_h1,23,105.77589766681194,160.3125,54.53660233318806,6,241,0.7976932482934805,3.0731062002596445,10.670507639790433,2.7574579816311626,6,0.25,0_75_p6_h1_3_6_12_s0_25,0.75,False,False,highs
milp_h1,24,102.85920799523592,161.4375,58.57829200476408,2,241,0.0,3.0978743002342526,10.756507986924488,-0.15923168994486048,6,0.25,0_75_p6_h1_3_6_12_s0_25,0.75,False,False,highs
milp_h1,25,80.75142695009708,161.4375,80.68607304990292,1,247,0.0,3.085370899992995,10.713093402753454,-22.267012735083696,6,0.25,0_75_p6_h1_3_6_12_s0_25,0.75,False,False,highs
milp_h1,26,101.47973971813917,161.4375,59.95776028186083,4,212,0.9989024329162067,3.266355100175133,11.34151076449699,-1.5386999670416088,6,0.25,0_75_p6_h1_3_6_12_s0_25,0.75,False,False,highs
milp_h1,27,123.04827006161213,161.4375,38.38922993838787,4,258,0.9974547053226811,3.1522820997051895,10.945423957309686,20.02983037643135,6,0.25,0_75_p6_h1_3_6_12_s0_25,0.75,False,False,highs
milp_h1,28,93.86773516237736,160.875,67.00726483762264,5,252,0.9302821602026049,3.072328800248215,10.667808334195191,-9.150704522803423,6,0.25,0_75_p6_h1_3_6_12_s0_25,0.75,False,False,highs
milp_h1,29,98.95533773303032,160.3125,61.35716226696968,7,237,0.9980270840623358,3.1500250999524724,10.937587152612751,-4.063101952150461,6,0.25,0_75_p6_h1_3_6_12_s0_25,0.75,False,False,highs
milp_h3,0,103.46149510145187,161.4375,57.976004898548126,5,225,0.08937317036682138,6.44005840018508,22.36131388953153,0.44305541627109335,6,0.25,0_75_p6_h1_3_6_12_s0_25,0.75,False,False,highs
milp_h3,1,104.82715460658073,160.875,56.047845393419266,5,224,0.9974942404634071,7.5727996999630705,26.29444340264955,1.8087149213999538,6,0.25,0_75_p6_h1_3_6_12_s0_25,0.75,False,False,highs
milp_h3,2,107.0138995796442,161.4375,54.4236004203558,3,235,0.9994823809107216,6.510910899931332,22.60732951365046,3.9954598944634228,6,0.25,0_75_p6_h1_3_6_12_s0_25,0.75,False,False,highs
milp_h3,3,103.30197031795979,160.875,57.573029682040215,4,226,0.9932140583321726,7.206247099733446,25.021691318518908,0.28353063277900503,6,0.25,0_75_p6_h1_3_6_12_s0_25,0.75,False,False,highs
milp_h3,4,99.85825496166945,161.4375,61.579245038330555,3,233,0.9919657301638828,6.084336800005985,21.126169444465226,-3.1601847235113354,6,0.25,0_75_p6_h1_3_6_12_s0_25,0.75,False,False,highs
milp_h3,5,105.94712971150875,159.75,53.80287028849125,4,247,0.6878291963401338,5.759319100150606,19.997635764411825,2.9286900263279705,6,0.25,0_75_p6_h1_3_6_12_s0_25,0.75,False,False,highs
milp_h3,6,100.9954795986414,160.875,59.879520401358604,5,271,0.9975070669742172,6.0465761001978535,20.99505590346477,-2.022960086539385,6,0.25,0_75_p6_h1_3_6_12_s0_25,0.75,False,False,highs
milp_h3,7,116.08566733449697,160.3125,44.226832665503025,3,221,0.0,5.8158924000454135,20.19407083349102,13.067227649316195,6,0.25,0_75_p6_h1_3_6_12_s0_25,0.75,False,False,highs
milp_h3,8,107.76818914711475,160.875,53.106810852885246,6,237,0.9946052080891247,6.530890099733369,22.67670173518531,4.749749461933973,6,0.25,0_75_p6_h1_3_6_12_s0_25,0.75,False,False,highs
milp_h3,9,93.60636006295681,160.875,67.26863993704319,7,257,0.5531630116672595,6.868239800038282,23.848054861244034,-9.41207962222397,6,0.25,0_75_p6_h1_3_6_12_s0_25,0.75,False,False,highs
milp_h3,10,85.98357054591179,161.4375,75.45392945408821,5,230,0.7104472943497888,7.656232699926477,26.584141319189158,-17.03486913926899,6,0.25,0_75_p6_h1_3_6_12_s0_25,0.75,False,False,highs
milp_h3,11,102.70145959407091,161.4375,58.73604040592909,3,208,0.6866875777744839,7.418528599984711,25.758779861058024,-0.316980091109869,6,0.25,0_75_p6_h1_3_6_12_s0_25,0.75,False,False,highs
milp_h3,12,103.15416002646089,161.4375,58.283339973539114,5,242,0.20969966429160197,6.40535350018763,22.24081076454038,0.13572034128010557,6,0.25,0_75_p6_h1_3_6_12_s0_25,0.75,False,False,highs
milp_h3,13,104.00849186629057,161.4375,57.42900813370943,3,222,0.5391787941510308,4.966662000078941,17.245354166940768,0.9900521811097889,6,0.25,0_75_p6_h1_3_6_12_s0_25,0.75,False,False,highs
milp_h3,14,101.41740008443594,161.4375,60.02009991556406,2,251,0.9955621499392225,6.965761400118936,24.18667152819075,-1.6010396007448406,6,0.25,0_75_p6_h1_3_6_12_s0_25,0.75,False,False,highs
milp_h3,15,105.95441970974207,160.875,54.92058029025793,4,223,0.9993075733111623,6.405658699950436,22.241870485939014,2.935980024561289,6,0.25,0_75_p6_h1_3_6_12_s0_25,0.75,False,False,highs
milp_h3,16,100.79428475350142,161.4375,60.643215246498585,1,231,0.0,5.831696799927158,20.2489472219693,-2.224154931679365,6,0.25,0_75_p6_h1_3_6_12_s0_25,0.75,False,False,highs
milp_h3,17,92.84937742352486,160.3125,67.46312257647514,6,232,0.8151203112201575,5.550207500171382,19.27155382003952,-10.169062261655924,6,0.25,0_75_p6_h1_3_6_12_s0_25,0.75,False,False,highs
milp_h3,18,121.58215469866991,160.875,39.29284530133009,4,236,0.9408728744410337,6.69776139993337,23.256115971990866,18.56371501348913,6,0.25,0_75_p6_h1_3_6_12_s0_25,0.75,False,False,highs
milp_h3,19,100.51328241080046,160.3125,59.79921758919954,5,199,0.6866817960822904,5.996357999742031,20.820687499104274,-2.5051572743803234,6,0.25,0_75_p6_h1_3_6_12_s0_25,0.75,False,False,highs
milp_h3,20,115.15872019529343,159.75,44.59127980470657,3,242,0.9988807179942466,7.056945300049847,24.503282291839746,12.140280510112646,6,0.25,0_75_p6_h1_3_6_12_s0_25,0.75,False,False,highs
milp_h3,21,91.02534808963537,159.1875,68.16215191036463,3,239,0.0,7.403477300162194,25.70651840334095,-11.993091595545408,6,0.25,0_75_p6_h1_3_6_12_s0_25,0.75,False,False,highs
milp_h3,22,115.80730544775724,161.4375,45.630194552242756,5,241,0.9968666896458871,5.910831399727613,20.5237201379431,12.788865762576464,6,0.25,0_75_p6_h1_3_6_12_s0_25,0.75,False,False,highs
milp_h3,23,105.77589766681194,160.3125,54.53660233318806,6,241,0.5964453415587053,6.635626500356011,23.040369792902816,2.7574579816311626,6,0.25,0_75_p6_h1_3_6_12_s0_25,0.75,False,False,highs
milp_h3,24,102.85920799523592,161.4375,58.57829200476408,2,241,0.0,7.660942599904956,26.600495138558877,-0.15923168994486048,6,0.25,0_75_p6_h1_3_6_12_s0_25,0.75,False,False,highs
milp_h3,25,80.75142695009708,161.4375,80.68607304990292,4,244,0.9989096224160126,7.346169100055704,25.50753159741564,-22.267012735083696,6,0.25,0_75_p6_h1_3_6_12_s0_25,0.75,False,False,highs
milp_h3,26,101.47973971813917,161.4375,59.95776028186083,4,212,0.9995352341057108,6.14193739980692,21.326171527107363,-1.5386999670416088,6,0.25,0_75_p6_h1_3_6_12_s0_25,0.75,False,False,highs
milp_h3,27,123.04827006161213,161.4375,38.38922993838787,6,256,0.9988636088855105,6.9522690000303555,24.13982291677207,20.02983037643135,6,0.25,0_75_p6_h1_3_6_12_s0_25,0.75,False,False,highs
milp_h3,28,93.86773516237736,160.875,67.00726483762264,8,249,0.8642216027893153,6.334693299810169,21.995462846563086,-9.150704522803423,6,0.25,0_75_p6_h1_3_6_12_s0_25,0.75,False,False,highs
milp_h3,29,98.95533773303032,160.3125,61.35716226696968,5,239,0.9370877204412871,6.928008100250736,24.055583681426167,-4.063101952150461,6,0.25,0_75_p6_h1_3_6_12_s0_25,0.75,False,False,highs
milp_h6,0,103.46149510145187,161.4375,57.976004898548126,5,225,0.08937317036682138,8.647141099820146,30.02479548548662,0.44305541627109335,6,0.25,0_75_p6_h1_3_6_12_s0_25,0.75,False,False,highs
milp_h6,1,104.82715460658073,160.875,56.047845393419266,6,223,0.8456745922243625,10.090017199894646,35.03478194407863,1.8087149213999538,6,0.25,0_75_p6_h1_3_6_12_s0_25,0.75,False,False,highs
milp_h6,2,107.0138995796442,161.4375,54.4236004203558,3,235,0.9994823809107216,8.81357630022103,30.602695486878574,3.9954598944634228,6,0.25,0_75_p6_h1_3_6_12_s0_25,0.75,False,False,highs
milp_h6,3,103.30197031795979,160.875,57.573029682040215,4,226,0.9932140583321726,9.899467700131936,34.37315173656922,0.28353063277900503,6,0.25,0_75_p6_h1_3_6_12_s0_25,0.75,False,False,highs
milp_h6,4,99.85825496166945,161.4375,61.579245038330555,3,233,0.9919657301638828,8.457761099998606,29.367226041661826,-3.1601847235113354,6,0.25,0_75_p6_h1_3_6_12_s0_25,0.75,False,False,highs
milp_h6,5,105.94712971150875,159.75,53.80287028849125,4,247,0.6878291963401338,7.827929400169523,27.18031041725529,2.9286900263279705,6,0.25,0_75_p6_h1_3_6_12_s0_25,0.75,False,False,highs
milp_h6,6,100.9954795986414,160.875,59.879520401358604,5,271,0.9975070669742172,8.205187200044747,28.490233333488707,-2.022960086539385,6,0.25,0_75_p6_h1_3_6_12_s0_25,0.75,False,False,highs
milp_h6,7,116.08566733449697,160.3125,44.226832665503025,3,221,0.0,7.971426400064956,27.678563889114432,13.067227649316195,6,0.25,0_75_p6_h1_3_6_12_s0_25,0.75,False,False,highs
milp_h6,8,107.76818914711475,160.875,53.106810852885246,6,237,0.9946052080891247,8.7895749998861,30.5193576384934,4.749749461933973,6,0.25,0_75_p6_h1_3_6_12_s0_25,0.75,False,False,highs
milp_h6,9,93.60636006295681,160.875,67.26863993704319,7,257,0.5531630116672595,9.355364900053246,32.48390590296266,-9.41207962222397,6,0.25,0_75_p6_h1_3_6_12_s0_25,0.75,False,False,highs
milp_h6,10,85.98357054591179,161.4375,75.45392945408821,5,230,0.7104472943497888,9.89916820009239,34.37211180587636,-17.03486913926899,6,0.25,0_75_p6_h1_3_6_12_s0_25,0.75,False,False,highs
milp_h6,11,102.70145959407091,161.4375,58.73604040592909,3,208,0.6866875777744839,10.002551899902755,34.731082985773455,-0.316980091109869,6,0.25,0_75_p6_h1_3_6_12_s0_25,0.75,False,False,highs
milp_h6,12,103.15416002646089,161.4375,58.283339973539114,5,242,0.20969966429160197,8.469048799976008,29.406419444361138,0.13572034128010557,6,0.25,0_75_p6_h1_3_6_12_s0_25,0.75,False,False,highs
milp_h6,13,104.00849186629057,161.4375,57.42900813370943,3,222,0.5391787941510308,6.8655049997905735,23.838559027050604,0.9900521811097889,6,0.25,0_75_p6_h1_3_6_12_s0_25,0.75,False,False,highs
milp_h6,14,101.41740008443594,161.4375,60.02009991556406,2,251,0.9955621499392225,9.689727499790024,33.644887152048696,-1.6010396007448406,6,0.25,0_75_p6_h1_3_6_12_s0_25,0.75,False,False,highs
milp_h6,15,105.95441970974207,160.875,54.92058029025793,4,223,0.9996178320345275,8.6998690997425,30.20787881855035,2.935980024561289,6,0.25,0_75_p6_h1_3_6_12_s0_25,0.75,False,False,highs
milp_h6,16,100.79428475350142,161.4375,60.643215246498585,1,231,0.0,8.180305100016994,28.403837152836786,-2.224154931679365,6,0.25,0_75_p6_h1_3_6_12_s0_25,0.75,False,False,highs
milp_h6,17,92.84937742352486,160.3125,67.46312257647514,6,232,0.8151203112201575,7.785257499985164,27.032144097170708,-10.169062261655924,6,0.25,0_75_p6_h1_3_6_12_s0_25,0.75,False,False,highs
milp_h6,18,121.58215469866991,160.875,39.29284530133009,4,236,0.9408728744410337,9.090325400029542,31.563629861213688,18.56371501348913,6,0.25,0_75_p6_h1_3_6_12_s0_25,0.75,False,False,highs
milp_h6,19,100.51328241080046,160.3125,59.79921758919954,5,199,0.6856532050085197,8.318589799717302,28.88399236012952,-2.5051572743803234,6,0.25,0_75_p6_h1_3_6_12_s0_25,0.75,False,False,highs
milp_h6,20,115.15872019529343,159.75,44.59127980470657,3,242,0.9988807179942466,9.361163299618056,32.50403923478492,12.140280510112646,6,0.25,0_75_p6_h1_3_6_12_s0_25,0.75,False,False,highs
milp_h6,21,91.02534808963537,159.1875,68.16215191036463,3,239,0.0,9.399258200079203,32.636313194719456,-11.993091595545408,6,0.25,0_75_p6_h1_3_6_12_s0_25,0.75,False,False,highs
milp_h6,22,115.80730544775724,161.4375,45.630194552242756,5,241,0.9968666896458871,8.106342899845913,28.14702395779831,12.788865762576464,6,0.25,0_75_p6_h1_3_6_12_s0_25,0.75,False,False,highs
milp_h6,23,105.77589766681194,160.3125,54.53660233318806,6,241,0.5964453415587053,8.981323000014527,31.185149305605997,2.7574579816311626,6,0.25,0_75_p6_h1_3_6_12_s0_25,0.75,False,False,highs
milp_h6,24,102.85920799523592,161.4375,58.57829200476408,2,241,0.0,10.506401400023606,36.48056041674863,-0.15923168994486048,6,0.25,0_75_p6_h1_3_6_12_s0_25,0.75,False,False,highs
milp_h6,25,80.75142695009708,161.4375,80.68607304990292,6,242,0.9992584019525531,9.044933800265426,31.406020139810508,-22.267012735083696,6,0.25,0_75_p6_h1_3_6_12_s0_25,0.75,False,False,highs
milp_h6,26,101.47973971813917,161.4375,59.95776028186083,4,212,0.9995352341057108,8.554320999915944,29.702503471930363,-1.5386999670416088,6,0.25,0_75_p6_h1_3_6_12_s0_25,0.75,False,False,highs
milp_h6,27,123.04827006161213,161.4375,38.38922993838787,6,256,0.9988636088855105,9.515741599927424,33.04076944419244,20.02983037643135,6,0.25,0_75_p6_h1_3_6_12_s0_25,0.75,False,False,highs
milp_h6,28,93.86773516237736,160.875,67.00726483762264,9,248,0.6237346058700182,8.811413100222126,30.595184375771268,-9.150704522803423,6,0.25,0_75_p6_h1_3_6_12_s0_25,0.75,False,False,highs
milp_h6,29,98.95533773303032,160.3125,61.35716226696968,5,239,0.9370877204412871,9.594269099790836,33.31343437427373,-4.063101952150461,6,0.25,0_75_p6_h1_3_6_12_s0_25,0.75,False,False,highs
milp_h12,0,103.46149510145187,161.4375,57.976004898548126,5,225,0.08937317036682138,13.478181000158656,46.79923958388422,0.44305541627109335,6,0.25,0_75_p6_h1_3_6_12_s0_25,0.75,False,False,highs
milp_h12,1,104.82715460658073,160.875,56.047845393419266,5,224,0.6057046888494416,15.845640700368676,55.01958576516901,1.8087149213999538,6,0.25,0_75_p6_h1_3_6_12_s0_25,0.75,False,False,highs
milp_h12,2,107.0138995796442,161.4375,54.4236004203558,3,235,0.9994823809107216,13.977948400075547,48.53454305581787,3.9954598944634228,6,0.25,0_75_p6_h1_3_6_12_s0_25,0.75,False,False,highs
milp_h12,3,103.30197031795979,160.875,57.573029682040215,4,226,0.9932140583321726,15.299604300002102,53.123626041673965,0.28353063277900503,6,0.25,0_75_p6_h1_3_6_12_s0_25,0.75,False,False,highs
milp_h12,4,99.85825496166945,161.4375,61.579245038330555,3,233,0.9919657301638828,12.543251300085103,43.552955903073276,-3.1601847235113354,6,0.25,0_75_p6_h1_3_6_12_s0_25,0.75,False,False,highs
milp_h12,5,105.94712971150875,159.75,53.80287028849125,4,247,0.6878291963401338,12.625281300046481,43.83778229182806,2.9286900263279705,6,0.25,0_75_p6_h1_3_6_12_s0_25,0.75,False,False,highs
milp_h12,6,100.9954795986414,160.875,59.879520401358604,5,271,0.9975070669742172,12.591259900131263,43.719652431011326,-2.022960086539385,6,0.25,0_75_p6_h1_3_6_12_s0_25,0.75,False,False,highs
milp_h12,7,116.08566733449697,160.3125,44.226832665503025,3,221,0.0,12.342684499861207,42.856543402295856,13.067227649316195,6,0.25,0_75_p6_h1_3_6_12_s0_25,0.75,False,False,highs
milp_h12,8,107.76818914711475,160.875,53.106810852885246,8,235,0.7243929834682491,11.31056350027211,39.272789931500384,4.749749461933973,6,0.25,0_75_p6_h1_3_6_12_s0_25,0.75,False,False,highs
milp_h12,9,93.60636006295681,160.875,67.26863993704319,7,257,0.3304829620364733,14.687719600042328,50.99902638903586,-9.41207962222397,6,0.25,0_75_p6_h1_3_6_12_s0_25,0.75,False,False,highs
milp_h12,10,85.98357054591179,161.4375,75.45392945408821,5,230,0.7104472943497888,15.914433899975847,55.2584510415828,-17.03486913926899,6,0.25,0_75_p6_h1_3_6_12_s0_25,0.75,False,False,highs
milp_h12,11,102.70145959407091,161.4375,58.73604040592909,4,207,0.7777296126868781,15.510393100325018,53.85553159835076,-0.316980091109869,6,0.25,0_75_p6_h1_3_6_12_s0_25,0.75,False,False,highs
milp_h12,12,103.15416002646089,161.4375,58.283339973539114,5,242,0.20969966429160197,13.040625599882333,45.27994999959143,0.13572034128010557,6,0.25,0_75_p6_h1_3_6_12_s0_25,0.75,False,False,highs
milp_h12,13,104.00849186629057,161.4375,57.42900813370943,3,222,0.5391787941510308,10.583650700456928,36.74878715436434,0.9900521811097889,6,0.25,0_75_p6_h1_3_6_12_s0_25,0.75,False,False,highs
milp_h12,14,101.41740008443594,161.4375,60.02009991556406,2,251,0.9955621499392225,15.116177199612139,52.48672638754215,-1.6010396007448406,6,0.25,0_75_p6_h1_3_6_12_s0_25,0.75,False,False,highs
milp_h12,15,105.95441970974207,160.875,54.92058029025793,4,223,0.9990764170689747,13.458024400140857,46.72925138937798,2.935980024561289,6,0.25,0_75_p6_h1_3_6_12_s0_25,0.75,False,False,highs
milp_h12,16,100.79428475350142,161.4375,60.643215246498585,1,231,0.0,12.482116500206757,43.34068229238457,-2.224154931679365,6,0.25,0_75_p6_h1_3_6_12_s0_25,0.75,False,False,highs
milp_h12,17,92.84937742352486,160.3125,67.46312257647514,6,232,0.8151203112201575,11.830962699867086,41.079731596760716,-10.169062261655924,6,0.25,0_75_p6_h1_3_6_12_s0_25,0.75,False,False,highs
milp_h12,18,121.58215469866991,160.875,39.29284530133009,4,236,0.92419176575139,13.921154400130035,48.33734166711818,18.56371501348913,6,0.25,0_75_p6_h1_3_6_12_s0_25,0.75,False,False,highs
milp_h12,19,100.51328241080046,160.3125,59.79921758919954,5,199,0.6856532050085197,12.718413800175767,44.161159028388084,-2.5051572743803234,6,0.25,0_75_p6_h1_3_6_12_s0_25,0.75,False,False,highs
milp_h12,20,115.15872019529343,159.75,44.59127980470657,3,242,0.9988807179942466,14.74899729990284,51.211796180218194,12.140280510112646,6,0.25,0_75_p6_h1_3_6_12_s0_25,0.75,False,False,highs
milp_h12,21,91.02534808963537,159.1875,68.16215191036463,3,239,0.0,15.435716899781255,53.59623923535158,-11.993091595545408,6,0.25,0_75_p6_h1_3_6_12_s0_25,0.75,False,False,highs
milp_h12,22,115.80730544775724,161.4375,45.630194552242756,3,243,0.9991454367346166,13.775152999995044,47.8303923610939,12.788865762576464,6,0.25,0_75_p6_h1_3_6_12_s0_25,0.75,False,False,highs
milp_h12,23,105.77589766681194,160.3125,54.53660233318806,6,241,0.5964453415587053,14.027635499980533,48.70706770826574,2.7574579816311626,6,0.25,0_75_p6_h1_3_6_12_s0_25,0.75,False,False,highs
milp_h12,24,102.85920799523592,161.4375,58.57829200476408,2,241,0.0,16.395123600115767,56.92751250040197,-0.15923168994486048,6,0.25,0_75_p6_h1_3_6_12_s0_25,0.75,False,False,highs
milp_h12,25,80.75142695009708,161.4375,80.68607304990292,4,244,0.9992584019525531,14.237498099624645,49.43575729036335,-22.267012735083696,6,0.25,0_75_p6_h1_3_6_12_s0_25,0.75,False,False,highs
milp_h12,26,101.47973971813917,161.4375,59.95776028186083,3,213,0.9877679002940774,15.863146700139623,55.08037048659591,-1.5386999670416088,6,0.25,0_75_p6_h1_3_6_12_s0_25,0.75,False,False,highs
milp_h12,27,123.04827006161213,161.4375,38.38922993838787,6,256,0.9996840162233193,14.881277699838392,51.671103124438865,20.02983037643135,6,0.25,0_75_p6_h1_3_6_12_s0_25,0.75,False,False,highs
milp_h12,28,93.86773516237736,160.875,67.00726483762264,6,251,0.9600707777050418,14.176602500403533,49.22431423751227,-9.150704522803423,6,0.25,0_75_p6_h1_3_6_12_s0_25,0.75,False,False,highs
milp_h12,29,98.95533773303032,160.3125,61.35716226696968,5,239,0.9998015789174329,15.435909399704542,53.59690763786299,-4.063101952150461,6,0.25,0_75_p6_h1_3_6_12_s0_25,0.75,False,False,highs
equal_share,0,103.4259362908609,161.38105380535126,57.95511751449035,7,223,0.8161183672460744,0.0027294002065900713,0.00947708405065997,0.407496605680123,6,0.25,0_75_p6_h1_3_6_12_s0_25,0.75,False,False,highs
equal_share,1,90.7541744133502,139.11256543064638,48.35839101729619,8,221,0.9973113340558801,0.0027516995032783598,0.00955451216416097,-12.264265271830581,6,0.25,0_75_p6_h1_3_6_12_s0_25,0.75,False,False,highs
equal_share,2,81.352800628937,122.63376849889755,41.28096786996055,3,235,0.0,0.0026889000728260726,0.009336458586201642,-21.665639056243776,6,0.25,0_75_p6_h1_3_6_12_s0_25,0.75,False,False,highs
equal_share,3,100.4913934463761,156.85126466158766,56.35987121521158,7,223,0.7943715930246343,0.0026923999830614775,0.009348611052296797,-2.5270462388046866,6,0.25,0_75_p6_h1_3_6_12_s0_25,0.75,False,False,highs
equal_share,4,99.84293751952805,161.41071938279447,61.567781863266426,5,231,0.9970106114024948,0.002796999935526401,0.009711805331688892,-3.1755021656527305,6,0.25,0_75_p6_h1_3_6_12_s0_25,0.75,False,False,highs
equal_share,5,86.14941643924044,129.64595114284202,43.49653470360158,5,246,0.6881397274532546,0.00267180020455271,0.0092770840435858,-16.86902324594034,6,0.25,0_75_p6_h1_3_6_12_s0_25,0.75,False,False,highs
equal_share,6,100.90322708167565,160.7277401983738,59.82451311669814,5,271,0.9977995026998832,0.0026359998155385256,0.009152777137286548,-2.115212603505128,6,0.25,0_75_p6_h1_3_6_12_s0_25,0.75,False,False,highs
equal_share,7,98.88627594895229,136.53944498752514,37.65316903857286,6,218,0.9957161534578418,0.0026542999548837543,0.009216319287790813,-4.132163736228492,6,0.25,0_75_p6_h1_3_6_12_s0_25,0.75,False,False,highs
equal_share,8,94.03645735396253,140.39895755229549,46.36250019833296,8,235,0.7678941163416407,0.002670699846930802,0.009273263357398618,-8.981982331218248,6,0.25,0_75_p6_h1_3_6_12_s0_25,0.75,False,False,highs
equal_share,9,90.36530392155353,154.88626534724438,64.52096142569084,11,253,0.7309812831902691,0.0027762004756368697,0.009639584984850243,-12.653135763627247,6,0.25,0_75_p6_h1_3_6_12_s0_25,0.75,False,False,highs
equal_share,10,74.4748622653069,139.87019865085887,65.39533638555197,6,229,0.8047197458642789,0.0032022997038438916,0.011119096193902401,-28.543577419873884,6,0.25,0_75_p6_h1_3_6_12_s0_25,0.75,False,False,highs
equal_share,11,93.07631539323258,146.32173500955105,53.24541961631847,7,204,0.8725900224191776,0.0026734998100437224,0.009282985451540703,-9.942124291948204,6,0.25,0_75_p6_h1_3_6_12_s0_25,0.75,False,False,highs
equal_share,12,93.73933069800515,146.25645379799818,52.517123099993036,11,236,0.6023435636960737,0.0027345998387318105,0.009495138328929897,-9.279108987175633,6,0.25,0_75_p6_h1_3_6_12_s0_25,0.75,False,False,highs
equal_share,13,87.15496261582699,134.908909226954,47.753946611127006,3,222,0.5389411694187132,0.0026748002565000206,0.00928750089062507,-15.863477069353792,6,0.25,0_75_p6_h1_3_6_12_s0_25,0.75,False,False,highs
equal_share,14,99.99851726286883,159.22927103340626,59.23075377053743,5,248,0.9978510979328935,0.002796199987642467,0.009709027734869678,-3.01992242231195,6,0.25,0_75_p6_h1_3_6_12_s0_25,0.75,False,False,highs
equal_share,15,78.68812232369648,118.16083269417285,39.47271037047638,6,221,0.08757434560409307,0.0027734001050703228,0.00962986147593862,-24.330317361484305,6,0.25,0_75_p6_h1_3_6_12_s0_25,0.75,False,False,highs
equal_share,16,98.5472834973977,157.67445140685626,59.12716790945856,4,228,0.6907724593211807,0.0026604998274706304,0.009237846623161912,-4.47115618778308,6,0.25,0_75_p6_h1_3_6_12_s0_25,0.75,False,False,highs
equal_share,17,87.82839787620344,150.92258720176437,63.09418932556094,6,232,0.816066455635768,0.0027045999304391444,0.009390971980691474,-15.190041808977341,6,0.25,0_75_p6_h1_3_6_12_s0_25,0.75,False,False,highs
equal_share,18,103.18355575927545,136.14092651845104,32.95737075917559,6,234,0.9279608901782526,0.0026570999471005052,0.009226041482987866,0.16511607409466933,6,0.25,0_75_p6_h1_3_6_12_s0_25,0.75,False,False,highs
equal_share,19,97.04023704617444,154.55192557275296,57.51168852657853,7,197,0.865065787854774,0.0026339001778978854,0.009145486728812102,-5.978202639006341,6,0.25,0_75_p6_h1_3_6_12_s0_25,0.75,False,False,highs
equal_share,20,99.0433255975945,137.43723108172418,38.39390548412967,6,239,0.9972666865780995,0.0026617998082656413,0.009242360445366811,-3.9751140875862774,6,0.25,0_75_p6_h1_3_6_12_s0_25,0.75,False,False,highs
equal_share,21,82.6813236059228,144.75461001979852,62.07328641387572,8,234,0.9980706775425037,0.002642399980686605,0.0091749999329396,-20.33711607925798,6,0.25,0_75_p6_h1_3_6_12_s0_25,0.75,False,False,highs
equal_share,22,105.37917891897655,146.60801264941693,41.228833730440385,6,240,0.9970402878712503,0.0028376001573633403,0.009852778324178265,2.360739233795769,6,0.25,0_75_p6_h1_3_6_12_s0_25,0.75,False,False,highs
equal_share,23,96.80901444419271,145.8963082907249,49.087293846532184,6,241,0.7303915061704592,0.002727200015215203,0.009469444497275012,-6.209425240988068,6,0.25,0_75_p6_h1_3_6_12_s0_25,0.75,False,False,highs
equal_share,24,94.6286947720044,147.98808011276554,53.35938534076114,6,237,0.9960450802199018,0.0026771000120788813,0.00929548615305167,-8.389744913176386,6,0.25,0_75_p6_h1_3_6_12_s0_25,0.75,False,False,highs
equal_share,25,64.09428760299606,128.14202812314034,64.04774052014427,1,247,0.0,0.002819199813529849,0.009788888241423087,-38.92415208218472,6,0.25,0_75_p6_h1_3_6_12_s0_25,0.75,False,False,highs
equal_share,26,92.1634460184308,146.70546827316284,54.54202225473203,9,207,0.5547862658879353,0.0027466000174172223,0.009536805616032021,-10.854993666749976,6,0.25,0_75_p6_h1_3_6_12_s0_25,0.75,False,False,highs
equal_share,27,100.32354013565543,131.4728829222514,31.149342786595952,8,254,0.8038190740110487,0.002762800024356693,0.009593055640127406,-2.6948995495253456,6,0.25,0_75_p6_h1_3_6_12_s0_25,0.75,False,False,highs
equal_share,28,78.21133271634139,134.09417682625065,55.88284410990926,6,251,0.9302821602026049,0.0026873996830545366,0.009331248899494918,-24.807106968839392,6,0.25,0_75_p6_h1_3_6_12_s0_25,0.75,False,False,highs
equal_share,29,92.26792376095909,149.42432655420373,57.15640279324464,5,239,0.9967083603526055,0.0026823998196050525,0.009313888262517543,-10.750515924221688,6,0.25,0_75_p6_h1_3_6_12_s0_25,0.75,False,False,highs
max_charge,0,103.46149510145185,161.43749999999997,57.97600489854812,7,223,0.8161183672460744,0.0015768000157549977,0.005475000054704853,0.44305541627106493,6,0.25,0_75_p6_h1_3_6_12_s0_25,0.75,False,False,highs
max_charge,1,104.8271546065807,160.87499999999997,56.04784539341926,11,218,0.9985434251181425,0.0011539999104570597,0.004006944133531458,1.8087149213999254,6,0.25,0_75_p6_h1_3_6_12_s0_25,0.75,False,False,highs
max_charge,2,107.01389957964417,161.43749999999997,54.42360042035579,7,231,0.9992725930196658,0.0010726001346483827,0.003724306023084662,3.9954598944633943,6,0.25,0_75_p6_h1_3_6_12_s0_25,0.75,False,False,highs
max_charge,3,103.30197031795976,160.87499999999997,57.57302968204021,9,221,0.8354221968251165,0.0010770000226330012,0.0037395834119201433,0.2835306327789766,6,0.25,0_75_p6_h1_3_6_12_s0_25,0.75,False,False,highs
max_charge,4,99.85825496166942,161.43749999999997,61.57924503833055,5,231,0.9970106114024948,0.0010943000670522451,0.0037996530105980733,-3.160184723511364,6,0.25,0_75_p6_h1_3_6_12_s0_25,0.75,False,False,highs
max_charge,5,105.94712971150872,159.74999999999997,53.80287028849124,10,241,0.8124503169558691,0.0010796999849844724,0.003748958281196085,2.928690026327942,6,0.25,0_75_p6_h1_3_6_12_s0_25,0.75,False,False,highs
max_charge,6,100.99547959864137,160.87499999999997,59.8795204013586,5,271,0.9977995026998832,0.001070800208253786,0.003718056278658979,-2.0229600865394133,6,0.25,0_75_p6_h1_3_6_12_s0_25,0.75,False,False,highs
max_charge,7,116.08566733449695,160.31249999999997,44.22683266550302,9,215,0.997485630263872,0.0012433999800123274,0.0043173610417094705,13.067227649316166,6,0.25,0_75_p6_h1_3_6_12_s0_25,0.75,False,False,highs
max_charge,8,107.76818914711473,160.87499999999997,53.10681085288524,11,232,0.749101834892779,0.0013346999476198107,0.004634374818124343,4.749749461933945,6,0.25,0_75_p6_h1_3_6_12_s0_25,0.75,False,False,highs
max_charge,9,93.6063600629568,160.87499999999997,67.26863993704318,12,252,0.7309812831902691,0.0014906998258084059,0.005176041061834742,-9.412079622223985,6,0.25,0_75_p6_h1_3_6_12_s0_25,0.75,False,False,highs
max_charge,10,85.98357054591177,161.43749999999997,75.4539294540882,9,226,0.8392860582427246,0.001502899918705225,0.0052184024955042535,-17.034869139269006,6,0.25,0_75_p6_h1_3_6_12_s0_25,0.75,False,False,highs
max_charge,11,102.70145959407088,161.43749999999997,58.73604040592908,10,201,0.860341435862982,0.0011497000232338905,0.00399201396956212,-0.31698009110989744,6,0.25,0_75_p6_h1_3_6_12_s0_25,0.75,False,False,highs
max_charge,12,103.15416002646086,161.43749999999997,58.28333997353911,12,235,0.6817957929113617,0.0011661000025924295,0.004048958342334825,0.13572034128007715,6,0.25,0_75_p6_h1_3_6_12_s0_25,0.75,False,False,highs
max_charge,13,104.00849186629054,161.43749999999997,57.429008133709424,7,218,0.6925234992657799,0.0012465999170672148,0.004328471934261163,0.9900521811097605,6,0.25,0_75_p6_h1_3_6_12_s0_25,0.75,False,False,highs
max_charge,14,101.41740008443591,161.43749999999997,60.02009991556405,6,247,0.9982143152914646,0.001254400092875585,0.004355555878040225,-1.601039600744869,6,0.25,0_75_p6_h1_3_6_12_s0_25,0.75,False,False,highs
max_charge,15,105.95441970974204,160.87499999999997,54.920580290257924,11,216,0.558632152016232,0.0011293998977635056,0.00392152742278995,2.9359800245612604,6,0.25,0_75_p6_h1_3_6_12_s0_25,0.75,False,False,highs
max_charge,16,100.79428475350139,161.43749999999997,60.64321524649858,6,226,0.7679877702714761,0.0013952998269814998,0.004844791065907985,-2.2241549316793936,6,0.25,0_75_p6_h1_3_6_12_s0_25,0.75,False,False,highs
max_charge,17,92.84937742352484,160.31249999999997,67.46312257647513,8,230,0.816066455635768,0.001412299956427887,0.004903819293152385,-10.169062261655938,6,0.25,0_75_p6_h1_3_6_12_s0_25,0.75,False,False,highs
max_charge,18,121.58215469866988,160.87499999999997,39.29284530133008,9,231,0.9517991347929492,0.001264099992113188,0.0043892360837263465,18.5637150134891,6,0.25,0_75_p6_h1_3_6_12_s0_25,0.75,False,False,highs
max_charge,19,100.51328241080043,160.31249999999997,59.799217589199536,8,196,0.881920897857664,0.0011841003433801234,0.004111459525625428,-2.505157274380352,6,0.25,0_75_p6_h1_3_6_12_s0_25,0.75,False,False,highs
max_charge,20,115.1587201952934,159.74999999999997,44.591279804706566,9,236,0.9972666865780995,0.001662800001213327,0.005773611115324052,12.140280510112618,6,0.25,0_75_p6_h1_3_6_12_s0_25,0.75,False,False,highs
max_charge,21,91.02534808963536,159.18749999999997,68.16215191036461,10,232,0.9980706775425037,0.0011454001651145518,0.003977083906647749,-11.993091595545422,6,0.25,0_75_p6_h1_3_6_12_s0_25,0.75,False,False,highs
max_charge,22,115.80730544775722,161.43749999999997,45.63019455224275,8,238,0.9970402878712503,0.0012329001328907907,0.004280903239204135,12.788865762576435,6,0.25,0_75_p6_h1_3_6_12_s0_25,0.75,False,False,highs
max_charge,23,105.77589766681191,160.31249999999997,54.53660233318805,10,237,0.7303915061704592,0.0013914000301156193,0.004831250104568123,2.757457981631134,6,0.25,0_75_p6_h1_3_6_12_s0_25,0.75,False,False,highs
max_charge,24,102.85920799523589,161.43749999999997,58.57829200476407,8,235,0.9960450802199018,0.0011867999855894595,0.004120833283296734,-0.1592316899448889,6,0.25,0_75_p6_h1_3_6_12_s0_25,0.75,False,False,highs
max_charge,25,80.75142695009707,161.43749999999997,80.6860730499029,5,243,0.9996695076715869,0.001237599877640605,0.004297221797363211,-22.26701273508371,6,0.25,0_75_p6_h1_3_6_12_s0_25,0.75,False,False,highs
max_charge,26,101.47973971813914,161.43749999999997,59.95776028186082,12,204,0.5547862658879353,0.001179700018838048,0.0040961806209654445,-1.5386999670416373,6,0.25,0_75_p6_h1_3_6_12_s0_25,0.75,False,False,highs
max_charge,27,123.0482700616121,161.43749999999997,38.389229938387864,11,251,0.8821191641104866,0.0011968997423537076,0.004155901883172596,20.02983037643132,6,0.25,0_75_p6_h1_3_6_12_s0_25,0.75,False,False,highs
max_charge,28,93.86773516237734,160.87499999999997,67.00726483762263,9,248,0.9302821602026049,0.0013459999463520944,0.004673610924833661,-9.150704522803437,6,0.25,0_75_p6_h1_3_6_12_s0_25,0.75,False,False,highs
max_charge,29,98.95533773303029,160.31249999999997,61.357162266969674,6,238,0.9967083603526055,0.001568499836139381,0.005446179986595073,-4.06310195215049,6,0.25,0_75_p6_h1_3_6_12_s0_25,0.75,False,False,highs
random,0,102.87917285609986,160.52139964844002,57.64222679234017,5,225,0.5390105776172329,0.014122999855317175,0.049038193942073524,-0.13926682908092403,6,0.25,0_75_p6_h1_3_6_12_s0_25,0.75,False,False,highs
random,1,104.57162687237798,160.4710333853063,55.89940651292832,9,220,0.8670929696420522,0.014296299865236506,0.04963993008762676,1.5531871871971958,6,0.25,0_75_p6_h1_3_6_12_s0_25,0.75,False,False,highs
random,2,106.85909329961677,161.20343679309212,54.34434349347536,9,229,0.996464667103321,0.013889299880247563,0.048226735695304036,3.8406536144359933,6,0.25,0_75_p6_h1_3_6_12_s0_25,0.75,False,False,highs
random,3,102.8414539393185,160.16100636165643,57.319552422337935,7,223,0.9953300568438196,0.01399400009540841,0.04859027810905698,-0.17698574586228233,6,0.25,0_75_p6_h1_3_6_12_s0_25,0.75,False,False,highs
random,4,99.8199522242059,161.37721237602403,61.55726015181812,3,233,0.9985204081736678,0.014213499787729234,0.04935242981850428,-3.1984874609748744,6,0.25,0_75_p6_h1_3_6_12_s0_25,0.75,False,False,highs
random,5,105.59559751403646,159.19782050747517,53.602222993438716,8,243,0.7533195552509852,0.012719899852527305,0.04416631893238648,2.5771578288556753,6,0.25,0_75_p6_h1_3_6_12_s0_25,0.75,False,False,highs
random,6,100.08449584321768,159.4487353435145,59.36423950029682,6,270,0.9971632531707996,0.011060899996664375,0.038405902766195744,-2.9339438419630994,6,0.25,0_75_p6_h1_3_6_12_s0_25,0.75,False,False,highs
random,7,115.93055423597275,160.0816448746307,44.151090638657955,4,220,0.9973253063823425,0.010886400064919144,0.037800000225413695,12.91211455079197,6,0.25,0_75_p6_h1_3_6_12_s0_25,0.75,False,False,highs
random,8,107.15745569258142,159.90640180206066,52.748946109479235,4,239,0.9970758202604969,0.010861200076760724,0.037712500266530294,4.139016007400642,6,0.25,0_75_p6_h1_3_6_12_s0_25,0.75,False,False,highs
random,9,93.46730129235102,160.6506634096049,67.18336211725388,11,254,0.6612134298495959,0.011158099747262895,0.03874340190021838,-9.551138392829756,6,0.25,0_75_p6_h1_3_6_12_s0_25,0.75,False,False,highs
random,10,85.7300449319903,161.00218816595088,75.27214323396058,9,226,0.9021094325851317,0.010827299789525568,0.03759479093585267,-17.288394753190474,6,0.25,0_75_p6_h1_3_6_12_s0_25,0.75,False,False,highs
random,11,102.09814872335525,160.4559747126182,58.35782598926295,9,202,0.8355816254785171,0.010991600021952763,0.03816527785400265,-0.920290961825529,6,0.25,0_75_p6_h1_3_6_12_s0_25,0.75,False,False,highs
random,12,102.52919634470283,160.52009070203857,57.99089435733574,8,239,0.46673953257907597,0.010742100013885647,0.037298958381547384,-0.48924334047795526,6,0.25,0_75_p6_h1_3_6_12_s0_25,0.75,False,False,highs
random,13,103.85308708875175,161.19217051742393,57.33908342867218,5,220,0.7671856245663718,0.010823099786648527,0.037580207592529606,0.834647403570969,6,0.25,0_75_p6_h1_3_6_12_s0_25,0.75,False,False,highs
random,14,101.21899036438347,161.12474823945323,59.905757875069746,1,252,0.0,0.011173499893629923,0.03879687463065946,-1.799449320797308,6,0.25,0_75_p6_h1_3_6_12_s0_25,0.75,False,False,highs
random,15,105.95441970974207,160.875,54.92058029025793,8,219,0.9976454396659392,0.010737900156527758,0.03728437554349916,2.935980024561289,6,0.25,0_75_p6_h1_3_6_12_s0_25,0.75,False,False,highs
random,16,100.79428475350142,161.4375,60.643215246498585,1,231,0.9983188411102804,0.010986000124830753,0.03814583376677345,-2.224154931679365,6,0.25,0_75_p6_h1_3_6_12_s0_25,0.75,False,False,highs
random,17,91.98024143407517,158.9447009816902,66.96445954761504,7,231,0.7092542445995126,0.011469099874375388,0.03982326345269232,-11.038198251105612,6,0.25,0_75_p6_h1_3_6_12_s0_25,0.75,False,False,highs
random,18,120.80737183300872,159.86775945087265,39.060387617863945,5,235,0.9127801201035203,0.011010300047928467,0.038230208499751624,17.788932147827936,6,0.25,0_75_p6_h1_3_6_12_s0_25,0.75,False,False,highs
random,19,100.15452064327206,159.73823614856366,59.5837155052916,3,201,0.5286226869662534,0.011158399836858734,0.03874444387798172,-2.8639190419087157,6,0.25,0_75_p6_h1_3_6_12_s0_25,0.75,False,False,highs
random,20,114.5506496525863,158.8738008374555,44.32315118486919,5,240,0.9996134152377657,0.010790700180223212,0.03746770895910837,11.532209967405521,6,0.25,0_75_p6_h1_3_6_12_s0_25,0.75,False,False,highs
random,21,90.92036987680163,159.01056645537963,68.090196578578,5,237,0.9970741357622883,0.010920100234216079,0.037917014702139165,-12.098069808379151,6,0.25,0_75_p6_h1_3_6_12_s0_25,0.75,False,False,highs
random,22,115.70377518592554,161.27650540279507,45.57273021686952,6,240,0.9963270800219748,0.01127449976047501,0.03914756861276045,12.685335500744756,6,0.25,0_75_p6_h1_3_6_12_s0_25,0.75,False,False,highs
random,23,105.77589766681194,160.3125,54.53660233318806,9,238,0.7280430678701652,0.010996700235409662,0.038182986928505774,2.7574579816311626,6,0.25,0_75_p6_h1_3_6_12_s0_25,0.75,False,False,highs
random,24,102.38843762862757,160.69727952502092,58.30884189639335,7,236,0.9979199946727301,0.01095510006416589,0.0380385418894649,-0.6300020565532094,6,0.25,0_75_p6_h1_3_6_12_s0_25,0.75,False,False,highs
random,25,80.51323926770456,161.0019501633763,80.48871089567174,5,243,0.9999997663238261,0.01124620030168444,0.03904930660307097,-22.505200417476217,6,0.25,0_75_p6_h1_3_6_12_s0_25,0.75,False,False,highs
random,26,101.20723466025385,161.0167943716828,59.80955971142897,6,210,0.9979919848833732,0.011207399773411453,0.038914582546567544,-1.8112050249269345,6,0.25,0_75_p6_h1_3_6_12_s0_25,0.75,False,False,highs
random,27,122.87613960106542,161.21295076582112,38.3368111647557,8,255,0.699791933500742,0.011072600114857778,0.03844652817658951,19.857699915884638,6,0.25,0_75_p6_h1_3_6_12_s0_25,0.75,False,False,highs
random,28,93.2939111699792,159.91813762390808,66.62422645392888,7,250,0.9501840222711412,0.011140599992359057,0.038682638862357836,-9.724528515201584,6,0.25,0_75_p6_h1_3_6_12_s0_25,0.75,False,False,highs
random,29,98.69461463520682,159.90066722136476,61.206052586157945,7,237,0.8017561900936073,0.01086869981372729,0.03773854101988642,-4.323825049973962,6,0.25,0_75_p6_h1_3_6_12_s0_25,0.75,False,False,highs
milp_h1,0,206.50981553395582,322.2249999999999,115.71518446604408,6,218,0.6933838100274543,5.03936229966348,17.49778576272042,0.9048211539453632,12,0.25,0_75_p12_h1_3_6_12_s0_25,0.75,False,False,highs
milp_h1,1,209.44873154759398,321.4249999999999,111.9762684524059,8,215,0.8482551019448032,5.0434146997577045,17.51185659638092,3.8437371675835266,12,0.25,0_75_p12_h1_3_6_12_s0_25,0.75,False,False,highs
milp_h1,2,213.81284849842382,322.5499999999999,108.73715150157608,7,225,0.999775697488983,5.1462471003469545,17.86891354287137,8.207854118413366,12,0.25,0_75_p12_h1_3_6_12_s0_25,0.75,False,False,highs
milp_h1,3,206.18469930092488,321.0999999999999,114.91530069907503,4,220,0.5457977557141177,5.391484999796376,18.72043402707075,0.5797049209144234,12,0.25,0_75_p12_h1_3_6_12_s0_25,0.75,False,False,highs
milp_h1,4,199.71650992333886,322.87499999999994,123.15849007666108,14,216,0.9374240138212189,5.19415349981864,18.03525520770361,-5.888484456671591,12,0.25,0_75_p12_h1_3_6_12_s0_25,0.75,False,False,highs
milp_h1,5,211.68735575179252,319.1749999999999,107.48764424820737,14,231,0.5430338804807564,5.112448000145378,17.75155555606034,6.082361371782071,12,0.25,0_75_p12_h1_3_6_12_s0_25,0.75,False,False,highs
milp_h1,6,200.95303920408088,320.12499999999994,119.17196079591908,7,263,0.9979277973522226,4.959924399649026,17.22195972100356,-4.651955175929572,12,0.25,0_75_p12_h1_3_6_12_s0_25,0.75,False,False,highs
milp_h1,7,232.17133466899386,320.6249999999999,88.45366533100602,4,214,0.1776572858469965,5.322498699679272,18.480898262775252,26.56634028898341,12,0.25,0_75_p12_h1_3_6_12_s0_25,0.75,False,False,highs
milp_h1,8,214.7166849553584,320.4499999999999,105.73331504464147,5,233,0.5366348323396387,6.602344600134529,22.924807639356004,9.11169057534795,12,0.25,0_75_p12_h1_3_6_12_s0_25,0.75,False,False,highs
milp_h1,9,187.01126346488786,321.4249999999999,134.41373653511204,6,252,0.3971716463013611,5.532476700056577,19.209988541863115,-18.593730915122592,12,0.25,0_75_p12_h1_3_6_12_s0_25,0.75,False,False,highs
milp_h1,10,171.58858108917866,322.2249999999999,150.63641891082125,3,226,0.0,5.746882899838965,19.95445451332974,-34.01641329083179,12,0.25,0_75_p12_h1_3_6_12_s0_25,0.75,False,False,highs
milp_h1,11,204.00455253521596,320.5999999999999,116.59544746478396,7,198,0.8481113684317817,5.363714599865489,18.624009027310723,-1.6004418447944886,12,0.25,0_75_p12_h1_3_6_12_s0_25,0.75,False,False,highs
milp_h1,12,205.64412404894824,321.8999999999999,116.25587595105169,6,235,0.07338610394451599,5.128622899996117,17.807718402764294,0.039129668937789575,12,0.25,0_75_p12_h1_3_6_12_s0_25,0.75,False,False,highs
milp_h1,13,207.8111114005247,322.5499999999999,114.73888859947519,6,213,0.7981658896154558,5.322328599984758,18.480307638835964,2.206117020514256,12,0.25,0_75_p12_h1_3_6_12_s0_25,0.75,False,False,highs
milp_h1,14,202.6286201655864,322.5499999999999,119.9213798344135,3,244,0.9964065961699209,5.3012245997961145,18.407029860403174,-2.9763742144240553,12,0.25,0_75_p12_h1_3_6_12_s0_25,0.75,False,False,highs
milp_h1,15,211.90883941948405,321.7499999999999,109.84116058051583,7,214,0.49370150769642246,5.348281000187853,18.570420139541156,6.3038450394736,12,0.25,0_75_p12_h1_3_6_12_s0_25,0.75,False,False,highs
milp_h1,16,201.17241351107748,322.2249999999999,121.05258648892242,6,220,0.9972934234424603,5.654599599569337,19.634026387393533,-4.432580868932973,12,0.25,0_75_p12_h1_3_6_12_s0_25,0.75,False,False,highs
milp_h1,17,184.0466454784075,318.0249999999999,133.97835452159242,5,227,0.7752759403502306,4.8085810000193305,16.696461805622675,-21.558348901602955,12,0.25,0_75_p12_h1_3_6_12_s0_25,0.75,False,False,highs
milp_h1,18,242.4143263921141,320.7749999999999,78.36067360788581,6,228,0.9990282580200285,4.933682399714598,17.13084166567569,36.80933201210365,12,0.25,0_75_p12_h1_3_6_12_s0_25,0.75,False,False,highs
milp_h1,19,200.0113731622695,318.9999999999999,118.98862683773038,6,192,0.8425571964811077,4.968135700240964,17.250471181392236,-5.593621217740946,12,0.25,0_75_p12_h1_3_6_12_s0_25,0.75,False,False,highs
milp_h1,20,229.64080338329072,318.5249999999999,88.8841966167092,6,233,0.9995554279159544,4.788897000224097,16.628114584111447,24.035809003280264,12,0.25,0_75_p12_h1_3_6_12_s0_25,0.75,False,False,highs
milp_h1,21,182.05069617927072,318.37499999999994,136.32430382072923,6,230,0.07265454532651279,5.1327523000654764,17.82205659744957,-23.554298200739737,12,0.25,0_75_p12_h1_3_6_12_s0_25,0.75,False,False,highs
milp_h1,22,231.61461089551446,322.87499999999994,91.26038910448548,12,230,0.8992687186746358,4.944600199960405,17.16875069430696,26.009616515504007,12,0.25,0_75_p12_h1_3_6_12_s0_25,0.75,False,False,highs
milp_h1,23,211.5517953336238,320.6249999999999,109.07320466637609,5,236,0.6679289050791294,4.998299300175859,17.3552059033884,5.946800953613348,12,0.25,0_75_p12_h1_3_6_12_s0_25,0.75,False,False,highs
milp_h1,24,205.09832897186274,321.8999999999999,116.80167102813718,8,229,0.9961902777515442,5.557249200181104,19.2960041672955,-0.5066654081477111,12,0.25,0_75_p12_h1_3_6_12_s0_25,0.75,False,False,highs
milp_h1,25,161.32512223720545,322.5499999999999,161.22487776279445,5,237,0.9971686084463669,5.4810015999828465,19.031255555495996,-44.279872142805004,12,0.25,0_75_p12_h1_3_6_12_s0_25,0.75,False,False,highs
milp_h1,26,202.53845277130597,322.2249999999999,119.68654722869394,5,205,1.0,5.1736711001140065,17.964135764284745,-3.0665416087044832,12,0.25,0_75_p12_h1_3_6_12_s0_25,0.75,False,False,highs
milp_h1,27,245.84740812381102,322.5499999999999,76.70259187618889,4,252,0.9975195541235962,4.926222599868197,17.104939582875684,40.24241374380057,12,0.25,0_75_p12_h1_3_6_12_s0_25,0.75,False,False,highs
milp_h1,28,187.54056998987986,321.4249999999999,133.88443001012004,5,246,0.9996539561354401,4.9205380000930745,17.085201389212063,-18.064424390130597,12,0.25,0_75_p12_h1_3_6_12_s0_25,0.75,False,False,highs
milp_h1,29,197.49917346239084,319.9749999999999,122.47582653760907,5,233,0.0,5.079562999744667,17.637371526891204,-8.10582091761961,12,0.25,0_75_p12_h1_3_6_12_s0_25,0.75,False,False,highs
milp_h3,0,206.50981553395582,322.2249999999999,115.71518446604408,8,216,0.8158552973602836,13.037574900081381,45.26935729194924,0.9048211539453632,12,0.25,0_75_p12_h1_3_6_12_s0_25,0.75,False,False,highs
milp_h3,1,209.44873154759404,321.42499999999995,111.9762684524059,8,215,0.9970263653140015,14.324636800040025,49.7383222223612,3.8437371675835834,12,0.25,0_75_p12_h1_3_6_12_s0_25,0.75,False,False,highs
milp_h3,2,213.81284849842388,322.54999999999995,108.73715150157608,8,224,0.8214274607084411,15.069578299910063,52.3249246524655,8.207854118413422,12,0.25,0_75_p12_h1_3_6_12_s0_25,0.75,False,False,highs
milp_h3,3,206.18469930092488,321.0999999999999,114.91530069907503,10,214,0.5733111001634872,14.830464600090636,51.49466875031471,0.5797049209144234,12,0.25,0_75_p12_h1_3_6_12_s0_25,0.75,False,False,highs
milp_h3,4,199.71650992333886,322.87499999999994,123.15849007666108,6,224,0.9338276176594403,14.639525599835906,50.83168611054134,-5.888484456671591,12,0.25,0_75_p12_h1_3_6_12_s0_25,0.75,False,False,highs
milp_h3,5,211.68735575179255,319.17499999999995,107.48764424820739,13,232,0.5946498882971648,13.995531000284245,48.595593750986964,6.082361371782099,12,0.25,0_75_p12_h1_3_6_12_s0_25,0.75,False,False,highs
milp_h3,6,200.95303920408088,320.12499999999994,119.17196079591908,7,263,0.9941025993947572,13.178900100261671,45.76006979257525,-4.651955175929572,12,0.25,0_75_p12_h1_3_6_12_s0_25,0.75,False,False,highs
milp_h3,7,232.1713346689939,320.62499999999994,88.45366533100604,10,208,0.5848108714743092,14.056207999936305,48.806277777556616,26.56634028898344,12,0.25,0_75_p12_h1_3_6_12_s0_25,0.75,False,False,highs
milp_h3,8,214.71668495535846,320.44999999999993,105.73331504464147,7,230,0.6903935434096636,12.546083500317764,43.5627899316589,9.111690575348007,12,0.25,0_75_p12_h1_3_6_12_s0_25,0.75,False,False,highs
milp_h3,9,187.01126346488792,321.42499999999995,134.41373653511204,9,249,0.6374001812650183,14.336388800438726,49.779127779301135,-18.593730915122535,12,0.25,0_75_p12_h1_3_6_12_s0_25,0.75,False,False,highs
milp_h3,10,171.58858108917872,322.22499999999997,150.63641891082125,7,222,0.9961911547698303,14.93440619984176,51.85557708278389,-34.016413290831736,12,0.25,0_75_p12_h1_3_6_12_s0_25,0.75,False,False,highs
milp_h3,11,204.00455253521602,320.59999999999997,116.59544746478396,9,196,0.7464915643913462,13.958313100039959,48.466364930694304,-1.6004418447944317,12,0.25,0_75_p12_h1_3_6_12_s0_25,0.75,False,False,highs
milp_h3,12,205.64412404894824,321.8999999999999,116.25587595105169,11,230,0.4935649819273431,14.164426400209777,49.1820361118395,0.039129668937789575,12,0.25,0_75_p12_h1_3_6_12_s0_25,0.75,False,False,highs
milp_h3,13,207.81111140052474,322.54999999999995,114.7388885994752,7,212,0.6664147601226083,13.3729367996566,46.43380833214097,2.2061170205142844,12,0.25,0_75_p12_h1_3_6_12_s0_25,0.75,False,False,highs
milp_h3,14,202.62862016558645,322.54999999999995,119.9213798344135,3,244,0.9950453899942596,11.67233760029194,40.528950001013676,-2.9763742144239984,12,0.25,0_75_p12_h1_3_6_12_s0_25,0.75,False,False,highs
milp_h3,15,211.90883941948408,321.74999999999994,109.84116058051585,13,208,0.5197660691127841,12.541162199806422,43.54570208266119,6.303845039473629,12,0.25,0_75_p12_h1_3_6_12_s0_25,0.75,False,False,highs
milp_h3,16,201.17241351107748,322.2249999999999,121.05258648892242,6,220,0.9966092060071237,13.404919799708296,46.5448604156538,-4.432580868932973,12,0.25,0_75_p12_h1_3_6_12_s0_25,0.75,False,False,highs
milp_h3,17,184.0466454784075,318.0249999999999,133.97835452159242,8,224,0.7743155988703327,13.212463200412458,45.87660833476548,-21.558348901602955,12,0.25,0_75_p12_h1_3_6_12_s0_25,0.75,False,False,highs
milp_h3,18,242.4143263921141,320.7749999999999,78.36067360788581,8,226,0.9987954158336331,14.71103810009663,51.0799934031133,36.80933201210365,12,0.25,0_75_p12_h1_3_6_12_s0_25,0.75,False,False,highs
milp_h3,19,200.01137316226956,318.99999999999994,118.98862683773038,9,189,0.763488762494139,13.537301399977878,47.004518749923186,-5.593621217740889,12,0.25,0_75_p12_h1_3_6_12_s0_25,0.75,False,False,highs
milp_h3,20,229.6408033832907,318.5249999999999,88.88419661670922,9,230,0.9952249053676802,14.851442300219787,51.56750798687426,24.035809003280235,12,0.25,0_75_p12_h1_3_6_12_s0_25,0.75,False,False,highs
milp_h3,21,182.05069617927072,318.37499999999994,136.32430382072923,8,228,0.8366647729616238,14.985454999812646,52.03282986046057,-23.554298200739737,12,0.25,0_75_p12_h1_3_6_12_s0_25,0.75,False,False,highs
milp_h3,22,231.61461089551443,322.87499999999994,91.2603891044855,8,232,0.7726608907420146,15.476573100371752,53.738101042957474,26.00961651550398,12,0.25,0_75_p12_h1_3_6_12_s0_25,0.75,False,False,highs
milp_h3,23,211.55179533362386,320.62499999999994,109.07320466637609,10,231,0.7973905118848357,13.876185399887618,48.181199305165336,5.946800953613405,12,0.25,0_75_p12_h1_3_6_12_s0_25,0.75,False,False,highs
milp_h3,24,205.09832897186274,321.8999999999999,116.80167102813718,4,233,0.9830338530379473,13.740509199822554,47.71010138827276,-0.5066654081477111,12,0.25,0_75_p12_h1_3_6_12_s0_25,0.75,False,False,highs
milp_h3,25,161.32512223720548,322.54999999999995,161.22487776279448,5,237,0.9982086740510272,14.472947300266242,50.25328923703556,-44.279872142804976,12,0.25,0_75_p12_h1_3_6_12_s0_25,0.75,False,False,highs
milp_h3,26,202.53845277130603,322.22499999999997,119.68654722869394,9,201,0.9983559203731059,14.619386299775215,50.761757985330604,-3.0665416087044264,12,0.25,0_75_p12_h1_3_6_12_s0_25,0.75,False,False,highs
milp_h3,27,245.84740812381105,322.54999999999995,76.7025918761889,9,247,0.8036801380766275,14.372742500214372,49.90535590352212,40.2424137438006,12,0.25,0_75_p12_h1_3_6_12_s0_25,0.75,False,False,highs
milp_h3,28,187.5405699898799,321.42499999999995,133.88443001012004,9,242,0.1398632945095208,14.894470299594104,51.71691076247953,-18.06442439013054,12,0.25,0_75_p12_h1_3_6_12_s0_25,0.75,False,False,highs
milp_h3,29,197.49917346239084,319.9749999999999,122.47582653760908,5,233,0.9951136800839818,15.200901299831457,52.78090729108145,-8.10582091761961,12,0.25,0_75_p12_h1_3_6_12_s0_25,0.75,False,False,highs
milp_h6,0,206.50981553395582,322.2249999999999,115.71518446604408,8,216,0.8158552973602836,21.52922089974163,74.754239235214,0.9048211539453632,12,0.25,0_75_p12_h1_3_6_12_s0_25,0.75,False,False,highs
milp_h6,1,209.44873154759404,321.42499999999995,111.9762684524059,6,217,0.9968122088840332,22.27942710008938,77.35912187531034,3.8437371675835834,12,0.25,0_75_p12_h1_3_6_12_s0_25,0.75,False,False,highs
milp_h6,2,213.81284849842388,322.54999999999995,108.73715150157608,8,224,0.8503120078380259,21.219824399915524,73.67994583304001,8.207854118413422,12,0.25,0_75_p12_h1_3_6_12_s0_25,0.75,False,False,highs
milp_h6,3,206.18469930092488,321.0999999999999,114.91530069907503,10,214,0.6434210569451009,21.368187699990813,74.19509618052365,0.5797049209144234,12,0.25,0_75_p12_h1_3_6_12_s0_25,0.75,False,False,highs
milp_h6,4,199.71650992333886,322.87499999999994,123.15849007666108,6,224,0.9338276176594403,23.51952360017458,81.66501250060618,-5.888484456671591,12,0.25,0_75_p12_h1_3_6_12_s0_25,0.75,False,False,highs
milp_h6,5,211.68735575179255,319.17499999999995,107.48764424820739,15,230,0.6518124143282543,21.559269000135828,74.85857291713829,6.082361371782099,12,0.25,0_75_p12_h1_3_6_12_s0_25,0.75,False,False,highs
milp_h6,6,200.95303920408088,320.12499999999994,119.17196079591908,7,263,0.9941025993947572,19.498473799962085,67.70303402764613,-4.651955175929572,12,0.25,0_75_p12_h1_3_6_12_s0_25,0.75,False,False,highs
milp_h6,7,232.1713346689939,320.62499999999994,88.45366533100604,10,208,0.7630136537777357,21.256819400325185,73.80840069557355,26.56634028898344,12,0.25,0_75_p12_h1_3_6_12_s0_25,0.75,False,False,highs
milp_h6,8,214.71668495535846,320.44999999999993,105.73331504464147,7,230,0.6908138522323894,18.523751800210448,64.3185826396196,9.111690575348007,12,0.25,0_75_p12_h1_3_6_12_s0_25,0.75,False,False,highs
milp_h6,9,187.01126346488792,321.42499999999995,134.41373653511204,9,249,0.6374001812650183,20.223410099948524,70.22017395815459,-18.593730915122535,12,0.25,0_75_p12_h1_3_6_12_s0_25,0.75,False,False,highs
milp_h6,10,171.58858108917872,322.22499999999997,150.63641891082125,7,222,0.9961911547698303,23.135900999914156,80.33298958303527,-34.016413290831736,12,0.25,0_75_p12_h1_3_6_12_s0_25,0.75,False,False,highs
milp_h6,11,204.00455253521602,320.59999999999997,116.59544746478396,9,196,0.7464915643913462,20.991147000226192,72.88592708411872,-1.6004418447944317,12,0.25,0_75_p12_h1_3_6_12_s0_25,0.75,False,False,highs
milp_h6,12,205.64412404894824,321.8999999999999,116.25587595105169,15,226,0.5352336855999414,21.162077600049088,73.47943611128156,0.039129668937789575,12,0.25,0_75_p12_h1_3_6_12_s0_25,0.75,False,False,highs
milp_h6,13,207.81111140052474,322.54999999999995,114.7388885994752,7,212,0.6664147601226083,18.52346680004848,64.31759305572389,2.2061170205142844,12,0.25,0_75_p12_h1_3_6_12_s0_25,0.75,False,False,highs
milp_h6,14,202.62862016558645,322.54999999999995,119.9213798344135,3,244,0.9950453899942596,18.70202760020038,64.9375958340291,-2.9763742144239984,12,0.25,0_75_p12_h1_3_6_12_s0_25,0.75,False,False,highs
milp_h6,15,211.90883941948408,321.74999999999994,109.84116058051585,13,208,0.5197660691127841,19.690105299814604,68.36842117991182,6.303845039473629,12,0.25,0_75_p12_h1_3_6_12_s0_25,0.75,False,False,highs
milp_h6,16,201.17241351107748,322.2249999999999,121.05258648892242,6,220,0.9966092060071237,19.597287500073435,68.04613715303276,-4.432580868932973,12,0.25,0_75_p12_h1_3_6_12_s0_25,0.75,False,False,highs
milp_h6,17,184.0466454784075,318.0249999999999,133.97835452159242,8,224,0.7743155988703327,18.75874599989038,65.13453472184159,-21.558348901602955,12,0.25,0_75_p12_h1_3_6_12_s0_25,0.75,False,False,highs
milp_h6,18,242.4143263921141,320.7749999999999,78.36067360788581,8,226,0.9987954158336331,23.67938780001714,82.22009652783728,36.80933201210365,12,0.25,0_75_p12_h1_3_6_12_s0_25,0.75,False,False,highs
milp_h6,19,200.01137316226956,318.99999999999994,118.98862683773038,12,186,0.8419159298414376,19.264486999687506,66.89057986002607,-5.593621217740889,12,0.25,0_75_p12_h1_3_6_12_s0_25,0.75,False,False,highs
milp_h6,20,229.6408033832907,318.5249999999999,88.88419661670922,9,230,0.9952249053676802,22.110822599905077,76.77368958300374,24.035809003280235,12,0.25,0_75_p12_h1_3_6_12_s0_25,0.75,False,False,highs
milp_h6,21,182.05069617927072,318.37499999999994,136.32430382072923,8,228,0.8366647729616238,23.19629359996179,80.54268611097844,-23.554298200739737,12,0.25,0_75_p12_h1_3_6_12_s0_25,0.75,False,False,highs
milp_h6,22,231.61461089551443,322.87499999999994,91.2603891044855,8,232,0.771858185619724,23.010004500101786,79.89584895868676,26.00961651550398,12,0.25,0_75_p12_h1_3_6_12_s0_25,0.75,False,False,highs
milp_h6,23,211.55179533362386,320.62499999999994,109.07320466637609,10,231,0.7973905118848357,20.29084049994708,70.45430729148292,5.946800953613405,12,0.25,0_75_p12_h1_3_6_12_s0_25,0.75,False,False,highs
milp_h6,24,205.09832897186274,321.8999999999999,116.80167102813718,4,233,0.9830338530379473,21.782387199869845,75.63328888843697,-0.5066654081477111,12,0.25,0_75_p12_h1_3_6_12_s0_25,0.75,False,False,highs
milp_h6,25,161.32512223720548,322.54999999999995,161.22487776279448,5,237,0.9982086740510272,22.33814239964704,77.56299444321888,-44.279872142804976,12,0.25,0_75_p12_h1_3_6_12_s0_25,0.75,False,False,highs
milp_h6,26,202.53845277130603,322.22499999999997,119.68654722869394,8,202,0.9993042906891032,23.600128499791026,81.9448906242744,-3.0665416087044264,12,0.25,0_75_p12_h1_3_6_12_s0_25,0.75,False,False,highs
milp_h6,27,245.84740812381105,322.54999999999995,76.7025918761889,9,247,0.8036801380766275,22.45427509988076,77.96623298569709,40.2424137438006,12,0.25,0_75_p12_h1_3_6_12_s0_25,0.75,False,False,highs
milp_h6,28,187.5405699898799,321.42499999999995,133.88443001012004,9,242,0.1398632945095208,21.276210499810986,73.87573090212148,-18.06442439013054,12,0.25,0_75_p12_h1_3_6_12_s0_25,0.75,False,False,highs
milp_h6,29,197.49917346239084,319.9749999999999,122.47582653760908,5,233,0.9951136800839818,21.420305700070458,74.37606145857798,-8.10582091761961,12,0.25,0_75_p12_h1_3_6_12_s0_25,0.75,False,False,highs
milp_h12,0,206.50981553395582,322.2249999999999,115.71518446604408,8,216,0.8140078782039885,34.815326299809385,120.88654965211592,0.9048211539453632,12,0.25,0_75_p12_h1_3_6_12_s0_25,0.75,False,False,highs
milp_h12,1,209.44873154759404,321.42499999999995,111.9762684524059,7,216,0.9972767316031493,40.871293900039745,141.91421493069356,3.8437371675835834,12,0.25,0_75_p12_h1_3_6_12_s0_25,0.75,False,False,highs
milp_h12,2,213.81284849842388,322.54999999999995,108.73715150157608,8,224,0.8509111569482934,35.450483300257474,123.09195590367179,8.207854118413422,12,0.25,0_75_p12_h1_3_6_12_s0_25,0.75,False,False,highs
milp_h12,3,206.18469930092488,321.0999999999999,114.91530069907503,10,214,0.6459007217300708,31.51434559977497,109.42481111032976,0.5797049209144234,12,0.25,0_75_p12_h1_3_6_12_s0_25,0.75,False,False,highs
milp_h12,4,199.71650992333886,322.87499999999994,123.15849007666108,11,219,0.8128295458876598,41.187438500113785,143.0119392365062,-5.888484456671591,12,0.25,0_75_p12_h1_3_6_12_s0_25,0.75,False,False,highs
milp_h12,5,211.68735575179255,319.17499999999995,107.48764424820739,15,230,0.6946308635045295,42.31895449999138,146.94081423608117,6.082361371782099,12,0.25,0_75_p12_h1_3_6_12_s0_25,0.75,False,False,highs
milp_h12,6,200.95303920408088,320.12499999999994,119.17196079591908,7,263,0.9941025993947572,37.15381300006993,129.0062951391317,-4.651955175929572,12,0.25,0_75_p12_h1_3_6_12_s0_25,0.75,False,False,highs
milp_h12,7,232.1713346689939,320.62499999999994,88.45366533100604,10,208,0.4524197213115581,43.55789779991028,151.2427006941329,26.56634028898344,12,0.25,0_75_p12_h1_3_6_12_s0_25,0.75,False,False,highs
milp_h12,8,214.71668495535846,320.44999999999993,105.73331504464147,7,230,0.6908138522323894,35.44476439975551,123.0720986102622,9.111690575348007,12,0.25,0_75_p12_h1_3_6_12_s0_25,0.75,False,False,highs
milp_h12,9,187.01126346488792,321.42499999999995,134.41373653511204,9,249,0.6374001812650183,41.43551990026026,143.8733329870148,-18.593730915122535,12,0.25,0_75_p12_h1_3_6_12_s0_25,0.75,False,False,highs
milp_h12,10,171.58858108917866,322.2249999999999,150.63641891082125,7,222,0.9961911547698303,37.78133369990974,131.18518645801993,-34.01641329083179,12,0.25,0_75_p12_h1_3_6_12_s0_25,0.75,False,False,highs
milp_h12,11,204.00455253521602,320.59999999999997,116.59544746478396,10,196,0.7470908399866771,38.33978529943852,133.12425451193928,-1.6004418447944317,12,0.25,0_75_p12_h1_3_6_12_s0_25,0.75,False,False,highs
milp_h12,12,205.64412404894824,321.8999999999999,116.25587595105169,11,230,0.6017482959632835,37.891176599863684,131.56658541619333,0.039129668937789575,12,0.25,0_75_p12_h1_3_6_12_s0_25,0.75,False,False,highs
milp_h12,13,207.81111140052474,322.54999999999995,114.7388885994752,7,212,0.6688807693503976,34.27574570014258,119.01300590327284,2.2061170205142844,12,0.25,0_75_p12_h1_3_6_12_s0_25,0.75,False,False,highs
milp_h12,14,202.62862016558645,322.54999999999995,119.9213798344135,3,244,0.9950453899942596,32.516947399737546,112.90606736019981,-2.9763742144239984,12,0.25,0_75_p12_h1_3_6_12_s0_25,0.75,False,False,highs
milp_h12,15,211.90883941948408,321.74999999999994,109.84116058051585,13,208,0.5197660691127841,36.47672220043023,126.65528541816053,6.303845039473629,12,0.25,0_75_p12_h1_3_6_12_s0_25,0.75,False,False,highs
milp_h12,16,201.17241351107748,322.2249999999999,121.05258648892242,6,220,0.9988072567218849,37.105778900382575,128.83951007077283,-4.432580868932973,12,0.25,0_75_p12_h1_3_6_12_s0_25,0.75,False,False,highs
milp_h12,17,184.0466454784075,318.0249999999999,133.97835452159242,8,224,0.7735408747292573,35.27704710001126,122.48974687503909,-21.558348901602955,12,0.25,0_75_p12_h1_3_6_12_s0_25,0.75,False,False,highs
milp_h12,18,242.4143263921141,320.7749999999999,78.36067360788581,8,226,0.9987954158336331,40.730518599943025,141.42541180535773,36.80933201210365,12,0.25,0_75_p12_h1_3_6_12_s0_25,0.75,False,False,highs
milp_h12,19,200.01137316226956,318.99999999999994,118.98862683773038,12,186,0.788814036248223,31.868479400174692,110.65444236171768,-5.593621217740889,12,0.25,0_75_p12_h1_3_6_12_s0_25,0.75,False,False,highs
milp_h12,20,229.6408033832907,318.5249999999999,88.88419661670922,9,230,0.9952249053676802,39.64695799982292,137.66304861049625,24.035809003280235,12,0.25,0_75_p12_h1_3_6_12_s0_25,0.75,False,False,highs
milp_h12,21,182.05069617927072,318.37499999999994,136.32430382072923,8,228,0.8366647729616238,38.20482310006628,132.655635764119,-23.554298200739737,12,0.25,0_75_p12_h1_3_6_12_s0_25,0.75,False,False,highs
milp_h12,22,231.61461089551443,322.87499999999994,91.2603891044855,8,232,0.6935650927778679,41.432976899901405,143.86450312465766,26.00961651550398,12,0.25,0_75_p12_h1_3_6_12_s0_25,0.75,False,False,highs
milp_h12,23,211.55179533362386,320.62499999999994,109.07320466637609,8,233,0.7697508880781057,35.99935069982894,124.99774548551714,5.946800953613405,12,0.25,0_75_p12_h1_3_6_12_s0_25,0.75,False,False,highs
milp_h12,24,205.09832897186274,321.8999999999999,116.80167102813718,4,233,0.9830338530379473,34.57028840010753,120.03572361148447,-0.5066654081477111,12,0.25,0_75_p12_h1_3_6_12_s0_25,0.75,False,False,highs
milp_h12,25,161.32512223720548,322.54999999999995,161.22487776279448,5,237,0.9982086740510272,40.67587229984929,141.23566770781002,-44.279872142804976,12,0.25,0_75_p12_h1_3_6_12_s0_25,0.75,False,False,highs
milp_h12,26,202.53845277130603,322.22499999999997,119.68654722869394,8,202,0.9993042906891032,36.690953899902524,127.39914548577265,-3.0665416087044264,12,0.25,0_75_p12_h1_3_6_12_s0_25,0.75,False,False,highs
milp_h12,27,245.84740812381105,322.54999999999995,76.7025918761889,7,249,0.9988592567561185,35.6745713998389,123.87003958277394,40.2424137438006,12,0.25,0_75_p12_h1_3_6_12_s0_25,0.75,False,False,highs
milp_h12,28,187.5405699898799,321.42499999999995,133.88443001012004,9,242,0.1398632945095208,38.692282600095496,134.3482034725538,-18.06442439013054,12,0.25,0_75_p12_h1_3_6_12_s0_25,0.75,False,False,highs
milp_h12,29,197.4991734623909,319.97499999999997,122.47582653760908,5,233,0.9951136800839818,39.105307100282516,135.7823163204254,-8.105820917619553,12,0.25,0_75_p12_h1_3_6_12_s0_25,0.75,False,False,highs
equal_share,0,192.7742417921583,300.3906112707961,107.61636947863781,13,211,0.7318638433178212,0.005357300105970353,0.018601736479063727,-12.830752587852146,12,0.25,0_75_p12_h1_3_6_12_s0_25,0.75,False,False,highs
equal_share,1,174.70214008677692,267.82017313552063,93.11803304874371,10,213,0.7866962590893194,0.005974699975922704,0.020745486027509388,-30.90285429323353,12,0.25,0_75_p12_h1_3_6_12_s0_25,0.75,False,False,highs
equal_share,2,195.70669899698424,295.20527942635107,99.49858042936681,11,221,0.9982460808388057,0.005776000354671851,0.020055556787055038,-9.898295383026209,12,0.25,0_75_p12_h1_3_6_12_s0_25,0.75,False,False,highs
equal_share,3,202.01635385047297,315.08984584892977,113.07349199845679,11,213,0.7555531523738289,0.005246199812972918,0.018215971572822634,-3.5886405295374857,12,0.25,0_75_p12_h1_3_6_12_s0_25,0.75,False,False,highs
equal_share,4,186.24987502630668,300.6642117514966,114.41433672518994,16,214,0.9694777283913254,0.0052761003316845745,0.018319792818349216,-19.35511935370377,12,0.25,0_75_p12_h1_3_6_12_s0_25,0.75,False,False,highs
equal_share,5,196.08595113306845,295.96933248438893,99.88338135132048,23,222,0.472267949801577,0.005136700492585078,0.017835765599253744,-9.519043246942005,12,0.25,0_75_p12_h1_3_6_12_s0_25,0.75,False,False,highs
equal_share,6,169.49905349682356,269.84339652867845,100.34434303185489,10,260,0.9965546216386045,0.005209700058912858,0.018089236315669648,-36.10594088318689,12,0.25,0_75_p12_h1_3_6_12_s0_25,0.75,False,False,highs
equal_share,7,189.80976444796994,261.6217395285216,71.81197508055165,7,211,0.669492012960654,0.005140199791640043,0.017847915943194594,-15.795229932040513,12,0.25,0_75_p12_h1_3_6_12_s0_25,0.75,False,False,highs
equal_share,8,191.16306908586958,285.23926601710576,94.07619693123618,9,229,0.6912219275967856,0.005190999858314171,0.018024305063590873,-14.441925294140873,12,0.25,0_75_p12_h1_3_6_12_s0_25,0.75,False,False,highs
equal_share,9,162.1596023574421,276.9538666443815,114.79426428693938,10,248,0.6379968950946203,0.005032800021581352,0.01747500007493525,-43.44539202256834,12,0.25,0_75_p12_h1_3_6_12_s0_25,0.75,False,False,highs
equal_share,10,148.35724035307058,278.7432572255741,130.38601687250352,8,221,0.9965189874979556,0.005664400057867169,0.019668055756483227,-57.24775402693987,12,0.25,0_75_p12_h1_3_6_12_s0_25,0.75,False,False,highs
equal_share,11,181.35307882461257,284.35247946550015,102.99940064088759,12,193,0.8735545743646989,0.0060246002685744315,0.02091875093255011,-24.251915555397886,12,0.25,0_75_p12_h1_3_6_12_s0_25,0.75,False,False,highs
equal_share,12,171.625011525022,267.198527465148,95.57351594012601,14,227,0.7661154096437597,0.006017399980919436,0.02089374993374804,-33.979982854988464,12,0.25,0_75_p12_h1_3_6_12_s0_25,0.75,False,False,highs
equal_share,13,197.53812853545628,305.8160808146839,108.27795227922763,9,210,0.8004904634594304,0.008365099813090637,0.02904548546212027,-8.066865844554172,12,0.25,0_75_p12_h1_3_6_12_s0_25,0.75,False,False,highs
equal_share,14,199.77551131490515,318.10897982226305,118.33346850735789,16,231,0.8256344627036447,0.010589800222078338,0.03677013965999423,-5.829483065105308,12,0.25,0_75_p12_h1_3_6_12_s0_25,0.75,False,False,highs
equal_share,15,201.5319663613289,305.37609238299723,103.84412602166832,12,209,0.6641063056673345,0.011330999986967072,0.03934374995474678,-4.073028018681555,12,0.25,0_75_p12_h1_3_6_12_s0_25,0.75,False,False,highs
equal_share,16,192.12476405650068,307.5728941896558,115.44813013315515,13,215,0.9970537426694394,0.01005669985897839,0.034919096732563853,-13.480230323509772,12,0.25,0_75_p12_h1_3_6_12_s0_25,0.75,False,False,highs
equal_share,17,174.27946776667818,300.549600150679,126.2701323840008,14,218,0.7746242019820315,0.010678200196707621,0.03707708401634591,-31.325526613332272,12,0.25,0_75_p12_h1_3_6_12_s0_25,0.75,False,False,highs
equal_share,18,189.03845722956743,249.53935801237378,60.50090078280636,9,225,0.9978730900425443,0.01035729970317334,0.0359628461915741,-16.566537150443025,12,0.25,0_75_p12_h1_3_6_12_s0_25,0.75,False,False,highs
equal_share,19,179.20898280807177,285.2238997796207,106.01491697154893,13,185,0.9199629010627813,0.0101180000056047,0.035131944463905204,-26.396011571938686,12,0.25,0_75_p12_h1_3_6_12_s0_25,0.75,False,False,highs
equal_share,20,191.17165681167634,264.55209583336386,73.38043902168752,15,224,0.6428720538867992,0.010075500089442357,0.03498437531056374,-14.43333756833411,12,0.25,0_75_p12_h1_3_6_12_s0_25,0.75,False,False,highs
equal_share,21,171.06018495572036,299.0707288494779,128.01054389375756,12,224,0.543589149376638,0.010544000455411151,0.03661111269239983,-34.544809424290094,12,0.25,0_75_p12_h1_3_6_12_s0_25,0.75,False,False,highs
equal_share,22,216.09772690348063,301.49218950953053,85.39446260604988,14,226,0.8474475653539897,0.00993140012724325,0.03448402821959462,10.492732523470181,12,0.25,0_75_p12_h1_3_6_12_s0_25,0.75,False,False,highs
equal_share,23,200.90011432101323,304.46151812400257,103.56140380298932,14,227,0.8992322560677767,0.010051100165583193,0.03489965335271942,-4.704880058997219,12,0.25,0_75_p12_h1_3_6_12_s0_25,0.75,False,False,highs
equal_share,24,181.97799078247203,285.1224725726025,103.14448179013044,10,228,0.995194173256277,0.010426900465972722,0.03620451550684973,-23.62700359753842,12,0.25,0_75_p12_h1_3_6_12_s0_25,0.75,False,False,highs
equal_share,25,145.6605750489041,291.0056385002517,145.34506345134758,8,234,0.9977916281327347,0.010616000188747421,0.0368611117664841,-59.94441933110636,12,0.25,0_75_p12_h1_3_6_12_s0_25,0.75,False,False,highs
equal_share,26,199.73288973777073,317.90752245984504,118.17463272207429,17,193,0.9981250636033547,0.010767600120743737,0.037387500419249084,-5.872104642239719,12,0.25,0_75_p12_h1_3_6_12_s0_25,0.75,False,False,highs
equal_share,27,227.10882237592787,297.7506675060028,70.64184513007493,12,244,0.8698109364886006,0.01028079999377951,0.035697222200623296,21.50382799591742,12,0.25,0_75_p12_h1_3_6_12_s0_25,0.75,False,False,highs
equal_share,28,171.5458251340898,294.1510602377761,122.60523510368633,15,236,0.6852900422725616,0.010161799931665882,0.03528402754050654,-34.05916924592066,12,0.25,0_75_p12_h1_3_6_12_s0_25,0.75,False,False,highs
equal_share,29,178.12693879960958,288.09987363829117,109.9729348386816,11,227,0.9968200285147741,0.009923000179696828,0.034454861735058434,-27.478055580400877,12,0.25,0_75_p12_h1_3_6_12_s0_25,0.75,False,False,highs
max_charge,0,206.50981553395587,322.22499999999997,115.7151844660441,17,207,0.8081333681889767,0.003624700038926676,0.012585764024050958,0.9048211539454201,12,0.25,0_75_p12_h1_3_6_12_s0_25,0.75,False,False,highs
max_charge,1,209.44873154759404,321.42499999999995,111.97626845240592,21,202,0.8263043095529846,0.003534199931891635,0.012271527541290399,3.8437371675835834,12,0.25,0_75_p12_h1_3_6_12_s0_25,0.75,False,False,highs
max_charge,2,213.81284849842388,322.54999999999995,108.7371515015761,18,214,0.7974928096232073,0.0039715000602882355,0.013789930764889706,8.207854118413422,12,0.25,0_75_p12_h1_3_6_12_s0_25,0.75,False,False,highs
max_charge,3,206.18469930092493,321.09999999999997,114.91530069907505,15,210,0.6880167045634448,0.0038767003861721605,0.013460765229764447,0.5797049209144802,12,0.25,0_75_p12_h1_3_6_12_s0_25,0.75,False,False,highs
max_charge,4,199.71650992333883,322.87499999999994,123.1584900766611,19,211,0.9747467006462753,0.003884200006723404,0.013486805578900708,-5.88848445667162,12,0.25,0_75_p12_h1_3_6_12_s0_25,0.75,False,False,highs
max_charge,5,211.68735575179255,319.17499999999995,107.48764424820739,28,217,0.48900792420322103,0.003863999794702977,0.01341666595382978,6.082361371782099,12,0.25,0_75_p12_h1_3_6_12_s0_25,0.75,False,False,highs
max_charge,6,200.95303920408085,320.12499999999994,119.17196079591909,17,253,0.9978569299071459,0.003651999868452549,0.012680555098793574,-4.651955175929601,12,0.25,0_75_p12_h1_3_6_12_s0_25,0.75,False,False,highs
max_charge,7,232.1713346689939,320.62499999999994,88.45366533100604,17,201,0.86180011191408,0.0036664998915512115,0.012730902401219484,26.56634028898344,12,0.25,0_75_p12_h1_3_6_12_s0_25,0.75,False,False,highs
max_charge,8,214.71668495535846,320.44999999999993,105.73331504464147,15,223,0.7752767262695899,0.0037078002060297877,0.012874306270936763,9.111690575348007,12,0.25,0_75_p12_h1_3_6_12_s0_25,0.75,False,False,highs
max_charge,9,187.01126346488792,321.42499999999995,134.41373653511204,15,243,0.7736158901654037,0.004169799998635426,0.014478472217484118,-18.593730915122535,12,0.25,0_75_p12_h1_3_6_12_s0_25,0.75,False,False,highs
max_charge,10,171.58858108917872,322.22499999999997,150.63641891082125,16,213,0.9976138616705112,0.003922100295312703,0.013618403803169107,-34.016413290831736,12,0.25,0_75_p12_h1_3_6_12_s0_25,0.75,False,False,highs
max_charge,11,204.004552535216,320.59999999999997,116.59544746478397,18,187,0.7887280615368453,0.0038438003102783114,0.013346528855133025,-1.6004418447944602,12,0.25,0_75_p12_h1_3_6_12_s0_25,0.75,False,False,highs
max_charge,12,205.64412404894824,321.8999999999999,116.25587595105169,25,216,0.8293417978708917,0.004020799766294658,0.01396111029963423,0.039129668937789575,12,0.25,0_75_p12_h1_3_6_12_s0_25,0.75,False,False,highs
max_charge,13,207.81111140052474,322.54999999999995,114.7388885994752,12,207,0.8336780489762065,0.0037036998837720603,0.01286006904087521,2.2061170205142844,12,0.25,0_75_p12_h1_3_6_12_s0_25,0.75,False,False,highs
max_charge,14,202.62862016558643,322.54999999999995,119.92137983441351,18,229,0.8572325710370247,0.0038441999640781432,0.013347916541937998,-2.976374214424027,12,0.25,0_75_p12_h1_3_6_12_s0_25,0.75,False,False,highs
max_charge,15,211.90883941948408,321.74999999999994,109.84116058051585,15,206,0.6641063056673345,0.0036968997737858444,0.012836457547867516,6.303845039473629,12,0.25,0_75_p12_h1_3_6_12_s0_25,0.75,False,False,highs
max_charge,16,201.17241351107754,322.22499999999997,121.05258648892242,17,213,0.99773854846894,0.0037185999390203506,0.012911805343820661,-4.4325808689329165,12,0.25,0_75_p12_h1_3_6_12_s0_25,0.75,False,False,highs
max_charge,17,184.04664547840747,318.0249999999999,133.97835452159245,18,214,0.7746242019820315,0.0036984999023843557,0.012842013549945679,-21.558348901602983,12,0.25,0_75_p12_h1_3_6_12_s0_25,0.75,False,False,highs
max_charge,18,242.4143263921141,320.7749999999999,78.36067360788583,19,215,0.9986658900135247,0.002366099855862558,0.00821562449952277,36.80933201210365,12,0.25,0_75_p12_h1_3_6_12_s0_25,0.75,False,False,highs
max_charge,19,200.01137316226954,318.99999999999994,118.9886268377304,19,179,0.9358483003482222,0.0034752999199554324,0.012067013610956363,-5.5936212177409175,12,0.25,0_75_p12_h1_3_6_12_s0_25,0.75,False,False,highs
max_charge,20,229.6408033832907,318.5249999999999,88.88419661670922,23,216,0.8452686411866478,0.002599399827886373,0.009025693846827684,24.035809003280235,12,0.25,0_75_p12_h1_3_6_12_s0_25,0.75,False,False,highs
max_charge,21,182.05069617927072,318.37499999999994,136.32430382072923,14,222,0.6957259342963583,0.002024799876380712,0.0070305551263219156,-23.554298200739737,12,0.25,0_75_p12_h1_3_6_12_s0_25,0.75,False,False,highs
max_charge,22,231.61461089551443,322.87499999999994,91.2603891044855,17,223,0.8691445304312986,0.0032828997063916177,0.011398957313859783,26.00961651550398,12,0.25,0_75_p12_h1_3_6_12_s0_25,0.75,False,False,highs
max_charge,23,211.55179533362383,320.62499999999994,109.0732046663761,17,224,0.9159940299823837,0.003795700235059485,0.013179514705067655,5.946800953613376,12,0.25,0_75_p12_h1_3_6_12_s0_25,0.75,False,False,highs
max_charge,24,205.0983289718627,321.8999999999999,116.80167102813719,16,222,0.995194173256277,0.0033749998547136784,0.011718749495533606,-0.5066654081477395,12,0.25,0_75_p12_h1_3_6_12_s0_25,0.75,False,False,highs
max_charge,25,161.32512223720548,322.54999999999995,161.22487776279448,14,228,0.9982877117186268,0.004270099947461858,0.014826735928687008,-44.279872142804976,12,0.25,0_75_p12_h1_3_6_12_s0_25,0.75,False,False,highs
max_charge,26,202.53845277130603,322.22499999999997,119.68654722869395,18,192,0.9983927217831124,0.0034635002666618675,0.012026042592575928,-3.0665416087044264,12,0.25,0_75_p12_h1_3_6_12_s0_25,0.75,False,False,highs
max_charge,27,245.84740812381105,322.54999999999995,76.7025918761889,15,241,0.8860613049513125,0.0027248003461863846,0.009461112313147169,40.2424137438006,12,0.25,0_75_p12_h1_3_6_12_s0_25,0.75,False,False,highs
max_charge,28,187.54056998987988,321.42499999999995,133.88443001012007,18,233,0.7750887015839748,0.002802799950586632,0.00973194427287025,-18.06442439013057,12,0.25,0_75_p12_h1_3_6_12_s0_25,0.75,False,False,highs
max_charge,29,197.4991734623909,319.97499999999997,122.47582653760908,18,220,0.9980192890983497,0.0024846000596880913,0.00862708354058365,-8.105820917619553,12,0.25,0_75_p12_h1_3_6_12_s0_25,0.75,False,False,highs
random,0,204.91371047444915,319.71403220199517,114.800321727546,8,216,0.6051126395559786,0.04280039988225326,0.14861249959115716,-0.6912839055613063,12,0.25,0_75_p12_h1_3_6_12_s0_25,0.75,False,False,highs
random,1,208.623057473225,320.1196827446974,111.4966252714724,12,211,0.8120540295966674,0.041229399939766154,0.1431576386797436,3.0180630932145505,12,0.25,0_75_p12_h1_3_6_12_s0_25,0.75,False,False,highs
random,2,211.88829209325309,319.64942098893476,107.76112889568167,12,220,0.8609078120404947,0.04019759999937378,0.13957499999782563,6.283297713242632,12,0.25,0_75_p12_h1_3_6_12_s0_25,0.75,False,False,highs
random,3,205.83599390077603,320.55936029876517,114.72336639798914,9,215,0.6380701449099551,0.04127540023182519,0.14331736191605968,0.23099952076557884,12,0.25,0_75_p12_h1_3_6_12_s0_25,0.75,False,False,highs
random,4,198.8881831593273,321.5712328077593,122.68304964843202,17,213,0.8458933878081288,0.04092359964852221,0.14209583211292434,-6.716811220683155,12,0.25,0_75_p12_h1_3_6_12_s0_25,0.75,False,False,highs
random,5,210.85953867989508,317.87468209469694,107.01514341480186,16,229,0.6532721376894861,0.04076889986754395,0.1415586800956387,5.254544299884628,12,0.25,0_75_p12_h1_3_6_12_s0_25,0.75,False,False,highs
random,6,198.38748448047963,316.1161716399018,117.72868715942215,12,258,0.9986889079796647,0.04101840010844171,0.14242500037653372,-7.217509899530825,12,0.25,0_75_p12_h1_3_6_12_s0_25,0.75,False,False,highs
random,7,231.87322682158856,320.1813255125382,88.30809869094963,10,208,0.7214306957624809,0.041660099785076454,0.1446531242537377,26.268232441578107,12,0.25,0_75_p12_h1_3_6_12_s0_25,0.75,False,False,highs
random,8,212.9327031432922,317.6206780503054,104.6879749070132,14,223,0.8066954483770653,0.04099090027739294,0.1423295148520588,7.327708763281748,12,0.25,0_75_p12_h1_3_6_12_s0_25,0.75,False,False,highs
random,9,186.35725277424686,320.36991711827164,134.01266434402478,8,250,0.6361670584503961,0.04190249985549599,0.14549479116491662,-19.247741605763593,12,0.25,0_75_p12_h1_3_6_12_s0_25,0.75,False,False,highs
random,10,170.7831669966634,320.84207746070024,150.05891046403684,9,220,0.9677938724657685,0.04042429992114194,0.14036215250396505,-34.821827383347056,12,0.25,0_75_p12_h1_3_6_12_s0_25,0.75,False,False,highs
random,11,202.11937140057205,317.5330024623073,115.41363106173527,15,190,0.7834266003986162,0.04141160033759661,0.14379027894998822,-3.4856229794384035,12,0.25,0_75_p12_h1_3_6_12_s0_25,0.75,False,False,highs
random,12,203.61977740309848,318.92838022527104,115.30860282217256,17,224,0.8116495676453569,0.04223389987600967,0.14664548568058913,-1.9852169769119712,12,0.25,0_75_p12_h1_3_6_12_s0_25,0.75,False,False,highs
random,13,207.25607505586942,321.6737928369918,114.41771778112239,9,210,0.6694310527949385,0.04345649993047118,0.1508906247585805,1.6510806758589638,12,0.25,0_75_p12_h1_3_6_12_s0_25,0.75,False,False,highs
random,14,201.7087074341423,321.09994842877416,119.39124099463186,8,239,0.9978078486454167,0.041092000261414796,0.14268055646324582,-3.8962869458681553,12,0.25,0_75_p12_h1_3_6_12_s0_25,0.75,False,False,highs
random,15,211.90883941948414,321.75,109.84116058051586,13,208,0.6601303479412953,0.042643699736800045,0.14806840186388903,6.303845039473686,12,0.25,0_75_p12_h1_3_6_12_s0_25,0.75,False,False,highs
random,16,200.3644414365792,320.9630168649108,120.5985754283316,14,212,0.9973578470420037,0.04113779999897815,0.14283958332978525,-5.240552943431254,12,0.25,0_75_p12_h1_3_6_12_s0_25,0.75,False,False,highs
random,17,182.46805673640637,315.5407027693776,133.07264603297125,10,222,0.6211940166951921,0.040598299994599074,0.14096631942569124,-23.136937643604085,12,0.25,0_75_p12_h1_3_6_12_s0_25,0.75,False,False,highs
random,18,241.33417394406663,319.37076999810887,78.03659605404223,14,220,0.863566491777067,0.04124940009205602,0.1432270836529723,35.72917956405618,12,0.25,0_75_p12_h1_3_6_12_s0_25,0.75,False,False,highs
random,19,198.4650293981959,316.52479387165687,118.05976447346096,10,188,0.8000968780175397,0.04007630018168129,0.13915382007528226,-7.139964981814558,12,0.25,0_75_p12_h1_3_6_12_s0_25,0.75,False,False,highs
random,20,228.46365367751247,316.8287862978848,88.36513262037234,14,225,0.7781001984314309,0.04169819987146184,0.1447854162203536,22.858659297502015,12,0.25,0_75_p12_h1_3_6_12_s0_25,0.75,False,False,highs
random,21,181.74322493216923,317.85677839810745,136.11355346593822,12,225,0.9966725642282157,0.041476700047496706,0.14401631960936356,-23.861769447841226,12,0.25,0_75_p12_h1_3_6_12_s0_25,0.75,False,False,highs
random,22,231.0090593640753,321.93333788917323,90.92427852509792,12,228,0.8663858334558404,0.04251000005751848,0.1476041668663836,25.40406498406486,12,0.25,0_75_p12_h1_3_6_12_s0_25,0.75,False,False,highs
random,23,211.06835539549223,319.8612396682444,108.7928842727522,8,233,0.8317431880165403,0.041252799826906994,0.1432388882878715,5.46336101548178,12,0.25,0_75_p12_h1_3_6_12_s0_25,0.75,False,False,highs
random,24,204.02052703391544,320.20530738757293,116.18478035365749,10,227,0.8154922413146879,0.04335620021447539,0.15054236185581735,-1.5844673460950105,12,0.25,0_75_p12_h1_3_6_12_s0_25,0.75,False,False,highs
random,25,160.54461517039258,321.12276529995455,160.57815012956198,8,234,0.9966095988113903,0.040919400431448594,0.1420812514980854,-45.06037920961788,12,0.25,0_75_p12_h1_3_6_12_s0_25,0.75,False,False,highs
random,26,201.2463143855088,320.2301383424291,118.98382395692029,12,198,0.818103890546856,0.040198999689891934,0.139579860034347,-4.358679994501642,12,0.25,0_75_p12_h1_3_6_12_s0_25,0.75,False,False,highs
random,27,245.37493628585145,321.9336466303061,76.55871034445467,10,246,0.9986624683176869,0.04179239980294369,0.14511249931577672,39.769941905840994,12,0.25,0_75_p12_h1_3_6_12_s0_25,0.75,False,False,highs
random,28,186.33070848142128,319.4075330187264,133.0768245373051,10,241,0.577933442639336,0.04222509983810596,0.1466149299934235,-19.27428589858917,12,0.25,0_75_p12_h1_3_6_12_s0_25,0.75,False,False,highs
random,29,197.0203616216923,319.2186787824152,122.19831716072291,10,228,0.9987093804706605,0.04327609989559278,0.15026423574858605,-8.58463275831815,12,0.25,0_75_p12_h1_3_6_12_s0_25,0.75,False,False,highs
