controller,seed,net_profit,total_revenue,total_cost,served_customers,rejected_customers,mean_soc_fulfillment,total_compute_s,mean_step_ms,gap_to_best,ports,grid_cap_strain,experiment_id,tariff,bess_enabled,v2g_enabled,solver
milp_h1,0,43.466063507397976,130.39819052219391,86.93212701479594,3,230,0.0,4.4463712001015665,15.43878888924155,0.06269259617148748,3,0.75,dynamic_1_5_p3_h1_3_6_12_s0_75,dynamic:1.5,False,False,highs
milp_h1,1,42.02784600332379,126.08353800997138,84.05569200664759,4,228,0.6184679641441883,4.328995599935297,15.031234721997558,-1.375524907902701,3,0.75,dynamic_1_5_p3_h1_3_6_12_s0_75,dynamic:1.5,False,False,highs
milp_h1,2,40.81029314820965,122.43087944462896,81.6205862964193,3,238,0.0,4.38616969998111,15.229755902712188,-2.5930777630168365,3,0.75,dynamic_1_5_p3_h1_3_6_12_s0_75,dynamic:1.5,False,False,highs
milp_h1,3,42.432793676729005,127.298381030187,84.865587353458,7,226,0.9976840294037373,4.251612500200281,14.762543403473197,-0.9705772344974832,3,0.75,dynamic_1_5_p3_h1_3_6_12_s0_75,dynamic:1.5,False,False,highs
milp_h1,4,46.184433778747916,138.55330133624375,92.36886755749583,3,236,0.0,4.492331599976751,15.598373611030386,2.7810628675214275,3,0.75,dynamic_1_5_p3_h1_3_6_12_s0_75,dynamic:1.5,False,False,highs
milp_h1,5,40.344203925008586,121.03261177502573,80.68840785001714,3,251,0.0,4.334313999992446,15.04970138886266,-3.059166986217903,3,0.75,dynamic_1_5_p3_h1_3_6_12_s0_75,dynamic:1.5,False,False,highs
milp_h1,6,44.8701253005614,134.61037590168417,89.74025060112277,4,275,0.9989548296525734,4.303422099983436,14.942437847164708,1.466754389334909,3,0.75,dynamic_1_5_p3_h1_3_6_12_s0_75,dynamic:1.5,False,False,highs
milp_h1,7,33.17012449912727,99.5103734973818,66.34024899825454,3,224,0.0,4.530501400135108,15.730907639358016,-10.23324641209922,3,0.75,dynamic_1_5_p3_h1_3_6_12_s0_75,dynamic:1.5,False,False,highs
milp_h1,8,39.7824786817655,119.34743604529649,79.564957363531,6,240,0.8754529087396117,6.103417300080764,21.192421180835986,-3.620892229460992,3,0.75,dynamic_1_5_p3_h1_3_6_12_s0_75,dynamic:1.5,False,False,highs
milp_h1,9,50.24291453224916,150.7287435967475,100.48582906449835,7,260,0.7787456815398304,7.111398099994403,24.692354513869457,6.8395436210226705,3,0.75,dynamic_1_5_p3_h1_3_6_12_s0_75,dynamic:1.5,False,False,highs
milp_h1,10,56.57217709074416,169.71653127223252,113.14435418148835,8,230,0.9943556585315056,4.599697599915089,15.971172221927393,13.168806179517674,3,0.75,dynamic_1_5_p3_h1_3_6_12_s0_75,dynamic:1.5,False,False,highs
milp_h1,11,43.99302613685528,131.97907841056585,87.98605227371057,6,208,0.8438801203242785,4.7498349000525195,16.492482291849026,0.589655225628789,3,0.75,dynamic_1_5_p3_h1_3_6_12_s0_75,dynamic:1.5,False,False,highs
milp_h1,12,43.51025497838856,130.53076493516565,87.02050995677709,7,243,0.9982466706720773,4.544585499970708,15.77981076378718,0.10688406716207055,3,0.75,dynamic_1_5_p3_h1_3_6_12_s0_75,dynamic:1.5,False,False,highs
milp_h1,13,43.063737891862786,129.19121367558836,86.12747578372557,6,222,0.997429637923139,4.38203009989229,15.215382291292675,-0.3396330193637027,3,0.75,dynamic_1_5_p3_h1_3_6_12_s0_75,dynamic:1.5,False,False,highs
milp_h1,14,44.999295478562516,134.99788643568755,89.99859095712503,12,244,0.9069197416191995,4.375781599941547,15.19368611090815,1.5959245673360272,3,0.75,dynamic_1_5_p3_h1_3_6_12_s0_75,dynamic:1.5,False,False,highs
milp_h1,15,41.19043521769345,123.57130565308034,82.3808704353869,6,224,0.9956304331801934,4.39525040013541,15.261286111581285,-2.2129356935330406,3,0.75,dynamic_1_5_p3_h1_3_6_12_s0_75,dynamic:1.5,False,False,highs
milp_h1,16,45.45025518424809,136.35076555274426,90.90051036849617,7,228,0.8231223625378743,4.305340000006254,14.949097222243937,2.046884273021604,3,0.75,dynamic_1_5_p3_h1_3_6_12_s0_75,dynamic:1.5,False,False,highs
milp_h1,17,50.5246460599204,151.57393817976117,101.04929211984077,6,235,0.7795398652428169,4.241695700009586,14.72811006947773,7.121275148693911,3,0.75,dynamic_1_5_p3_h1_3_6_12_s0_75,dynamic:1.5,False,False,highs
milp_h1,18,29.43966260123998,88.31898780371993,58.879325202479954,8,235,0.9292370344592026,4.411108700020122,15.316349652847647,-13.963708309986508,3,0.75,dynamic_1_5_p3_h1_3_6_12_s0_75,dynamic:1.5,False,False,highs
milp_h1,19,44.808368399739265,134.4251051992178,89.61673679947853,8,199,0.9969178586875707,4.303691600012826,14.943373611155645,1.4049974885127767,3,0.75,dynamic_1_5_p3_h1_3_6_12_s0_75,dynamic:1.5,False,False,highs
milp_h1,20,33.42337772902101,100.27013318706304,66.84675545804203,4,244,1.0,4.312123399999109,14.97265069444135,-9.979993182205476,3,0.75,dynamic_1_5_p3_h1_3_6_12_s0_75,dynamic:1.5,False,False,highs
milp_h1,21,51.12161393277347,153.3648417983204,102.24322786554694,9,236,0.9501225864679946,4.320160899791517,15.000558679831657,7.718243021546982,3,0.75,dynamic_1_5_p3_h1_3_6_12_s0_75,dynamic:1.5,False,False,highs
milp_h1,22,34.21147158083815,102.63441474251448,68.42294316167633,7,242,0.9983699083035678,4.66031710007519,16.181656597483297,-9.191899330388338,3,0.75,dynamic_1_5_p3_h1_3_6_12_s0_75,dynamic:1.5,False,False,highs
milp_h1,23,40.90245174989104,122.70735524967313,81.80490349978209,5,245,0.8207630959263224,7.490147700096713,26.007457292002478,-2.500919161335446,3,0.75,dynamic_1_5_p3_h1_3_6_12_s0_75,dynamic:1.5,False,False,highs
milp_h1,24,43.8770881301413,131.6312643904239,87.75417626028259,10,237,0.8884082360464486,7.331333499954781,25.45601909706521,0.473717218914814,3,0.75,dynamic_1_5_p3_h1_3_6_12_s0_75,dynamic:1.5,False,False,highs
milp_h1,25,60.493492370347184,181.48047711104155,120.98698474069437,6,245,0.9983090426047647,7.325009800028056,25.434061805652973,17.090121459120695,3,0.75,dynamic_1_5_p3_h1_3_6_12_s0_75,dynamic:1.5,False,False,highs
milp_h1,26,44.94395787802834,134.83187363408504,89.8879157560567,6,213,0.45076077689597716,7.841250899931765,27.226565624763072,1.540586966801854,3,0.75,dynamic_1_5_p3_h1_3_6_12_s0_75,dynamic:1.5,False,False,highs
milp_h1,27,28.70630516422292,86.11891549266875,57.41261032844583,8,257,0.998615738200327,7.587328500114381,26.344890625397156,-14.69706574700357,3,0.75,dynamic_1_5_p3_h1_3_6_12_s0_75,dynamic:1.5,False,False,highs
milp_h1,28,50.236921086410675,150.71076325923204,100.47384217282136,5,255,0.9981719217529981,7.572164600016549,26.292238194501905,6.833550175184186,3,0.75,dynamic_1_5_p3_h1_3_6_12_s0_75,dynamic:1.5,False,False,highs
milp_h1,29,45.97542194972435,137.92626584917306,91.95084389944871,7,240,0.998823766251396,7.57536500004062,26.303350694585486,2.572051038497861,3,0.75,dynamic_1_5_p3_h1_3_6_12_s0_75,dynamic:1.5,False,False,highs
milp_h3,0,43.135452467327326,129.40635740198195,86.27090493465462,7,226,0.9977868705872963,9.591555399878416,33.30401180513339,-0.26791844389916264,3,0.75,dynamic_1_5_p3_h1_3_6_12_s0_75,dynamic:1.5,False,False,highs
milp_h3,1,42.02784600332379,126.08353800997136,84.05569200664758,3,229,0.8712358850919592,13.147391400154447,45.650664583869606,-1.375524907902701,3,0.75,dynamic_1_5_p3_h1_3_6_12_s0_75,dynamic:1.5,False,False,highs
milp_h3,2,40.81029314820965,122.43087944462894,81.62058629641929,3,238,0.0,12.653939099924173,43.937288541403376,-2.5930777630168365,3,0.75,dynamic_1_5_p3_h1_3_6_12_s0_75,dynamic:1.5,False,False,highs
milp_h3,3,43.164240428308645,129.49272128492592,86.32848085661728,5,228,0.732698666317493,14.72677860003023,51.13464791677163,-0.23913048291784378,3,0.75,dynamic_1_5_p3_h1_3_6_12_s0_75,dynamic:1.5,False,False,highs
milp_h3,4,46.1844337787479,138.55330133624372,92.36886755749582,7,232,0.6013073650100934,11.90751339995768,41.34553263874194,2.7810628675214133,3,0.75,dynamic_1_5_p3_h1_3_6_12_s0_75,dynamic:1.5,False,False,highs
milp_h3,5,40.34420392500857,121.03261177502571,80.68840785001714,8,246,0.9179751766217423,12.294366999922204,42.68877430528543,-3.0591669862179174,3,0.75,dynamic_1_5_p3_h1_3_6_12_s0_75,dynamic:1.5,False,False,highs
milp_h3,6,44.87012530056137,134.61037590168414,89.74025060112277,4,275,0.9980650508423008,11.531059299741173,40.03840034632352,1.4667543893348807,3,0.75,dynamic_1_5_p3_h1_3_6_12_s0_75,dynamic:1.5,False,False,highs
milp_h3,7,33.170124499127255,99.51037349738179,66.34024899825454,2,225,0.9988277303885613,11.202324300043983,38.89695937515272,-10.233246412099234,3,0.75,dynamic_1_5_p3_h1_3_6_12_s0_75,dynamic:1.5,False,False,highs
milp_h3,8,39.79777980670332,119.39333942010997,79.59555961340665,8,238,0.8684834371829417,11.199799400099437,38.888192361456376,-3.605591104523171,3,0.75,dynamic_1_5_p3_h1_3_6_12_s0_75,dynamic:1.5,False,False,highs
milp_h3,9,50.44316453573602,151.3294936072081,100.88632907147208,8,259,0.42021579838697115,13.69524160012952,47.552922222671945,7.039793624509528,3,0.75,dynamic_1_5_p3_h1_3_6_12_s0_75,dynamic:1.5,False,False,highs
milp_h3,10,56.56126321566602,169.68378964699804,113.12252643133202,7,231,0.9988523000722053,11.157518300082302,38.74138298639688,13.157892304439528,3,0.75,dynamic_1_5_p3_h1_3_6_12_s0_75,dynamic:1.5,False,False,highs
milp_h3,11,43.99302613685526,131.97907841056582,87.98605227371056,7,207,0.9985154180834698,9.161018399885506,31.80909166626912,0.5896552256287748,3,0.75,dynamic_1_5_p3_h1_3_6_12_s0_75,dynamic:1.5,False,False,highs
milp_h3,12,43.691585480421764,131.07475644126532,87.38317096084356,5,245,0.9982541016213091,7.001277800023672,24.309992361193306,0.28821456919527577,3,0.75,dynamic_1_5_p3_h1_3_6_12_s0_75,dynamic:1.5,False,False,highs
milp_h3,13,43.063737891862786,129.19121367558836,86.12747578372557,5,223,0.6468153264264596,7.486193800097681,25.99372847256139,-0.3396330193637027,3,0.75,dynamic_1_5_p3_h1_3_6_12_s0_75,dynamic:1.5,False,False,highs
milp_h3,14,45.007077436894164,135.0212323106825,90.01415487378834,9,247,0.8585223744231811,7.305500799862784,25.36632222174578,1.6037065256676755,3,0.75,dynamic_1_5_p3_h1_3_6_12_s0_75,dynamic:1.5,False,False,highs
milp_h3,15,41.190435217693434,123.57130565308032,82.38087043538688,3,227,0.9967226941748512,8.227487099909922,28.567663541353895,-2.212935693533055,3,0.75,dynamic_1_5_p3_h1_3_6_12_s0_75,dynamic:1.5,False,False,highs
milp_h3,16,45.31130943658451,135.93392830975353,90.62261887316902,7,228,0.997830248039177,5.065995399956591,17.590261805404833,1.9079385253580199,3,0.75,dynamic_1_5_p3_h1_3_6_12_s0_75,dynamic:1.5,False,False,highs
milp_h3,17,50.53354160139959,151.60062480419873,101.06708320279914,4,237,0.9990703789618207,7.163676800118992,24.873877778190945,7.130170690173102,3,0.75,dynamic_1_5_p3_h1_3_6_12_s0_75,dynamic:1.5,False,False,highs
milp_h3,18,29.443988600932066,88.33196580279618,58.88797720186411,7,236,0.9030672337453538,6.211739700040198,21.568540625139576,-13.959382310294423,3,0.75,dynamic_1_5_p3_h1_3_6_12_s0_75,dynamic:1.5,False,False,highs
milp_h3,19,44.80836839973925,134.42510519921777,89.61673679947852,4,203,0.9967712429776318,7.5752482999669155,26.302945485996233,1.4049974885127625,3,0.75,dynamic_1_5_p3_h1_3_6_12_s0_75,dynamic:1.5,False,False,highs
milp_h3,20,33.42337772902101,100.27013318706302,66.84675545804201,8,240,0.9977539205667282,6.802810499939369,23.620869791456144,-9.979993182205476,3,0.75,dynamic_1_5_p3_h1_3_6_12_s0_75,dynamic:1.5,False,False,highs
milp_h3,21,51.10378551619746,153.3113565485924,102.20757103239495,6,239,0.9990790127805743,6.872407600109,23.86252638926736,7.700414604970973,3,0.75,dynamic_1_5_p3_h1_3_6_12_s0_75,dynamic:1.5,False,False,highs
milp_h3,22,34.22264591418207,102.66793774254619,68.44529182836412,7,242,0.9984830950426391,7.543300600067596,26.19201597245693,-9.180724997044422,3,0.75,dynamic_1_5_p3_h1_3_6_12_s0_75,dynamic:1.5,False,False,highs
milp_h3,23,40.90245174989103,122.7073552496731,81.80490349978207,8,242,0.7325611035356718,8.346757800143678,28.981797917165547,-2.50091916133546,3,0.75,dynamic_1_5_p3_h1_3_6_12_s0_75,dynamic:1.5,False,False,highs
milp_h3,24,43.90983062982558,131.72949188947675,87.81966125965117,5,241,0.4810279057557638,7.6540770999126835,26.57665659691904,0.5064597185990891,3,0.75,dynamic_1_5_p3_h1_3_6_12_s0_75,dynamic:1.5,False,False,highs
milp_h3,25,60.50464249551294,181.51392748653885,121.00928499102591,4,247,0.9964332139517516,7.28104850013915,25.281418403260936,17.10127158428645,3,0.75,dynamic_1_5_p3_h1_3_6_12_s0_75,dynamic:1.5,False,False,highs
milp_h3,26,44.952908544614914,134.85872563384473,89.90581708922981,6,213,0.8040092975341964,11.595197499962524,40.26110243042543,1.5495376333884252,3,0.75,dynamic_1_5_p3_h1_3_6_12_s0_75,dynamic:1.5,False,False,highs
milp_h3,27,28.7868159537514,86.3604478612542,57.5736319075028,4,261,0.9963577508405411,13.332229400097276,46.29246319478221,-14.616554957475088,3,0.75,dynamic_1_5_p3_h1_3_6_12_s0_75,dynamic:1.5,False,False,highs
milp_h3,28,50.246691919987384,150.74007575996217,100.49338383997478,4,256,0.9978761800383453,13.662959799941746,47.440832638686615,6.8433210087608956,3,0.75,dynamic_1_5_p3_h1_3_6_12_s0_75,dynamic:1.5,False,False,highs
milp_h3,29,46.001818950474245,138.00545685142276,92.00363790094852,6,241,0.9983492858172547,12.617499499945552,43.81076215258872,2.5984480392477565,3,0.75,dynamic_1_5_p3_h1_3_6_12_s0_75,dynamic:1.5,False,False,highs
milp_h6,0,43.46606350739796,130.3981905221939,86.93212701479592,7,226,0.9966853459868179,15.87526839999191,55.12245972219413,0.06269259617147327,3,0.75,dynamic_1_5_p3_h1_3_6_12_s0_75,dynamic:1.5,False,False,highs
milp_h6,1,42.02784600332379,126.08353800997136,84.05569200664758,3,229,0.8712358850919592,17.22295010004018,59.801910069583954,-1.375524907902701,3,0.75,dynamic_1_5_p3_h1_3_6_12_s0_75,dynamic:1.5,False,False,highs
milp_h6,2,40.81029314820965,122.43087944462894,81.62058629641929,3,238,0.0,14.71458849994815,51.09232118037552,-2.5930777630168365,3,0.75,dynamic_1_5_p3_h1_3_6_12_s0_75,dynamic:1.5,False,False,highs
milp_h6,3,43.164240428308645,129.49272128492592,86.32848085661728,5,228,0.732698666317493,18.044663600070635,62.655081944689705,-0.23913048291784378,3,0.75,dynamic_1_5_p3_h1_3_6_12_s0_75,dynamic:1.5,False,False,highs
milp_h6,4,46.1844337787479,138.55330133624372,92.36886755749582,7,232,0.6013073650100934,15.397983000148088,53.4652187505142,2.7810628675214133,3,0.75,dynamic_1_5_p3_h1_3_6_12_s0_75,dynamic:1.5,False,False,highs
milp_h6,5,40.34420392500857,121.03261177502571,80.68840785001714,8,247,0.9813844611209399,8.086940500172204,28.07965451448682,-3.0591669862179174,3,0.75,dynamic_1_5_p3_h1_3_6_12_s0_75,dynamic:1.5,False,False,highs
milp_h6,6,44.87012530056137,134.61037590168414,89.74025060112277,4,275,0.9980650508423008,8.543667700039805,29.665512847360432,1.4667543893348807,3,0.75,dynamic_1_5_p3_h1_3_6_12_s0_75,dynamic:1.5,False,False,highs
milp_h6,7,33.170124499127255,99.51037349738179,66.34024899825454,2,225,0.9988277303885613,8.156919399771141,28.322636804760904,-10.233246412099234,3,0.75,dynamic_1_5_p3_h1_3_6_12_s0_75,dynamic:1.5,False,False,highs
milp_h6,8,39.79777980670332,119.39333942010997,79.59555961340665,8,238,0.8684834371829417,8.221770399919478,28.547813888609298,-3.605591104523171,3,0.75,dynamic_1_5_p3_h1_3_6_12_s0_75,dynamic:1.5,False,False,highs
milp_h6,9,50.44316453573602,151.3294936072081,100.88632907147208,8,260,0.42021579838697115,9.83040720007557,34.13335833359573,7.039793624509528,3,0.75,dynamic_1_5_p3_h1_3_6_12_s0_75,dynamic:1.5,False,False,highs
milp_h6,10,56.56126321566602,169.68378964699804,113.12252643133202,7,231,0.9988523000722053,8.555109499953687,29.705241319283637,13.157892304439528,3,0.75,dynamic_1_5_p3_h1_3_6_12_s0_75,dynamic:1.5,False,False,highs
milp_h6,11,43.99302613685526,131.97907841056582,87.98605227371056,7,207,0.998420157710677,9.545943000091938,33.1456354169859,0.5896552256287748,3,0.75,dynamic_1_5_p3_h1_3_6_12_s0_75,dynamic:1.5,False,False,highs
milp_h6,12,43.691585480421764,131.07475644126532,87.38317096084356,5,245,0.9982541016213091,8.467038099930505,29.39943784698092,0.28821456919527577,3,0.75,dynamic_1_5_p3_h1_3_6_12_s0_75,dynamic:1.5,False,False,highs
milp_h6,13,43.063737891862786,129.19121367558836,86.12747578372557,5,223,0.6468153264264596,9.33018009980151,32.396458679866356,-0.3396330193637027,3,0.75,dynamic_1_5_p3_h1_3_6_12_s0_75,dynamic:1.5,False,False,highs
milp_h6,14,44.85201342875759,134.55604028627275,89.70402685751516,10,246,0.8598917364473518,13.210692499924335,45.87046006918172,1.4486425175310984,3,0.75,dynamic_1_5_p3_h1_3_6_12_s0_75,dynamic:1.5,False,False,highs
milp_h6,15,41.190435217693434,123.57130565308032,82.38087043538688,3,227,0.9967226941748512,16.663098800068838,57.857981944683466,-2.212935693533055,3,0.75,dynamic_1_5_p3_h1_3_6_12_s0_75,dynamic:1.5,False,False,highs
milp_h6,16,45.31130943658451,135.93392830975353,90.62261887316902,7,228,0.997830248039177,10.064363100100309,34.94570520868163,1.9079385253580199,3,0.75,dynamic_1_5_p3_h1_3_6_12_s0_75,dynamic:1.5,False,False,highs
milp_h6,17,50.53354160139959,151.60062480419873,101.06708320279914,4,237,0.9990703789618207,14.391167199937627,49.969330555338985,7.130170690173102,3,0.75,dynamic_1_5_p3_h1_3_6_12_s0_75,dynamic:1.5,False,False,highs
milp_h6,18,29.443988600932066,88.33196580279618,58.88797720186411,7,236,0.9030672337453538,13.87427199985541,48.1745555550535,-13.959382310294423,3,0.75,dynamic_1_5_p3_h1_3_6_12_s0_75,dynamic:1.5,False,False,highs
milp_h6,19,44.80836839973925,134.42510519921777,89.61673679947852,4,203,0.9967712429776318,17.952315100104897,62.33442743091978,1.4049974885127625,3,0.75,dynamic_1_5_p3_h1_3_6_12_s0_75,dynamic:1.5,False,False,highs
milp_h6,20,33.42337772902101,100.27013318706302,66.84675545804201,8,240,0.998041604895468,14.343542500035255,49.803967014011306,-9.979993182205476,3,0.75,dynamic_1_5_p3_h1_3_6_12_s0_75,dynamic:1.5,False,False,highs
milp_h6,21,51.10378551619746,153.3113565485924,102.20757103239495,6,239,0.9990790127805743,15.576927799847908,54.086554860583014,7.700414604970973,3,0.75,dynamic_1_5_p3_h1_3_6_12_s0_75,dynamic:1.5,False,False,highs
milp_h6,22,34.22264591418207,102.66793774254619,68.44529182836412,7,242,0.9984830950426391,16.90178219990048,58.68674374965445,-9.180724997044422,3,0.75,dynamic_1_5_p3_h1_3_6_12_s0_75,dynamic:1.5,False,False,highs
milp_h6,23,40.90245174989103,122.7073552496731,81.80490349978207,5,246,0.8649935318464094,19.29736639992916,67.00474444419848,-2.50091916133546,3,0.75,dynamic_1_5_p3_h1_3_6_12_s0_75,dynamic:1.5,False,False,highs
milp_h6,24,43.90983062982558,131.72949188947675,87.81966125965117,5,241,0.4810279057557638,17.837234999926295,61.93484374974408,0.5064597185990891,3,0.75,dynamic_1_5_p3_h1_3_6_12_s0_75,dynamic:1.5,False,False,highs
milp_h6,25,60.50464249551294,181.51392748653885,121.00928499102591,4,247,0.9964332139517516,16.512875899861683,57.33637465229751,17.10127158428645,3,0.75,dynamic_1_5_p3_h1_3_6_12_s0_75,dynamic:1.5,False,False,highs
milp_h6,26,44.952908544614914,134.85872563384473,89.90581708922981,6,213,0.8040092975341964,16.398861200010288,56.940490277813495,1.5495376333884252,3,0.75,dynamic_1_5_p3_h1_3_6_12_s0_75,dynamic:1.5,False,False,highs
milp_h6,27,28.7868159537514,86.3604478612542,57.5736319075028,4,261,0.9963577508405411,18.89153590024216,65.59561076472973,-14.616554957475088,3,0.75,dynamic_1_5_p3_h1_3_6_12_s0_75,dynamic:1.5,False,False,highs
milp_h6,28,50.246691919987384,150.74007575996217,100.49338383997478,4,256,0.9978761800383453,18.246488799981307,63.35586388882398,6.8433210087608956,3,0.75,dynamic_1_5_p3_h1_3_6_12_s0_75,dynamic:1.5,False,False,highs
milp_h6,29,46.001818950474245,138.00545685142276,92.00363790094852,6,241,0.9983492858172547,16.537144599933526,57.42064097199141,2.5984480392477565,3,0.75,dynamic_1_5_p3_h1_3_6_12_s0_75,dynamic:1.5,False,False,highs
milp_h12,0,43.46606350739796,130.3981905221939,86.93212701479592,7,226,0.996276469289208,23.00628159986809,79.8829222217642,0.06269259617147327,3,0.75,dynamic_1_5_p3_h1_3_6_12_s0_75,dynamic:1.5,False,False,highs
milp_h12,1,42.02784600332379,126.08353800997136,84.05569200664758,3,229,0.8712358850919592,26.19623440002033,90.95914722229281,-1.375524907902701,3,0.75,dynamic_1_5_p3_h1_3_6_12_s0_75,dynamic:1.5,False,False,highs
milp_h12,2,40.81029314820965,122.43087944462894,81.62058629641929,3,238,0.0,23.420494000049075,81.32115972239262,-2.5930777630168365,3,0.75,dynamic_1_5_p3_h1_3_6_12_s0_75,dynamic:1.5,False,False,highs
milp_h12,3,43.16424042830863,129.49272128492592,86.32848085661729,6,227,0.9978716185517859,19.33500599996478,67.1354374998777,-0.239130482917858,3,0.75,dynamic_1_5_p3_h1_3_6_12_s0_75,dynamic:1.5,False,False,highs
milp_h12,4,46.1844337787479,138.55330133624372,92.36886755749582,7,232,0.6013073650100934,21.132273200229974,73.37594861190964,2.7810628675214133,3,0.75,dynamic_1_5_p3_h1_3_6_12_s0_75,dynamic:1.5,False,False,highs
milp_h12,5,40.34420392500857,121.03261177502571,80.68840785001714,9,245,0.9892522322742475,16.06068660011806,55.7662729170766,-3.0591669862179174,3,0.75,dynamic_1_5_p3_h1_3_6_12_s0_75,dynamic:1.5,False,False,highs
milp_h12,6,44.87012530056137,134.61037590168414,89.74025060112277,4,275,0.9980650508423008,19.836770499823615,68.87767534660978,1.4667543893348807,3,0.75,dynamic_1_5_p3_h1_3_6_12_s0_75,dynamic:1.5,False,False,highs
milp_h12,7,33.170124499127255,99.51037349738179,66.34024899825454,2,225,0.9988277303885613,18.623432800101,64.66469722257291,-10.233246412099234,3,0.75,dynamic_1_5_p3_h1_3_6_12_s0_75,dynamic:1.5,False,False,highs
milp_h12,8,39.79777980670332,119.39333942010997,79.59555961340665,8,238,0.8684834371829417,18.082092700031353,62.78504409733109,-3.605591104523171,3,0.75,dynamic_1_5_p3_h1_3_6_12_s0_75,dynamic:1.5,False,False,highs
milp_h12,9,50.44316453573602,151.3294936072081,100.88632907147208,9,258,0.42021579838697115,22.63010900026711,78.57676736203858,7.039793624509528,3,0.75,dynamic_1_5_p3_h1_3_6_12_s0_75,dynamic:1.5,False,False,highs
milp_h12,10,56.56126321566603,169.68378964699804,113.122526431332,7,231,0.9988523000722053,20.246731900246232,70.30115243141053,13.157892304439542,3,0.75,dynamic_1_5_p3_h1_3_6_12_s0_75,dynamic:1.5,False,False,highs
milp_h12,11,43.99302613685529,131.97907841056585,87.98605227371056,7,207,0.9980815110650993,21.32609800004866,74.04895138905785,0.5896552256288032,3,0.75,dynamic_1_5_p3_h1_3_6_12_s0_75,dynamic:1.5,False,False,highs
milp_h12,12,43.691585480421764,131.07475644126532,87.38317096084356,5,245,0.9982541016213091,19.542337099963333,67.85533715265046,0.28821456919527577,3,0.75,dynamic_1_5_p3_h1_3_6_12_s0_75,dynamic:1.5,False,False,highs
milp_h12,13,43.063737891862786,129.19121367558836,86.12747578372557,6,222,0.7591574133371225,19.835418899863726,68.8729822911935,-0.3396330193637027,3,0.75,dynamic_1_5_p3_h1_3_6_12_s0_75,dynamic:1.5,False,False,highs
milp_h12,14,44.85201342875759,134.55604028627275,89.70402685751516,10,246,0.8598917364473518,17.991573000021162,62.47073958340681,1.4486425175310984,3,0.75,dynamic_1_5_p3_h1_3_6_12_s0_75,dynamic:1.5,False,False,highs
milp_h12,15,41.190435217693434,123.57130565308032,82.38087043538688,3,227,0.9967226941748512,24.452897200084408,84.90589305584864,-2.212935693533055,3,0.75,dynamic_1_5_p3_h1_3_6_12_s0_75,dynamic:1.5,False,False,highs
milp_h12,16,45.31130943658451,135.93392830975353,90.62261887316902,7,228,0.997830248039177,14.809131499976502,51.42059548602952,1.9079385253580199,3,0.75,dynamic_1_5_p3_h1_3_6_12_s0_75,dynamic:1.5,False,False,highs
milp_h12,17,50.53354160139959,151.60062480419873,101.06708320279914,4,237,0.9990703789618207,19.842387200027588,68.89717777787357,7.130170690173102,3,0.75,dynamic_1_5_p3_h1_3_6_12_s0_75,dynamic:1.5,False,False,highs
milp_h12,18,29.443988600932066,88.33196580279618,58.88797720186411,7,236,0.9030672337453538,17.282738699985202,60.00950937494862,-13.959382310294423,3,0.75,dynamic_1_5_p3_h1_3_6_12_s0_75,dynamic:1.5,False,False,highs
milp_h12,19,44.80836839973925,134.42510519921777,89.61673679947852,6,201,0.9978205068957623,22.61039340008574,78.50831041696438,1.4049974885127625,3,0.75,dynamic_1_5_p3_h1_3_6_12_s0_75,dynamic:1.5,False,False,highs
milp_h12,20,33.42337772902101,100.27013318706302,66.84675545804201,6,242,0.9977933212078837,21.443430099854595,74.45635451338401,-9.979993182205476,3,0.75,dynamic_1_5_p3_h1_3_6_12_s0_75,dynamic:1.5,False,False,highs
milp_h12,21,51.10378551619746,153.3113565485924,102.20757103239495,6,239,0.9990790127805743,19.960349700049846,69.30676979183974,7.700414604970973,3,0.75,dynamic_1_5_p3_h1_3_6_12_s0_75,dynamic:1.5,False,False,highs
milp_h12,22,34.22264591418207,102.66793774254619,68.44529182836412,6,243,0.7942629555707477,21.249607900113915,73.78336076428442,-9.180724997044422,3,0.75,dynamic_1_5_p3_h1_3_6_12_s0_75,dynamic:1.5,False,False,highs
milp_h12,23,40.90245174989103,122.7073552496731,81.80490349978207,8,242,0.5281686107724123,23.68721720011672,82.24728194484972,-2.50091916133546,3,0.75,dynamic_1_5_p3_h1_3_6_12_s0_75,dynamic:1.5,False,False,highs
milp_h12,24,43.90983062982558,131.72949188947675,87.81966125965117,5,241,0.4810279057557638,22.54854899995553,78.29357291651225,0.5064597185990891,3,0.75,dynamic_1_5_p3_h1_3_6_12_s0_75,dynamic:1.5,False,False,highs
milp_h12,25,60.50464249551294,181.51392748653885,121.00928499102591,5,246,0.9964332139517516,20.369155899985344,70.726235763838,17.10127158428645,3,0.75,dynamic_1_5_p3_h1_3_6_12_s0_75,dynamic:1.5,False,False,highs
milp_h12,26,44.952908544614885,134.8587256338447,89.90581708922981,6,213,0.8040092975341964,21.189006799992057,73.5729402777502,1.5495376333883968,3,0.75,dynamic_1_5_p3_h1_3_6_12_s0_75,dynamic:1.5,False,False,highs
milp_h12,27,28.7868159537514,86.3604478612542,57.5736319075028,5,260,0.9963577508405411,22.50509830006922,78.14270243079591,-14.616554957475088,3,0.75,dynamic_1_5_p3_h1_3_6_12_s0_75,dynamic:1.5,False,False,highs
milp_h12,28,50.246691919987384,150.74007575996217,100.49338383997478,4,256,0.9978761800383453,24.3118276999885,84.41606840273784,6.8433210087608956,3,0.75,dynamic_1_5_p3_h1_3_6_12_s0_75,dynamic:1.5,False,False,highs
milp_h12,29,46.001818950474245,138.00545685142276,92.00363790094852,6,241,0.9983492858172547,20.914186800058815,72.61870416687088,2.5984480392477565,3,0.75,dynamic_1_5_p3_h1_3_6_12_s0_75,dynamic:1.5,False,False,highs
equal_share,0,43.18847834806155,129.56543504418465,86.3769566961231,12,221,0.9118603729394342,0.004976499956683256,0.017279513738483528,-0.21489256316493766,3,0.75,dynamic_1_5_p3_h1_3_6_12_s0_75,dynamic:1.5,False,False,highs
equal_share,1,41.537884458084775,124.61365337425435,83.07576891616958,6,226,0.8691192438862833,0.004540300113148987,0.015764930948433984,-1.8654864531417132,3,0.75,dynamic_1_5_p3_h1_3_6_12_s0_75,dynamic:1.5,False,False,highs
equal_share,2,27.465527445545725,82.39658233663717,54.93105489109144,2,239,0.9971375170778302,0.004405899919220246,0.015298263608403632,-15.937843465680764,3,0.75,dynamic_1_5_p3_h1_3_6_12_s0_75,dynamic:1.5,False,False,highs
equal_share,3,31.397255769965696,94.19176730989709,62.79451153993139,4,229,0.998714443990122,0.004581400004099123,0.015907638903121954,-12.006115141260793,3,0.75,dynamic_1_5_p3_h1_3_6_12_s0_75,dynamic:1.5,False,False,highs
equal_share,4,44.363663473476365,133.09099042042908,88.72732694695272,7,232,0.9980161990099758,0.004841200017835945,0.016809722284152586,0.9602925622498759,3,0.75,dynamic_1_5_p3_h1_3_6_12_s0_75,dynamic:1.5,False,False,highs
equal_share,5,38.1340680817096,114.4022042451288,76.2681361634192,8,246,0.9982623018400633,0.004657500045141205,0.016171875156740297,-5.269302829516889,3,0.75,dynamic_1_5_p3_h1_3_6_12_s0_75,dynamic:1.5,False,False,highs
equal_share,6,34.809314853811486,104.42794456143449,69.618629707623,2,277,0.993884117959231,0.004681600097683258,0.016255555894733535,-8.594056057415003,3,0.75,dynamic_1_5_p3_h1_3_6_12_s0_75,dynamic:1.5,False,False,highs
equal_share,7,29.661736354542462,88.9852090636274,59.32347270908493,8,219,0.6567337023809282,0.004166100043221377,0.014465625150074225,-13.741634556684026,3,0.75,dynamic_1_5_p3_h1_3_6_12_s0_75,dynamic:1.5,False,False,highs
equal_share,8,35.66135585230951,106.98406755692851,71.322711704619,4,242,0.9982152573520136,0.004127600113861263,0.014331944839796051,-7.7420150589169765,3,0.75,dynamic_1_5_p3_h1_3_6_12_s0_75,dynamic:1.5,False,False,highs
equal_share,9,38.66951904567439,116.00855713702319,77.3390380913488,5,262,0.8973252636991397,0.004635799850802869,0.016096527259732183,-4.733851865552097,3,0.75,dynamic_1_5_p3_h1_3_6_12_s0_75,dynamic:1.5,False,False,highs
equal_share,10,49.63734718756447,148.91204156269342,99.27469437512895,7,231,0.6602371159375615,0.004733300011139363,0.01643506948312279,6.233976276337984,3,0.75,dynamic_1_5_p3_h1_3_6_12_s0_75,dynamic:1.5,False,False,highs
equal_share,11,32.987923637085714,98.96377091125713,65.97584727417141,5,209,0.9926786947114994,0.004655099954106845,0.016163541507315433,-10.415447274140774,3,0.75,dynamic_1_5_p3_h1_3_6_12_s0_75,dynamic:1.5,False,False,highs
equal_share,12,39.63972027407928,118.91916082223784,79.27944054815856,6,244,0.7280612301988748,0.004521999959251843,0.015701388747402234,-3.763650637147208,3,0.75,dynamic_1_5_p3_h1_3_6_12_s0_75,dynamic:1.5,False,False,highs
equal_share,13,35.393177407022435,106.17953222106733,70.7863548140449,3,225,0.9982905410480238,0.005270399997243658,0.018299999990429368,-8.010193504204054,3,0.75,dynamic_1_5_p3_h1_3_6_12_s0_75,dynamic:1.5,False,False,highs
equal_share,14,42.24088004489417,126.72264013468248,84.48176008978831,12,244,0.8030984162099782,0.004702499776612967,0.01632812422435058,-1.1624908663323197,3,0.75,dynamic_1_5_p3_h1_3_6_12_s0_75,dynamic:1.5,False,False,highs
equal_share,15,34.852422024586076,104.55726607375823,69.70484404917215,4,226,0.9974141575247201,0.004867400013608858,0.016900694491697423,-8.550948886640413,3,0.75,dynamic_1_5_p3_h1_3_6_12_s0_75,dynamic:1.5,False,False,highs
equal_share,16,33.902840938844136,101.70852281653241,67.80568187768827,4,231,0.9967470827509537,0.004418699914822355,0.015342708037577622,-9.500529972382353,3,0.75,dynamic_1_5_p3_h1_3_6_12_s0_75,dynamic:1.5,False,False,highs
equal_share,17,50.29357713212511,150.88073139637532,100.58715426425022,8,234,0.8222297344216317,0.004829099896596745,0.016767707974294253,6.8902062208986194,3,0.75,dynamic_1_5_p3_h1_3_6_12_s0_75,dynamic:1.5,False,False,highs
equal_share,18,29.29351542982039,87.88054628946117,58.58703085964078,9,234,0.9173485516139731,0.004888499926892109,0.01697395807948649,-14.1098554814061,3,0.75,dynamic_1_5_p3_h1_3_6_12_s0_75,dynamic:1.5,False,False,highs
equal_share,19,35.34499073171253,106.03497219513757,70.68998146342504,7,200,0.998122286739428,0.00470109999878332,0.016323263884664305,-8.05838017951396,3,0.75,dynamic_1_5_p3_h1_3_6_12_s0_75,dynamic:1.5,False,False,highs
equal_share,20,24.613533319129566,73.84059995738872,49.22706663825915,6,242,0.794673536035874,0.004537400061963126,0.015754861326260854,-18.789837592096923,3,0.75,dynamic_1_5_p3_h1_3_6_12_s0_75,dynamic:1.5,False,False,highs
equal_share,21,42.12445676417697,126.37337029253091,84.24891352835394,8,237,0.9464289689544213,0.004151800138060935,0.014415972701600468,-1.2789141470495196,3,0.75,dynamic_1_5_p3_h1_3_6_12_s0_75,dynamic:1.5,False,False,highs
equal_share,22,17.9477302003233,53.84319060096991,35.89546040064661,2,247,0.0,0.00446969989570789,0.015519791304541286,-25.45564071090319,3,0.75,dynamic_1_5_p3_h1_3_6_12_s0_75,dynamic:1.5,False,False,highs
equal_share,23,25.72798677369716,77.18396032109148,51.455973547394315,3,247,0.733155195611253,0.004634000244550407,0.016090278626911134,-17.675384137529328,3,0.75,dynamic_1_5_p3_h1_3_6_12_s0_75,dynamic:1.5,False,False,highs
equal_share,24,23.31837772264482,69.95513316793445,46.63675544528963,3,243,0.45049000934757205,0.003051100269658491,0.010594098158536427,-20.08499318858167,3,0.75,dynamic_1_5_p3_h1_3_6_12_s0_75,dynamic:1.5,False,False,highs
equal_share,25,45.07306651199575,135.21919953598726,90.14613302399151,4,247,0.9967111923405211,0.002476900044712238,0.008600347377473049,1.6696956007692592,3,0.75,dynamic_1_5_p3_h1_3_6_12_s0_75,dynamic:1.5,False,False,highs
equal_share,26,39.1645222684738,117.4935668054214,78.32904453694759,6,213,0.9968188791581767,0.0023095000942703336,0.00801909754954977,-4.238848642752686,3,0.75,dynamic_1_5_p3_h1_3_6_12_s0_75,dynamic:1.5,False,False,highs
equal_share,27,16.114696225267316,48.344088675801956,32.22939245053464,2,263,0.9957728048252564,0.0022355999099090695,0.0077624996871842695,-27.288674685959172,3,0.75,dynamic_1_5_p3_h1_3_6_12_s0_75,dynamic:1.5,False,False,highs
equal_share,28,41.4196554898696,124.25896646960881,82.83931097973921,6,254,0.9950110348055351,0.0023393000883515924,0.008122569751220807,-1.9837154213568908,3,0.75,dynamic_1_5_p3_h1_3_6_12_s0_75,dynamic:1.5,False,False,highs
equal_share,29,34.37140480803407,103.11421442410223,68.74280961606816,5,242,0.9963589204065066,0.002218299967353232,0.007702430442198723,-9.031966103192417,3,0.75,dynamic_1_5_p3_h1_3_6_12_s0_75,dynamic:1.5,False,False,highs
max_charge,0,43.46606350739795,130.39819052219386,86.93212701479591,12,221,0.9118603729394342,0.0011160998838022351,0.003875346818757761,0.06269259617145906,3,0.75,dynamic_1_5_p3_h1_3_6_12_s0_75,dynamic:1.5,False,False,highs
max_charge,1,42.02784600332377,126.08353800997133,84.05569200664756,7,225,0.8691192438862833,0.000985799852060154,0.003422916152986646,-1.3755249079027152,3,0.75,dynamic_1_5_p3_h1_3_6_12_s0_75,dynamic:1.5,False,False,highs
max_charge,2,40.81029314820964,122.43087944462891,81.62058629641928,6,235,0.9967316869434796,0.0010875000734813511,0.003776041921810247,-2.5930777630168507,3,0.75,dynamic_1_5_p3_h1_3_6_12_s0_75,dynamic:1.5,False,False,highs
max_charge,3,43.16424042830863,129.4927212849259,86.32848085661726,9,224,0.9989341703663053,0.0009428998891962692,0.003273957948598157,-0.239130482917858,3,0.75,dynamic_1_5_p3_h1_3_6_12_s0_75,dynamic:1.5,False,False,highs
max_charge,4,46.18443377874789,138.5533013362437,92.3688675574958,8,231,0.9980161990099758,0.000963199810939841,0.003344443787985559,2.781062867521399,3,0.75,dynamic_1_5_p3_h1_3_6_12_s0_75,dynamic:1.5,False,False,highs
max_charge,5,40.34420392500857,121.03261177502569,80.68840785001711,9,245,0.9982623018400633,0.0009670001891208813,0.0033576395455586156,-3.0591669862179174,3,0.75,dynamic_1_5_p3_h1_3_6_12_s0_75,dynamic:1.5,False,False,highs
max_charge,6,44.870125300561355,134.6103759016841,89.74025060112275,6,273,0.9969628963758547,0.0009581000340403989,0.0033267362293069405,1.4667543893348665,3,0.75,dynamic_1_5_p3_h1_3_6_12_s0_75,dynamic:1.5,False,False,highs
max_charge,7,33.17012449912727,99.51037349738178,66.34024899825451,9,218,0.6567337023809282,0.0009682000236352906,0.0033618056376225366,-10.23324641209922,3,0.75,dynamic_1_5_p3_h1_3_6_12_s0_75,dynamic:1.5,False,False,highs
max_charge,8,39.7977798067033,119.39333942010994,79.59555961340664,7,239,0.9736316437807876,0.0009779001265997067,0.0033954865506934263,-3.605591104523185,3,0.75,dynamic_1_5_p3_h1_3_6_12_s0_75,dynamic:1.5,False,False,highs
max_charge,9,50.443164535736,151.32949360720806,100.88632907147206,8,259,0.9372334397529081,0.0009849001799011603,0.003419792291323473,7.039793624509514,3,0.75,dynamic_1_5_p3_h1_3_6_12_s0_75,dynamic:1.5,False,False,highs
max_charge,10,56.572177090744134,169.71653127223246,113.14435418148832,9,229,0.6602371159375615,0.0010128001449629664,0.0035166671700103003,13.168806179517645,3,0.75,dynamic_1_5_p3_h1_3_6_12_s0_75,dynamic:1.5,False,False,highs
max_charge,11,43.99302613685528,131.97907841056582,87.98605227371054,8,206,0.9926786947114994,0.0009679999493528157,0.0033611109352528323,0.589655225628789,3,0.75,dynamic_1_5_p3_h1_3_6_12_s0_75,dynamic:1.5,False,False,highs
max_charge,12,43.691585480421764,131.0747564412653,87.38317096084353,7,243,0.7280612301988748,0.0009861000289674848,0.003423958433914878,0.28821456919527577,3,0.75,dynamic_1_5_p3_h1_3_6_12_s0_75,dynamic:1.5,False,False,highs
max_charge,13,43.063737891862786,129.19121367558833,86.12747578372554,7,221,0.5904989818913529,0.0010241999407298863,0.003556249794200994,-0.3396330193637027,3,0.75,dynamic_1_5_p3_h1_3_6_12_s0_75,dynamic:1.5,False,False,highs
max_charge,14,44.99151352023084,134.9745405606925,89.98302704046166,13,243,0.8030984162099782,0.000968299966189079,0.0033621526603787467,1.5881426090043504,3,0.75,dynamic_1_5_p3_h1_3_6_12_s0_75,dynamic:1.5,False,False,highs
max_charge,15,41.190435217693434,123.5713056530803,82.38087043538687,7,223,0.9977829033762877,0.0010209001484327018,0.0035447921820579925,-2.212935693533055,3,0.75,dynamic_1_5_p3_h1_3_6_12_s0_75,dynamic:1.5,False,False,highs
max_charge,16,45.466671934599674,136.400015803799,90.93334386919932,9,226,0.8215945727859278,0.0010895999585045502,0.0037833331892519104,2.063301023373185,3,0.75,dynamic_1_5_p3_h1_3_6_12_s0_75,dynamic:1.5,False,False,highs
max_charge,17,50.53354160139955,151.60062480419867,101.06708320279913,8,234,0.8222297344216317,0.0009714000043459237,0.0033729166817566794,7.13017069017306,3,0.75,dynamic_1_5_p3_h1_3_6_12_s0_75,dynamic:1.5,False,False,highs
max_charge,18,29.454488601349276,88.36346580404785,58.90897720269857,9,234,0.9173485516139731,0.0010490001004654914,0.003642361459949623,-13.948882309877213,3,0.75,dynamic_1_5_p3_h1_3_6_12_s0_75,dynamic:1.5,False,False,highs
max_charge,19,44.80059548318384,134.40178644955154,89.6011909663677,9,198,0.998122286739428,0.0009601001074770465,0.003333680928739745,1.3972245719573522,3,0.75,dynamic_1_5_p3_h1_3_6_12_s0_75,dynamic:1.5,False,False,highs
max_charge,20,33.42337772902101,100.27013318706301,66.846755458042,11,237,0.875540820624616,0.0009872999362414703,0.003428124778616216,-9.979993182205476,3,0.75,dynamic_1_5_p3_h1_3_6_12_s0_75,dynamic:1.5,False,False,highs
max_charge,21,51.12161393277344,153.36484179832036,102.24322786554691,10,235,0.9456450073071622,0.0010135000920854509,0.003519097541963371,7.718243021546954,3,0.75,dynamic_1_5_p3_h1_3_6_12_s0_75,dynamic:1.5,False,False,highs
max_charge,22,34.22264591418205,102.66793774254616,68.4452918283641,11,238,0.9982817409673239,0.000983699777862057,0.003415624228687698,-9.180724997044436,3,0.75,dynamic_1_5_p3_h1_3_6_12_s0_75,dynamic:1.5,False,False,highs
max_charge,23,40.90245174989103,122.70735524967309,81.80490349978206,7,244,0.8660128885234655,0.0009753998601809144,0.0033868050700726193,-2.50091916133546,3,0.75,dynamic_1_5_p3_h1_3_6_12_s0_75,dynamic:1.5,False,False,highs
max_charge,24,43.90211225512127,131.70633676536377,87.8042245102425,11,235,0.889072081432072,0.0010254000371787697,0.003560416795759617,0.4987413438947783,3,0.75,dynamic_1_5_p3_h1_3_6_12_s0_75,dynamic:1.5,False,False,highs
max_charge,25,60.50464249551294,181.51392748653882,121.00928499102588,7,244,0.9972127799195988,0.000982900004601106,0.003412847238198285,17.10127158428645,3,0.75,dynamic_1_5_p3_h1_3_6_12_s0_75,dynamic:1.5,False,False,highs
max_charge,26,44.952908544614914,134.8587256338447,89.90581708922979,8,211,0.9969981702011183,0.0009673999738879502,0.003359027687110938,1.5495376333884252,3,0.75,dynamic_1_5_p3_h1_3_6_12_s0_75,dynamic:1.5,False,False,highs
max_charge,27,28.786815953751393,86.36044786125419,57.573631907502794,10,255,0.9957728048252564,0.0010001001064665616,0.0034725698141200054,-14.616554957475095,3,0.75,dynamic_1_5_p3_h1_3_6_12_s0_75,dynamic:1.5,False,False,highs
max_charge,28,50.24669191998737,150.74007575996214,100.49338383997477,7,253,0.9950110348055351,0.0009832999057834968,0.003414235783970475,6.843321008760881,3,0.75,dynamic_1_5_p3_h1_3_6_12_s0_75,dynamic:1.5,False,False,highs
max_charge,29,46.001818950474245,138.00545685142274,92.00363790094849,8,239,0.8287147057275025,0.001022899930831045,0.003551735870941128,2.5984480392477565,3,0.75,dynamic_1_5_p3_h1_3_6_12_s0_75,dynamic:1.5,False,False,highs
random,0,41.690437892190445,125.07131367657134,83.38087578438089,8,225,0.998644613686003,0.009249400027329102,0.03211597231711494,-1.7129330190360434,3,0.75,dynamic_1_5_p3_h1_3_6_12_s0_75,dynamic:1.5,False,False,highs
random,1,39.83569334389257,119.50708003167769,79.67138668778512,7,225,0.8054901033431074,0.009498300132690929,0.03298020879406573,-3.5676775673339165,3,0.75,dynamic_1_5_p3_h1_3_6_12_s0_75,dynamic:1.5,False,False,highs
random,2,38.233142166369774,114.69942649910935,76.46628433273958,3,238,0.9990069094534333,0.008888699769158848,0.03086354086513489,-5.170228744856715,3,0.75,dynamic_1_5_p3_h1_3_6_12_s0_75,dynamic:1.5,False,False,highs
random,3,41.035458137920486,123.10637441376146,82.07091627584097,9,224,0.9953036472482509,0.00934540004527662,0.03244930571276604,-2.367912773306003,3,0.75,dynamic_1_5_p3_h1_3_6_12_s0_75,dynamic:1.5,False,False,highs
random,4,43.84542001612995,131.5362600483898,87.69084003225986,5,234,0.9988305832319542,0.008733499911613762,0.03032465247088112,0.44204910490346094,3,0.75,dynamic_1_5_p3_h1_3_6_12_s0_75,dynamic:1.5,False,False,highs
random,5,38.17420366567859,114.52261099703577,76.34840733135718,8,246,0.9980124207930148,0.007856399999582209,0.027279166665216,-5.229167245547899,3,0.75,dynamic_1_5_p3_h1_3_6_12_s0_75,dynamic:1.5,False,False,highs
random,6,42.35106153782941,127.05318461348824,84.70212307565883,4,275,0.9987323498756734,0.008803200180409476,0.03056666729308846,-1.0523093733970796,3,0.75,dynamic_1_5_p3_h1_3_6_12_s0_75,dynamic:1.5,False,False,highs
random,7,30.782406543752245,92.34721963125675,61.564813087504504,7,220,0.997558749081975,0.008708299981663004,0.03023715271410765,-12.620964367474244,3,0.75,dynamic_1_5_p3_h1_3_6_12_s0_75,dynamic:1.5,False,False,highs
random,8,37.56660780131513,112.69982340394539,75.13321560263026,7,239,0.9978444663103652,0.008997000215458684,0.03123958408145376,-5.8367631099113595,3,0.75,dynamic_1_5_p3_h1_3_6_12_s0_75,dynamic:1.5,False,False,highs
random,9,48.21823478126835,144.65470434380504,96.43646956253669,7,260,0.9325558579017494,0.008855599895468913,0.03074861074815595,4.814863870041862,3,0.75,dynamic_1_5_p3_h1_3_6_12_s0_75,dynamic:1.5,False,False,highs
random,10,54.14562345149403,162.4368703544821,108.29124690298806,9,229,0.9952926532672176,0.009240799976396374,0.032086111029154075,10.742252540267543,3,0.75,dynamic_1_5_p3_h1_3_6_12_s0_75,dynamic:1.5,False,False,highs
random,11,41.4850004261818,124.45500127854538,82.97000085236358,9,205,0.7140966505083606,0.009232199838152155,0.03205624943802832,-1.91837048504469,3,0.75,dynamic_1_5_p3_h1_3_6_12_s0_75,dynamic:1.5,False,False,highs
random,12,41.315737755563504,123.94721326669053,82.63147551112702,9,241,0.9358803818147803,0.009194499929435551,0.031925346977206774,-2.087633155662985,3,0.75,dynamic_1_5_p3_h1_3_6_12_s0_75,dynamic:1.5,False,False,highs
random,13,40.94425350253498,122.83276050760495,81.88850700506997,7,221,0.9972140580344736,0.0087297000864055,0.030311458633352432,-2.4591174086915117,3,0.75,dynamic_1_5_p3_h1_3_6_12_s0_75,dynamic:1.5,False,False,highs
random,14,43.289145107838536,129.86743532351565,86.57829021567711,11,245,0.9970651388251972,0.008789999948930927,0.03052083315601016,-0.11422580338795285,3,0.75,dynamic_1_5_p3_h1_3_6_12_s0_75,dynamic:1.5,False,False,highs
random,15,38.393762374262536,115.1812871227876,76.78752474852506,6,224,0.9970870690274223,0.008832500054268166,0.030668402966208912,-5.0096085369639525,3,0.75,dynamic_1_5_p3_h1_3_6_12_s0_75,dynamic:1.5,False,False,highs
random,16,44.004446556616145,132.01333966984842,88.00889311323228,7,228,0.9949652161332195,0.008556499931728467,0.029710069207390513,0.6010756453896562,3,0.75,dynamic_1_5_p3_h1_3_6_12_s0_75,dynamic:1.5,False,False,highs
random,17,47.87243751861614,143.61731255584837,95.74487503723223,9,232,0.9985369291427747,0.00907839996216353,0.03152222209084559,4.4690666073896494,3,0.75,dynamic_1_5_p3_h1_3_6_12_s0_75,dynamic:1.5,False,False,highs
random,18,27.738329487192154,83.21498846157645,55.4766589743843,8,235,0.8987460239332951,0.009286100001190789,0.03224340278191246,-15.665041424034335,3,0.75,dynamic_1_5_p3_h1_3_6_12_s0_75,dynamic:1.5,False,False,highs
random,19,42.433049849025195,127.29914954707559,84.86609969805039,5,202,0.9969060583301432,0.009368200146127492,0.03252847272960935,-0.9703210622012932,3,0.75,dynamic_1_5_p3_h1_3_6_12_s0_75,dynamic:1.5,False,False,highs
random,20,31.456311738545416,94.36893521563623,62.91262347709081,6,242,0.9979569709816272,0.009387500045704655,0.03259548626980783,-11.947059172681072,3,0.75,dynamic_1_5_p3_h1_3_6_12_s0_75,dynamic:1.5,False,False,highs
random,21,48.18993391299453,144.5698017389836,96.37986782598908,8,237,0.8629612323661969,0.008910100019420497,0.030937847289654503,4.7865630017680445,3,0.75,dynamic_1_5_p3_h1_3_6_12_s0_75,dynamic:1.5,False,False,highs
random,22,32.500699772943534,97.50209931883062,65.00139954588708,14,235,0.8323212279074065,0.009111199906328693,0.031636110785863515,-10.902671138282955,3,0.75,dynamic_1_5_p3_h1_3_6_12_s0_75,dynamic:1.5,False,False,highs
random,23,38.936288443228435,116.80886532968532,77.87257688645688,8,242,0.8864394003890389,0.009278699973947369,0.03221770824287281,-4.467082467998054,3,0.75,dynamic_1_5_p3_h1_3_6_12_s0_75,dynamic:1.5,False,False,highs
random,24,41.82705980471316,125.48117941413945,83.65411960942629,9,237,0.8127533699496282,0.00876900008006487,0.030447916944669688,-1.5763111065133302,3,0.75,dynamic_1_5_p3_h1_3_6_12_s0_75,dynamic:1.5,False,False,highs
random,25,57.21975003432537,171.65925010297613,114.43950006865076,6,245,0.9922977217864477,0.009230100011336617,0.032048958372696584,13.816379123098883,3,0.75,dynamic_1_5_p3_h1_3_6_12_s0_75,dynamic:1.5,False,False,highs
random,26,41.88273765186486,125.64821295559459,83.76547530372973,6,213,0.9975416453636601,0.009026899962918833,0.03134340264902372,-1.520633259361631,3,0.75,dynamic_1_5_p3_h1_3_6_12_s0_75,dynamic:1.5,False,False,highs
random,27,27.123453001484123,81.37035900445237,54.246906002968245,9,256,0.9959570290889994,0.009109000049647875,0.031628472394610675,-16.279917909742366,3,0.75,dynamic_1_5_p3_h1_3_6_12_s0_75,dynamic:1.5,False,False,highs
random,28,48.024404730280764,144.07321419084226,96.0488094605615,6,254,0.9971881370347253,0.008949499853770249,0.031074652270035585,4.621033819054276,3,0.75,dynamic_1_5_p3_h1_3_6_12_s0_75,dynamic:1.5,False,False,highs
random,29,43.72076720279543,131.16230160838631,87.44153440559089,7,240,0.9976228798630329,0.008647000096971169,0.030024305892261002,0.3173962915689401,3,0.75,dynamic_1_5_p3_h1_3_6_12_s0_75,dynamic:1.5,False,False,highs
milp_h1,0,86.59282918473082,259.7784875541925,173.1856583694617,12,218,0.8545662654228252,3.381676899996819,11.741933680544511,0.10457934372952593,6,0.75,dynamic_1_5_p6_h1_3_6_12_s0_75,dynamic:1.5,False,False,highs
milp_h1,1,83.87655850499868,251.62967551499602,167.75311700999734,14,215,0.9984388317383187,3.277896999847144,11.381586805024805,-2.6116913360026075,6,0.75,dynamic_1_5_p6_h1_3_6_12_s0_75,dynamic:1.5,False,False,highs
milp_h1,2,81.41106928537289,244.23320785611867,162.82213857074578,14,224,0.9858824081810093,3.3502978002943564,11.632978473244293,-5.077180555628402,6,0.75,dynamic_1_5_p6_h1_3_6_12_s0_75,dynamic:1.5,False,False,highs
milp_h1,3,86.02893835877376,258.08681507632133,172.05787671754757,18,213,0.9790939699214489,3.551907200278947,12.333011112079678,-0.45931148222753393,6,0.75,dynamic_1_5_p6_h1_3_6_12_s0_75,dynamic:1.5,False,False,highs
milp_h1,4,92.32100505828856,276.9630151748657,184.64201011657713,15,221,0.8338601655549072,3.614042200089898,12.548757639201035,5.832755217287271,6,0.75,dynamic_1_5_p6_h1_3_6_12_s0_75,dynamic:1.5,False,False,highs
milp_h1,5,80.52716093957423,241.5814828187227,161.05432187914846,15,236,0.7390756460118274,3.293476299586473,11.435681595786365,-5.961088901427061,6,0.75,dynamic_1_5_p6_h1_3_6_12_s0_75,dynamic:1.5,False,False,highs
milp_h1,6,88.93866059184077,266.81598177552223,177.87732118368146,17,259,0.951024465137095,3.31077109996113,11.495732985976145,2.450410750839481,6,0.75,dynamic_1_5_p6_h1_3_6_12_s0_75,dynamic:1.5,False,False,highs
milp_h1,7,66.31154083187383,198.93462249562143,132.6230816637476,14,210,0.9991695227377593,3.249521000048844,11.283059027947376,-20.176709009127464,6,0.75,dynamic_1_5_p6_h1_3_6_12_s0_75,dynamic:1.5,False,False,highs
milp_h1,8,78.98824878707526,236.96474636122582,157.97649757415056,15,228,0.9044845670846642,3.3676320998056326,11.693167013214001,-7.500001053926027,6,0.75,dynamic_1_5_p6_h1_3_6_12_s0_75,dynamic:1.5,False,False,highs
milp_h1,9,100.73427573119602,302.202827193588,201.46855146239199,22,242,0.868672577131201,3.30295220008702,11.468584028079931,14.24602589019473,6,0.75,dynamic_1_5_p6_h1_3_6_12_s0_75,dynamic:1.5,False,False,highs
milp_h1,10,112.75546418527765,338.26639255583285,225.5109283705552,14,221,0.8641279135711515,3.32986970001366,11.562047569491874,26.267214344276354,6,0.75,dynamic_1_5_p6_h1_3_6_12_s0_75,dynamic:1.5,False,False,highs
milp_h1,11,86.89026058986784,260.6707817696035,173.78052117973564,14,197,0.8884717119390204,3.2931976998515893,11.434714235595797,0.40201074886654453,6,0.75,dynamic_1_5_p6_h1_3_6_12_s0_75,dynamic:1.5,False,False,highs
milp_h1,12,86.97275029942392,260.91825089827176,173.94550059884784,15,234,0.8632259197859544,3.3060674999142066,11.479401041368773,0.48450045842263023,6,0.75,dynamic_1_5_p6_h1_3_6_12_s0_75,dynamic:1.5,False,False,highs
milp_h1,13,85.94878428181013,257.8463528454304,171.89756856362024,17,208,0.8014092440901988,3.300276600057259,11.459293750198817,-0.5394655591911572,6,0.75,dynamic_1_5_p6_h1_3_6_12_s0_75,dynamic:1.5,False,False,highs
milp_h1,14,89.8359248787165,269.5077746361494,179.6718497574329,16,237,0.9712972219978632,3.25914779966115,11.316485415490105,3.347675037715206,6,0.75,dynamic_1_5_p6_h1_3_6_12_s0_75,dynamic:1.5,False,False,highs
milp_h1,15,82.36874176872271,247.10622530616817,164.73748353744546,17,210,0.8983717966299397,3.2779878996661864,11.381902429396481,-4.1195080722785775,6,0.75,dynamic_1_5_p6_h1_3_6_12_s0_75,dynamic:1.5,False,False,highs
milp_h1,16,90.64553586418432,271.9366075925529,181.29107172836856,11,221,0.891751865685884,3.3001686001371127,11.458918750476085,4.157286023183033,6,0.75,dynamic_1_5_p6_h1_3_6_12_s0_75,dynamic:1.5,False,False,highs
milp_h1,17,99.9004485795895,299.7013457387685,199.80089715917902,14,224,0.8954662189417592,3.350136299908627,11.632417708016066,13.412198738588202,6,0.75,dynamic_1_5_p6_h1_3_6_12_s0_75,dynamic:1.5,False,False,highs
milp_h1,18,58.62193629269797,175.86580887809393,117.24387258539596,18,222,0.7977059203365043,3.2787504000007175,11.384550000002491,-27.866313548303324,6,0.75,dynamic_1_5_p6_h1_3_6_12_s0_75,dynamic:1.5,False,False,highs
milp_h1,19,88.86620345711705,266.5986103713512,177.73240691423413,11,193,0.8223614381402958,3.274152100086212,11.368583680854904,2.377953616115761,6,0.75,dynamic_1_5_p6_h1_3_6_12_s0_75,dynamic:1.5,False,False,highs
milp_h1,20,66.47953946702182,199.43861840106544,132.95907893404362,21,224,0.9100969763488677,3.273462299926905,11.366188541412864,-20.00871037397947,6,0.75,dynamic_1_5_p6_h1_3_6_12_s0_75,dynamic:1.5,False,False,highs
milp_h1,21,102.225435616076,306.67630684822797,204.45087123215197,16,226,0.8916912030500702,3.393520700017689,11.78305798617253,15.737185775074707,6,0.75,dynamic_1_5_p6_h1_3_6_12_s0_75,dynamic:1.5,False,False,highs
milp_h1,22,68.42967599580683,205.28902798742052,136.8593519916137,17,229,0.9097130652282944,3.3216781000664923,11.533604514119766,-18.05857384519446,6,0.75,dynamic_1_5_p6_h1_3_6_12_s0_75,dynamic:1.5,False,False,highs
milp_h1,23,81.77278866817554,245.31836600452658,163.54557733635104,13,234,0.929788069831154,3.247179999743821,11.274930554666046,-4.715461172825755,6,0.75,dynamic_1_5_p6_h1_3_6_12_s0_75,dynamic:1.5,False,False,highs
milp_h1,24,87.36691970005629,262.1007591001689,174.7338394001126,17,226,0.9356417181674755,3.3014511998335365,11.463372221644224,0.8786698590549946,6,0.75,dynamic_1_5_p6_h1_3_6_12_s0_75,dynamic:1.5,False,False,highs
milp_h1,25,120.80820706933739,362.42462120801207,241.61641413867468,12,236,0.8599702314474429,3.3072177001449745,11.483394792170051,34.319957228336094,6,0.75,dynamic_1_5_p6_h1_3_6_12_s0_75,dynamic:1.5,False,False,highs
milp_h1,26,89.60859208703042,268.8257762610912,179.2171841740608,12,204,0.9985835257623649,3.2430369001231156,11.260544792094151,3.120342246029125,6,0.75,dynamic_1_5_p6_h1_3_6_12_s0_75,dynamic:1.5,False,False,highs
milp_h1,27,57.48025590678057,172.44076772034168,114.96051181356111,16,247,0.9092366428418973,3.255367400124669,11.303359028210657,-29.00799393422072,6,0.75,dynamic_1_5_p6_h1_3_6_12_s0_75,dynamic:1.5,False,False,highs
milp_h1,28,100.24569409290947,300.73708227872845,200.49138818581898,16,241,0.9645461092328672,3.278008400113322,11.38197361150459,13.757444251908183,6,0.75,dynamic_1_5_p6_h1_3_6_12_s0_75,dynamic:1.5,False,False,highs
milp_h1,29,91.6940491557121,275.08214746713634,183.38809831142424,15,229,0.8517268412918128,3.233128100313479,11.22613923719958,5.205799314710802,6,0.75,dynamic_1_5_p6_h1_3_6_12_s0_75,dynamic:1.5,False,False,highs
milp_h3,0,86.59282918473085,259.7784875541925,173.18565836946166,9,221,0.6677338664324404,7.545860799902584,26.200905555217307,0.10457934372955435,6,0.75,dynamic_1_5_p6_h1_3_6_12_s0_75,dynamic:1.5,False,False,highs
milp_h3,1,83.87655850499866,251.629675514996,167.75311700999734,9,220,0.9950686281058878,7.96555610030191,27.65818090382608,-2.611691336002636,6,0.75,dynamic_1_5_p6_h1_3_6_12_s0_75,dynamic:1.5,False,False,highs
milp_h3,2,81.41106928537289,244.23320785611864,162.82213857074575,13,225,0.8995708166029938,6.853766400250606,23.79780000087016,-5.077180555628402,6,0.75,dynamic_1_5_p6_h1_3_6_12_s0_75,dynamic:1.5,False,False,highs
milp_h3,3,86.02893835877379,258.08681507632133,172.05787671754754,10,220,0.99621690973603,7.381678699777694,25.63082881867255,-0.4593114822275055,6,0.75,dynamic_1_5_p6_h1_3_6_12_s0_75,dynamic:1.5,False,False,highs
milp_h3,4,92.32100505828856,276.9630151748657,184.64201011657713,12,224,0.9984131205245164,5.473729099903721,19.006003819110145,5.832755217287271,6,0.75,dynamic_1_5_p6_h1_3_6_12_s0_75,dynamic:1.5,False,False,highs
milp_h3,5,80.5271609395742,241.58148281872266,161.05432187914846,10,241,0.6979511988943212,6.958664000383578,24.162027779109646,-5.96108890142709,6,0.75,dynamic_1_5_p6_h1_3_6_12_s0_75,dynamic:1.5,False,False,highs
milp_h3,6,88.93866059184072,266.8159817755222,177.87732118368146,7,269,0.9975706094416087,6.884852200135356,23.90573680602554,2.450410750839424,6,0.75,dynamic_1_5_p6_h1_3_6_12_s0_75,dynamic:1.5,False,False,highs
milp_h3,7,66.3115408318738,198.9346224956214,132.6230816637476,8,216,0.9988265950394846,7.312058600364253,25.389092362375877,-20.176709009127492,6,0.75,dynamic_1_5_p6_h1_3_6_12_s0_75,dynamic:1.5,False,False,highs
milp_h3,8,78.98824878707529,236.96474636122582,157.97649757415053,11,233,0.9966632410262822,5.181371399899945,17.99087291631925,-7.500001053925999,6,0.75,dynamic_1_5_p6_h1_3_6_12_s0_75,dynamic:1.5,False,False,highs
milp_h3,9,100.73427573119599,302.20282719358795,201.46855146239196,15,249,0.8243821296149326,7.59179120065528,26.360386113386387,14.246025890194701,6,0.75,dynamic_1_5_p6_h1_3_6_12_s0_75,dynamic:1.5,False,False,highs
milp_h3,10,112.75546418527762,338.2663925558328,225.51092837055518,15,220,0.8921484057003536,6.9050961002358235,23.976028125818832,26.267214344276326,6,0.75,dynamic_1_5_p6_h1_3_6_12_s0_75,dynamic:1.5,False,False,highs
milp_h3,11,86.89026058986781,260.6707817696034,173.78052117973562,12,200,0.8178044712033782,7.61437689975719,26.438808679712466,0.4020107488665161,6,0.75,dynamic_1_5_p6_h1_3_6_12_s0_75,dynamic:1.5,False,False,highs
milp_h3,12,86.97275029942392,260.91825089827176,173.94550059884784,9,238,0.6271066762435782,7.81516270028078,27.13598159819715,0.48450045842263023,6,0.75,dynamic_1_5_p6_h1_3_6_12_s0_75,dynamic:1.5,False,False,highs
milp_h3,13,85.9487842818101,257.8463528454303,171.8975685636202,11,214,0.7107010712319641,7.967208500165725,27.66391840335321,-0.5394655591911857,6,0.75,dynamic_1_5_p6_h1_3_6_12_s0_75,dynamic:1.5,False,False,highs
milp_h3,14,89.83592487871647,269.50777463614935,179.67184975743288,13,240,0.9962045408120135,6.509646200080169,22.60293819472281,3.3476750377151774,6,0.75,dynamic_1_5_p6_h1_3_6_12_s0_75,dynamic:1.5,False,False,highs
milp_h3,15,82.36874176872274,247.10622530616817,164.73748353744543,11,216,0.9971635595203582,7.358787999895867,25.55134722186065,-4.119508072278549,6,0.75,dynamic_1_5_p6_h1_3_6_12_s0_75,dynamic:1.5,False,False,highs
milp_h3,16,90.64553586418427,271.93660759255283,181.29107172836856,10,222,0.9986101688311508,5.926223900023615,20.57716631952644,4.1572860231829765,6,0.75,dynamic_1_5_p6_h1_3_6_12_s0_75,dynamic:1.5,False,False,highs
milp_h3,17,99.9004485795895,299.7013457387685,199.80089715917902,9,229,0.8952462457035779,6.825757699989481,23.70054756940792,13.412198738588202,6,0.75,dynamic_1_5_p6_h1_3_6_12_s0_75,dynamic:1.5,False,False,highs
milp_h3,18,58.62193629269795,175.8658088780939,117.24387258539595,9,231,0.9512685628945208,7.843006299954141,27.232660763729655,-27.86631354830334,6,0.75,dynamic_1_5_p6_h1_3_6_12_s0_75,dynamic:1.5,False,False,highs
milp_h3,19,88.86620345711705,266.5986103713512,177.73240691423413,9,195,0.7771879168664413,6.309687300119549,21.908636458748433,2.377953616115761,6,0.75,dynamic_1_5_p6_h1_3_6_12_s0_75,dynamic:1.5,False,False,highs
milp_h3,20,66.47953946702182,199.43861840106544,132.95907893404362,9,236,0.9974109266585113,7.040326600021217,24.445578472295892,-20.00871037397947,6,0.75,dynamic_1_5_p6_h1_3_6_12_s0_75,dynamic:1.5,False,False,highs
milp_h3,21,102.22543561607597,306.6763068482279,204.45087123215194,14,229,0.9114012992883137,5.386572599702049,18.703377082298783,15.737185775074678,6,0.75,dynamic_1_5_p6_h1_3_6_12_s0_75,dynamic:1.5,False,False,highs
milp_h3,22,68.42967599580683,205.28902798742052,136.8593519916137,9,237,0.9982430567462438,4.84171619990957,16.81151458301934,-18.05857384519446,6,0.75,dynamic_1_5_p6_h1_3_6_12_s0_75,dynamic:1.5,False,False,highs
milp_h3,23,81.77278866817551,245.31836600452655,163.54557733635104,14,233,0.8455038482895834,6.778795300226193,23.537483681340948,-4.715461172825783,6,0.75,dynamic_1_5_p6_h1_3_6_12_s0_75,dynamic:1.5,False,False,highs
milp_h3,24,87.36691970005631,262.1007591001689,174.73383940011257,12,231,0.917370313329609,7.648875599959865,26.558595833193976,0.878669859055023,6,0.75,dynamic_1_5_p6_h1_3_6_12_s0_75,dynamic:1.5,False,False,highs
milp_h3,25,120.80820706933739,362.42462120801207,241.61641413867468,11,237,0.4196337449706834,6.135481399513083,21.303754859420426,34.319957228336094,6,0.75,dynamic_1_5_p6_h1_3_6_12_s0_75,dynamic:1.5,False,False,highs
milp_h3,26,89.60859208703039,268.82577626109116,179.21718417406078,9,207,0.9974728668179673,7.304458600090584,25.36270347253675,3.1203422460290966,6,0.75,dynamic_1_5_p6_h1_3_6_12_s0_75,dynamic:1.5,False,False,highs
milp_h3,27,57.480255906780556,172.44076772034165,114.9605118135611,13,249,0.9973325570726955,7.561968999914825,26.25683680525981,-29.007993934220735,6,0.75,dynamic_1_5_p6_h1_3_6_12_s0_75,dynamic:1.5,False,False,highs
milp_h3,28,100.2456940929095,300.73708227872845,200.49138818581895,12,245,0.9840454041248882,5.398787300189724,18.745789236769877,13.757444251908211,6,0.75,dynamic_1_5_p6_h1_3_6_12_s0_75,dynamic:1.5,False,False,highs
milp_h3,29,91.69404915571212,275.08214746713634,183.38809831142422,8,236,0.9970039708814404,7.8256323996174615,27.172334720893964,5.205799314710831,6,0.75,dynamic_1_5_p6_h1_3_6_12_s0_75,dynamic:1.5,False,False,highs
milp_h6,0,86.59282918473085,259.7784875541925,173.18565836946166,9,221,0.6677338664324404,10.27017040021019,35.66031388961872,0.10457934372955435,6,0.75,dynamic_1_5_p6_h1_3_6_12_s0_75,dynamic:1.5,False,False,highs
milp_h6,1,83.87655850499866,251.629675514996,167.75311700999734,9,220,0.9952104547875299,10.686220900213812,37.10493368129796,-2.611691336002636,6,0.75,dynamic_1_5_p6_h1_3_6_12_s0_75,dynamic:1.5,False,False,highs
milp_h6,2,81.41106928537289,244.23320785611864,162.82213857074575,12,226,0.997479871837471,9.283580899762455,32.23465590195297,-5.077180555628402,6,0.75,dynamic_1_5_p6_h1_3_6_12_s0_75,dynamic:1.5,False,False,highs
milp_h6,3,86.02893835877379,258.08681507632133,172.05787671754754,11,219,0.9963485416360255,9.50691900018137,33.010135417296425,-0.4593114822275055,6,0.75,dynamic_1_5_p6_h1_3_6_12_s0_75,dynamic:1.5,False,False,highs
milp_h6,4,92.32100505828856,276.9630151748657,184.64201011657713,12,224,0.9984131205245164,7.240529099886771,25.14072604127351,5.832755217287271,6,0.75,dynamic_1_5_p6_h1_3_6_12_s0_75,dynamic:1.5,False,False,highs
milp_h6,5,80.5271609395742,241.58148281872266,161.05432187914846,10,241,0.6979511988943212,9.605751499853795,33.35330381893679,-5.96108890142709,6,0.75,dynamic_1_5_p6_h1_3_6_12_s0_75,dynamic:1.5,False,False,highs
milp_h6,6,88.93866059184072,266.8159817755222,177.87732118368146,7,269,0.9975706094416087,9.487956100259908,32.944292014791344,2.450410750839424,6,0.75,dynamic_1_5_p6_h1_3_6_12_s0_75,dynamic:1.5,False,False,highs
milp_h6,7,66.3115408318738,198.9346224956214,132.6230816637476,8,216,0.9988265950394846,9.899796799873002,34.37429444400348,-20.176709009127492,6,0.75,dynamic_1_5_p6_h1_3_6_12_s0_75,dynamic:1.5,False,False,highs
milp_h6,8,78.98824878707529,236.96474636122582,157.97649757415053,11,233,0.9966632410262822,6.930746899975929,24.0650934026942,-7.500001053925999,6,0.75,dynamic_1_5_p6_h1_3_6_12_s0_75,dynamic:1.5,False,False,highs
milp_h6,9,100.73427573119599,302.20282719358795,201.46855146239196,15,249,0.8243821296149326,10.373390399880009,36.01871666625003,14.246025890194701,6,0.75,dynamic_1_5_p6_h1_3_6_12_s0_75,dynamic:1.5,False,False,highs
milp_h6,10,112.75546418527762,338.2663925558328,225.51092837055518,15,220,0.8917929038137968,9.34917020049761,32.46239652950559,26.267214344276326,6,0.75,dynamic_1_5_p6_h1_3_6_12_s0_75,dynamic:1.5,False,False,highs
milp_h6,11,86.89026058986781,260.6707817696034,173.78052117973562,12,200,0.7912675602283882,10.117963000026066,35.13181597231273,0.4020107488665161,6,0.75,dynamic_1_5_p6_h1_3_6_12_s0_75,dynamic:1.5,False,False,highs
milp_h6,12,86.97275029942392,260.91825089827176,173.94550059884784,9,238,0.6271066762435782,10.574000199820148,36.715278471597735,0.48450045842263023,6,0.75,dynamic_1_5_p6_h1_3_6_12_s0_75,dynamic:1.5,False,False,highs
milp_h6,13,85.9487842818101,257.8463528454303,171.8975685636202,11,214,0.7107010712319641,10.694395000173245,37.133315972823766,-0.5394655591911857,6,0.75,dynamic_1_5_p6_h1_3_6_12_s0_75,dynamic:1.5,False,False,highs
milp_h6,14,89.83592487871647,269.50777463614935,179.67184975743288,13,240,0.9962045408120135,9.058545499807224,31.45328298544175,3.3476750377151774,6,0.75,dynamic_1_5_p6_h1_3_6_12_s0_75,dynamic:1.5,False,False,highs
milp_h6,15,82.36874176872274,247.10622530616817,164.73748353744543,12,216,0.9971235850601478,7.365778199804481,25.575618749321116,-4.119508072278549,6,0.75,dynamic_1_5_p6_h1_3_6_12_s0_75,dynamic:1.5,False,False,highs
milp_h6,16,90.64553586418427,271.93660759255283,181.29107172836856,10,222,0.9986101688311508,8.012911899888422,27.822610763501466,4.1572860231829765,6,0.75,dynamic_1_5_p6_h1_3_6_12_s0_75,dynamic:1.5,False,False,highs
milp_h6,17,99.9004485795895,299.7013457387685,199.80089715917902,9,229,0.8952462457035779,9.352125499601243,32.47265798472654,13.412198738588202,6,0.75,dynamic_1_5_p6_h1_3_6_12_s0_75,dynamic:1.5,False,False,highs
milp_h6,18,58.62193629269795,175.8658088780939,117.24387258539595,9,231,0.9512685628945208,10.653877699864097,36.99263090230589,-27.86631354830334,6,0.75,dynamic_1_5_p6_h1_3_6_12_s0_75,dynamic:1.5,False,False,highs
milp_h6,19,88.86620345711705,266.5986103713512,177.73240691423413,9,195,0.7771879168664413,8.559689799614716,29.721145137551098,2.377953616115761,6,0.75,dynamic_1_5_p6_h1_3_6_12_s0_75,dynamic:1.5,False,False,highs
milp_h6,20,66.47953946702182,199.43861840106544,132.95907893404362,10,235,0.9961935981525047,6.325914800021565,21.964981944519323,-20.00871037397947,6,0.75,dynamic_1_5_p6_h1_3_6_12_s0_75,dynamic:1.5,False,False,highs
milp_h6,21,102.22543561607597,306.6763068482279,204.45087123215194,14,229,0.9114012992883137,7.4485592997516505,25.863053124137675,15.737185775074678,6,0.75,dynamic_1_5_p6_h1_3_6_12_s0_75,dynamic:1.5,False,False,highs
milp_h6,22,68.42967599580683,205.28902798742052,136.8593519916137,9,237,0.9984775489652531,6.803346700093243,23.622731597545982,-18.05857384519446,6,0.75,dynamic_1_5_p6_h1_3_6_12_s0_75,dynamic:1.5,False,False,highs
milp_h6,23,81.77278866817551,245.31836600452655,163.54557733635104,14,233,0.8455038482895834,9.38555770003586,32.588742014013405,-4.715461172825783,6,0.75,dynamic_1_5_p6_h1_3_6_12_s0_75,dynamic:1.5,False,False,highs
milp_h6,24,87.36691970005631,262.1007591001689,174.73383940011257,12,231,0.917370313329609,10.385341100074584,36.06021215303675,0.878669859055023,6,0.75,dynamic_1_5_p6_h1_3_6_12_s0_75,dynamic:1.5,False,False,highs
milp_h6,25,120.80820706933739,362.42462120801207,241.61641413867468,7,241,0.9973340796027146,9.186041600012686,31.895977777821827,34.319957228336094,6,0.75,dynamic_1_5_p6_h1_3_6_12_s0_75,dynamic:1.5,False,False,highs
milp_h6,26,89.60859208703036,268.82577626109116,179.2171841740608,9,208,0.8243855103303488,7.097630400152411,24.644550000529208,3.120342246029068,6,0.75,dynamic_1_5_p6_h1_3_6_12_s0_75,dynamic:1.5,False,False,highs
milp_h6,27,57.480255906780556,172.44076772034165,114.9605118135611,13,249,0.9973325570726955,10.36562050008797,35.99173784752767,-29.007993934220735,6,0.75,dynamic_1_5_p6_h1_3_6_12_s0_75,dynamic:1.5,False,False,highs
milp_h6,28,100.2456940929095,300.73708227872845,200.49138818581895,12,245,0.9840454130978585,7.187078899849439,24.955135068921663,13.757444251908211,6,0.75,dynamic_1_5_p6_h1_3_6_12_s0_75,dynamic:1.5,False,False,highs
milp_h6,29,91.69404915571212,275.08214746713634,183.38809831142422,8,236,0.9970039708814404,10.414135500090197,36.16019270864652,5.205799314710831,6,0.75,dynamic_1_5_p6_h1_3_6_12_s0_75,dynamic:1.5,False,False,highs
milp_h12,0,86.59282918473085,259.7784875541925,173.18565836946166,9,221,0.6677338664324404,15.862045499961823,55.07654687486744,0.10457934372955435,6,0.75,dynamic_1_5_p6_h1_3_6_12_s0_75,dynamic:1.5,False,False,highs
milp_h12,1,83.87655850499866,251.629675514996,167.75311700999734,9,220,0.9384996774795308,16.088288099999772,55.86211145833254,-2.611691336002636,6,0.75,dynamic_1_5_p6_h1_3_6_12_s0_75,dynamic:1.5,False,False,highs
milp_h12,2,81.41106928537289,244.23320785611864,162.82213857074575,12,226,0.9978895088036411,14.02827850007452,48.709300347480976,-5.077180555628402,6,0.75,dynamic_1_5_p6_h1_3_6_12_s0_75,dynamic:1.5,False,False,highs
milp_h12,3,86.02893835877379,258.08681507632133,172.05787671754754,12,218,0.9970016928345018,14.795318100019358,51.37263229173388,-0.4593114822275055,6,0.75,dynamic_1_5_p6_h1_3_6_12_s0_75,dynamic:1.5,False,False,highs
milp_h12,4,92.32100505828856,276.9630151748657,184.64201011657713,12,224,0.998526582983182,10.83355159999337,37.61649861108809,5.832755217287271,6,0.75,dynamic_1_5_p6_h1_3_6_12_s0_75,dynamic:1.5,False,False,highs
milp_h12,5,80.5271609395742,241.58148281872266,161.05432187914846,12,239,0.8481438000079781,13.40160840016324,46.53336250056681,-5.96108890142709,6,0.75,dynamic_1_5_p6_h1_3_6_12_s0_75,dynamic:1.5,False,False,highs
milp_h12,6,88.93866059184072,266.8159817755222,177.87732118368146,7,269,0.9975706094416087,14.793261399987387,51.36549097217843,2.450410750839424,6,0.75,dynamic_1_5_p6_h1_3_6_12_s0_75,dynamic:1.5,False,False,highs
milp_h12,7,66.3115408318738,198.9346224956214,132.6230816637476,9,215,0.9996599391056431,14.643557900039013,50.84568715291324,-20.176709009127492,6,0.75,dynamic_1_5_p6_h1_3_6_12_s0_75,dynamic:1.5,False,False,highs
milp_h12,8,78.98824878707526,236.9647463612258,157.97649757415053,10,234,0.9943250471739024,10.788710100197932,37.46079895902059,-7.500001053926027,6,0.75,dynamic_1_5_p6_h1_3_6_12_s0_75,dynamic:1.5,False,False,highs
milp_h12,9,100.73427573119599,302.20282719358795,201.46855146239196,14,250,0.6957346135382587,15.72414619999472,54.59772986109278,14.246025890194701,6,0.75,dynamic_1_5_p6_h1_3_6_12_s0_75,dynamic:1.5,False,False,highs
milp_h12,10,112.75546418527762,338.2663925558328,225.51092837055518,12,223,0.8918823104933485,14.5815154001466,50.63026180606458,26.267214344276326,6,0.75,dynamic_1_5_p6_h1_3_6_12_s0_75,dynamic:1.5,False,False,highs
milp_h12,11,86.89026058986781,260.6707817696034,173.78052117973562,12,200,0.823058604586115,15.906625799689209,55.2313395822542,0.4020107488665161,6,0.75,dynamic_1_5_p6_h1_3_6_12_s0_75,dynamic:1.5,False,False,highs
milp_h12,12,86.97275029942392,260.91825089827176,173.94550059884784,9,238,0.6271066762435782,15.71854799988796,54.578291666277636,0.48450045842263023,6,0.75,dynamic_1_5_p6_h1_3_6_12_s0_75,dynamic:1.5,False,False,highs
milp_h12,13,85.9487842818101,257.8463528454303,171.8975685636202,11,214,0.7114830507756248,15.939158199937083,55.344299305337096,-0.5394655591911857,6,0.75,dynamic_1_5_p6_h1_3_6_12_s0_75,dynamic:1.5,False,False,highs
milp_h12,14,89.83592487871644,269.50777463614935,179.6718497574329,13,240,0.9962045408120135,13.493785599974217,46.8534222221327,3.347675037715149,6,0.75,dynamic_1_5_p6_h1_3_6_12_s0_75,dynamic:1.5,False,False,highs
milp_h12,15,82.36874176872274,247.10622530616817,164.73748353744543,11,217,0.9983326386215525,10.979460300237406,38.123126042490995,-4.119508072278549,6,0.75,dynamic_1_5_p6_h1_3_6_12_s0_75,dynamic:1.5,False,False,highs
milp_h12,16,90.64553586418427,271.93660759255283,181.29107172836856,10,222,0.9986101688311508,12.164357399800792,42.23735208264164,4.1572860231829765,6,0.75,dynamic_1_5_p6_h1_3_6_12_s0_75,dynamic:1.5,False,False,highs
milp_h12,17,99.9004485795895,299.7013457387685,199.80089715917902,9,229,0.8952462457035779,14.044489600055385,48.7655888890812,13.412198738588202,6,0.75,dynamic_1_5_p6_h1_3_6_12_s0_75,dynamic:1.5,False,False,highs
milp_h12,18,58.62193629269798,175.86580887809393,117.24387258539595,10,230,0.7809863052078649,16.017676699906588,55.61693298578676,-27.86631354830331,6,0.75,dynamic_1_5_p6_h1_3_6_12_s0_75,dynamic:1.5,False,False,highs
milp_h12,19,88.86620345711705,266.5986103713512,177.73240691423413,8,196,0.7771879168664413,12.758868100121617,44.3016253476445,2.377953616115761,6,0.75,dynamic_1_5_p6_h1_3_6_12_s0_75,dynamic:1.5,False,False,highs
milp_h12,20,66.47953946702182,199.43861840106544,132.95907893404362,9,236,0.9966594929209904,14.420505599817261,50.07119999936549,-20.00871037397947,6,0.75,dynamic_1_5_p6_h1_3_6_12_s0_75,dynamic:1.5,False,False,highs
milp_h12,21,102.22543561607597,306.6763068482279,204.45087123215194,13,230,0.8779199765021464,12.41090369989979,43.09341562465205,15.737185775074678,6,0.75,dynamic_1_5_p6_h1_3_6_12_s0_75,dynamic:1.5,False,False,highs
milp_h12,22,68.42967599580683,205.28902798742052,136.8593519916137,15,231,0.8962847542457392,10.027432999864686,34.81747569397461,-18.05857384519446,6,0.75,dynamic_1_5_p6_h1_3_6_12_s0_75,dynamic:1.5,False,False,highs
milp_h12,23,81.77278866817551,245.31836600452655,163.54557733635104,14,233,0.9123362106825201,13.868894500425085,48.15588368203154,-4.715461172825783,6,0.75,dynamic_1_5_p6_h1_3_6_12_s0_75,dynamic:1.5,False,False,highs
milp_h12,24,87.36691970005631,262.1007591001689,174.73383940011257,12,231,0.917370313329609,15.845183999626897,55.017999998704504,0.878669859055023,6,0.75,dynamic_1_5_p6_h1_3_6_12_s0_75,dynamic:1.5,False,False,highs
milp_h12,25,120.80820706933733,362.424621208012,241.61641413867468,7,241,0.9975604683406848,13.103442800289486,45.49806527878294,34.31995722833604,6,0.75,dynamic_1_5_p6_h1_3_6_12_s0_75,dynamic:1.5,False,False,highs
milp_h12,26,89.60859208703039,268.82577626109116,179.21718417406078,7,210,0.9983064148026632,10.57971989994985,36.73513854149254,3.1203422460290966,6,0.75,dynamic_1_5_p6_h1_3_6_12_s0_75,dynamic:1.5,False,False,highs
milp_h12,27,57.48025590678054,172.44076772034165,114.96051181356111,12,251,0.9972487681973935,9.437931599968579,32.770595833224235,-29.00799393422075,6,0.75,dynamic_1_5_p6_h1_3_6_12_s0_75,dynamic:1.5,False,False,highs
milp_h12,28,100.2456940929095,300.73708227872845,200.49138818581895,12,245,0.9248610216471569,9.722599499771604,33.75902604087363,13.757444251908211,6,0.75,dynamic_1_5_p6_h1_3_6_12_s0_75,dynamic:1.5,False,False,highs
milp_h12,29,91.69404915571212,275.08214746713634,183.38809831142422,8,236,0.9964312334320504,16.0312539000588,55.664076041870835,5.205799314710831,6,0.75,dynamic_1_5_p6_h1_3_6_12_s0_75,dynamic:1.5,False,False,highs
equal_share,0,86.13821162184149,258.4146348655244,172.27642324368293,15,215,0.7488222274435381,0.002630400034831837,0.009133333454277212,-0.35003821915979927,6,0.75,dynamic_1_5_p6_h1_3_6_12_s0_75,dynamic:1.5,False,False,highs
equal_share,1,68.83640031005334,206.50920093015998,137.67280062010664,12,217,0.9976686784216451,0.002692099951673299,0.0093475692766434,-17.651849530947956,6,0.75,dynamic_1_5_p6_h1_3_6_12_s0_75,dynamic:1.5,False,False,highs
equal_share,2,67.48934439334337,202.46803318003012,134.97868878668675,12,226,0.9971408603665506,0.002810100239003077,0.009757292496538462,-18.99890544765792,6,0.75,dynamic_1_5_p6_h1_3_6_12_s0_75,dynamic:1.5,False,False,highs
equal_share,3,76.15613670925248,228.4684101277575,152.31227341850501,12,218,0.9540216566222157,0.002574799844296649,0.008940277237141143,-10.332113131748812,6,0.75,dynamic_1_5_p6_h1_3_6_12_s0_75,dynamic:1.5,False,False,highs
equal_share,4,73.50077807007003,220.5023342102101,147.00155614014008,9,227,0.9956613115154018,0.0026446002593729645,0.00918263978948946,-12.987471770931265,6,0.75,dynamic_1_5_p6_h1_3_6_12_s0_75,dynamic:1.5,False,False,highs
equal_share,5,71.84442191906842,215.5332657572053,143.68884383813688,17,234,0.8183572022652698,0.0027572998660616577,0.009573957868269645,-14.643827921932868,6,0.75,dynamic_1_5_p6_h1_3_6_12_s0_75,dynamic:1.5,False,False,highs
equal_share,6,65.64139679399503,196.92419038198508,131.28279358799006,9,267,0.9978502392475751,0.0026458002103026956,0.00918680628577325,-20.846853047006263,6,0.75,dynamic_1_5_p6_h1_3_6_12_s0_75,dynamic:1.5,False,False,highs
equal_share,7,53.684724856055595,161.0541745681668,107.36944971211119,12,212,0.9957000735726963,0.0027143996849190444,0.009424998905968904,-32.803524984945696,6,0.75,dynamic_1_5_p6_h1_3_6_12_s0_75,dynamic:1.5,False,False,highs
equal_share,8,64.91083186228215,194.73249558684643,129.82166372456427,12,231,0.8866266720362994,0.0033085998438764364,0.011488193902348738,-21.57741797871914,6,0.75,dynamic_1_5_p6_h1_3_6_12_s0_75,dynamic:1.5,False,False,highs
equal_share,9,67.16977880054094,201.50933640162282,134.33955760108188,13,251,0.8235564396489822,0.002750299987383187,0.009549652733969398,-19.318471040460352,6,0.75,dynamic_1_5_p6_h1_3_6_12_s0_75,dynamic:1.5,False,False,highs
equal_share,10,102.30446993683532,306.9134098105059,204.6089398736706,15,220,0.9094425808541962,0.002625199791509658,0.009115277053852979,15.816220095834026,6,0.75,dynamic_1_5_p6_h1_3_6_12_s0_75,dynamic:1.5,False,False,highs
equal_share,11,66.4459925268674,199.33797758060217,132.89198505373477,10,201,0.8147317133821813,0.002572400262579322,0.008931945356178202,-20.04225731413389,6,0.75,dynamic_1_5_p6_h1_3_6_12_s0_75,dynamic:1.5,False,False,highs
equal_share,12,67.28828545001357,201.86485635004067,134.5765709000271,13,234,0.832702930498663,0.002768199658021331,0.00961180436812962,-19.199964390987716,6,0.75,dynamic_1_5_p6_h1_3_6_12_s0_75,dynamic:1.5,False,False,highs
equal_share,13,58.68732874213909,176.06198622641725,117.37465748427816,7,218,0.569622585816149,0.0027196000155527145,0.009443055609558037,-27.800921098862204,6,0.75,dynamic_1_5_p6_h1_3_6_12_s0_75,dynamic:1.5,False,False,highs
equal_share,14,64.82839702225658,194.48519106676974,129.65679404451316,8,245,0.931877601401434,0.002631899726111442,0.00913854071566473,-21.65985281874471,6,0.75,dynamic_1_5_p6_h1_3_6_12_s0_75,dynamic:1.5,False,False,highs
equal_share,15,56.36816174059747,169.10448522179243,112.73632348119496,11,216,0.8182009313878907,0.0027953998069278896,0.009706249329610728,-30.12008810040382,6,0.75,dynamic_1_5_p6_h1_3_6_12_s0_75,dynamic:1.5,False,False,highs
equal_share,16,67.7082365587504,203.12470967625126,135.41647311750086,6,226,0.998010151126139,0.002690500346943736,0.009342015093554638,-18.78001328225089,6,0.75,dynamic_1_5_p6_h1_3_6_12_s0_75,dynamic:1.5,False,False,highs
equal_share,17,77.96970633019941,233.90911899059822,155.9394126603988,14,224,0.8935871584587908,0.002599699975689873,0.009026736026700947,-8.518543510801877,6,0.75,dynamic_1_5_p6_h1_3_6_12_s0_75,dynamic:1.5,False,False,highs
equal_share,18,46.73448106146667,140.2034431844,93.46896212293332,14,226,0.772705999532517,0.002562000328907743,0.008895834475374108,-39.753768779534624,6,0.75,dynamic_1_5_p6_h1_3_6_12_s0_75,dynamic:1.5,False,False,highs
equal_share,19,80.94371149728354,242.8311344918506,161.88742299456706,14,190,0.8252402544274109,0.0026086997822858393,0.009057985355159164,-5.544538343717747,6,0.75,dynamic_1_5_p6_h1_3_6_12_s0_75,dynamic:1.5,False,False,highs
equal_share,20,46.66465204144373,139.9939561243312,93.32930408288746,8,237,0.8179950135446573,0.002646200329763815,0.00918819558945769,-39.82359779955756,6,0.75,dynamic_1_5_p6_h1_3_6_12_s0_75,dynamic:1.5,False,False,highs
equal_share,21,72.35871214096869,217.07613642290605,144.71742428193735,11,231,0.9969675699701336,0.002620300045236945,0.009098264045961615,-14.1295377000326,6,0.75,dynamic_1_5_p6_h1_3_6_12_s0_75,dynamic:1.5,False,False,highs
equal_share,22,39.59452720378923,118.7835816113677,79.18905440757847,7,239,0.996561060548934,0.0026554999058134854,0.009220485784074603,-46.893722637212065,6,0.75,dynamic_1_5_p6_h1_3_6_12_s0_75,dynamic:1.5,False,False,highs
equal_share,23,56.363777296217876,169.09133188865363,112.72755459243575,12,235,0.8457491003797604,0.002578300074674189,0.008952430814840935,-30.124472544783416,6,0.75,dynamic_1_5_p6_h1_3_6_12_s0_75,dynamic:1.5,False,False,highs
equal_share,24,68.81325597528493,206.4397679258548,137.62651195056986,15,228,0.8678902566459656,0.002606700174510479,0.009051042272605829,-17.67499386571636,6,0.75,dynamic_1_5_p6_h1_3_6_12_s0_75,dynamic:1.5,False,False,highs
equal_share,25,86.04557460648991,258.13672381946975,172.09114921297984,9,239,0.9344430189169366,0.0025816003617364913,0.008963890144918373,-0.442675234511384,6,0.75,dynamic_1_5_p6_h1_3_6_12_s0_75,dynamic:1.5,False,False,highs
equal_share,26,63.74247029820869,191.22741089462608,127.48494059641739,13,203,0.9439612283694964,0.0026102998526766896,0.009063541155127395,-22.745779542792604,6,0.75,dynamic_1_5_p6_h1_3_6_12_s0_75,dynamic:1.5,False,False,highs
equal_share,27,53.88709933246916,161.6612979974075,107.77419866493834,16,246,0.9976990090045291,0.0025602004607208073,0.008889584933058359,-32.60115050853213,6,0.75,dynamic_1_5_p6_h1_3_6_12_s0_75,dynamic:1.5,False,False,highs
equal_share,28,67.56782243828903,202.70346731486705,135.13564487657803,7,250,0.9646393361263291,0.0025921004125848413,0.009000348654808477,-18.920427402712264,6,0.75,dynamic_1_5_p6_h1_3_6_12_s0_75,dynamic:1.5,False,False,highs
equal_share,29,81.5988419657831,244.7965258973493,163.19768393156622,15,229,0.9948855740939365,0.002607399655971676,0.00905347102767943,-4.889407875218197,6,0.75,dynamic_1_5_p6_h1_3_6_12_s0_75,dynamic:1.5,False,False,highs
max_charge,0,86.59282918473085,259.7784875541925,173.18565836946166,15,215,0.7488222274435381,0.0011228999064769596,0.003898958008600554,0.10457934372955435,6,0.75,dynamic_1_5_p6_h1_3_6_12_s0_75,dynamic:1.5,False,False,highs
max_charge,1,83.87655850499866,251.629675514996,167.75311700999734,19,211,0.9978384430887162,0.0010346000490244478,0.003592361281334888,-2.611691336002636,6,0.75,dynamic_1_5_p6_h1_3_6_12_s0_75,dynamic:1.5,False,False,highs
max_charge,2,81.41106928537289,244.23320785611864,162.82213857074575,17,221,0.9971179877092043,0.0010749998618848622,0.0037326384093224383,-5.077180555628402,6,0.75,dynamic_1_5_p6_h1_3_6_12_s0_75,dynamic:1.5,False,False,highs
max_charge,3,86.02893835877379,258.08681507632133,172.05787671754754,16,214,0.9688060609211963,0.001099600049201399,0.0038180557263937467,-0.4593114822275055,6,0.75,dynamic_1_5_p6_h1_3_6_12_s0_75,dynamic:1.5,False,False,highs
max_charge,4,92.32100505828856,276.9630151748657,184.64201011657713,16,220,0.9944781014154667,0.0011093000939581543,0.0038517364373547025,5.832755217287271,6,0.75,dynamic_1_5_p6_h1_3_6_12_s0_75,dynamic:1.5,False,False,highs
max_charge,5,80.5271609395742,241.58148281872266,161.05432187914846,19,232,0.8487030436876183,0.001060099748428911,0.003680901904267052,-5.96108890142709,6,0.75,dynamic_1_5_p6_h1_3_6_12_s0_75,dynamic:1.5,False,False,highs
max_charge,6,88.93866059184072,266.8159817755222,177.87732118368146,13,263,0.9982878173117761,0.0010590001184027642,0.0036770837444540425,2.450410750839424,6,0.75,dynamic_1_5_p6_h1_3_6_12_s0_75,dynamic:1.5,False,False,highs
max_charge,7,66.31154083187383,198.93462249562143,132.6230816637476,28,196,0.9389998060752069,0.0010459999029990286,0.0036319441076355157,-20.176709009127464,6,0.75,dynamic_1_5_p6_h1_3_6_12_s0_75,dynamic:1.5,False,False,highs
max_charge,8,78.98824878707526,236.9647463612258,157.97649757415053,18,225,0.9962660593747773,0.0010857002052944154,0.0037697923794944976,-7.500001053926027,6,0.75,dynamic_1_5_p6_h1_3_6_12_s0_75,dynamic:1.5,False,False,highs
max_charge,9,100.73427573119596,302.20282719358795,201.46855146239199,23,241,0.83672245127481,0.0010435998847242445,0.003623610710848071,14.246025890194673,6,0.75,dynamic_1_5_p6_h1_3_6_12_s0_75,dynamic:1.5,False,False,highs
max_charge,10,112.75546418527759,338.2663925558328,225.5109283705552,19,216,0.9225854529062676,0.001060499984305352,0.003682291612171361,26.267214344276297,6,0.75,dynamic_1_5_p6_h1_3_6_12_s0_75,dynamic:1.5,False,False,highs
max_charge,11,86.89026058986781,260.6707817696034,173.78052117973562,17,194,0.8879774806419837,0.0010566998971626163,0.003669096865147973,0.4020107488665161,6,0.75,dynamic_1_5_p6_h1_3_6_12_s0_75,dynamic:1.5,False,False,highs
max_charge,12,86.97275029942392,260.91825089827176,173.94550059884784,17,230,0.8633705063936731,0.0011016000935342163,0.0038250003247715845,0.48450045842263023,6,0.75,dynamic_1_5_p6_h1_3_6_12_s0_75,dynamic:1.5,False,False,highs
max_charge,13,85.9487842818101,257.8463528454303,171.8975685636202,20,205,0.84240821536264,0.0010525000107008964,0.003654513926044779,-0.5394655591911857,6,0.75,dynamic_1_5_p6_h1_3_6_12_s0_75,dynamic:1.5,False,False,highs
max_charge,14,89.83592487871644,269.50777463614935,179.6718497574329,20,233,0.8937747376064685,0.001098799897590652,0.003815277422189764,3.347675037715149,6,0.75,dynamic_1_5_p6_h1_3_6_12_s0_75,dynamic:1.5,False,False,highs
max_charge,15,82.36874176872271,247.10622530616814,164.73748353744543,21,207,0.886093096481981,0.0010370998352300376,0.0036010410945487414,-4.1195080722785775,6,0.75,dynamic_1_5_p6_h1_3_6_12_s0_75,dynamic:1.5,False,False,highs
max_charge,16,90.64553586418427,271.93660759255283,181.29107172836856,14,218,0.8729724575150158,0.0010267002508044243,0.003564931426404251,4.1572860231829765,6,0.75,dynamic_1_5_p6_h1_3_6_12_s0_75,dynamic:1.5,False,False,highs
max_charge,17,99.9004485795895,299.7013457387685,199.80089715917902,16,222,0.9334421913418008,0.0010732997325249016,0.0037267351823781305,13.412198738588202,6,0.75,dynamic_1_5_p6_h1_3_6_12_s0_75,dynamic:1.5,False,False,highs
max_charge,18,58.62193629269798,175.86580887809393,117.24387258539595,18,222,0.8183027658562162,0.0010526001278776675,0.00365486155513079,-27.86631354830331,6,0.75,dynamic_1_5_p6_h1_3_6_12_s0_75,dynamic:1.5,False,False,highs
max_charge,19,88.86620345711705,266.5986103713512,177.73240691423413,16,188,0.8440666212000537,0.0010274999949615449,0.0035677083158386974,2.377953616115761,6,0.75,dynamic_1_5_p6_h1_3_6_12_s0_75,dynamic:1.5,False,False,highs
max_charge,20,66.47953946702182,199.43861840106544,132.95907893404362,20,225,0.9085683231275326,0.0010271998471580446,0.0035666661359654325,-20.00871037397947,6,0.75,dynamic_1_5_p6_h1_3_6_12_s0_75,dynamic:1.5,False,False,highs
max_charge,21,102.22543561607594,306.6763068482279,204.45087123215197,21,221,0.9980946997685675,0.0010184001876041293,0.003536111762514338,15.73718577507465,6,0.75,dynamic_1_5_p6_h1_3_6_12_s0_75,dynamic:1.5,False,False,highs
max_charge,22,68.42967599580683,205.28902798742052,136.8593519916137,18,228,0.8995842960893847,0.0011391000589355826,0.003955208537970773,-18.05857384519446,6,0.75,dynamic_1_5_p6_h1_3_6_12_s0_75,dynamic:1.5,False,False,highs
max_charge,23,81.77278866817551,245.31836600452655,163.54557733635104,20,227,0.8711478658422137,0.001221699989400804,0.004242013852086125,-4.715461172825783,6,0.75,dynamic_1_5_p6_h1_3_6_12_s0_75,dynamic:1.5,False,False,highs
max_charge,24,87.36691970005629,262.1007591001689,174.7338394001126,22,221,0.7868753150967611,0.00103249991661869,0.0035850691549260067,0.8786698590549946,6,0.75,dynamic_1_5_p6_h1_3_6_12_s0_75,dynamic:1.5,False,False,highs
max_charge,25,120.80820706933733,362.424621208012,241.61641413867468,17,231,0.9012332737315694,0.0010424001957289875,0.0036194451240589842,34.31995722833604,6,0.75,dynamic_1_5_p6_h1_3_6_12_s0_75,dynamic:1.5,False,False,highs
max_charge,26,89.60859208703039,268.82577626109116,179.21718417406078,22,194,0.9204537361887266,0.0010519999195821583,0.003652777498549161,3.1203422460290966,6,0.75,dynamic_1_5_p6_h1_3_6_12_s0_75,dynamic:1.5,False,False,highs
max_charge,27,57.480255906780556,172.44076772034165,114.9605118135611,18,244,0.9980364866913098,0.0010435000585857779,0.0036232640923117287,-29.007993934220735,6,0.75,dynamic_1_5_p6_h1_3_6_12_s0_75,dynamic:1.5,False,False,highs
max_charge,28,100.2456940929095,300.73708227872845,200.49138818581895,19,238,0.9776688357766393,0.0010931999131571501,0.00379583303179566,13.757444251908211,6,0.75,dynamic_1_5_p6_h1_3_6_12_s0_75,dynamic:1.5,False,False,highs
max_charge,29,91.69404915571212,275.08214746713634,183.38809831142422,15,229,0.995304117929667,0.0010550001461524516,0.003663194951918235,5.205799314710831,6,0.75,dynamic_1_5_p6_h1_3_6_12_s0_75,dynamic:1.5,False,False,highs
random,0,84.2431197909151,252.7293593727453,168.4862395818302,15,215,0.8783486909110921,0.010791800072183833,0.037471528028416086,-2.245130050086189,6,0.75,dynamic_1_5_p6_h1_3_6_12_s0_75,dynamic:1.5,False,False,highs
random,1,81.73084875702204,245.19254627106608,163.46169751404403,20,209,0.9965504109676762,0.010382700158515945,0.03605104221706926,-4.757401083979246,6,0.75,dynamic_1_5_p6_h1_3_6_12_s0_75,dynamic:1.5,False,False,highs
random,2,79.1325125752683,237.39753772580488,158.2650251505366,17,221,0.8881654665221252,0.010526199825108051,0.036549304948291846,-7.355737265732998,6,0.75,dynamic_1_5_p6_h1_3_6_12_s0_75,dynamic:1.5,False,False,highs
random,3,83.88535251098884,251.65605753296654,167.7707050219777,18,212,0.8801052635028314,0.010548100050073117,0.036625347396087214,-2.6028973300124534,6,0.75,dynamic_1_5_p6_h1_3_6_12_s0_75,dynamic:1.5,False,False,highs
random,4,90.14574090829606,270.4372227248882,180.29148181659215,14,222,0.9118458913239784,0.010562899929936975,0.03667673586783672,3.657491067294771,6,0.75,dynamic_1_5_p6_h1_3_6_12_s0_75,dynamic:1.5,False,False,highs
random,5,78.95792103234007,236.87376309702015,157.91584206468008,15,236,0.8390024929153257,0.010380500083556399,0.03604340306790416,-7.530328808661224,6,0.75,dynamic_1_5_p6_h1_3_6_12_s0_75,dynamic:1.5,False,False,highs
random,6,85.8980105664875,257.6940316994625,171.79602113297503,15,261,0.9982220233286605,0.011067000101320446,0.03842708368514044,-0.5902392745137917,6,0.75,dynamic_1_5_p6_h1_3_6_12_s0_75,dynamic:1.5,False,False,highs
random,7,65.28976938902031,195.86930816706092,130.57953877804061,19,205,0.8200574810102337,0.010775500268209726,0.037414931486839324,-21.198480451980984,6,0.75,dynamic_1_5_p6_h1_3_6_12_s0_75,dynamic:1.5,False,False,highs
random,8,77.64136882302432,232.924106469073,155.28273764604867,14,230,0.9964743471516221,0.010607500124024227,0.0368315976528619,-8.846881017976969,6,0.75,dynamic_1_5_p6_h1_3_6_12_s0_75,dynamic:1.5,False,False,highs
random,9,98.64413349745294,295.9324004923588,197.28826699490585,21,243,0.7888621236583321,0.010545500088483095,0.036616319751677416,12.15588365645165,6,0.75,dynamic_1_5_p6_h1_3_6_12_s0_75,dynamic:1.5,False,False,highs
random,10,109.75622280281158,329.26866840843473,219.51244560562316,15,220,0.9394150576737665,0.010639700281899422,0.03694340375659522,23.267972961810287,6,0.75,dynamic_1_5_p6_h1_3_6_12_s0_75,dynamic:1.5,False,False,highs
random,11,84.85317851302631,254.5595355390789,169.7063570260526,18,194,0.9405035515710574,0.01037790035479702,0.0360343762319341,-1.635071327974984,6,0.75,dynamic_1_5_p6_h1_3_6_12_s0_75,dynamic:1.5,False,False,highs
random,12,84.86410230392971,254.59230691178917,169.72820460785945,18,229,0.7826168521456562,0.01049599953694269,0.03644444283660656,-1.624147537071579,6,0.75,dynamic_1_5_p6_h1_3_6_12_s0_75,dynamic:1.5,False,False,highs
random,13,83.4664507043681,250.3993521131043,166.9329014087362,14,211,0.8872386576986339,0.010793399676913396,0.03747708221150484,-3.0217991366331916,6,0.75,dynamic_1_5_p6_h1_3_6_12_s0_75,dynamic:1.5,False,False,highs
random,14,87.98096622563207,263.94289867689616,175.9619324512641,17,236,0.9069443457798563,0.010365700436523184,0.03599201540459439,1.492716384630782,6,0.75,dynamic_1_5_p6_h1_3_6_12_s0_75,dynamic:1.5,False,False,highs
random,15,80.42510926218912,241.2753277865674,160.85021852437828,18,209,0.9978076598032279,0.01026139993336983,0.03562986087975636,-6.063140578812167,6,0.75,dynamic_1_5_p6_h1_3_6_12_s0_75,dynamic:1.5,False,False,highs
random,16,89.26860546918701,267.80581640756105,178.53721093837405,17,215,0.741139357365966,0.01026800015824847,0.03565277832725163,2.780355628185717,6,0.75,dynamic_1_5_p6_h1_3_6_12_s0_75,dynamic:1.5,False,False,highs
random,17,96.81103220544716,290.4330966163415,193.62206441089435,15,223,0.8925383738570144,0.010484600032214075,0.03640486122296554,10.322782364445871,6,0.75,dynamic_1_5_p6_h1_3_6_12_s0_75,dynamic:1.5,False,False,highs
random,18,56.89214894073798,170.6764468222139,113.78429788147592,13,227,0.9650654995696818,0.010541500028921291,0.03660243065597671,-29.59610090026331,6,0.75,dynamic_1_5_p6_h1_3_6_12_s0_75,dynamic:1.5,False,False,highs
random,19,86.74165515325706,260.22496545977117,173.4833103065141,13,191,0.8673995861842686,0.01052250011707656,0.03653645873984917,0.2534053122557651,6,0.75,dynamic_1_5_p6_h1_3_6_12_s0_75,dynamic:1.5,False,False,highs
random,20,64.74487847318744,194.2346354195623,129.48975694637485,16,229,0.9967203493875952,0.010187700216192752,0.035373959084002614,-21.74337136781385,6,0.75,dynamic_1_5_p6_h1_3_6_12_s0_75,dynamic:1.5,False,False,highs
random,21,99.843993996124,299.53198198837197,199.68798799224797,18,224,0.8598771190788431,0.010399100137874484,0.03610798658984196,13.355744155122707,6,0.75,dynamic_1_5_p6_h1_3_6_12_s0_75,dynamic:1.5,False,False,highs
random,22,67.03285006045962,201.09855018137887,134.06570012091925,16,230,0.9967807101014526,0.010758200223790482,0.037354861888161395,-19.45539978054167,6,0.75,dynamic_1_5_p6_h1_3_6_12_s0_75,dynamic:1.5,False,False,highs
random,23,80.2494316214549,240.7482948643647,160.4988632429098,16,231,0.912043843784117,0.010814100096467882,0.037548958668291256,-6.238818219546388,6,0.75,dynamic_1_5_p6_h1_3_6_12_s0_75,dynamic:1.5,False,False,highs
random,24,84.7462766932345,254.23883007970352,169.492553386469,16,227,0.9841922790778348,0.01040489980368875,0.036128124318363715,-1.7419731477667852,6,0.75,dynamic_1_5_p6_h1_3_6_12_s0_75,dynamic:1.5,False,False,highs
random,25,118.43868122368826,355.31604367106485,236.87736244737658,11,237,0.9975201396152462,0.010682200081646442,0.037090972505716815,31.950431382686972,6,0.75,dynamic_1_5_p6_h1_3_6_12_s0_75,dynamic:1.5,False,False,highs
random,26,86.82195250178148,260.46585750534445,173.64390500356296,16,200,0.8867120624089018,0.010621999885188416,0.03688194404579311,0.3337026607801903,6,0.75,dynamic_1_5_p6_h1_3_6_12_s0_75,dynamic:1.5,False,False,highs
random,27,56.24409292822773,168.73227878468322,112.48818585645549,17,245,0.9971851724080014,0.010564800002612174,0.03668333334240338,-30.244156912773562,6,0.75,dynamic_1_5_p6_h1_3_6_12_s0_75,dynamic:1.5,False,False,highs
random,28,97.66978619331817,293.00935857995455,195.33957238663638,19,238,0.9473196686113469,0.010471599904121831,0.03635972188931191,11.181536352316883,6,0.75,dynamic_1_5_p6_h1_3_6_12_s0_75,dynamic:1.5,False,False,highs
random,29,90.31237186512215,270.93711559536644,180.6247437302443,11,233,0.9945291384538555,0.01059960006386973,0.03680416688843656,3.824122024120854,6,0.75,dynamic_1_5_p6_h1_3_6_12_s0_75,dynamic:1.5,False,False,highs
milp_h1,0,171.45501171946523,514.3650351583957,342.91002343893047,32,192,0.8261036888178832,5.339931899914518,18.54143020803652,-0.40620480644207646,12,0.75,dynamic_1_5_p12_h1_3_6_12_s0_75,dynamic:1.5,False,False,highs
milp_h1,1,166.83907683491708,500.5172305047511,333.67815366983405,33,190,0.998299855585823,4.775797299895203,16.58262951352501,-5.02213969099023,12,0.75,dynamic_1_5_p12_h1_3_6_12_s0_75,dynamic:1.5,False,False,highs
milp_h1,2,160.58755046476915,481.7626513943075,321.17510092953836,31,201,0.9132975398875838,5.444232000270858,18.903583334273815,-11.273666061138158,12,0.75,dynamic_1_5_p12_h1_3_6_12_s0_75,dynamic:1.5,False,False,highs
milp_h1,3,171.45879172186056,514.3763751655816,342.91758344372107,28,196,0.8695118000853671,5.712396999821067,19.83471180493426,-0.4024248040467455,12,0.75,dynamic_1_5_p12_h1_3_6_12_s0_75,dynamic:1.5,False,False,highs
milp_h1,4,183.28362680574253,549.8508804172276,366.56725361148506,38,192,0.9004600038321977,5.071403200126952,17.609038889329693,11.42241027983522,12,0.75,dynamic_1_5_p12_h1_3_6_12_s0_75,dynamic:1.5,False,False,highs
milp_h1,5,160.20039457877476,480.60118373632423,320.40078915754947,30,219,0.8322796347241479,5.690166599990334,19.757522916633107,-11.660821947132547,12,0.75,dynamic_1_5_p12_h1_3_6_12_s0_75,dynamic:1.5,False,False,highs
milp_h1,6,175.30711051424333,525.9213315427302,350.61422102848684,29,241,0.9239065460054818,5.96570310019888,20.714246875690556,3.4458939883360244,12,0.75,dynamic_1_5_p12_h1_3_6_12_s0_75,dynamic:1.5,False,False,highs
milp_h1,7,131.90947867085532,395.728436012566,263.8189573417107,28,190,0.8334121335601806,5.496078100142768,19.08360451438461,-39.95173785505199,12,0.75,dynamic_1_5_p12_h1_3_6_12_s0_75,dynamic:1.5,False,False,highs
milp_h1,8,156.72954758852717,470.1886427655815,313.45909517705434,30,207,0.9128637327255615,5.245768099965062,18.21447256932313,-15.131668937380141,12,0.75,dynamic_1_5_p12_h1_3_6_12_s0_75,dynamic:1.5,False,False,highs
milp_h1,9,200.6940297603607,602.0820892810821,401.38805952072136,33,225,0.826367288780479,5.443556499900296,18.90123784687603,28.832813234453397,12,0.75,dynamic_1_5_p12_h1_3_6_12_s0_75,dynamic:1.5,False,False,highs
milp_h1,10,224.06498838464415,672.1949651539325,448.1299767692883,29,200,0.979795943183095,5.584282299882034,19.389869096812617,52.20377185873684,12,0.75,dynamic_1_5_p12_h1_3_6_12_s0_75,dynamic:1.5,False,False,highs
milp_h1,11,172.17175448785224,516.5152634635567,344.3435089757045,34,171,0.9434994481866743,4.907412800064776,17.039627778002696,0.3105379619449309,12,0.75,dynamic_1_5_p12_h1_3_6_12_s0_75,dynamic:1.5,False,False,highs
milp_h1,12,172.71423861458896,518.1427158437668,345.4284772291779,35,206,0.8386507316032349,5.477781600086018,19.020075000298675,0.8530220886816551,12,0.75,dynamic_1_5_p12_h1_3_6_12_s0_75,dynamic:1.5,False,False,highs
milp_h1,13,170.8895652194817,512.6686956584452,341.77913043896353,27,192,0.8480878882502246,5.2598126000666525,18.26323819467588,-0.9716513064255992,12,0.75,dynamic_1_5_p12_h1_3_6_12_s0_75,dynamic:1.5,False,False,highs
milp_h1,14,178.7624197825789,536.2872593477367,357.52483956515783,27,220,0.7439354878300115,5.602104099933058,19.451750346989783,6.901203256671579,12,0.75,dynamic_1_5_p12_h1_3_6_12_s0_75,dynamic:1.5,False,False,highs
milp_h1,15,164.46718753750122,493.40156261250365,328.93437507500244,34,188,0.8751993538907304,5.378571299777832,18.67559479089525,-7.394028988406092,12,0.75,dynamic_1_5_p12_h1_3_6_12_s0_75,dynamic:1.5,False,False,highs
milp_h1,16,180.02064203818634,540.061926114559,360.0412840763727,37,189,0.8147049305207691,5.296287299657706,18.38988645714481,8.159425512279029,12,0.75,dynamic_1_5_p12_h1_3_6_12_s0_75,dynamic:1.5,False,False,highs
milp_h1,17,198.53933670123416,595.6180101037024,397.07867340246827,30,203,0.8777258787483937,5.247546000144212,18.22064583383407,26.678120175326853,12,0.75,dynamic_1_5_p12_h1_3_6_12_s0_75,dynamic:1.5,False,False,highs
milp_h1,18,116.74191159705316,350.22573479115954,233.48382319410638,25,209,0.9983887656170662,5.142728200007696,17.85669513891561,-55.11930492885415,12,0.75,dynamic_1_5_p12_h1_3_6_12_s0_75,dynamic:1.5,False,False,highs
milp_h1,19,176.91620190441603,530.7486057132481,353.8324038088321,24,174,0.945703417037781,4.357106799812755,15.128843054905397,5.054985378508718,12,0.75,dynamic_1_5_p12_h1_3_6_12_s0_75,dynamic:1.5,False,False,highs
milp_h1,20,132.41590528065962,397.24771584197873,264.8318105613191,34,205,0.8930804789533784,4.181029400235275,14.51746319526137,-39.445311245247694,12,0.75,dynamic_1_5_p12_h1_3_6_12_s0_75,dynamic:1.5,False,False,highs
milp_h1,21,203.72901425361624,611.1870427608488,407.4580285072326,39,197,0.8907443023242075,4.098119000060251,14.229579861320316,31.867797727708933,12,0.75,dynamic_1_5_p12_h1_3_6_12_s0_75,dynamic:1.5,False,False,highs
milp_h1,22,136.02055869996548,408.0616760998964,272.0411173999309,25,215,0.9284913986002598,4.324889899842674,15.016978818898174,-35.84065782594183,12,0.75,dynamic_1_5_p12_h1_3_6_12_s0_75,dynamic:1.5,False,False,highs
milp_h1,23,162.92621986965338,488.7786596089601,325.8524397393067,23,218,0.9039727389029707,4.172037999902386,14.486243055216619,-8.93499665625393,12,0.75,dynamic_1_5_p12_h1_3_6_12_s0_75,dynamic:1.5,False,False,highs
milp_h1,24,173.23228447884316,519.6968534365295,346.46456895768637,29,208,0.9977259031527314,4.111787900066702,14.277041319676048,1.3710679529358458,12,0.75,dynamic_1_5_p12_h1_3_6_12_s0_75,dynamic:1.5,False,False,highs
milp_h1,25,239.8491940945387,719.547582283616,479.69838818907726,35,207,0.905016009930401,4.1364638001832645,14.362721528414113,67.98797756863138,12,0.75,dynamic_1_5_p12_h1_3_6_12_s0_75,dynamic:1.5,False,False,highs
milp_h1,26,177.7640841633081,533.2922524899243,355.5281683266162,35,175,0.9812395383226139,4.309442399593536,14.963341665255333,5.902867637400789,12,0.75,dynamic_1_5_p12_h1_3_6_12_s0_75,dynamic:1.5,False,False,highs
milp_h1,27,114.82628381252289,344.4788514375686,229.65256762504572,32,225,0.9372479399043631,4.129926299938234,14.340021874785533,-57.03493271338442,12,0.75,dynamic_1_5_p12_h1_3_6_12_s0_75,dynamic:1.5,False,False,highs
milp_h1,28,198.7300388733546,596.1901166200637,397.4600777467091,31,220,0.9987569858472772,4.066745399759384,14.120643749164527,26.868822347447292,12,0.75,dynamic_1_5_p12_h1_3_6_12_s0_75,dynamic:1.5,False,False,highs
milp_h1,29,182.59004732370374,547.7701419711112,365.1800946474075,27,211,0.9985788985342158,4.185761600092519,14.533894444765691,10.728830797796434,12,0.75,dynamic_1_5_p12_h1_3_6_12_s0_75,dynamic:1.5,False,False,highs
milp_h3,0,171.4550117194653,514.3650351583957,342.9100234389304,22,202,0.7773403105875859,11.417333600198617,39.64351944513409,-0.4062048064420196,12,0.75,dynamic_1_5_p12_h1_3_6_12_s0_75,dynamic:1.5,False,False,highs
milp_h3,1,166.83907683491702,500.51723050475107,333.67815366983405,16,208,0.8932657205441972,10.92008780001197,37.91697152781934,-5.0221396909902865,12,0.75,dynamic_1_5_p12_h1_3_6_12_s0_75,dynamic:1.5,False,False,highs
milp_h3,2,160.58755046476915,481.7626513943075,321.17510092953836,26,206,0.9038673753775996,8.40182500029914,29.173003473260906,-11.273666061138158,12,0.75,dynamic_1_5_p12_h1_3_6_12_s0_75,dynamic:1.5,False,False,highs
milp_h3,3,171.45879172186045,514.3763751655815,342.91758344372107,22,202,0.8468042170745056,11.815465399908135,41.0259215274588,-0.4024248040468592,12,0.75,dynamic_1_5_p12_h1_3_6_12_s0_75,dynamic:1.5,False,False,highs
milp_h3,4,183.28362680574259,549.8508804172277,366.5672536114851,20,211,0.9746213624040634,6.742772599798627,23.4124048604119,11.422410279835276,12,0.75,dynamic_1_5_p12_h1_3_6_12_s0_75,dynamic:1.5,False,False,highs
milp_h3,5,160.20039457877476,480.60118373632423,320.40078915754947,26,219,0.734844977009044,11.328259500092827,39.33423437532232,-11.660821947132547,12,0.75,dynamic_1_5_p12_h1_3_6_12_s0_75,dynamic:1.5,False,False,highs
milp_h3,6,175.30711051424345,525.9213315427303,350.61422102848684,21,249,0.998372083132195,6.553502900002059,22.755218402784926,3.445893988336138,12,0.75,dynamic_1_5_p12_h1_3_6_12_s0_75,dynamic:1.5,False,False,highs
milp_h3,7,131.90947867085532,395.728436012566,263.8189573417107,21,198,0.7158279235313737,7.139027299737791,24.78828923520066,-39.95173785505199,12,0.75,dynamic_1_5_p12_h1_3_6_12_s0_75,dynamic:1.5,False,False,highs
milp_h3,8,156.72954758852717,470.1886427655815,313.45909517705434,24,217,0.8892639435431343,6.406134900083998,22.243523958624994,-15.131668937380141,12,0.75,dynamic_1_5_p12_h1_3_6_12_s0_75,dynamic:1.5,False,False,highs
milp_h3,9,200.6940297603607,602.0820892810821,401.38805952072136,21,237,0.8162526558975514,11.460046000167495,39.791826389470465,28.832813234453397,12,0.75,dynamic_1_5_p12_h1_3_6_12_s0_75,dynamic:1.5,False,False,highs
milp_h3,10,224.06498838464415,672.1949651539325,448.1299767692883,19,211,0.8773250501857992,9.2515917000419,32.12358229181215,52.20377185873684,12,0.75,dynamic_1_5_p12_h1_3_6_12_s0_75,dynamic:1.5,False,False,highs
milp_h3,11,172.17175448785218,516.5152634635566,344.3435089757044,23,183,0.9364872281647764,9.308036499802256,32.319571179868944,0.31053796194487404,12,0.75,dynamic_1_5_p12_h1_3_6_12_s0_75,dynamic:1.5,False,False,highs
milp_h3,12,172.71423861458896,518.1427158437668,345.4284772291779,18,223,0.8188825530613174,11.707701399718644,40.65174097124529,0.8530220886816551,12,0.75,dynamic_1_5_p12_h1_3_6_12_s0_75,dynamic:1.5,False,False,highs
milp_h3,13,170.8895652194817,512.6686956584452,341.77913043896353,19,201,0.8692953394615894,7.675326400087215,26.65043888919172,-0.9716513064255992,12,0.75,dynamic_1_5_p12_h1_3_6_12_s0_75,dynamic:1.5,False,False,highs
milp_h3,14,178.7624197825789,536.2872593477367,357.52483956515783,19,228,0.9143939903376347,8.680636899545789,30.1411003456451,6.901203256671579,12,0.75,dynamic_1_5_p12_h1_3_6_12_s0_75,dynamic:1.5,False,False,highs
milp_h3,15,164.46718753750127,493.4015626125037,328.93437507500244,23,199,0.7931020435174341,6.43195579998428,22.33317986105653,-7.394028988406035,12,0.75,dynamic_1_5_p12_h1_3_6_12_s0_75,dynamic:1.5,False,False,highs
milp_h3,16,180.02064203818634,540.061926114559,360.0412840763727,18,210,0.9976071121768496,8.61151550008799,29.90109548641663,8.159425512279029,12,0.75,dynamic_1_5_p12_h1_3_6_12_s0_75,dynamic:1.5,False,False,highs
milp_h3,17,198.53933670123416,595.6180101037024,397.07867340246827,23,209,0.7744087474548611,11.173929599695839,38.79836666561055,26.678120175326853,12,0.75,dynamic_1_5_p12_h1_3_6_12_s0_75,dynamic:1.5,False,False,highs
milp_h3,18,116.74191159705316,350.22573479115954,233.48382319410638,20,215,0.9988685032410564,7.216388799948618,25.056905555377146,-55.11930492885415,12,0.75,dynamic_1_5_p12_h1_3_6_12_s0_75,dynamic:1.5,False,False,highs
milp_h3,19,176.91620190441603,530.7486057132481,353.8324038088321,18,182,0.8532245442123824,11.239029999822378,39.02440972160548,5.054985378508718,12,0.75,dynamic_1_5_p12_h1_3_6_12_s0_75,dynamic:1.5,False,False,highs
milp_h3,20,132.41590528065962,397.24771584197873,264.8318105613191,25,216,0.8877839883603367,8.999521800171351,31.248339583928303,-39.445311245247694,12,0.75,dynamic_1_5_p12_h1_3_6_12_s0_75,dynamic:1.5,False,False,highs
milp_h3,21,203.72901425361624,611.1870427608488,407.4580285072326,23,213,0.9556374774252608,14.105080200039083,48.97597291680237,31.867797727708933,12,0.75,dynamic_1_5_p12_h1_3_6_12_s0_75,dynamic:1.5,False,False,highs
milp_h3,22,136.02055869996542,408.0616760998963,272.0411173999309,22,218,0.91479707581509,15.967088000295917,55.441277778805265,-35.84065782594189,12,0.75,dynamic_1_5_p12_h1_3_6_12_s0_75,dynamic:1.5,False,False,highs
milp_h3,23,162.92621986965332,488.77865960896,325.8524397393067,16,227,0.9073839742398991,13.884929700376233,48.2115614596397,-8.934996656253986,12,0.75,dynamic_1_5_p12_h1_3_6_12_s0_75,dynamic:1.5,False,False,highs
milp_h3,24,173.2322844788432,519.6968534365295,346.4645689576863,23,216,0.9975620327541183,10.56792180024786,36.69417291752729,1.3710679529359027,12,0.75,dynamic_1_5_p12_h1_3_6_12_s0_75,dynamic:1.5,False,False,highs
milp_h3,25,239.84919409453863,719.547582283616,479.6983881890773,18,224,0.9974648469108057,9.597528399695875,33.3247513878329,67.98797756863132,12,0.75,dynamic_1_5_p12_h1_3_6_12_s0_75,dynamic:1.5,False,False,highs
milp_h3,26,177.7640841633081,533.2922524899243,355.5281683266162,27,183,0.8867406403088822,10.865932599816006,37.72893263825002,5.902867637400789,12,0.75,dynamic_1_5_p12_h1_3_6_12_s0_75,dynamic:1.5,False,False,highs
milp_h3,27,114.82628381252289,344.4788514375686,229.65256762504572,15,242,0.8259411456531227,14.088965599687072,48.92001944335789,-57.03493271338442,12,0.75,dynamic_1_5_p12_h1_3_6_12_s0_75,dynamic:1.5,False,False,highs
milp_h3,28,198.73003887335454,596.1901166200637,397.46007774670915,24,229,0.9105322760148262,11.4867815002508,39.88465798698194,26.868822347447235,12,0.75,dynamic_1_5_p12_h1_3_6_12_s0_75,dynamic:1.5,False,False,highs
milp_h3,29,182.59004732370374,547.7701419711112,365.1800946474075,16,224,0.9984078321239277,9.933271600282751,34.490526389870666,10.728830797796434,12,0.75,dynamic_1_5_p12_h1_3_6_12_s0_75,dynamic:1.5,False,False,highs
milp_h6,0,171.4550117194653,514.3650351583957,342.9100234389304,22,202,0.7773403105875859,21.181710600008955,73.5476062500311,-0.4062048064420196,12,0.75,dynamic_1_5_p12_h1_3_6_12_s0_75,dynamic:1.5,False,False,highs
milp_h6,1,166.83907683491702,500.51723050475107,333.67815366983405,16,208,0.8932657205441972,21.91946800018195,76.10926388952066,-5.0221396909902865,12,0.75,dynamic_1_5_p12_h1_3_6_12_s0_75,dynamic:1.5,False,False,highs
milp_h6,2,160.58755046476915,481.7626513943075,321.17510092953836,26,206,0.9038673753775996,15.98896300009801,55.517232639229206,-11.273666061138158,12,0.75,dynamic_1_5_p12_h1_3_6_12_s0_75,dynamic:1.5,False,False,highs
milp_h6,3,171.45879172186045,514.3763751655815,342.91758344372107,22,202,0.8468042188886409,22.12645749974763,76.82797742967927,-0.4024248040468592,12,0.75,dynamic_1_5_p12_h1_3_6_12_s0_75,dynamic:1.5,False,False,highs
milp_h6,4,183.28362680574253,549.8508804172276,366.56725361148506,21,209,0.8904379401055036,23.280241300089983,80.834171180868,11.42241027983522,12,0.75,dynamic_1_5_p12_h1_3_6_12_s0_75,dynamic:1.5,False,False,highs
milp_h6,5,160.20039457877476,480.60118373632423,320.40078915754947,26,219,0.7133341185010269,19.823668799886946,68.83218333294079,-11.660821947132547,12,0.75,dynamic_1_5_p12_h1_3_6_12_s0_75,dynamic:1.5,False,False,highs
milp_h6,6,175.30711051424345,525.9213315427303,350.61422102848684,21,249,0.998372083132195,9.657086400286062,33.53155000099327,3.445893988336138,12,0.75,dynamic_1_5_p12_h1_3_6_12_s0_75,dynamic:1.5,False,False,highs
milp_h6,7,131.45362567553917,394.36087702661746,262.9072513510783,27,191,0.8928805679890054,9.477048099943204,32.90641701369168,-40.40759085036814,12,0.75,dynamic_1_5_p12_h1_3_6_12_s0_75,dynamic:1.5,False,False,highs
milp_h6,8,156.72954758852717,470.1886427655815,313.45909517705434,25,213,0.8570231108858937,9.13544510002248,31.720295486189166,-15.131668937380141,12,0.75,dynamic_1_5_p12_h1_3_6_12_s0_75,dynamic:1.5,False,False,highs
milp_h6,9,200.6940297603607,602.0820892810821,401.38805952072136,21,237,0.8162526558975514,16.96139249962289,58.89372395702392,28.832813234453397,12,0.75,dynamic_1_5_p12_h1_3_6_12_s0_75,dynamic:1.5,False,False,highs
milp_h6,10,224.06498838464415,672.1949651539325,448.1299767692883,19,211,0.8771159820505401,13.735125700215576,47.69140868130408,52.20377185873684,12,0.75,dynamic_1_5_p12_h1_3_6_12_s0_75,dynamic:1.5,False,False,highs
milp_h6,11,172.17175448785218,516.5152634635566,344.3435089757044,23,183,0.9364872281647764,14.223374600376701,49.3867173624191,0.31053796194487404,12,0.75,dynamic_1_5_p12_h1_3_6_12_s0_75,dynamic:1.5,False,False,highs
milp_h6,12,172.71423861458896,518.1427158437668,345.4284772291779,23,218,0.8638201813577359,18.612037700164365,64.62513090334849,0.8530220886816551,12,0.75,dynamic_1_5_p12_h1_3_6_12_s0_75,dynamic:1.5,False,False,highs
milp_h6,13,170.8895652194817,512.6686956584452,341.77913043896353,19,201,0.8692953394615894,12.692560200201115,44.07138958403165,-0.9716513064255992,12,0.75,dynamic_1_5_p12_h1_3_6_12_s0_75,dynamic:1.5,False,False,highs
milp_h6,14,178.7624197825789,536.2872593477367,357.52483956515783,19,228,0.9143939903376347,13.453040499705821,46.7119461795341,6.901203256671579,12,0.75,dynamic_1_5_p12_h1_3_6_12_s0_75,dynamic:1.5,False,False,highs
milp_h6,15,164.46718753750127,493.4015626125037,328.93437507500244,23,199,0.7931020435174341,8.822210999758681,30.63267708249542,-7.394028988406035,12,0.75,dynamic_1_5_p12_h1_3_6_12_s0_75,dynamic:1.5,False,False,highs
milp_h6,16,180.02064203818634,540.061926114559,360.0412840763727,16,212,0.9790873983261104,12.280616200063378,42.64102847244229,8.159425512279029,12,0.75,dynamic_1_5_p12_h1_3_6_12_s0_75,dynamic:1.5,False,False,highs
milp_h6,17,198.53933670123416,595.6180101037024,397.07867340246827,23,209,0.774407861728288,15.798911399790086,54.857331249271134,26.678120175326853,12,0.75,dynamic_1_5_p12_h1_3_6_12_s0_75,dynamic:1.5,False,False,highs
milp_h6,18,116.74191159705316,350.22573479115954,233.48382319410638,24,212,0.8800267576471252,8.566621200268855,29.745212500933526,-55.11930492885415,12,0.75,dynamic_1_5_p12_h1_3_6_12_s0_75,dynamic:1.5,False,False,highs
milp_h6,19,176.91620190441603,530.7486057132481,353.8324038088321,18,182,0.8532245442123824,12.492104399891105,43.37536249962189,5.054985378508718,12,0.75,dynamic_1_5_p12_h1_3_6_12_s0_75,dynamic:1.5,False,False,highs
milp_h6,20,132.41590528065962,397.24771584197873,264.8318105613191,26,215,0.8163575978392635,13.597622499975841,47.213967013805004,-39.445311245247694,12,0.75,dynamic_1_5_p12_h1_3_6_12_s0_75,dynamic:1.5,False,False,highs
milp_h6,21,203.72901425361636,611.187042760849,407.4580285072326,24,212,0.8144075559514149,8.406263900367776,29.188416320721444,31.867797727709046,12,0.75,dynamic_1_5_p12_h1_3_6_12_s0_75,dynamic:1.5,False,False,highs
milp_h6,22,136.02055869996542,408.0616760998963,272.0411173999309,22,218,0.9139943706927992,22.10240089983563,76.74444756887371,-35.84065782594189,12,0.75,dynamic_1_5_p12_h1_3_6_12_s0_75,dynamic:1.5,False,False,highs
milp_h6,23,162.92621986965332,488.77865960896,325.8524397393067,16,227,0.9073839742398991,22.920442999806255,79.58487152710505,-8.934996656253986,12,0.75,dynamic_1_5_p12_h1_3_6_12_s0_75,dynamic:1.5,False,False,highs
milp_h6,24,173.2322844788432,519.6968534365295,346.4645689576863,23,216,0.9975620327541183,17.3184960000508,60.133666666843055,1.3710679529359027,12,0.75,dynamic_1_5_p12_h1_3_6_12_s0_75,dynamic:1.5,False,False,highs
milp_h6,25,239.84919409453863,719.547582283616,479.6983881890773,18,224,0.9974648469108057,13.988897799950792,48.572561805384694,67.98797756863132,12,0.75,dynamic_1_5_p12_h1_3_6_12_s0_75,dynamic:1.5,False,False,highs
milp_h6,26,177.7640841633081,533.2922524899243,355.5281683266162,27,183,0.8788883893185296,12.08696709992364,41.96863576362375,5.902867637400789,12,0.75,dynamic_1_5_p12_h1_3_6_12_s0_75,dynamic:1.5,False,False,highs
milp_h6,27,114.82628381252289,344.4788514375686,229.65256762504572,19,239,0.9982363390173408,12.054435900005046,41.855680208350854,-57.03493271338442,12,0.75,dynamic_1_5_p12_h1_3_6_12_s0_75,dynamic:1.5,False,False,highs
milp_h6,28,198.73003887335454,596.1901166200637,397.46007774670915,24,229,0.9105322760148262,13.278938899980858,46.107426736044644,26.868822347447235,12,0.75,dynamic_1_5_p12_h1_3_6_12_s0_75,dynamic:1.5,False,False,highs
milp_h6,29,182.59004732370374,547.7701419711112,365.1800946474075,16,224,0.9989348361056934,15.349534499837318,53.2969947911018,10.728830797796434,12,0.75,dynamic_1_5_p12_h1_3_6_12_s0_75,dynamic:1.5,False,False,highs
milp_h12,0,171.4550117194653,514.3650351583957,342.9100234389304,21,203,0.7577490416227046,30.604119000170613,106.26430208392574,-0.4062048064420196,12,0.75,dynamic_1_5_p12_h1_3_6_12_s0_75,dynamic:1.5,False,False,highs
milp_h12,1,166.83907683491702,500.51723050475107,333.67815366983405,16,208,0.8932657205441972,26.678014100150904,92.63199340330175,-5.0221396909902865,12,0.75,dynamic_1_5_p12_h1_3_6_12_s0_75,dynamic:1.5,False,False,highs
milp_h12,2,160.5875504647692,481.7626513943075,321.1751009295383,24,208,0.903975042738429,15.82285609995597,54.940472569291565,-11.273666061138101,12,0.75,dynamic_1_5_p12_h1_3_6_12_s0_75,dynamic:1.5,False,False,highs
milp_h12,3,171.45879172186056,514.3763751655816,342.91758344372107,20,204,0.8817509962019576,24.230064000352286,84.13216666788988,-0.4024248040467455,12,0.75,dynamic_1_5_p12_h1_3_6_12_s0_75,dynamic:1.5,False,False,highs
milp_h12,4,183.28362680574253,549.8508804172276,366.56725361148506,25,206,0.9084214422133728,20.6905403000128,71.84215381948889,11.42241027983522,12,0.75,dynamic_1_5_p12_h1_3_6_12_s0_75,dynamic:1.5,False,False,highs
milp_h12,5,160.20039457877476,480.60118373632423,320.40078915754947,26,219,0.6873091379298246,38.886586100037675,135.02286840290859,-11.660821947132547,12,0.75,dynamic_1_5_p12_h1_3_6_12_s0_75,dynamic:1.5,False,False,highs
milp_h12,6,175.30711051424333,525.9213315427302,350.61422102848684,24,246,0.998194601086635,20.27340919978451,70.39378194369621,3.4458939883360244,12,0.75,dynamic_1_5_p12_h1_3_6_12_s0_75,dynamic:1.5,False,False,highs
milp_h12,7,131.90947867085538,395.728436012566,263.81895734171064,19,200,0.8118148716267235,23.325855900358874,80.99255520957942,-39.95173785505193,12,0.75,dynamic_1_5_p12_h1_3_6_12_s0_75,dynamic:1.5,False,False,highs
milp_h12,8,156.72954758852717,470.1886427655815,313.45909517705434,26,212,0.8216300618790885,15.531193000031635,53.927753472332064,-15.131668937380141,12,0.75,dynamic_1_5_p12_h1_3_6_12_s0_75,dynamic:1.5,False,False,highs
milp_h12,9,200.6940297603607,602.0820892810821,401.38805952072136,20,239,0.793941039559366,27.995468899665866,97.20648923495092,28.832813234453397,12,0.75,dynamic_1_5_p12_h1_3_6_12_s0_75,dynamic:1.5,False,False,highs
milp_h12,10,224.0649883846442,672.1949651539325,448.12997676928825,16,213,0.9990125277164729,27.900337500032037,96.87617187511124,52.2037718587369,12,0.75,dynamic_1_5_p12_h1_3_6_12_s0_75,dynamic:1.5,False,False,highs
milp_h12,11,172.17175448785218,516.5152634635566,344.3435089757044,18,187,0.9126493091514281,38.39702210001997,133.32299340284712,0.31053796194487404,12,0.75,dynamic_1_5_p12_h1_3_6_12_s0_75,dynamic:1.5,False,False,highs
milp_h12,12,172.71423861458896,518.1427158437668,345.4284772291779,23,218,0.8226366899226961,52.603656699706335,182.65158576286922,0.8530220886816551,12,0.75,dynamic_1_5_p12_h1_3_6_12_s0_75,dynamic:1.5,False,False,highs
milp_h12,13,170.88956521948177,512.6686956584452,341.7791304389635,17,204,0.8671382991660888,51.79174209985649,179.83243784672393,-0.9716513064255423,12,0.75,dynamic_1_5_p12_h1_3_6_12_s0_75,dynamic:1.5,False,False,highs
milp_h12,14,178.7624197825789,536.2872593477367,357.52483956515783,22,225,0.8086201947533199,58.20670239991159,202.1066055552486,6.901203256671579,12,0.75,dynamic_1_5_p12_h1_3_6_12_s0_75,dynamic:1.5,False,False,highs
milp_h12,15,164.46718753750122,493.40156261250365,328.93437507500244,24,197,0.758519379810128,79.36603639999521,275.57651527776113,-7.394028988406092,12,0.75,dynamic_1_5_p12_h1_3_6_12_s0_75,dynamic:1.5,False,False,highs
milp_h12,16,180.02064203818634,540.061926114559,360.0412840763727,16,212,0.9967642553635491,61.111302999954205,212.19202430539656,8.159425512279029,12,0.75,dynamic_1_5_p12_h1_3_6_12_s0_75,dynamic:1.5,False,False,highs
milp_h12,17,198.53933670123416,595.6180101037024,397.07867340246827,19,216,0.837142722191739,55.35976580012357,192.22140902820684,26.678120175326853,12,0.75,dynamic_1_5_p12_h1_3_6_12_s0_75,dynamic:1.5,False,False,highs
milp_h12,18,116.74191159705316,350.22573479115954,233.48382319410638,23,212,0.8557055749295134,35.56743199986522,123.4980277773098,-55.11930492885415,12,0.75,dynamic_1_5_p12_h1_3_6_12_s0_75,dynamic:1.5,False,False,highs
milp_h12,19,176.91620190441603,530.7486057132481,353.8324038088321,18,182,0.8532245442123824,25.687402299809037,89.19236909655916,5.054985378508718,12,0.75,dynamic_1_5_p12_h1_3_6_12_s0_75,dynamic:1.5,False,False,highs
milp_h12,20,132.41590528065962,397.24771584197873,264.8318105613191,25,214,0.8987232594912228,42.580805099976715,147.8500177082525,-39.445311245247694,12,0.75,dynamic_1_5_p12_h1_3_6_12_s0_75,dynamic:1.5,False,False,highs
milp_h12,21,203.72901425361624,611.1870427608488,407.4580285072326,27,210,0.8055654472050353,40.20947949998663,139.61624826384246,31.867797727708933,12,0.75,dynamic_1_5_p12_h1_3_6_12_s0_75,dynamic:1.5,False,False,highs
milp_h12,22,136.02055869996542,408.0616760998963,272.0411173999309,22,218,0.9138338296683411,78.44864270029939,272.39112048715066,-35.84065782594189,12,0.75,dynamic_1_5_p12_h1_3_6_12_s0_75,dynamic:1.5,False,False,highs
milp_h12,23,162.92621986965332,488.77865960896,325.8524397393067,16,227,0.9077906840301371,72.0489896001236,250.17010277820697,-8.934996656253986,12,0.75,dynamic_1_5_p12_h1_3_6_12_s0_75,dynamic:1.5,False,False,highs
milp_h12,24,173.2322844788432,519.6968534365295,346.4645689576863,20,220,0.9957421011491904,54.97597660013707,190.88880763936484,1.3710679529359027,12,0.75,dynamic_1_5_p12_h1_3_6_12_s0_75,dynamic:1.5,False,False,highs
milp_h12,25,239.84919409453857,719.5475822836158,479.69838818907726,20,223,0.9972751965761657,49.35048380025546,171.35584652866478,67.98797756863127,12,0.75,dynamic_1_5_p12_h1_3_6_12_s0_75,dynamic:1.5,False,False,highs
milp_h12,26,177.7640841633081,533.2922524899243,355.5281683266162,27,183,0.8788883893185296,54.43118159999722,188.99715833332368,5.902867637400789,12,0.75,dynamic_1_5_p12_h1_3_6_12_s0_75,dynamic:1.5,False,False,highs
milp_h12,27,114.82628381252283,344.47885143756855,229.65256762504572,19,239,0.9975712160451293,30.99904299984337,107.63556597167836,-57.03493271338448,12,0.75,dynamic_1_5_p12_h1_3_6_12_s0_75,dynamic:1.5,False,False,highs
milp_h12,28,198.7300388733546,596.1901166200637,397.4600777467091,22,229,0.9836615090242777,26.522367900208337,92.09155520905672,26.868822347447292,12,0.75,dynamic_1_5_p12_h1_3_6_12_s0_75,dynamic:1.5,False,False,highs
milp_h12,29,182.5900473237038,547.7701419711112,365.18009464740743,19,221,0.9991297854894639,20.661071200214792,71.73983055630136,10.72883079779649,12,0.75,dynamic_1_5_p12_h1_3_6_12_s0_75,dynamic:1.5,False,False,highs
equal_share,0,133.83964698816862,401.5189409645059,267.67929397633725,19,205,0.9204945671246663,0.005204600427532569,0.018071529262265865,-38.021569537738685,12,0.75,dynamic_1_5_p12_h1_3_6_12_s0_75,dynamic:1.5,False,False,highs
equal_share,1,130.34353165862063,391.0305949758619,260.68706331724127,21,202,0.9169399942774159,0.005320299504091963,0.018473262166985985,-41.517684867286675,12,0.75,dynamic_1_5_p12_h1_3_6_12_s0_75,dynamic:1.5,False,False,highs
equal_share,2,105.47115492417993,316.4134647725397,210.9423098483598,14,218,0.8178098040841204,0.0049202003283426166,0.017084028917856306,-66.39006160172738,12,0.75,dynamic_1_5_p12_h1_3_6_12_s0_75,dynamic:1.5,False,False,highs
equal_share,3,140.64027442868678,421.92082328606034,281.28054885737356,24,200,0.7799626670582437,0.004845799732720479,0.016825693516390555,-31.22094209722053,12,0.75,dynamic_1_5_p12_h1_3_6_12_s0_75,dynamic:1.5,False,False,highs
equal_share,4,136.46340726320972,409.3902217896292,272.9268145264195,18,212,0.9637431894709789,0.005261200189124793,0.018268056212238863,-35.39780926269759,12,0.75,dynamic_1_5_p12_h1_3_6_12_s0_75,dynamic:1.5,False,False,highs
equal_share,5,124.76164886439761,374.28494659319284,249.52329772879523,28,218,0.84329175256309,0.005174699879717082,0.017967707915684313,-47.099567661509695,12,0.75,dynamic_1_5_p12_h1_3_6_12_s0_75,dynamic:1.5,False,False,highs
equal_share,6,144.79197800822487,434.3759340246746,289.58395601644975,22,248,0.9957413983442732,0.005235500342678279,0.01817882063429958,-27.069238517682436,12,0.75,dynamic_1_5_p12_h1_3_6_12_s0_75,dynamic:1.5,False,False,highs
equal_share,7,110.4091620497802,331.2274861493406,220.8183240995604,24,194,0.7971696675194941,0.004964100226061419,0.017236459118268814,-61.4520544761271,12,0.75,dynamic_1_5_p12_h1_3_6_12_s0_75,dynamic:1.5,False,False,highs
equal_share,8,128.9685237000362,386.9055711001086,257.9370474000724,20,217,0.9188459984136798,0.0048461999103892595,0.016827083022184927,-42.89269282587111,12,0.75,dynamic_1_5_p12_h1_3_6_12_s0_75,dynamic:1.5,False,False,highs
equal_share,9,146.4910679794407,439.4732039383221,292.98213595888143,16,242,0.7654218373408141,0.004862700239755213,0.01688437583248338,-25.370148546466623,12,0.75,dynamic_1_5_p12_h1_3_6_12_s0_75,dynamic:1.5,False,False,highs
equal_share,10,206.7585820780359,620.2757462341075,413.5171641560716,27,202,0.8265843228092097,0.004938499623676762,0.017147568137766536,34.897365552128576,12,0.75,dynamic_1_5_p12_h1_3_6_12_s0_75,dynamic:1.5,False,False,highs
equal_share,11,131.53046979811995,394.5914093943599,263.06093959623996,21,184,0.9523864842227748,0.004733099776785821,0.016434374224950768,-40.33074672778736,12,0.75,dynamic_1_5_p12_h1_3_6_12_s0_75,dynamic:1.5,False,False,highs
equal_share,12,118.48500445311367,355.45501335934097,236.9700089062273,27,214,0.8008106325195641,0.005195400328375399,0.018039584473525692,-53.376212072793635,12,0.75,dynamic_1_5_p12_h1_3_6_12_s0_75,dynamic:1.5,False,False,highs
equal_share,13,148.50055777486597,445.501673324598,297.00111554973205,22,197,0.8965693167341102,0.005030999716836959,0.017468749016794998,-23.360658751041342,12,0.75,dynamic_1_5_p12_h1_3_6_12_s0_75,dynamic:1.5,False,False,highs
equal_share,14,127.63414410528577,382.9024323158573,255.26828821057154,13,234,0.9965662563157771,0.004951700131641701,0.017193403234867018,-44.22707242062154,12,0.75,dynamic_1_5_p12_h1_3_6_12_s0_75,dynamic:1.5,False,False,highs
equal_share,15,141.25629140620703,423.7688742186211,282.51258281241405,27,194,0.8303474229900794,0.004853899852605537,0.016853818932658114,-30.604925119700283,12,0.75,dynamic_1_5_p12_h1_3_6_12_s0_75,dynamic:1.5,False,False,highs
equal_share,16,119.772640793976,359.317922381928,239.545281587952,18,208,0.875965515317145,0.0035622998257167637,0.012369096617072096,-52.088575731931314,12,0.75,dynamic_1_5_p12_h1_3_6_12_s0_75,dynamic:1.5,False,False,highs
equal_share,17,132.70339938185447,398.11019814556334,265.4067987637089,14,218,0.8840979929962555,0.0031217000214383006,0.010839236185549654,-39.15781714405284,12,0.75,dynamic_1_5_p12_h1_3_6_12_s0_75,dynamic:1.5,False,False,highs
equal_share,18,88.92432905940203,266.7729871782061,177.84865811880408,26,208,0.8444078420709429,0.0033594999695196748,0.011664930449721092,-82.93688746650528,12,0.75,dynamic_1_5_p12_h1_3_6_12_s0_75,dynamic:1.5,False,False,highs
equal_share,19,131.4573833176168,394.37214995285046,262.91476663523366,21,177,0.9134109068671725,0.004033700126456097,0.014005903216861447,-40.40383320829051,12,0.75,dynamic_1_5_p12_h1_3_6_12_s0_75,dynamic:1.5,False,False,highs
equal_share,20,118.0485746573718,354.1457239721154,236.09714931474358,34,205,0.8727730325493995,0.004528000514255837,0.015722224007832766,-53.81264186853551,12,0.75,dynamic_1_5_p12_h1_3_6_12_s0_75,dynamic:1.5,False,False,highs
equal_share,21,159.23167075049463,477.6950122514839,318.46334150098926,22,214,0.9971602927791449,0.00481370001216419,0.016714236153347883,-12.62954577541268,12,0.75,dynamic_1_5_p12_h1_3_6_12_s0_75,dynamic:1.5,False,False,highs
equal_share,22,105.25281668732046,315.7584500619614,210.50563337464095,25,215,0.8922721315056205,0.006835800159024075,0.023735417218833592,-66.60839983858685,12,0.75,dynamic_1_5_p12_h1_3_6_12_s0_75,dynamic:1.5,False,False,highs
equal_share,23,122.33477274392536,367.0043182317761,244.66954548785074,18,223,0.8375473638786971,0.004898899787804112,0.017010068707653165,-49.52644378198195,12,0.75,dynamic_1_5_p12_h1_3_6_12_s0_75,dynamic:1.5,False,False,highs
equal_share,24,136.2395266199967,408.71857985999003,272.47905323999333,20,217,0.8733523405200805,0.005251700087683275,0.01823506974890026,-35.621689905910614,12,0.75,dynamic_1_5_p12_h1_3_6_12_s0_75,dynamic:1.5,False,False,highs
equal_share,25,178.5214976723202,535.5644930169606,357.04299534464036,19,223,0.8872651676238464,0.004616700083715841,0.016030208624013338,6.660281146412899,12,0.75,dynamic_1_5_p12_h1_3_6_12_s0_75,dynamic:1.5,False,False,highs
equal_share,26,161.1251411191423,483.37542335742694,322.2502822382846,28,182,0.9955520361187293,0.005310400243615732,0.018438889734776847,-10.736075406764996,12,0.75,dynamic_1_5_p12_h1_3_6_12_s0_75,dynamic:1.5,False,False,highs
equal_share,27,105.99218781344874,317.9765634403462,211.98437562689745,24,232,0.9530275580330073,0.005775399942649528,0.02005347202308864,-65.86902871245857,12,0.75,dynamic_1_5_p12_h1_3_6_12_s0_75,dynamic:1.5,False,False,highs
equal_share,28,169.38690912374545,508.1607273712364,338.77381824749096,27,224,0.9822483370263628,0.007052800094243139,0.02448888921612201,-2.4743074021618554,12,0.75,dynamic_1_5_p12_h1_3_6_12_s0_75,dynamic:1.5,False,False,highs
equal_share,29,127.74130447995475,383.2239134398643,255.48260895990956,13,225,0.9956385278178003,0.006041399959940463,0.02097708319423772,-44.11991204595256,12,0.75,dynamic_1_5_p12_h1_3_6_12_s0_75,dynamic:1.5,False,False,highs
max_charge,0,171.45501171946523,514.3650351583957,342.91002343893047,33,192,0.9372056207312521,0.0019659000099636614,0.006826041701262713,-0.40620480644207646,12,0.75,dynamic_1_5_p12_h1_3_6_12_s0_75,dynamic:1.5,False,False,highs
max_charge,1,166.83907683491702,500.5172305047511,333.6781536698341,36,188,0.9480092353473967,0.0018221000500489026,0.006326736284892023,-5.0221396909902865,12,0.75,dynamic_1_5_p12_h1_3_6_12_s0_75,dynamic:1.5,False,False,highs
max_charge,2,160.5875504647692,481.76265139430757,321.17510092953836,31,201,0.9208841881008961,0.0016028998361434788,0.005565624431053746,-11.273666061138101,12,0.75,dynamic_1_5_p12_h1_3_6_12_s0_75,dynamic:1.5,False,False,highs
max_charge,3,171.45879172186056,514.3763751655816,342.91758344372107,37,187,0.8141426871273988,0.001725500071188435,0.0059913196916265106,-0.4024248040467455,12,0.75,dynamic_1_5_p12_h1_3_6_12_s0_75,dynamic:1.5,False,False,highs
max_charge,4,183.28362680574259,549.8508804172277,366.5672536114851,36,194,0.920424020305461,0.0017534001963213086,0.006088195126115655,11.422410279835276,12,0.75,dynamic_1_5_p12_h1_3_6_12_s0_75,dynamic:1.5,False,False,highs
max_charge,5,160.20039457877476,480.60118373632423,320.40078915754947,36,209,0.8542439512467344,0.001706399634713307,0.005924998731643427,-11.660821947132547,12,0.75,dynamic_1_5_p12_h1_3_6_12_s0_75,dynamic:1.5,False,False,highs
max_charge,6,175.30711051424345,525.9213315427303,350.61422102848684,30,240,0.9961330584634903,0.0018989998498000205,0.006593749478472293,3.445893988336138,12,0.75,dynamic_1_5_p12_h1_3_6_12_s0_75,dynamic:1.5,False,False,highs
max_charge,7,131.90947867085532,395.728436012566,263.8189573417107,31,187,0.8292083159323058,0.001969400414964184,0.0068381958852923065,-39.95173785505199,12,0.75,dynamic_1_5_p12_h1_3_6_12_s0_75,dynamic:1.5,False,False,highs
max_charge,8,156.72954758852723,470.18864276558156,313.45909517705434,28,209,0.9268154808576604,0.0018074000836350024,0.006275694734843758,-15.131668937380084,12,0.75,dynamic_1_5_p12_h1_3_6_12_s0_75,dynamic:1.5,False,False,highs
max_charge,9,200.6940297603607,602.0820892810821,401.38805952072136,34,224,0.8467614778032683,0.001922500116052106,0.006675347625180923,28.832813234453397,12,0.75,dynamic_1_5_p12_h1_3_6_12_s0_75,dynamic:1.5,False,False,highs
max_charge,10,224.06498838464415,672.1949651539325,448.1299767692883,32,197,0.8687450437960897,0.001918999885674566,0.006663194047481132,52.20377185873684,12,0.75,dynamic_1_5_p12_h1_3_6_12_s0_75,dynamic:1.5,False,False,highs
max_charge,11,172.17175448785224,516.5152634635567,344.3435089757045,43,162,0.8513365856845685,0.0018149001989513636,0.006301736801914457,0.3105379619449309,12,0.75,dynamic_1_5_p12_h1_3_6_12_s0_75,dynamic:1.5,False,False,highs
max_charge,12,172.71423861458896,518.1427158437668,345.4284772291779,39,202,0.9066771094598539,0.001903300144476816,0.006608681057211167,0.8530220886816551,12,0.75,dynamic_1_5_p12_h1_3_6_12_s0_75,dynamic:1.5,False,False,highs
max_charge,13,170.8895652194817,512.6686956584452,341.77913043896353,29,190,0.9279974197517872,0.0020367001416161656,0.007071875491722797,-0.9716513064255992,12,0.75,dynamic_1_5_p12_h1_3_6_12_s0_75,dynamic:1.5,False,False,highs
max_charge,14,178.7624197825789,536.2872593477367,357.52483956515783,33,214,0.9376691890230273,0.002436900162138045,0.008461458896312656,6.901203256671579,12,0.75,dynamic_1_5_p12_h1_3_6_12_s0_75,dynamic:1.5,False,False,highs
max_charge,15,164.46718753750127,493.4015626125037,328.93437507500244,35,186,0.8666843575912276,0.0020725004142150283,0.0071961819938021815,-7.394028988406035,12,0.75,dynamic_1_5_p12_h1_3_6_12_s0_75,dynamic:1.5,False,False,highs
max_charge,16,180.0206420381864,540.0619261145591,360.04128407637273,35,192,0.906531196442331,0.0021434999944176525,0.007442708313950182,8.159425512279086,12,0.75,dynamic_1_5_p12_h1_3_6_12_s0_75,dynamic:1.5,False,False,highs
max_charge,17,198.5393367012341,595.6180101037024,397.0786734024683,33,200,0.8983767118272508,0.0018014998931903392,0.006255207962466456,26.678120175326796,12,0.75,dynamic_1_5_p12_h1_3_6_12_s0_75,dynamic:1.5,False,False,highs
max_charge,18,116.74191159705322,350.2257347911596,233.48382319410638,40,194,0.9978888876883427,0.0022084999654907733,0.007668402657954074,-55.11930492885409,12,0.75,dynamic_1_5_p12_h1_3_6_12_s0_75,dynamic:1.5,False,False,highs
max_charge,19,176.91620190441603,530.7486057132481,353.8324038088321,38,160,0.867745824615629,0.0019578995706979185,0.006798262398256661,5.054985378508718,12,0.75,dynamic_1_5_p12_h1_3_6_12_s0_75,dynamic:1.5,False,False,highs
max_charge,20,132.41590528065956,397.24771584197873,264.8318105613192,38,201,0.898036520834093,0.0020583997829817235,0.00714722146868654,-39.44531124524775,12,0.75,dynamic_1_5_p12_h1_3_6_12_s0_75,dynamic:1.5,False,False,highs
max_charge,21,203.72901425361636,611.187042760849,407.4580285072326,33,203,0.9972465356427807,0.001920100039569661,0.006667014026283545,31.867797727709046,12,0.75,dynamic_1_5_p12_h1_3_6_12_s0_75,dynamic:1.5,False,False,highs
max_charge,22,136.02055869996548,408.0616760998964,272.0411173999309,36,204,0.8684234966526763,0.002347600180655718,0.008151389516165687,-35.84065782594183,12,0.75,dynamic_1_5_p12_h1_3_6_12_s0_75,dynamic:1.5,False,False,highs
max_charge,23,162.92621986965338,488.7786596089601,325.8524397393067,29,212,0.8510640015761592,0.0023403998056892306,0.008126388214198718,-8.93499665625393,12,0.75,dynamic_1_5_p12_h1_3_6_12_s0_75,dynamic:1.5,False,False,highs
max_charge,24,173.23228447884316,519.6968534365295,346.46456895768637,30,207,0.9105346783408214,0.0020879001240246,0.007249653208418749,1.3710679529358458,12,0.75,dynamic_1_5_p12_h1_3_6_12_s0_75,dynamic:1.5,False,False,highs
max_charge,25,239.84919409453863,719.547582283616,479.6983881890773,29,213,0.9015597038605669,0.0025733998918440193,0.008935416291125067,67.98797756863132,12,0.75,dynamic_1_5_p12_h1_3_6_12_s0_75,dynamic:1.5,False,False,highs
max_charge,26,177.76408416330815,533.2922524899244,355.52816832661625,33,177,0.996397429771886,0.0020642998279072344,0.0071677077357890084,5.9028676374008455,12,0.75,dynamic_1_5_p12_h1_3_6_12_s0_75,dynamic:1.5,False,False,highs
max_charge,27,114.82628381252286,344.4788514375686,229.65256762504575,28,229,0.9588450385165067,0.0026293001137673855,0.009129514283914533,-57.03493271338445,12,0.75,dynamic_1_5_p12_h1_3_6_12_s0_75,dynamic:1.5,False,False,highs
max_charge,28,198.73003887335454,596.1901166200637,397.46007774670915,32,219,0.9205746883229892,0.002394599956460297,0.00831458318215381,26.868822347447235,12,0.75,dynamic_1_5_p12_h1_3_6_12_s0_75,dynamic:1.5,False,False,highs
max_charge,29,182.59004732370374,547.7701419711112,365.1800946474075,27,211,0.962649229806778,0.0021727999264840037,0.007544444189180568,10.728830797796434,12,0.75,dynamic_1_5_p12_h1_3_6_12_s0_75,dynamic:1.5,False,False,highs
random,0,169.13948571943615,507.41845715830846,338.2789714388723,31,193,0.9089628923539238,0.024090099992463365,0.08364618052938669,-2.7217308064711574,12,0.75,dynamic_1_5_p12_h1_3_6_12_s0_75,dynamic:1.5,False,False,highs
random,1,164.51772573276827,493.5531771983047,329.0354514655364,30,193,0.9380950853958183,0.023198299837531522,0.08054965221365112,-7.34349079313904,12,0.75,dynamic_1_5_p12_h1_3_6_12_s0_75,dynamic:1.5,False,False,highs
random,2,157.36049200722982,472.08147602168947,314.72098401445965,32,200,0.8648733229896265,0.024994700448587537,0.08678715433537339,-14.500724518677487,12,0.75,dynamic_1_5_p12_h1_3_6_12_s0_75,dynamic:1.5,False,False,highs
random,3,169.7137760166528,509.14132804995836,339.4275520333056,28,196,0.8509205009735065,0.02970970026217401,0.10315868146588197,-2.1474405092545226,12,0.75,dynamic_1_5_p12_h1_3_6_12_s0_75,dynamic:1.5,False,False,highs
random,4,179.93283084217092,539.7984925265126,359.8656616843417,33,197,0.9867353276980071,0.021110700530698523,0.07330104350936988,8.071614316263606,12,0.75,dynamic_1_5_p12_h1_3_6_12_s0_75,dynamic:1.5,False,False,highs
random,5,158.01961124786266,474.058833743588,316.03922249572537,35,210,0.7790912345992218,0.019560799904866144,0.06791944411411856,-13.841605278044653,12,0.75,dynamic_1_5_p12_h1_3_6_12_s0_75,dynamic:1.5,False,False,highs
random,6,172.42900246910204,517.2870074073063,344.85800493820426,27,243,0.9979661870576169,0.020373499515699223,0.07074131776284452,0.5677859431947354,12,0.75,dynamic_1_5_p12_h1_3_6_12_s0_75,dynamic:1.5,False,False,highs
random,7,128.72883853458825,386.1865156037648,257.45767706917655,28,190,0.8872974191569873,0.020759500184794888,0.07208159786387114,-43.13237799131906,12,0.75,dynamic_1_5_p12_h1_3_6_12_s0_75,dynamic:1.5,False,False,highs
random,8,154.89991815958285,464.6997544787486,309.79983631916576,27,210,0.8622929035793868,0.028341400029603392,0.09840763899167844,-16.961298366324456,12,0.75,dynamic_1_5_p12_h1_3_6_12_s0_75,dynamic:1.5,False,False,highs
random,9,196.07959056509384,588.2387716952815,392.1591811301876,27,231,0.8126623374924318,0.02057390008121729,0.07143715305978225,24.21837403918653,12,0.75,dynamic_1_5_p12_h1_3_6_12_s0_75,dynamic:1.5,False,False,highs
random,10,221.2393461704267,663.7180385112802,442.47869234085346,31,198,0.799592082111045,0.02051549992756918,0.0712343747485041,49.37812964451939,12,0.75,dynamic_1_5_p12_h1_3_6_12_s0_75,dynamic:1.5,False,False,highs
random,11,168.78760693009576,506.3628207902873,337.5752138601915,29,176,0.9015204308547571,0.022197999845957384,0.0770763883540187,-3.073609595811547,12,0.75,dynamic_1_5_p12_h1_3_6_12_s0_75,dynamic:1.5,False,False,highs
random,12,170.0456507021163,510.1369521063489,340.0913014042326,33,208,0.7929195708912743,0.026349999970989302,0.09149305545482396,-1.8155658237910188,12,0.75,dynamic_1_5_p12_h1_3_6_12_s0_75,dynamic:1.5,False,False,highs
random,13,168.33783509667427,505.0135052900228,336.67567019334854,27,192,0.9367782273328072,0.024429599987342954,0.08482499995605192,-3.5233814292330408,12,0.75,dynamic_1_5_p12_h1_3_6_12_s0_75,dynamic:1.5,False,False,highs
random,14,176.66467927980074,529.9940378394023,353.32935855960153,24,223,0.9934183816132636,0.02650040012667887,0.09201527821763496,4.803462753893427,12,0.75,dynamic_1_5_p12_h1_3_6_12_s0_75,dynamic:1.5,False,False,highs
random,15,161.86240897592086,485.5872269277626,323.7248179518417,33,189,0.8210056963719878,0.024756800004979596,0.08596111112840138,-9.998807549986452,12,0.75,dynamic_1_5_p12_h1_3_6_12_s0_75,dynamic:1.5,False,False,highs
random,16,175.36103322069386,526.0830996620816,350.72206644138777,34,192,0.909828446192576,0.017921599879628047,0.06222777735981961,3.4998166947865457,12,0.75,dynamic_1_5_p12_h1_3_6_12_s0_75,dynamic:1.5,False,False,highs
random,17,194.88464235953165,584.653927078595,389.7692847190633,26,206,0.903675825899985,0.020309199986513704,0.07051805550872814,23.023425833624344,12,0.75,dynamic_1_5_p12_h1_3_6_12_s0_75,dynamic:1.5,False,False,highs
random,18,114.74930138685119,344.24790416055356,229.49860277370237,34,200,0.8928766195423561,0.020347600046079606,0.07065138904888751,-57.11191513905612,12,0.75,dynamic_1_5_p12_h1_3_6_12_s0_75,dynamic:1.5,False,False,highs
random,19,172.41996536306561,517.2598960891968,344.8399307261312,28,170,0.8657867066295246,0.023135299561545253,0.08033090125536546,0.5587488371583049,12,0.75,dynamic_1_5_p12_h1_3_6_12_s0_75,dynamic:1.5,False,False,highs
random,20,130.00633747919,390.01901243757004,260.01267495838005,38,201,0.9331649308271791,0.025545299897203222,0.08869895797640008,-41.854879046717315,12,0.75,dynamic_1_5_p12_h1_3_6_12_s0_75,dynamic:1.5,False,False,highs
random,21,200.85266340695568,602.5579902208672,401.7053268139115,29,208,0.9976784447690227,0.021556099789449945,0.07484756871336787,28.991446881048375,12,0.75,dynamic_1_5_p12_h1_3_6_12_s0_75,dynamic:1.5,False,False,highs
random,22,133.46250797919117,400.3875239375735,266.92501595838235,33,207,0.9430787287754628,0.02201260026777163,0.0764326398186515,-38.398708546716136,12,0.75,dynamic_1_5_p12_h1_3_6_12_s0_75,dynamic:1.5,False,False,highs
random,23,160.8410564402924,482.5231693208773,321.6821128805849,30,212,0.8283812535454331,0.026202299806755036,0.09098020766234388,-11.020160085614918,12,0.75,dynamic_1_5_p12_h1_3_6_12_s0_75,dynamic:1.5,False,False,highs
random,24,169.43105060406634,508.2931518121991,338.86210120813274,29,208,0.9957116062720127,0.025162099860608578,0.08736840229377979,-2.430165921840967,12,0.75,dynamic_1_5_p12_h1_3_6_12_s0_75,dynamic:1.5,False,False,highs
random,25,236.22327785571622,708.6698335671488,472.44655571143255,32,210,0.9973163733906789,0.020717199775390327,0.07193472144232753,64.36206132980891,12,0.75,dynamic_1_5_p12_h1_3_6_12_s0_75,dynamic:1.5,False,False,highs
random,26,174.56824606306765,523.7047381892029,349.13649212613524,32,178,0.8422705913013573,0.026643500284990296,0.09251215376732741,2.707029537160338,12,0.75,dynamic_1_5_p12_h1_3_6_12_s0_75,dynamic:1.5,False,False,highs
random,27,113.33887747771831,340.0166324331549,226.67775495543657,24,233,0.9965100005612046,0.027788100036559626,0.09648645846027648,-58.522339048189,12,0.75,dynamic_1_5_p12_h1_3_6_12_s0_75,dynamic:1.5,False,False,highs
random,28,196.13577004154678,588.4073101246403,392.2715400830935,25,226,0.9548036358240051,0.02234519974444993,0.07758749911267336,24.274553515639468,12,0.75,dynamic_1_5_p12_h1_3_6_12_s0_75,dynamic:1.5,False,False,highs
random,29,178.83070083472018,536.4921025041606,357.6614016694404,29,209,0.9984808629215166,0.022985000134212896,0.07980902824379478,6.969484308812866,12,0.75,dynamic_1_5_p12_h1_3_6_12_s0_75,dynamic:1.5,False,False,highs
