controller,seed,net_profit,total_revenue,total_cost,served_customers,rejected_customers,mean_soc_fulfillment,total_compute_s,mean_step_ms,gap_to_best,ports,grid_cap_strain,experiment_id,tariff,bess_enabled,v2g_enabled,solver
milp_h1,0,54.970519880453736,83.88109866380691,28.91057878335317,6,227,0.816000005521123,2.9757104999007424,10.332328124655355,0.04947370704262255,3,0.25,0_75_p3_h1_3_6_12_s0_25,0.75,True,True,highs
milp_h1,1,55.72121842056512,83.70609920024872,27.98488077968359,2,230,0.5741583232758991,2.90674750006292,10.09287326410736,0.8001722471540091,3,0.25,0_75_p3_h1_3_6_12_s0_25,0.75,True,True,highs
milp_h1,2,56.81152612219254,83.98734866380691,27.175822541614373,6,235,0.9983135600296565,3.1363414998922963,10.890074652403806,1.890479948781426,3,0.25,0_75_p3_h1_3_6_12_s0_25,0.75,True,True,highs
milp_h1,3,54.88877469201882,83.59984920024871,28.711074508229892,4,229,0.6994756105544946,3.052701799897477,10.599659027421795,-0.032271481392292856,3,0.25,0_75_p3_h1_3_6_12_s0_25,0.75,True,True,highs
milp_h1,4,53.30397614464164,84.09359866380692,30.789622519165277,5,234,0.9989980744147444,3.146399100063718,10.924996875221243,-1.6170700287694757,3,0.25,0_75_p3_h1_3_6_12_s0_25,0.75,True,True,highs
milp_h1,5,56.280773544063166,83.14360027313232,26.862826729069152,4,250,0.9986334647722037,3.0012373000063235,10.420962847244178,1.3597273706520525,3,0.25,0_75_p3_h1_3_6_12_s0_25,0.75,True,True,highs
milp_h1,6,53.53326900179188,83.28109920024872,29.747830198456843,2,277,0.0,3.0902601999987382,10.730070138884507,-1.3877771716192342,3,0.25,0_75_p3_h1_3_6_12_s0_25,0.75,True,True,highs
milp_h1,7,61.41768340393901,83.53109973669052,22.113416332751513,3,224,0.9992017605836668,3.1956285997875966,11.095932638151377,6.496637230527895,3,0.25,0_75_p3_h1_3_6_12_s0_25,0.75,True,True,highs
milp_h1,8,56.99096710532904,83.38734920024872,26.39638209491968,1,245,0.0,3.0474213000707095,10.581323958578853,2.0699209319179275,3,0.25,0_75_p3_h1_3_6_12_s0_25,0.75,True,True,highs
milp_h1,9,50.112168400237955,83.70609920024872,33.59393080001076,3,264,0.6999345680674047,3.1168714000668842,10.822470139121126,-4.808877773173158,3,0.25,0_75_p3_h1_3_6_12_s0_25,0.75,True,True,highs
milp_h1,10,46.24287393589814,83.88109866380691,37.63822472790877,5,233,0.9228533256441966,3.14449700001569,10.91839236116559,-8.678172237512975,3,0.25,0_75_p3_h1_3_6_12_s0_25,0.75,True,True,highs
milp_h1,11,54.399036797384426,83.56234866380692,29.163311866422493,2,212,0.0,3.3312696998618776,11.566908680075963,-0.5220093760266877,3,0.25,0_75_p3_h1_3_6_12_s0_25,0.75,True,True,highs
milp_h1,12,54.73478767573834,83.77484866380692,29.040060988068582,4,246,0.9986399131813275,3.1850448000477627,11.059183333499176,-0.18625849767277458,3,0.25,0_75_p3_h1_3_6_12_s0_25,0.75,True,True,highs
milp_h1,13,55.311790180703,83.98734866380691,28.67555848310391,2,226,0.9988186330105359,3.1314633000583854,10.87313645853606,0.39074400729188596,3,0.25,0_75_p3_h1_3_6_12_s0_25,0.75,True,True,highs
milp_h1,14,54.01614370495081,83.98734866380691,29.971204958856106,11,245,0.9996289791612135,3.17972929996904,11.040726736003611,-0.9049024684603069,3,0.25,0_75_p3_h1_3_6_12_s0_25,0.75,True,True,highs
milp_h1,15,56.35205905511975,83.81234920024872,27.460290145128965,4,226,0.14242121024452853,3.36137600002985,11.67144444454809,1.4310128817086394,3,0.25,0_75_p3_h1_3_6_12_s0_25,0.75,True,True,highs
milp_h1,16,53.63594004188974,83.88109866380691,30.245158621917167,5,230,0.9990283352733215,3.241331900062505,11.25462465299481,-1.285106131521374,3,0.25,0_75_p3_h1_3_6_12_s0_25,0.75,True,True,highs
milp_h1,17,49.46196802457174,82.99984973669052,33.53788171211878,2,239,0.0,3.18474879997666,11.058155555474514,-5.4590781488393745,3,0.25,0_75_p3_h1_3_6_12_s0_25,0.75,True,True,highs
milp_h1,18,63.92073979787529,83.49359920024872,19.57285940237343,5,238,0.755214566244301,3.376077099936083,11.722489930333621,8.999693624464179,3,0.25,0_75_p3_h1_3_6_12_s0_25,0.75,True,True,highs
milp_h1,19,53.29960136115551,82.99984973669052,29.70024837553501,3,204,0.0,3.1686884998198366,11.002390624374433,-1.6214448122556036,3,0.25,0_75_p3_h1_3_6_12_s0_25,0.75,True,True,highs
milp_h1,20,60.733002118393784,82.93110027313233,22.198098154738545,6,242,0.9986071269425572,3.1971895998722175,11.101352777334089,5.811955944982671,3,0.25,0_75_p3_h1_3_6_12_s0_25,0.75,True,True,highs
milp_h1,21,48.88752485439181,82.96860080957413,34.081075955182314,3,242,0.9964622178584408,3.188773200090509,11.072129166980934,-6.0335213190193,3,0.25,0_75_p3_h1_3_6_12_s0_25,0.75,True,True,highs
milp_h1,22,61.27850138768554,84.09359866380692,22.815097276121378,3,246,0.9983202490338657,3.3813419000216527,11.740770486186294,6.357455214274424,3,0.25,0_75_p3_h1_3_6_12_s0_25,0.75,True,True,highs
milp_h1,23,56.26279857009649,83.53109973669052,27.26830116659403,5,245,0.4288309093323224,3.169734899929608,11.006023958088917,1.3417523966853793,3,0.25,0_75_p3_h1_3_6_12_s0_25,0.75,True,True,highs
milp_h1,24,54.601731905341154,83.77484866380692,29.173116758465767,7,239,0.7058771128329876,3.1837618998542894,11.054728818938505,-0.31931426806995944,3,0.25,0_75_p3_h1_3_6_12_s0_25,0.75,True,True,highs
milp_h1,25,43.69245755672455,83.98734866380691,40.294891107082364,3,248,0.0,3.2690485000493936,11.350862847393728,-11.228588616686565,3,0.25,0_75_p3_h1_3_6_12_s0_25,0.75,True,True,highs
milp_h1,26,53.97707519009709,83.88109866380691,29.90402347370982,1,218,0.0,3.3347369000839535,11.57894756973595,-0.9439709833140242,3,0.25,0_75_p3_h1_3_6_12_s0_25,0.75,True,True,highs
milp_h1,27,64.81753669480483,83.98734866380691,19.169811969002087,3,262,0.0,3.168438499982585,11.001522569383976,9.896490521393716,3,0.25,0_75_p3_h1_3_6_12_s0_25,0.75,True,True,highs
milp_h1,28,50.24499936426679,83.70609920024872,33.461099835981926,4,256,0.9998804685929853,3.1217283000587486,10.839334375203988,-4.676046809144324,3,0.25,0_75_p3_h1_3_6_12_s0_25,0.75,True,True,highs
milp_h1,29,52.71798910200595,83.31859973669052,30.600610634684564,5,242,0.9982160406693857,3.1025076999503653,10.772596180383212,-2.203057071405162,3,0.25,0_75_p3_h1_3_6_12_s0_25,0.75,True,True,highs
milp_h3,0,54.970519880453736,83.88109866380691,28.91057878335317,3,230,0.9977396009601852,6.10013229996548,21.181014930435694,0.04947370704262255,3,0.25,0_75_p3_h1_3_6_12_s0_25,0.75,True,True,highs
milp_h3,1,55.72121842056512,83.70609920024872,27.98488077968359,2,230,0.7859779226887934,5.41927560007025,18.81692916691059,0.8001722471540091,3,0.25,0_75_p3_h1_3_6_12_s0_25,0.75,True,True,highs
milp_h3,2,56.81152612219254,83.98734866380691,27.175822541614373,2,239,0.0,4.259248000016669,14.789055555613434,1.890479948781426,3,0.25,0_75_p3_h1_3_6_12_s0_25,0.75,True,True,highs
milp_h3,3,54.88877469201882,83.59984920024871,28.711074508229892,2,231,0.0,6.221493399847532,21.602407638359484,-0.032271481392292856,3,0.25,0_75_p3_h1_3_6_12_s0_25,0.75,True,True,highs
milp_h3,4,53.30397614464164,84.09359866380692,30.789622519165277,1,238,0.9966950726376488,6.020700299894088,20.90520937463225,-1.6170700287694757,3,0.25,0_75_p3_h1_3_6_12_s0_25,0.75,True,True,highs
milp_h3,5,56.280773544063166,83.14360027313232,26.862826729069152,3,251,0.9989028912101242,5.558917099842802,19.301795485565282,1.3597273706520525,3,0.25,0_75_p3_h1_3_6_12_s0_25,0.75,True,True,highs
milp_h3,6,53.70654736682773,83.53114956617355,29.824602199345826,2,277,0.9986478828339609,4.707045300034224,16.3439072917855,-1.2144988065833857,3,0.25,0_75_p3_h1_3_6_12_s0_25,0.75,True,True,highs
milp_h3,7,61.41768340393901,83.53109973669052,22.113416332751513,4,223,0.9834265963794088,5.266128299801494,18.285167707644078,6.496637230527895,3,0.25,0_75_p3_h1_3_6_12_s0_25,0.75,True,True,highs
milp_h3,8,57.0767615787685,83.51239950656891,26.435637927800418,2,244,0.9979931762341203,6.010866500029806,20.871064236214604,2.155715405357384,3,0.25,0_75_p3_h1_3_6_12_s0_25,0.75,True,True,highs
milp_h3,9,50.112168400237955,83.70609920024872,33.59393080001076,2,265,0.8475744032821909,5.100741799949901,17.710909027603822,-4.808877773173158,3,0.25,0_75_p3_h1_3_6_12_s0_25,0.75,True,True,highs
milp_h3,10,46.24287393589814,83.88109866380691,37.63822472790877,2,236,0.0,5.59354709998297,19.422038541607535,-8.678172237512975,3,0.25,0_75_p3_h1_3_6_12_s0_25,0.75,True,True,highs
milp_h3,11,54.567204007506376,83.81239920854568,29.245195201039312,5,209,0.9974168991548411,5.474397299913107,19.008323958031625,-0.35384216590473727,3,0.25,0_75_p3_h1_3_6_12_s0_25,0.75,True,True,highs
milp_h3,12,54.73478767573834,83.77484866380692,29.040060988068582,2,248,0.9992808013346104,5.763008900088607,20.01044756975211,-0.18625849767277458,3,0.25,0_75_p3_h1_3_6_12_s0_25,0.75,True,True,highs
milp_h3,13,55.311790180703,83.98734866380691,28.67555848310391,2,226,0.0,4.525054199883016,15.711993749593805,0.39074400729188596,3,0.25,0_75_p3_h1_3_6_12_s0_25,0.75,True,True,highs
milp_h3,14,54.01614370495081,83.98734866380691,29.971204958856106,5,251,0.0,6.286161799929687,21.826950694200303,-0.9049024684603069,3,0.25,0_75_p3_h1_3_6_12_s0_25,0.75,True,True,highs
milp_h3,15,56.35205905511975,83.81234920024872,27.460290145128965,2,228,0.9993393361494181,5.647991300065769,19.61108090300614,1.4310128817086394,3,0.25,0_75_p3_h1_3_6_12_s0_25,0.75,True,True,highs
milp_h3,16,53.63594004188974,83.88109866380691,30.245158621917167,4,231,0.9962723586415395,5.469689399964409,18.991977083209754,-1.285106131521374,3,0.25,0_75_p3_h1_3_6_12_s0_25,0.75,True,True,highs
milp_h3,17,49.634546381235126,83.24989992380142,33.6153535425663,1,240,0.0,4.96517280000262,17.24018333334243,-5.286499792175988,3,0.25,0_75_p3_h1_3_6_12_s0_25,0.75,True,True,highs
milp_h3,18,63.92073979787529,83.49359920024872,19.57285940237343,3,240,0.5138287237489014,5.396751300198957,18.73871979235749,8.999693624464179,3,0.25,0_75_p3_h1_3_6_12_s0_25,0.75,True,True,highs
milp_h3,19,53.46990738064051,83.24989992380142,29.779992543160915,2,205,0.9976317531391913,4.986115100007737,17.312899652804642,-1.4511387927706068,3,0.25,0_75_p3_h1_3_6_12_s0_25,0.75,True,True,highs
milp_h3,20,60.733002118393784,82.93110027313233,22.198098154738545,2,246,1.0,5.560199299812666,19.306247568793978,5.811955944982671,3,0.25,0_75_p3_h1_3_6_12_s0_25,0.75,True,True,highs
milp_h3,21,48.88752485439181,82.96860080957413,34.081075955182314,4,241,0.99774419924503,5.446619699985604,18.911873958283348,-6.0335213190193,3,0.25,0_75_p3_h1_3_6_12_s0_25,0.75,True,True,highs
milp_h3,22,61.27850138768554,84.09359866380692,22.815097276121378,2,247,0.0,6.087870199960889,21.138438194308645,6.357455214274424,3,0.25,0_75_p3_h1_3_6_12_s0_25,0.75,True,True,highs
milp_h3,23,56.26279857009649,83.53109973669052,27.26830116659403,3,247,0.8084991432420326,5.599610300036147,19.443091319569955,1.3417523966853793,3,0.25,0_75_p3_h1_3_6_12_s0_25,0.75,True,True,highs
milp_h3,24,54.601731905341154,83.77484866380692,29.173116758465767,4,242,0.4188129259308522,6.65602169984777,23.111186457804756,-0.31931426806995944,3,0.25,0_75_p3_h1_3_6_12_s0_25,0.75,True,True,highs
milp_h3,25,43.69245755672455,83.98734866380691,40.294891107082364,4,247,0.9979042600023837,6.110156900074799,21.215822569704162,-11.228588616686565,3,0.25,0_75_p3_h1_3_6_12_s0_25,0.75,True,True,highs
milp_h3,26,53.97707519009709,83.88109866380691,29.90402347370982,1,218,0.9986203679130434,5.434896200051298,18.87116736128923,-0.9439709833140242,3,0.25,0_75_p3_h1_3_6_12_s0_25,0.75,True,True,highs
milp_h3,27,64.81753669480483,83.98734866380691,19.169811969002087,2,263,0.9987370728163306,5.102441099865246,17.716809374532104,9.896490521393716,3,0.25,0_75_p3_h1_3_6_12_s0_25,0.75,True,True,highs
milp_h3,28,50.24499936426679,83.70609920024872,33.461099835981926,2,258,0.997538455559417,6.528305799991358,22.667728472192216,-4.676046809144324,3,0.25,0_75_p3_h1_3_6_12_s0_25,0.75,True,True,highs
milp_h3,29,52.71798910200595,83.31859973669052,30.600610634684564,2,245,0.0,5.784815500097466,20.08616493089398,-2.203057071405162,3,0.25,0_75_p3_h1_3_6_12_s0_25,0.75,True,True,highs
milp_h6,0,55.056858532627416,84.00614914894103,28.94929061631362,3,230,0.0,8.1844689999416,28.418295138686112,0.13581235921630253,3,0.25,0_75_p3_h1_3_6_12_s0_25,0.75,True,True,highs
milp_h6,1,55.72121842056512,83.70609920024872,27.98488077968359,2,230,0.7859779226887934,6.694178599937004,23.243675694225708,0.8001722471540091,3,0.25,0_75_p3_h1_3_6_12_s0_25,0.75,True,True,highs
milp_h6,2,56.81152612219254,83.98734866380691,27.175822541614373,2,239,0.0,5.171759900054894,17.957499652968384,1.890479948781426,3,0.25,0_75_p3_h1_3_6_12_s0_25,0.75,True,True,highs
milp_h6,3,54.9761048319439,83.7248995065689,28.748794674625,3,230,0.9988160314999139,7.690706600042176,26.703842361257557,0.05505865853278635,3,0.25,0_75_p3_h1_3_6_12_s0_25,0.75,True,True,highs
milp_h6,4,53.30397614464164,84.09359866380692,30.789622519165277,1,238,0.9966950726376488,17635.72152800017,61235.14419444503,-1.6170700287694757,3,0.25,0_75_p3_h1_3_6_12_s0_25,0.75,True,True,highs
milp_h6,5,56.280773544063166,83.14360027313232,26.862826729069152,6,248,0.916886909922674,19.06104579998646,66.18418680550855,1.3597273706520525,3,0.25,0_75_p3_h1_3_6_12_s0_25,0.75,True,True,highs
milp_h6,6,53.879925927271444,83.78130012750626,29.90137420023481,2,277,0.0,13.790564900147729,47.883905903290724,-1.0411202461396698,3,0.25,0_75_p3_h1_3_6_12_s0_25,0.75,True,True,highs
milp_h6,7,61.41768340393901,83.53109973669052,22.113416332751513,4,223,0.9834265963794088,16.446777899895096,57.10686770796909,6.496637230527895,3,0.25,0_75_p3_h1_3_6_12_s0_25,0.75,True,True,highs
milp_h6,8,57.248350406438114,83.7625,26.51414959356189,2,244,0.9979930887526411,17.725536100624595,61.547000349390956,2.327304233027,3,0.25,0_75_p3_h1_3_6_12_s0_25,0.75,True,True,highs
milp_h6,9,50.112168400237955,83.70609920024872,33.59393080001076,2,265,0.8475744032821909,14.473840899765491,50.256392013074624,-4.808877773173158,3,0.25,0_75_p3_h1_3_6_12_s0_25,0.75,True,True,highs
milp_h6,10,46.3235544214646,84.00614914894103,37.682594727476435,2,236,0.0,15.660552300250856,54.37691770920436,-8.597491751946514,3,0.25,0_75_p3_h1_3_6_12_s0_25,0.75,True,True,highs
milp_h6,11,54.75427189817031,84.08135043382644,29.327078535656135,5,209,0.9946978539594024,15.811438499949872,54.90082812482595,-0.16677427524080457,3,0.25,0_75_p3_h1_3_6_12_s0_25,0.75,True,True,highs
milp_h6,12,54.91714931353927,84.02494963407517,29.107800320535897,2,248,0.9992808013346104,17.118042000132846,59.437645833794605,-0.0038968598718440717,3,0.25,0_75_p3_h1_3_6_12_s0_25,0.75,True,True,highs
milp_h6,13,55.311790180703,83.98734866380691,28.67555848310391,2,226,0.0,12.696714299934683,44.085813541439876,0.39074400729188596,3,0.25,0_75_p3_h1_3_6_12_s0_25,0.75,True,True,highs
milp_h6,14,54.01614370495081,83.98734866380691,29.971204958856106,5,251,0.0,17.737590199918486,61.58885486082808,-0.9049024684603069,3,0.25,0_75_p3_h1_3_6_12_s0_25,0.75,True,True,highs
milp_h6,15,56.35205905511975,83.81234920024872,27.460290145128965,2,228,0.9993393361494181,14.42934029980097,50.10187604097559,1.4310128817086394,3,0.25,0_75_p3_h1_3_6_12_s0_25,0.75,True,True,highs
milp_h6,16,53.7227660263578,84.00614914894103,30.28338312258323,2,233,0.996743213780967,15.315970400115475,53.18045277817873,-1.1982801470533104,3,0.25,0_75_p3_h1_3_6_12_s0_25,0.75,True,True,highs
milp_h6,17,49.826024345556895,83.5188497185707,33.69282537301381,1,240,0.0,14.021345900109736,48.685228819825475,-5.095021827854218,3,0.25,0_75_p3_h1_3_6_12_s0_25,0.75,True,True,highs
milp_h6,18,64.12179824498793,83.7436998128891,19.621901567901173,3,240,0.5174595686098091,14.547171800222714,50.51101319521776,9.200752071576815,3,0.25,0_75_p3_h1_3_6_12_s0_25,0.75,True,True,highs
milp_h6,19,53.6403132379055,83.50004994869232,29.85973671078682,2,205,0.9950071509659263,13.514426099980483,46.92509062493223,-1.2807329355056112,3,0.25,0_75_p3_h1_3_6_12_s0_25,0.75,True,True,highs
milp_h6,20,60.91807418403526,83.18120017051697,22.263125986481707,2,246,1.0,14.595272900245618,50.67803090363062,5.997028010624149,3,0.25,0_75_p3_h1_3_6_12_s0_25,0.75,True,True,highs
milp_h6,21,48.88752485439181,82.96860080957413,34.081075955182314,3,242,0.9970305978152159,14.19909260032,49.302404862222225,-6.0335213190193,3,0.25,0_75_p3_h1_3_6_12_s0_25,0.75,True,True,highs
milp_h6,22,61.27850138768554,84.09359866380692,22.815097276121378,2,247,0.0,17.33577350023552,60.19365798692888,6.357455214274424,3,0.25,0_75_p3_h1_3_6_12_s0_25,0.75,True,True,highs
milp_h6,23,56.26279857009649,83.53109973669052,27.26830116659403,4,246,0.7131570990936666,15.273719499789877,53.033748263159296,1.3417523966853793,3,0.25,0_75_p3_h1_3_6_12_s0_25,0.75,True,True,highs
milp_h6,24,54.77448004633189,84.02494963407517,29.250469587743282,4,242,0.42233260186604327,17.92250829996192,62.23093159709,-0.14656612707922534,3,0.25,0_75_p3_h1_3_6_12_s0_25,0.75,True,True,highs
milp_h6,25,43.69245755672455,83.98734866380691,40.294891107082364,4,247,0.9979042600023837,17.381151499808766,60.3512204854471,-11.228588616686565,3,0.25,0_75_p3_h1_3_6_12_s0_25,0.75,True,True,highs
milp_h6,26,54.064697341620914,84.00614914894103,29.941451807320117,1,218,0.9986203679130434,14.893036500259768,51.71193229256864,-0.8563488317901999,3,0.25,0_75_p3_h1_3_6_12_s0_25,0.75,True,True,highs
milp_h6,27,64.81753669480483,83.98734866380691,19.169811969002087,2,263,0.9987370728163306,14.341126699757297,49.795578818601726,9.896490521393716,3,0.25,0_75_p3_h1_3_6_12_s0_25,0.75,True,True,highs
milp_h6,28,50.24499936426679,83.70609920024872,33.461099835981926,2,258,0.997538455559417,17.55849189995206,60.96698576372243,-4.676046809144324,3,0.25,0_75_p3_h1_3_6_12_s0_25,0.75,True,True,highs
milp_h6,29,52.80405398011207,83.44364986419677,30.639595884084702,2,245,0.0,15.486961900489405,53.77417326558821,-2.1169921932990405,3,0.25,0_75_p3_h1_3_6_12_s0_25,0.75,True,True,highs
milp_h12,0,55.143197184801096,84.13119963407516,28.988002449274063,3,230,0.998939076071545,25.288692299916875,87.80795937471137,0.2221510113899825,3,0.25,0_75_p3_h1_3_6_12_s0_25,0.75,True,True,highs
milp_h12,1,55.80722680985927,83.8311495065689,28.023922696709633,2,230,0.791500845938496,20.290201799973147,70.4520895832401,0.8861806364481595,3,0.25,0_75_p3_h1_3_6_12_s0_25,0.75,True,True,highs
milp_h12,2,56.90059893876314,84.11239914894104,27.2118002101779,1,240,0.0,16.04114639988984,55.6984249996175,1.9795527653520253,3,0.25,0_75_p3_h1_3_6_12_s0_25,0.75,True,True,highs
milp_h12,3,55.063434971868986,83.8499498128891,28.786514841020107,2,231,0.9987101427265851,22.72548590032966,78.90793715392243,0.14238879845787267,3,0.25,0_75_p3_h1_3_6_12_s0_25,0.75,True,True,highs
milp_h12,4,53.30397614464164,84.09359866380692,30.789622519165277,1,238,0.9928070721972123,22.982668599957833,79.80093263874248,-1.6170700287694757,3,0.25,0_75_p3_h1_3_6_12_s0_25,0.75,True,True,highs
milp_h12,5,56.36721507757902,83.26865022182464,26.901435144245625,2,252,0.9948333631293773,24.62843670026632,85.51540520925806,1.4461689041679051,3,0.25,0_75_p3_h1_3_6_12_s0_25,0.75,True,True,highs
milp_h12,6,53.96663994342089,83.90640014410019,29.939760200679302,2,277,0.9986478828339609,20.1957617996959,70.12417291561077,-0.9544062299902265,3,0.25,0_75_p3_h1_3_6_12_s0_25,0.75,True,True,highs
milp_h12,7,61.41768340393901,83.53109973669052,22.113416332751513,4,223,0.6241759717329961,22.092026299826102,76.70842465217396,6.496637230527895,3,0.25,0_75_p3_h1_3_6_12_s0_25,0.75,True,True,highs
milp_h12,8,57.334144701063636,83.88755012750626,26.553405426442623,2,244,0.0,25.156106100126635,87.34759062543971,2.4130985276525223,3,0.25,0_75_p3_h1_3_6_12_s0_25,0.75,True,True,highs
milp_h12,9,50.19682953804731,83.8311495065689,33.634319968521595,3,264,0.6862658382654152,21.371752500213915,74.2074739590761,-4.724216635363803,3,0.25,0_75_p3_h1_3_6_12_s0_25,0.75,True,True,highs
milp_h12,10,46.404234907031054,84.13119963407516,37.726964727044106,2,236,0.9944582060146737,24.91380430010031,86.50626493090385,-8.51681126638006,3,0.25,0_75_p3_h1_3_6_12_s0_25,0.75,True,True,highs
milp_h12,11,54.83838053718209,84.20640074014663,29.368020202964544,4,210,0.9946978539594024,22.49253279986442,78.09907222175146,-0.08266563622902368,3,0.25,0_75_p3_h1_3_6_12_s0_25,0.75,True,True,highs
milp_h12,12,55.00833001323045,84.15,29.141669986769557,1,249,0.0,23.85287520001293,82.82248333337823,0.08728383981933518,3,0.25,0_75_p3_h1_3_6_12_s0_25,0.75,True,True,highs
milp_h12,13,55.39789508208632,84.11239914894104,28.714504066854715,1,227,0.0,18.193809700052952,63.172950347406086,0.47684890867520835,3,0.25,0_75_p3_h1_3_6_12_s0_25,0.75,True,True,highs
milp_h12,14,54.10234919115901,84.11239914894104,30.01004995778203,5,251,0.9982559569125721,26.710649899876444,92.74531215234876,-0.8186969822521064,3,0.25,0_75_p3_h1_3_6_12_s0_25,0.75,True,True,highs
milp_h12,15,56.35205905511975,83.81234920024872,27.460290145128965,2,228,0.0,22.34935709988349,77.60193437459546,1.4310128817086394,3,0.25,0_75_p3_h1_3_6_12_s0_25,0.75,True,True,highs
milp_h12,16,53.80959201082587,84.13119963407516,30.321607623249292,3,232,0.9989495222232659,21.373683399899164,74.2141784718721,-1.1114541625852468,3,0.25,0_75_p3_h1_3_6_12_s0_25,0.75,True,True,highs
milp_h12,17,49.91233837902546,83.64389966726303,33.73156128823757,1,240,0.0,20.52285520042642,71.25991389036952,-5.008707794385657,3,0.25,0_75_p3_h1_3_6_12_s0_25,0.75,True,True,highs
milp_h12,18,64.22232734933496,83.86875,19.646422650665045,3,240,0.7537584823641543,22.242423300020164,77.23063645840335,9.301281175923847,3,0.25,0_75_p3_h1_3_6_12_s0_25,0.75,True,True,highs
milp_h12,19,53.725540813058615,83.62514960765839,29.89960879459977,2,205,0.9976317531391913,19.661947099812096,68.27064965212533,-1.1955053603524988,3,0.25,0_75_p3_h1_3_6_12_s0_25,0.75,True,True,highs
milp_h12,20,61.01061009764672,83.30625,22.295639902353287,2,246,1.0,22.103756599652115,76.74915485990317,6.089563924235605,3,0.25,0_75_p3_h1_3_6_12_s0_25,0.75,True,True,highs
milp_h12,21,48.88752485439181,82.96860080957413,34.081075955182314,1,244,0.0,20.652504899917403,71.71008645804653,-6.0335213190193,3,0.25,0_75_p3_h1_3_6_12_s0_25,0.75,True,True,highs
milp_h12,22,61.27850138768554,84.09359866380692,22.815097276121378,2,247,0.0,25.02352869999595,86.8872524305415,6.357455214274424,3,0.25,0_75_p3_h1_3_6_12_s0_25,0.75,True,True,highs
milp_h12,23,56.26279857009649,83.53109973669052,27.26830116659403,4,246,0.7194876987248109,21.563712599658174,74.87400208214643,1.3417523966853793,3,0.25,0_75_p3_h1_3_6_12_s0_25,0.75,True,True,highs
milp_h12,24,54.860853997617966,84.15,29.28914600238204,4,242,0.43831413591623775,26.351602399692638,91.49861944337721,-0.06019217579314784,3,0.25,0_75_p3_h1_3_6_12_s0_25,0.75,True,True,highs
milp_h12,25,43.76936262398958,84.11239914894104,40.34303652495146,4,247,0.9979042600023837,24.35546820014133,84.5675979171574,-11.151683549421534,3,0.25,0_75_p3_h1_3_6_12_s0_25,0.75,True,True,highs
milp_h12,26,54.152319493144745,84.13119963407516,29.978880140930414,2,217,0.0,21.97162370037404,76.29036007074319,-0.7687266802663686,3,0.25,0_75_p3_h1_3_6_12_s0_25,0.75,True,True,highs
milp_h12,27,64.9177841797471,84.11239914894104,19.194614969193935,2,263,0.0,21.91617940022843,76.09784513968205,9.996738006335988,3,0.25,0_75_p3_h1_3_6_12_s0_25,0.75,True,True,highs
milp_h12,28,50.327517087757585,83.8311495065689,33.50363241881132,3,257,0.9993852623635271,24.129208399914205,83.78197361081321,-4.593529085653529,3,0.25,0_75_p3_h1_3_6_12_s0_25,0.75,True,True,highs
milp_h12,29,52.89011885821819,83.56869999170303,30.67858113348484,1,246,0.0,22.172319799807156,76.98722152710818,-2.030927315192926,3,0.25,0_75_p3_h1_3_6_12_s0_25,0.75,True,True,highs
equal_share,0,51.72274292501896,80.70503750090518,28.98229457588621,6,227,0.6940820037845934,0.004646099871024489,0.016132291218835033,-3.1983032483921505,3,0.25,0_75_p3_h1_3_6_12_s0_25,0.75,True,True,highs
equal_share,1,52.41357730329037,80.4375,28.023922696709633,3,229,0.7842874217134553,0.00467429994023405,0.016230208125812676,-2.5074688701207464,3,0.25,0_75_p3_h1_3_6_12_s0_25,0.75,True,True,highs
equal_share,2,53.49334896455452,80.6964398548007,27.20309089024618,3,238,0.9982179892519383,0.00452769998810254,0.015721180514244933,-1.4276972088565927,3,0.25,0_75_p3_h1_3_6_12_s0_25,0.75,True,True,highs
equal_share,3,42.36574675696053,66.57887937653192,24.21313261957138,4,229,0.9965804920105077,0.004474800109164789,0.015537500379044408,-12.55529941645058,3,0.25,0_75_p3_h1_3_6_12_s0_25,0.75,True,True,highs
equal_share,4,47.40273986682179,76.42243899229175,29.019699125469955,3,236,0.9968502011676512,0.00444850028725341,0.015446181552963227,-7.518306306589324,3,0.25,0_75_p3_h1_3_6_12_s0_25,0.75,True,True,highs
equal_share,5,27.455447213006636,41.688802006891365,14.23335479388473,3,251,0.9986096534701598,0.004572999867377803,0.01587847176172848,-27.465598960404478,3,0.25,0_75_p3_h1_3_6_12_s0_25,0.75,True,True,highs
equal_share,6,50.43135690600035,80.33388855024657,29.902531644246217,2,277,0.9978401051365625,0.004325900023104623,0.015020486191335496,-4.4896892674107605,3,0.25,0_75_p3_h1_3_6_12_s0_25,0.75,True,True,highs
equal_share,7,58.01675452181577,80.12112030386925,22.10436578205348,5,222,0.5373329682866669,0.004528400226263329,0.01572361189674767,3.0957083484046564,3,0.25,0_75_p3_h1_3_6_12_s0_25,0.75,True,True,highs
equal_share,8,50.82743897309494,75.6583748459816,24.830935872886656,1,245,0.0,0.004435599723365158,0.015401387928351242,-4.093607200316171,3,0.25,0_75_p3_h1_3_6_12_s0_25,0.75,True,True,highs
equal_share,9,41.31955197577209,70.62256345152855,29.303011475756456,2,265,0.658221248923907,0.004467699909582734,0.015512846908273382,-13.60149419763902,3,0.25,0_75_p3_h1_3_6_12_s0_25,0.75,True,True,highs
equal_share,10,39.40146748917935,73.9982339143753,34.59676642519595,4,234,0.9934788482177143,0.0021575001010205597,0.007491319795210277,-15.51957868423176,3,0.25,0_75_p3_h1_3_6_12_s0_25,0.75,True,True,highs
equal_share,11,51.34240094207962,80.70539876727167,29.362997825192053,3,211,0.9962609856796876,0.0021851000492461026,0.00758715294877119,-3.5786452313314925,3,0.25,0_75_p3_h1_3_6_12_s0_25,0.75,True,True,highs
equal_share,12,51.51616835062134,80.62561422586441,29.109445875243072,4,246,0.9967336388170459,0.002093399903969839,0.007268749666561942,-3.4048778227897714,3,0.25,0_75_p3_h1_3_6_12_s0_25,0.75,True,True,highs
equal_share,13,51.97852409270649,80.67503213882446,28.69650804611797,3,225,0.9990311382874397,0.0022306000464595854,0.007745139050206894,-2.94252208070462,3,0.25,0_75_p3_h1_3_6_12_s0_25,0.75,True,True,highs
equal_share,14,32.92273927331867,52.34937518835068,19.426635915032005,3,253,0.9970053296976537,0.002087499771732837,0.007248263096294573,-21.998306900092444,3,0.25,0_75_p3_h1_3_6_12_s0_25,0.75,True,True,highs
equal_share,15,52.957021399747504,80.40750288963318,27.450481489885675,2,228,0.9981910769333866,0.0024406003358308226,0.008474306721634801,-1.9640247736636098,3,0.25,0_75_p3_h1_3_6_12_s0_25,0.75,True,True,highs
equal_share,16,37.29303022381799,59.45024213551824,22.157211911700244,2,233,0.9975392024563218,0.002864799869712442,0.009947221769834869,-17.62801594959312,3,0.25,0_75_p3_h1_3_6_12_s0_25,0.75,True,True,highs
equal_share,17,45.02428867859998,77.83661323280126,32.812324554201275,3,238,0.9935512932923343,0.0028925000224262476,0.010043402855646692,-9.896757494811133,3,0.25,0_75_p3_h1_3_6_12_s0_25,0.75,True,True,highs
equal_share,18,55.854429213054566,73.82126060128212,17.966831388227554,5,238,0.8223225909344024,0.002755299996351823,0.009567013876221608,0.9333830396434522,3,0.25,0_75_p3_h1_3_6_12_s0_25,0.75,True,True,highs
equal_share,19,50.247110403712725,80.14126226305962,29.894151859346895,4,203,0.9981754849450106,0.002708299900405109,0.00940381909862885,-4.673935769698389,3,0.25,0_75_p3_h1_3_6_12_s0_25,0.75,True,True,highs
equal_share,20,44.30991480286556,60.765003536626295,16.45508873376073,1,247,1.0,0.0024473002122249454,0.008497570181336615,-10.61113137054555,3,0.25,0_75_p3_h1_3_6_12_s0_25,0.75,True,True,highs
equal_share,21,43.466223735201,76.26426064968109,32.79803691448009,4,241,0.9962154946745928,0.002449499908834696,0.008505208016787138,-11.454822438210115,3,0.25,0_75_p3_h1_3_6_12_s0_25,0.75,True,True,highs
equal_share,22,54.91577911106165,76.01527478545904,21.099495674397385,6,243,0.99837732416167,0.002540199988288805,0.008820138848225016,-0.005267062349460616,3,0.25,0_75_p3_h1_3_6_12_s0_25,0.75,True,True,highs
equal_share,23,38.64500416686251,58.6395148055758,19.994510638713287,3,247,0.4288309093323224,0.002417200099444017,0.00839305590084728,-16.2760420065486,3,0.25,0_75_p3_h1_3_6_12_s0_25,0.75,True,True,highs
equal_share,24,32.6735660422039,51.06896747430892,18.395401432105015,3,243,0.41177357406046994,0.0028819001745432615,0.010006597828275213,-22.24748013120721,3,0.25,0_75_p3_h1_3_6_12_s0_25,0.75,True,True,highs
equal_share,25,26.908918824905836,52.58352854847908,25.674609723573244,2,249,0.9964392750331617,0.0026210999640170485,0.009101041541725863,-28.012127348505278,3,0.25,0_75_p3_h1_3_6_12_s0_25,0.75,True,True,highs
equal_share,26,50.739869859069586,80.71875,29.978880140930414,6,213,0.7213256407893465,0.0026199999847449362,0.00909722216925325,-4.181176314341528,3,0.25,0_75_p3_h1_3_6_12_s0_25,0.75,True,True,highs
equal_share,27,46.49979592802676,60.94015051424503,14.440354586218273,1,264,0.0,0.0024543997424189,0.008522221327843403,-8.421250245384357,3,0.25,0_75_p3_h1_3_6_12_s0_25,0.75,True,True,highs
equal_share,28,40.77555249280934,69.77211633324623,28.996563840436888,6,254,0.9960051096616739,0.002308699913555756,0.00801631914429082,-14.145493680601774,3,0.25,0_75_p3_h1_3_6_12_s0_25,0.75,True,True,highs
equal_share,29,40.513822560371366,65.609810376518,25.09598781614663,1,246,0.0,0.002375800017034635,0.008249305614703594,-14.407223613039747,3,0.25,0_75_p3_h1_3_6_12_s0_25,0.75,True,True,highs
max_charge,0,51.730747550725916,80.71874999999997,28.988002449274056,6,227,0.6940820037845934,0.0010991000744979829,0.003816319703117996,-3.190298622685198,3,0.25,0_75_p3_h1_3_6_12_s0_25,0.75,True,True,highs
max_charge,1,52.413577303290346,80.43749999999997,28.023922696709626,3,229,0.7842874217134553,0.0010036002204287797,0.0034847229875999298,-2.5074688701207677,3,0.25,0_75_p3_h1_3_6_12_s0_25,0.75,True,True,highs
max_charge,2,53.50694978982208,80.71874999999997,27.21180021017789,3,238,0.9982179892519383,0.0012264001416042447,0.004258333825014738,-1.4140963835890332,3,0.25,0_75_p3_h1_3_6_12_s0_25,0.75,True,True,highs
max_charge,3,51.65098515897987,80.43749999999997,28.7865148410201,6,227,0.9973540914511898,0.0011245000350754708,0.003904514010678718,-3.270061014431242,3,0.25,0_75_p3_h1_3_6_12_s0_25,0.75,True,True,highs
max_charge,4,49.9291274808347,80.71874999999997,30.78962251916527,5,234,0.9977840808389519,0.0009734001650940627,0.0033798616843543844,-4.991918692576412,3,0.25,0_75_p3_h1_3_6_12_s0_25,0.75,True,True,highs
max_charge,5,52.973564855754354,79.87499999999997,26.901435144245617,6,248,0.9982213291008168,0.000911999843083322,0.0031666661218170905,-1.9474813176567594,3,0.25,0_75_p3_h1_3_6_12_s0_25,0.75,True,True,highs
max_charge,6,50.49773979932068,80.43749999999997,29.939760200679295,3,276,0.9978401051365625,0.0010915001621469855,0.003789931118565922,-4.423306374090437,3,0.25,0_75_p3_h1_3_6_12_s0_25,0.75,True,True,highs
max_charge,7,58.042833667248466,80.15624999999997,22.113416332751505,5,222,0.5373329682866669,0.0011151998478453606,0.003872221693907502,3.1217874938373527,3,0.25,0_75_p3_h1_3_6_12_s0_25,0.75,True,True,highs
max_charge,8,53.884094573557356,80.43749999999997,26.553405426442616,3,243,0.0,0.0009763000416569412,0.0033899307001977125,-1.036951599853758,3,0.25,0_75_p3_h1_3_6_12_s0_25,0.75,True,True,highs
max_charge,9,46.803180031478384,80.43749999999997,33.63431996852159,4,263,0.658221248923907,0.0009929000225383788,0.003447569522702704,-8.11786614193273,3,0.25,0_75_p3_h1_3_6_12_s0_25,0.75,True,True,highs
max_charge,10,42.99178527295587,80.71874999999997,37.7269647270441,5,233,0.9934788482177143,0.0011428998259361833,0.003968402173389525,-11.92926090045524,3,0.25,0_75_p3_h1_3_6_12_s0_25,0.75,True,True,highs
max_charge,11,51.350729797035434,80.71874999999997,29.368020202964537,3,211,0.9962609856796876,0.0010959999926853925,0.0038055555301576127,-3.570316376375679,3,0.25,0_75_p3_h1_3_6_12_s0_25,0.75,True,True,highs
max_charge,12,51.57708001323042,80.71874999999997,29.14166998676955,4,246,0.9967336388170459,0.0009976000874303281,0.0034638891924664173,-3.343966160180692,3,0.25,0_75_p3_h1_3_6_12_s0_25,0.75,True,True,highs
max_charge,13,52.00424593314526,80.71874999999997,28.71450406685471,3,225,0.9990311382874397,0.0010197000810876489,0.003540625281554336,-2.91680024026585,3,0.25,0_75_p3_h1_3_6_12_s0_25,0.75,True,True,highs
max_charge,14,50.70870004221795,80.71874999999997,30.010049957782023,10,246,0.9988982367459591,0.0010703000880312175,0.003716319750108394,-4.212346131193165,3,0.25,0_75_p3_h1_3_6_12_s0_25,0.75,True,True,highs
max_charge,15,52.97720985487101,80.43749999999997,27.46029014512896,2,228,0.9981910769333866,0.0011514000361785293,0.00399791679228656,-1.9438363185401002,3,0.25,0_75_p3_h1_3_6_12_s0_25,0.75,True,True,highs
max_charge,16,50.397142376750686,80.71874999999997,30.321607623249285,8,227,0.9987416245606414,0.0010128998255822808,0.003517013283271808,-4.523903796660427,3,0.25,0_75_p3_h1_3_6_12_s0_25,0.75,True,True,highs
max_charge,17,46.42468871176241,80.15624999999997,33.731561288237565,4,237,0.9967473769780442,0.0008616997220087796,0.002992012923641596,-8.496357461648707,3,0.25,0_75_p3_h1_3_6_12_s0_25,0.75,True,True,highs
max_charge,18,60.79107734933493,80.43749999999997,19.64642265066504,7,236,0.8223225909344024,0.000920300226425752,0.003195486897311639,5.870031175923813,3,0.25,0_75_p3_h1_3_6_12_s0_25,0.75,True,True,highs
max_charge,19,50.25664120540021,80.15624999999997,29.899608794599764,4,203,0.9981754849450106,0.0008952996286097914,0.00310867926600622,-4.664404968010906,3,0.25,0_75_p3_h1_3_6_12_s0_25,0.75,True,True,highs
max_charge,20,57.57936009764669,79.87499999999997,22.29563990235328,5,243,0.9991494589989994,0.0008254998829215765,0.0028663190379221407,2.6583139242355784,3,0.25,0_75_p3_h1_3_6_12_s0_25,0.75,True,True,highs
max_charge,21,45.512674044817665,79.59374999999997,34.08107595518231,5,240,0.9962154946745928,0.0008186002669390291,0.00284236203798274,-9.408372128593449,3,0.25,0_75_p3_h1_3_6_12_s0_25,0.75,True,True,highs
max_charge,22,57.9036527238786,80.71874999999997,22.81509727612137,8,241,0.99837732416167,0.0009256000339519233,0.0032138890067775114,2.9826065504674872,3,0.25,0_75_p3_h1_3_6_12_s0_25,0.75,True,True,highs
max_charge,23,52.88794883340595,80.15624999999997,27.26830116659402,5,245,0.4288309093323224,0.0008726999221835285,0.003030208063137252,-2.0330973400051633,3,0.25,0_75_p3_h1_3_6_12_s0_25,0.75,True,True,highs
max_charge,24,51.42960399761794,80.71874999999997,29.289146002382033,6,240,0.7056527757961402,0.0008524996810592711,0.002960068337011358,-3.491442175793175,3,0.25,0_75_p3_h1_3_6_12_s0_25,0.75,True,True,highs
max_charge,25,40.37571347504853,80.71874999999997,40.343036524951444,7,244,0.997056748370023,0.0008371003204956651,0.0029065983350543925,-14.545332698362586,3,0.25,0_75_p3_h1_3_6_12_s0_25,0.75,True,True,highs
max_charge,26,50.739869859069564,80.71874999999997,29.978880140930407,6,213,0.7213256407893465,0.000950599875068292,0.003300694010653792,-4.181176314341549,3,0.25,0_75_p3_h1_3_6_12_s0_25,0.75,True,True,highs
max_charge,27,61.524135030806036,80.71874999999997,19.194614969193932,3,263,0.0,0.0008672997355461121,0.003011457415090667,6.603088857394923,3,0.25,0_75_p3_h1_3_6_12_s0_25,0.75,True,True,highs
max_charge,28,46.93386758118866,80.43749999999997,33.503632418811314,7,253,0.9979661957219386,0.0008857998764142394,0.0030756940153272203,-7.987178592222456,3,0.25,0_75_p3_h1_3_6_12_s0_25,0.75,True,True,highs
max_charge,29,49.47766886651514,80.15624999999997,30.678581133484833,5,242,0.36376406873069933,0.0008674997079651803,0.003012151763767987,-5.443377306895975,3,0.25,0_75_p3_h1_3_6_12_s0_25,0.75,True,True,highs
random,0,51.509482209201174,80.36644207262975,28.856959863428578,5,228,0.9960639823666053,0.008085800218395889,0.0280756952027635,-3.4115639642099396,3,0.25,0_75_p3_h1_3_6_12_s0_25,0.75,True,True,highs
random,1,52.35076622840817,80.34767312466693,27.996906896258757,2,230,0.5741583232758991,0.008370799943804741,0.02906527758265535,-2.5702799450029445,3,0.25,0_75_p3_h1_3_6_12_s0_25,0.75,True,True,highs
random,2,53.41083364559117,80.57342480421126,27.162591158620092,0,241,0.0,0.008710200345376506,0.03024375119922398,-1.5102125278199452,3,0.25,0_75_p3_h1_3_6_12_s0_25,0.75,True,True,highs
random,3,51.54685795112134,80.27605913179714,28.729201180675798,3,230,0.9983271873203314,0.008699800382601097,0.030207640217364922,-3.3741882222897743,3,0.25,0_75_p3_h1_3_6_12_s0_25,0.75,True,True,highs
random,4,49.821301412839055,80.54483698844132,30.723535575602263,1,238,0.0,0.008722899423446506,0.03028784522030037,-5.099744760572058,3,0.25,0_75_p3_h1_3_6_12_s0_25,0.75,True,True,highs
random,5,52.786581029346486,79.58939792216079,26.8028168928143,3,251,0.99800709725068,0.008769200154347345,0.030448611647039395,-2.1344651440646274,3,0.25,0_75_p3_h1_3_6_12_s0_25,0.75,True,True,highs
random,6,50.40183289057278,80.28828442675588,29.8864515361831,3,276,0.0,0.008403899992117658,0.02918020830596409,-4.5192132828383365,3,0.25,0_75_p3_h1_3_6_12_s0_25,0.75,True,True,highs
random,7,57.69868140187573,79.67797849347288,21.979297091597147,3,224,0.0,0.0086455995333381,0.030019442824090622,2.777635228464618,3,0.25,0_75_p3_h1_3_6_12_s0_25,0.75,True,True,highs
random,8,53.72134162621974,80.17938050395732,26.45803887773758,4,242,0.44661788398119323,0.008429700188571587,0.029269792321429122,-1.1997045471913736,3,0.25,0_75_p3_h1_3_6_12_s0_25,0.75,True,True,highs
random,9,46.75579844676892,80.35390510788112,33.5981066611122,4,263,0.757269862578029,0.010381100175436586,0.036045486720265925,-8.165247726642193,3,0.25,0_75_p3_h1_3_6_12_s0_25,0.75,True,True,highs
random,10,42.752039691297604,80.29890510145633,37.54686541015872,4,234,0.9951450310497156,0.010669600393157452,0.03704722358735227,-12.16900648211351,3,0.25,0_75_p3_h1_3_6_12_s0_25,0.75,True,True,highs
random,11,50.91701755546516,80.0357856153332,29.11876805986804,5,209,0.9982556428843345,0.01060250008595176,0.036814236409554724,-4.004028617945956,3,0.25,0_75_p3_h1_3_6_12_s0_25,0.75,True,True,highs
random,12,51.50796602576605,80.60827367385747,29.100307648091412,3,247,0.0,0.010894699895288795,0.03782881908086387,-3.4130801476450614,3,0.25,0_75_p3_h1_3_6_12_s0_25,0.75,True,True,highs
random,13,51.86414588751488,80.49497536675109,28.630829479236215,1,227,0.9947542641045637,0.011232000135350972,0.039000000469968654,-3.0569002858962335,3,0.25,0_75_p3_h1_3_6_12_s0_25,0.75,True,True,highs
random,14,50.70870004221797,80.71875,30.01004995778203,5,251,0.5616507935654587,0.010632900462951511,0.03691979327413719,-4.212346131193144,3,0.25,0_75_p3_h1_3_6_12_s0_25,0.75,True,True,highs
random,15,52.702459133025805,80.02835096567811,27.32589183265231,2,228,0.0,0.010033899627160281,0.0348399292609732,-2.2185870403853087,3,0.25,0_75_p3_h1_3_6_12_s0_25,0.75,True,True,highs
random,16,50.14557334914972,80.32641786309371,30.18084451394399,3,232,0.9975211797799269,0.009127399855060503,0.03169236060784897,-4.775472824261392,3,0.25,0_75_p3_h1_3_6_12_s0_25,0.75,True,True,highs
random,17,46.289347083779695,79.94325669614608,33.653909612366384,3,238,0.0,0.008842299954267219,0.030702430396761175,-8.631699089631418,3,0.25,0_75_p3_h1_3_6_12_s0_25,0.75,True,True,highs
random,18,60.55899489894525,80.13014071149249,19.571145812547236,4,239,0.4780531244629384,0.008394000149564818,0.029145833852655616,5.637948725534137,3,0.25,0_75_p3_h1_3_6_12_s0_25,0.75,True,True,highs
random,19,49.90220590187552,79.58891144581308,29.68670554393756,1,206,0.998799043298955,0.008801299874903634,0.030560069010082062,-5.018840271535595,3,0.25,0_75_p3_h1_3_6_12_s0_25,0.75,True,True,highs
random,20,57.405723617398365,79.64262061224797,22.236896994849605,3,245,0.9992231216759481,0.008810300001641735,0.030591319450144913,2.484677443987252,3,0.25,0_75_p3_h1_3_6_12_s0_25,0.75,True,True,highs
random,21,45.330698514370674,79.27287836308996,33.942179848719285,2,243,0.0,0.00844409957062453,0.02931979017577962,-9.59034765904044,3,0.25,0_75_p3_h1_3_6_12_s0_25,0.75,True,True,highs
random,22,57.82269179117718,80.6067704230836,22.78407863190643,4,245,0.0,0.008690399787155911,0.030174999260958027,2.9016456177660643,3,0.25,0_75_p3_h1_3_6_12_s0_25,0.75,True,True,highs
random,23,52.83638728684268,80.07707234140048,27.240685054557805,4,246,0.7129482150198886,0.00843830019584857,0.029299653457807533,-2.084658886568434,3,0.25,0_75_p3_h1_3_6_12_s0_25,0.75,True,True,highs
random,24,51.12743539047975,80.24572360522673,29.11828821474698,5,241,0.8457856975559661,0.008709000132512301,0.03023958379344549,-3.793610782931367,3,0.25,0_75_p3_h1_3_6_12_s0_25,0.75,True,True,highs
random,25,40.25933348464954,80.49453294443542,40.23519945978588,3,248,0.0,0.00934640015475452,0.03245277831511986,-14.661712688761575,3,0.25,0_75_p3_h1_3_6_12_s0_25,0.75,True,True,highs
random,26,50.62600659076044,80.54263412977392,29.916627539013476,2,217,0.9986272238755775,0.00993999993079342,0.03451388864858826,-4.2950395826506735,3,0.25,0_75_p3_h1_3_6_12_s0_25,0.75,True,True,highs
random,27,61.50506894369417,80.69237591989558,19.18730697620141,3,262,0.9995304930005471,0.009143299830611795,0.03174756885629096,6.584022770283056,3,0.25,0_75_p3_h1_3_6_12_s0_25,0.75,True,True,highs
random,28,46.88566917400862,80.34581924378837,33.46015006977975,3,257,0.9971444080117567,0.008640500163892284,0.03000173668018154,-8.035376999402494,3,0.25,0_75_p3_h1_3_6_12_s0_25,0.75,True,True,highs
random,29,49.360381045264575,79.97098459877958,30.61060355351501,3,244,0.9990547758216086,0.008801599964499474,0.030561110987845395,-5.560665128146539,3,0.25,0_75_p3_h1_3_6_12_s0_25,0.75,True,True,highs
milp_h1,0,106.34371242920557,164.0373486638069,57.693636234601335,7,223,0.7428884513320753,3.1711294000560883,11.010865972416973,0.0038555666192365834,6,0.25,0_75_p6_h1_3_6_12_s0_25,0.75,True,True,highs
milp_h1,1,107.95689197480678,163.8623492002487,55.90545722544193,10,219,0.9552169911142362,3.2448562000354286,11.266861805678571,1.6170351122204494,6,0.25,0_75_p6_h1_3_6_12_s0_25,0.75,True,True,highs
milp_h1,2,110.13246091703576,164.42484866380693,54.292387746771176,9,229,0.8175159920254508,3.08312049988308,10.705279513482916,3.792604054449427,6,0.25,0_75_p6_h1_3_6_12_s0_25,0.75,True,True,highs
milp_h1,3,106.17695484956104,163.4748492002487,57.29789435068766,10,220,0.8789013743672264,3.1075823000865057,10.790216319744811,-0.16290201302528828,6,0.25,0_75_p6_h1_3_6_12_s0_25,0.75,True,True,highs
milp_h1,4,103.23310362547636,164.81234866380692,61.579245038330555,7,229,0.9979030625239932,3.1308906999474857,10.871148263706548,-3.10675323710997,6,0.25,0_75_p6_h1_3_6_12_s0_25,0.75,True,True,highs
milp_h1,5,109.07528714587289,162.7373502731323,53.66206312725941,8,243,0.8126576001754712,3.1549946996965446,10.954842707279669,2.7354302832865613,6,0.25,0_75_p6_h1_3_6_12_s0_25,0.75,True,True,highs
milp_h1,6,103.13280880699556,162.31234920024872,59.17954039325316,5,271,0.998592011215983,3.1301375997718424,10.86853333254112,-3.207048055590775,6,0.25,0_75_p6_h1_3_6_12_s0_25,0.75,True,True,highs
milp_h1,7,119.4605170711875,163.68734973669052,44.226832665503025,7,217,0.9990016940265425,3.1084185001673177,10.79311979224763,13.120660208601166,6,0.25,0_75_p6_h1_3_6_12_s0_25,0.75,True,True,highs
milp_h1,8,110.16571167409418,162.6998492002487,52.53413752615452,9,234,0.769298256905195,3.1576631001662463,10.964107986688354,3.8258548115078526,6,0.25,0_75_p6_h1_3_6_12_s0_25,0.75,True,True,highs
milp_h1,9,96.74101093659797,163.8623492002487,67.12133826365073,14,250,0.7206823179792228,3.1942353996855672,11.091095137797108,-9.598845925988357,6,0.25,0_75_p6_h1_3_6_12_s0_25,0.75,True,True,highs
milp_h1,10,88.90705920656522,164.0373486638069,75.13028945724169,9,226,0.8415151365342695,3.1277703000232577,10.860313541747423,-17.43279765602111,6,0.25,0_75_p6_h1_3_6_12_s0_25,0.75,True,True,highs
milp_h1,11,104.87770863602557,162.86234925985335,57.98464062382778,10,201,0.8761345439606488,3.1332945001195185,10.879494792081662,-1.4621482265607568,6,0.25,0_75_p6_h1_3_6_12_s0_25,0.75,True,True,highs
milp_h1,12,105.7370826855302,163.64984866380692,57.912765978276724,9,238,0.7350344527103859,3.1509690000966657,10.940864583668978,-0.6027741770561335,6,0.25,0_75_p6_h1_3_6_12_s0_25,0.75,True,True,highs
milp_h1,13,107.13787736495334,164.4248486638069,57.28697129885355,8,217,0.8679155203986434,3.2242135999549646,11.195186110954738,0.7980205023670095,6,0.25,0_75_p6_h1_3_6_12_s0_25,0.75,True,True,highs
milp_h1,14,104.54641874432565,164.42484866380693,59.87842991948128,6,247,0.9969759556545638,3.212642000115011,11.155006944843787,-1.7934381182606813,6,0.25,0_75_p6_h1_3_6_12_s0_25,0.75,True,True,highs
milp_h1,15,109.32926890999079,164.24984920024872,54.92058029025793,8,219,0.9993823700164861,3.1362124998122454,10.889626735459185,2.989412047404457,6,0.25,0_75_p6_h1_3_6_12_s0_25,0.75,True,True,highs
milp_h1,16,103.67294742216666,164.0373486638069,60.364401241640245,7,225,0.6916402777883895,3.0917534999607597,10.735255208197081,-2.6669094404196727,6,0.25,0_75_p6_h1_3_6_12_s0_25,0.75,True,True,highs
milp_h1,17,94.98514551247756,161.73735033273695,66.7522048202594,7,231,0.8202679747548739,3.160076099942671,10.972486458134275,-11.354711350108772,6,0.25,0_75_p6_h1_3_6_12_s0_25,0.75,True,True,highs
milp_h1,18,124.06279339268804,163.08734920024872,39.02455580756068,10,230,0.9556276559976138,3.1703279998910148,11.008083332954913,17.722936530101705,6,0.25,0_75_p6_h1_3_6_12_s0_25,0.75,True,True,highs
milp_h1,19,102.67771132290363,161.74984973669052,59.07213841378689,8,196,0.7338834172297508,3.132319699827349,10.87611006884496,-3.6621455396826974,6,0.25,0_75_p6_h1_3_6_12_s0_25,0.75,True,True,highs
milp_h1,20,117.72681095972658,161.96235027313233,44.23553931340575,8,237,0.6582166301578082,3.1572040000464767,10.962513889050266,11.386954097140247,6,0.25,0_75_p6_h1_3_6_12_s0_25,0.75,True,True,highs
milp_h1,21,94.4001988992095,162.56235080957413,68.16215191036463,10,232,0.8322376234019951,3.1263062001380604,10.855229861590487,-11.939657963376831,6,0.25,0_75_p6_h1_3_6_12_s0_25,0.75,True,True,highs
milp_h1,22,119.18215411156416,164.81234866380692,45.630194552242756,10,236,0.997411855653438,3.217284899787046,11.171128124260576,12.842297248977829,6,0.25,0_75_p6_h1_3_6_12_s0_25,0.75,True,True,highs
milp_h1,23,109.15074740350246,163.68734973669052,54.53660233318806,9,238,0.8641271698304042,3.150585800263798,10.939534028693743,2.8108905409161338,6,0.25,0_75_p6_h1_3_6_12_s0_25,0.75,True,True,highs
milp_h1,24,105.49472213685513,163.64984866380692,58.15512652695179,8,235,0.5900720239131327,3.273310099786613,11.365660068703518,-0.8451347257311994,6,0.25,0_75_p6_h1_3_6_12_s0_25,0.75,True,True,highs
milp_h1,25,83.91436478495596,164.4248486638069,80.51048387885093,6,242,0.8548625934325366,3.119134600099642,10.830328472568201,-22.425492077630366,6,0.25,0_75_p6_h1_3_6_12_s0_25,0.75,True,True,highs
milp_h1,26,104.35259505063294,164.0373486638069,59.68475361317396,11,205,0.6931038801490118,3.140493200160563,10.904490278335288,-1.9872618119533882,6,0.25,0_75_p6_h1_3_6_12_s0_25,0.75,True,True,highs
milp_h1,27,126.12607672611874,164.42484866380693,38.29877193768819,9,253,0.9990793322806168,3.1761475001694635,11.02828993114397,19.78621986353241,6,0.25,0_75_p6_h1_3_6_12_s0_25,0.75,True,True,highs
milp_h1,28,97.01020319412153,163.86234920024873,66.8521460061272,9,248,0.8136775028980395,3.1647284998034593,10.988640624317567,-9.3296536684648,6,0.25,0_75_p6_h1_3_6_12_s0_25,0.75,True,True,highs
milp_h1,29,101.83955046534538,162.91234973669052,61.07279927134513,8,236,0.9985437542787433,3.1143358002300374,10.813665973020964,-4.500306397240948,6,0.25,0_75_p6_h1_3_6_12_s0_25,0.75,True,True,highs
milp_h3,0,106.34371242920557,164.0373486638069,57.693636234601335,4,226,0.551572923868413,6.795822399755707,23.596605554707317,0.0038555666192365834,6,0.25,0_75_p6_h1_3_6_12_s0_25,0.75,True,True,highs
milp_h3,1,107.95689197480681,163.86234920024873,55.90545722544193,5,224,0.9981044616882994,7.3057856999803334,25.367311458265046,1.6170351122204778,6,0.25,0_75_p6_h1_3_6_12_s0_25,0.75,True,True,highs
milp_h3,2,110.13246091703576,164.42484866380693,54.292387746771176,6,233,0.9987385744231977,6.616683600150282,22.974595833855144,3.792604054449427,6,0.25,0_75_p6_h1_3_6_12_s0_25,0.75,True,True,highs
milp_h3,3,106.17695484956104,163.4748492002487,57.29789435068766,4,226,0.0,7.102209399978165,24.660449305479737,-0.16290201302528828,6,0.25,0_75_p6_h1_3_6_12_s0_25,0.75,True,True,highs
milp_h3,4,103.23310362547636,164.81234866380692,61.579245038330555,3,233,0.9992570587655063,5.820110099972226,20.20871562490356,-3.10675323710997,6,0.25,0_75_p6_h1_3_6_12_s0_25,0.75,True,True,highs
milp_h3,5,109.07528714587289,162.7373502731323,53.66206312725941,6,245,0.6087137716405265,6.123728700040374,21.262946875140187,2.7354302832865613,6,0.25,0_75_p6_h1_3_6_12_s0_25,0.75,True,True,highs
milp_h3,6,103.30152075299183,162.562349319458,59.260828566466174,2,274,0.9993374887130506,6.056648499943549,21.030029513692877,-3.0383361095944963,6,0.25,0_75_p6_h1_3_6_12_s0_25,0.75,True,True,highs
milp_h3,7,119.4605170711875,163.68734973669052,44.226832665503025,3,221,0.0,6.019722499680938,20.901814235003258,13.120660208601166,6,0.25,0_75_p6_h1_3_6_12_s0_25,0.75,True,True,highs
milp_h3,8,110.16571167409418,162.6998492002487,52.53413752615452,4,239,0.7042976463102053,7.853165100503247,27.267934376747387,3.8258548115078526,6,0.25,0_75_p6_h1_3_6_12_s0_25,0.75,True,True,highs
milp_h3,9,96.741010936598,163.86234920024873,67.12133826365073,7,257,0.6647174266763641,6.934748000145191,24.078986111615247,-9.598845925988329,6,0.25,0_75_p6_h1_3_6_12_s0_25,0.75,True,True,highs
milp_h3,10,88.90705920656522,164.0373486638069,75.13028945724169,4,231,0.7167797361545143,5.902417299745139,20.494504513003953,-17.43279765602111,6,0.25,0_75_p6_h1_3_6_12_s0_25,0.75,True,True,highs
milp_h3,11,105.02374261820316,163.09989986419677,58.07615724599361,7,204,0.8430427304720811,7.643974800099386,26.541579167011758,-1.3161142443831721,6,0.25,0_75_p6_h1_3_6_12_s0_25,0.75,True,True,highs
milp_h3,12,105.7370826855302,163.64984866380692,57.91276597827673,5,242,0.471823389578472,6.839879600185668,23.749581945089126,-0.6027741770561335,6,0.25,0_75_p6_h1_3_6_12_s0_25,0.75,True,True,highs
milp_h3,13,107.13787736495337,164.42484866380693,57.28697129885356,3,222,0.0808270779204179,7.465468000009423,25.921763888921607,0.7980205023670379,6,0.25,0_75_p6_h1_3_6_12_s0_25,0.75,True,True,highs
milp_h3,14,104.54641874432562,164.4248486638069,59.87842991948128,3,250,0.9972032329443747,7.2094717001891695,25.03288784787906,-1.7934381182607098,6,0.25,0_75_p6_h1_3_6_12_s0_25,0.75,True,True,highs
milp_h3,15,109.32926890999079,164.24984920024872,54.92058029025793,3,224,0.9977969519673501,6.225021299935179,21.614657291441592,2.989412047404457,6,0.25,0_75_p6_h1_3_6_12_s0_25,0.75,True,True,highs
milp_h3,16,103.67294742216666,164.0373486638069,60.36440124164025,2,230,0.9966386201533198,6.12947039984283,21.282883332787605,-2.6669094404196727,6,0.25,0_75_p6_h1_3_6_12_s0_25,0.75,True,True,highs
milp_h3,17,95.1361096392123,161.9749005794525,66.83879094024022,5,233,0.7245680257593913,6.221673100342741,21.603031598412297,-11.203747223374037,6,0.25,0_75_p6_h1_3_6_12_s0_25,0.75,True,True,highs
milp_h3,18,124.06279339268804,163.08734920024872,39.02455580756068,4,236,0.9267083468529114,7.2512686997361016,25.17801631852813,17.722936530101705,6,0.25,0_75_p6_h1_3_6_12_s0_25,0.75,True,True,highs
milp_h3,19,102.84327626215617,161.9998498558998,59.156573593743644,6,198,0.6854001632651295,7.84606020024512,27.243264584184445,-3.496580600430164,6,0.25,0_75_p6_h1_3_6_12_s0_25,0.75,True,True,highs
milp_h3,20,117.72681095972658,161.96235027313233,44.23553931340575,3,242,0.9987515786466694,5.998115799855441,20.826790971720282,11.386954097140247,6,0.25,0_75_p6_h1_3_6_12_s0_25,0.75,True,True,highs
milp_h3,21,94.4001988992095,162.56235080957413,68.16215191036463,4,238,0.9989486858137111,6.512057200045092,22.61130972237879,-11.939657963376831,6,0.25,0_75_p6_h1_3_6_12_s0_25,0.75,True,True,highs
milp_h3,22,119.18215411156416,164.81234866380692,45.630194552242756,7,239,0.9946714403547057,6.099636999802897,21.179295138204502,12.842297248977829,6,0.25,0_75_p6_h1_3_6_12_s0_25,0.75,True,True,highs
milp_h3,23,109.15074740350246,163.68734973669052,54.53660233318806,7,240,0.7281633792748322,6.133615200087661,21.297275000304378,2.8108905409161338,6,0.25,0_75_p6_h1_3_6_12_s0_25,0.75,True,True,highs
milp_h3,24,105.49472213685513,163.64984866380692,58.15512652695179,5,238,0.992333514961919,7.733939999772701,26.853958332544103,-0.8451347257311994,6,0.25,0_75_p6_h1_3_6_12_s0_25,0.75,True,True,highs
milp_h3,25,83.91436478495599,164.42484866380693,80.51048387885093,2,246,0.9978897420555732,7.992916900286218,27.75318368154937,-22.425492077630338,6,0.25,0_75_p6_h1_3_6_12_s0_25,0.75,True,True,highs
milp_h3,26,104.35259505063294,164.0373486638069,59.68475361317396,7,209,0.734212664977052,7.4589570000825915,25.899156250286776,-1.9872618119533882,6,0.25,0_75_p6_h1_3_6_12_s0_25,0.75,True,True,highs
milp_h3,27,126.12607672611873,164.42484866380693,38.298771937688194,5,257,0.9900371892102773,7.8307930997689255,27.190253818642102,19.786219863532395,6,0.25,0_75_p6_h1_3_6_12_s0_25,0.75,True,True,highs
milp_h3,28,97.01020319412153,163.86234920024873,66.8521460061272,7,250,0.8642216027893153,7.653582500090124,26.574939236424044,-9.3296536684648,6,0.25,0_75_p6_h1_3_6_12_s0_25,0.75,True,True,highs
milp_h3,29,101.83955046534538,162.91234973669052,61.07279927134514,2,242,0.0,7.317648899945198,25.408503124809712,-4.500306397240948,6,0.25,0_75_p6_h1_3_6_12_s0_25,0.75,True,True,highs
milp_h6,0,106.51173450577099,164.2873487830162,57.775614277245204,4,226,0.551572923868413,9.111107800155878,31.635790972763466,0.1718776431846578,6,0.25,0_75_p6_h1_3_6_12_s0_25,0.75,True,True,highs
milp_h6,1,107.9568919748068,163.86234920024873,55.905457225441936,3,226,0.9990882549030515,10.31173169997055,35.804623958231076,1.6170351122204636,6,0.25,0_75_p6_h1_3_6_12_s0_25,0.75,True,True,highs
milp_h6,2,110.13246091703576,164.42484866380693,54.292387746771176,4,235,0.0,8.99319899987313,31.226385416226144,3.792604054449427,6,0.25,0_75_p6_h1_3_6_12_s0_25,0.75,True,True,highs
milp_h6,3,106.34707692702452,163.724849319458,57.377772392433485,4,226,0.0,10.07634540006984,34.98731041690917,0.007220064438186569,6,0.25,0_75_p6_h1_3_6_12_s0_25,0.75,True,True,highs
milp_h6,4,103.23310362547636,164.81234866380692,61.579245038330555,3,233,0.9992570587655063,8.204919899930246,28.48930520809113,-3.10675323710997,6,0.25,0_75_p6_h1_3_6_12_s0_25,0.75,True,True,highs
milp_h6,5,109.07528714587289,162.7373502731323,53.66206312725941,6,245,0.6087137716405265,8.316456299769925,28.87658437420113,2.7354302832865613,6,0.25,0_75_p6_h1_3_6_12_s0_25,0.75,True,True,highs
milp_h6,6,103.88220795918782,163.4998004436493,59.61759248446147,2,274,0.9993374887130506,8.931374900072115,31.011718403028176,-2.457648903398507,6,0.25,0_75_p6_h1_3_6_12_s0_25,0.75,True,True,highs
milp_h6,7,119.4605170711875,163.68734973669052,44.226832665503025,3,221,0.0,9.074293100158684,31.507962153328762,13.120660208601166,6,0.25,0_75_p6_h1_3_6_12_s0_25,0.75,True,True,highs
milp_h6,8,110.67340212596257,163.5123497366905,52.83894761072794,4,239,0.7063708393116429,10.668790100113256,37.044410069837696,4.333545263376237,6,0.25,0_75_p6_h1_3_6_12_s0_25,0.75,True,True,highs
milp_h6,9,96.741010936598,163.86234920024873,67.12133826365073,8,256,0.3304829620364733,9.781925600080285,33.96501944472321,-9.598845925988329,6,0.25,0_75_p6_h1_3_6_12_s0_25,0.75,True,True,highs
milp_h6,10,89.06309927690823,164.2873487830162,75.22424950610797,7,228,0.717785993632891,8.355133099626983,29.010878818149244,-17.276757585678098,6,0.25,0_75_p6_h1_3_6_12_s0_25,0.75,True,True,highs
milp_h6,11,105.58057678741216,164.03725061416625,58.45667382675409,7,204,0.8430427304720811,10.283180499827722,35.70548784662404,-0.7592800751741748,6,0.25,0_75_p6_h1_3_6_12_s0_25,0.75,True,True,highs
milp_h6,12,106.03511981442014,164.08734920024872,58.052229385828575,5,242,0.471823389578472,9.33532939988072,32.41433819403028,-0.30473704816618863,6,0.25,0_75_p6_h1_3_6_12_s0_25,0.75,True,True,highs
milp_h6,13,107.13787736495337,164.42484866380693,57.28697129885356,3,222,0.0808270779204179,10.296747200132813,35.752594444905604,0.7980205023670379,6,0.25,0_75_p6_h1_3_6_12_s0_25,0.75,True,True,highs
milp_h6,14,104.54641874432562,164.4248486638069,59.87842991948128,3,250,0.9972032329443747,9.888759799825493,34.33597152717185,-1.7934381182607098,6,0.25,0_75_p6_h1_3_6_12_s0_25,0.75,True,True,highs
milp_h6,15,109.32926890999079,164.24984920024872,54.92058029025793,5,222,0.0,8.62607980001485,29.951665972273783,2.989412047404457,6,0.25,0_75_p6_h1_3_6_12_s0_25,0.75,True,True,highs
milp_h6,16,103.84200149707874,164.2873487830162,60.445347285937466,2,230,0.9966386201533198,8.585712799889734,29.81150277739491,-2.49785536550759,6,0.25,0_75_p6_h1_3_6_12_s0_25,0.75,True,True,highs
milp_h6,17,95.70104487588247,162.89985188245774,67.19880700657527,5,233,0.7321287861018779,8.8627341997053,30.773382637865627,-10.638811986703857,6,0.25,0_75_p6_h1_3_6_12_s0_25,0.75,True,True,highs
milp_h6,18,124.3993247097842,163.52484973669053,39.12552502690633,4,236,0.9288224806430017,10.038229199795751,34.8549624992908,18.059467847197865,6,0.25,0_75_p6_h1_3_6_12_s0_25,0.75,True,True,highs
milp_h6,19,103.41015181684097,162.93730115890503,59.527149342064064,7,197,0.5293177023718109,10.507215700170491,36.48338784781421,-2.929705045745365,6,0.25,0_75_p6_h1_3_6_12_s0_25,0.75,True,True,highs
milp_h6,20,118.03043059314967,162.39985080957413,44.369420216424466,3,242,0.9987515786466694,8.142655999836279,28.273111110542636,11.690573730563344,6,0.25,0_75_p6_h1_3_6_12_s0_25,0.75,True,True,highs
milp_h6,21,94.4001988992095,162.56235080957413,68.16215191036463,4,238,0.997269296036213,9.301708300132304,32.29759826434828,-11.939657963376831,6,0.25,0_75_p6_h1_3_6_12_s0_25,0.75,True,True,highs
milp_h6,22,119.18215411156416,164.81234866380692,45.630194552242756,6,240,0.9972606336923401,8.700863500067499,30.211331597456592,12.842297248977829,6,0.25,0_75_p6_h1_3_6_12_s0_25,0.75,True,True,highs
milp_h6,23,109.15074740350246,163.68734973669052,54.53660233318806,7,240,0.7281633792748322,8.616428999957861,29.918156249853684,2.8108905409161338,6,0.25,0_75_p6_h1_3_6_12_s0_25,0.75,True,True,highs
milp_h6,24,105.77296676152628,164.08734920024872,58.31438243872245,5,238,0.992333514961919,10.860698799806414,37.71075972155005,-0.5668901010600536,6,0.25,0_75_p6_h1_3_6_12_s0_25,0.75,True,True,highs
milp_h6,25,83.91436478495599,164.42484866380693,80.51048387885093,2,246,0.9978897420555732,10.94618960027583,38.00760277873552,-22.425492077630338,6,0.25,0_75_p6_h1_3_6_12_s0_25,0.75,True,True,highs
milp_h6,26,104.52333512726227,164.2873487830162,59.76401365575393,7,209,0.734212664977052,10.711190099886153,37.19163229127136,-1.8165217353240593,6,0.25,0_75_p6_h1_3_6_12_s0_25,0.75,True,True,highs
milp_h6,27,126.12607672611873,164.42484866380693,38.298771937688194,5,257,0.9900371892102773,10.573591100081103,36.71385798639272,19.786219863532395,6,0.25,0_75_p6_h1_3_6_12_s0_25,0.75,True,True,highs
milp_h6,28,97.01020319412153,163.86234920024873,66.8521460061272,7,250,0.8642216027893153,10.578985000262037,36.732586806465406,-9.3296536684648,6,0.25,0_75_p6_h1_3_6_12_s0_25,0.75,True,True,highs
milp_h6,29,102.0069935420847,163.1623498558998,61.15535631381511,2,242,0.0,10.424733700085199,36.196992014184715,-4.33286332050163,6,0.25,0_75_p6_h1_3_6_12_s0_25,0.75,True,True,highs
milp_h12,0,106.81129411458969,164.7872990131378,57.976004898548126,4,226,0.551572923868413,14.57317250026972,50.60129340371431,0.47143725200335496,6,0.25,0_75_p6_h1_3_6_12_s0_25,0.75,True,True,highs
milp_h12,1,108.18945373892785,164.23729913234712,56.047845393419266,3,226,0.9993476015613405,16.060301899677143,55.764937151656746,1.849596876341522,6,0.25,0_75_p6_h1_3_6_12_s0_25,0.75,True,True,highs
milp_h12,2,110.13246091703576,164.42484866380693,54.292387746771176,4,235,0.0,14.483754899876658,50.29081562457173,3.792604054449427,6,0.25,0_75_p6_h1_3_6_12_s0_25,0.75,True,True,highs
milp_h12,3,106.65177004635333,164.22479972839355,57.573029682040215,4,226,0.998275932186119,15.657451999926707,54.36615277752329,0.31191318376700394,6,0.25,0_75_p6_h1_3_6_12_s0_25,0.75,True,True,highs
milp_h12,4,103.23310362547636,164.81234866380692,61.579245038330555,3,233,0.9992570587655063,12.661613099975511,43.96393437491497,-3.10675323710997,6,0.25,0_75_p6_h1_3_6_12_s0_25,0.75,True,True,highs
milp_h12,5,109.30943027436732,163.11230056285856,53.80287028849125,6,245,0.4799448253526708,12.798455399781233,44.43908124924039,2.969573411780985,6,0.25,0_75_p6_h1_3_6_12_s0_25,0.75,True,True,highs
milp_h12,6,104.14784654410417,163.93730056285858,59.789454018754405,2,274,0.9993374887130506,13.91832759953104,48.327526387260555,-2.1920103184821613,6,0.25,0_75_p6_h1_3_6_12_s0_25,0.75,True,True,highs
milp_h12,7,119.4605170711875,163.68734973669052,44.226832665503025,3,221,0.0,16.59379130031448,57.617330903869714,13.120660208601166,6,0.25,0_75_p6_h1_3_6_12_s0_25,0.75,True,True,highs
milp_h12,8,111.092939761281,164.19975061416625,53.106810852885246,4,239,0.7056821663226724,20.67434519995004,71.78592083315986,4.753082898694672,6,0.25,0_75_p6_h1_3_6_12_s0_25,0.75,True,True,highs
milp_h12,9,96.96865919530393,164.23729913234712,67.26863993704319,7,257,0.3304829620364733,15.954644499899587,55.3980711802069,-9.371197667282402,6,0.25,0_75_p6_h1_3_6_12_s0_25,0.75,True,True,highs
milp_h12,10,89.3333695590496,164.7872990131378,75.45392945408821,4,231,0.7220243007604992,14.356483099865727,49.84889965231155,-17.00648730353673,6,0.25,0_75_p6_h1_3_6_12_s0_25,0.75,True,True,highs
milp_h12,11,105.83504429934422,164.47475150823593,58.63970720889171,5,206,0.7718173276277924,17.9640376001189,62.375130555968404,-0.5048125632421119,6,0.25,0_75_p6_h1_3_6_12_s0_25,0.75,True,True,highs
milp_h12,12,106.49140974655748,164.7747497200966,58.283339973539114,5,242,0.601795147998787,16.005547299719183,55.574817012913826,0.1515528839711493,6,0.25,0_75_p6_h1_3_6_12_s0_25,0.75,True,True,highs
milp_h12,13,107.37079028338195,164.79979841709138,57.42900813370943,3,222,0.0808270779204179,17.01421440008562,59.07713333363063,1.0309334207956198,6,0.25,0_75_p6_h1_3_6_12_s0_25,0.75,True,True,highs
milp_h12,14,104.77969850152732,164.79979841709138,60.02009991556406,3,250,0.9972032329443747,16.130327199818566,56.00808055492558,-1.5601583610590097,6,0.25,0_75_p6_h1_3_6_12_s0_25,0.75,True,True,highs
milp_h12,15,109.32926890999079,164.24984920024872,54.92058029025793,4,223,0.9975731858900105,14.052639000175986,48.79388541727773,2.989412047404457,6,0.25,0_75_p6_h1_3_6_12_s0_25,0.75,True,True,highs
milp_h12,16,104.14408376663923,164.7872990131378,60.643215246498585,2,230,0.9966386201533198,14.274091299972497,49.56281701379339,-2.1957730959471036,6,0.25,0_75_p6_h1_3_6_12_s0_25,0.75,True,True,highs
milp_h12,17,96.12403326630593,163.58715584278107,67.46312257647514,5,233,0.7389255831178635,18.879920200066408,65.55527847245281,-10.215823596280401,6,0.25,0_75_p6_h1_3_6_12_s0_25,0.75,True,True,highs
milp_h12,18,124.82618771220248,164.08729984760285,39.261112135400374,4,236,0.9269713060629771,21.656948699994246,75.19773854164669,18.486330849616152,6,0.25,0_75_p6_h1_3_6_12_s0_25,0.75,True,True,highs
milp_h12,19,103.82553469389677,163.6247522830963,59.79921758919954,4,200,0.5243709101508887,23.20643620012561,80.57790347265836,-2.51432216868956,6,0.25,0_75_p6_h1_3_6_12_s0_25,0.75,True,True,highs
milp_h12,20,118.41309830571214,162.96230127811432,44.54920297240218,3,242,0.9987515786466694,16.426145500066923,57.03522743078793,12.07324144312581,6,0.25,0_75_p6_h1_3_6_12_s0_25,0.75,True,True,highs
milp_h12,21,94.4001988992095,162.56235080957413,68.16215191036463,4,238,0.0,15.13204269966809,52.541814929403095,-11.939657963376831,6,0.25,0_75_p6_h1_3_6_12_s0_25,0.75,True,True,highs
milp_h12,22,119.18215411156416,164.81234866380692,45.630194552242756,6,240,0.3737609676102171,14.932215599954361,51.84797083317486,12.842297248977829,6,0.25,0_75_p6_h1_3_6_12_s0_25,0.75,True,True,highs
milp_h12,23,109.15074740350246,163.68734973669052,54.53660233318806,5,242,0.5964453415587053,14.894664500054205,51.717585069632655,2.8108905409161338,6,0.25,0_75_p6_h1_3_6_12_s0_25,0.75,True,True,highs
milp_h12,24,106.19645771533251,164.7747497200966,58.57829200476408,5,238,0.992333514961919,17.488273800176103,60.723172917278134,-0.14339914725381675,6,0.25,0_75_p6_h1_3_6_12_s0_25,0.75,True,True,highs
milp_h12,25,84.11372536718847,164.79979841709138,80.68607304990292,2,246,0.9978897420555732,18.293391699757194,63.51872117971248,-22.226131495397865,6,0.25,0_75_p6_h1_3_6_12_s0_25,0.75,True,True,highs
milp_h12,26,104.82953873127698,164.7872990131378,59.95776028186083,7,209,0.734212664977052,16.976050100056455,58.9446184029738,-1.5103181313093472,6,0.25,0_75_p6_h1_3_6_12_s0_25,0.75,True,True,highs
milp_h12,27,126.31771684487663,164.67484878301622,38.357131938139595,5,257,0.991433552171016,17.370258500013733,60.31339756949213,19.977859982290298,6,0.25,0_75_p6_h1_3_6_12_s0_25,0.75,True,True,highs
milp_h12,28,97.23003429472448,164.23729913234712,67.00726483762264,5,252,0.5969809592433665,17.899583199701738,62.15133055451992,-9.109822567861855,6,0.25,0_75_p6_h1_3_6_12_s0_25,0.75,True,True,highs
milp_h12,29,102.3051381766796,163.6623004436493,61.35716226696968,4,240,0.9972931575581238,17.319700299878605,60.137848263467376,-4.034718685906725,6,0.25,0_75_p6_h1_3_6_12_s0_25,0.75,True,True,highs
equal_share,0,103.4259362908609,161.38105380535126,57.95511751449035,7,223,0.8161183672460744,0.002946599939605221,0.010231249790295906,-2.913920571725427,6,0.25,0_75_p6_h1_3_6_12_s0_25,0.75,True,True,highs
equal_share,1,90.7541744133502,139.11256543064638,48.35839101729619,8,221,0.9973113340558801,0.002987700019730255,0.010373958401841164,-15.585682449236131,6,0.25,0_75_p6_h1_3_6_12_s0_25,0.75,True,True,highs
equal_share,2,81.352802545975,122.6337713599205,41.280968813945506,3,235,0.0,0.0029299001034814864,0.010173264248199606,-24.987054316611335,6,0.25,0_75_p6_h1_3_6_12_s0_25,0.75,True,True,highs
equal_share,3,100.4913934463761,156.85126466158766,56.35987121521158,7,223,0.7943715930246343,0.0029047001153230667,0.010085764289316203,-5.848463416210237,6,0.25,0_75_p6_h1_3_6_12_s0_25,0.75,True,True,highs
equal_share,4,99.84293751952805,161.41071938279447,61.567781863266426,5,231,0.9970106114024948,0.0029288000077940524,0.010169444471507126,-6.496919343058281,6,0.25,0_75_p6_h1_3_6_12_s0_25,0.75,True,True,highs
equal_share,5,86.14941643924044,129.64595114284202,43.49653470360158,5,246,0.6881397299362192,0.002911899791797623,0.010110763165963968,-20.19044042334589,6,0.25,0_75_p6_h1_3_6_12_s0_25,0.75,True,True,highs
equal_share,6,100.90322708167565,160.7277401983738,59.82451311669814,5,271,0.9977995026998832,0.0029301999311428517,0.010174305316468235,-5.436629780910678,6,0.25,0_75_p6_h1_3_6_12_s0_25,0.75,True,True,highs
equal_share,7,98.88627594895229,136.53944498752514,37.65316903857286,6,218,0.9957161534578418,0.003045799909159541,0.010575694129026184,-7.453580913634042,6,0.25,0_75_p6_h1_3_6_12_s0_25,0.75,True,True,highs
equal_share,8,94.03645735396253,140.39895755229549,46.36250019833296,8,235,0.7678941185440222,0.0029275004053488374,0.010164931963016797,-12.303399508623798,6,0.25,0_75_p6_h1_3_6_12_s0_25,0.75,True,True,highs
equal_share,9,90.36530392155353,154.88626534724438,64.52096142569084,11,253,0.7309812831902691,0.0028784997994080186,0.009994790970166732,-15.974552941032798,6,0.25,0_75_p6_h1_3_6_12_s0_25,0.75,True,True,highs
equal_share,10,74.4748622653069,139.87019865085887,65.39533638555197,6,229,0.8047197458642789,0.003063400072278455,0.010636805806522412,-31.864994597279434,6,0.25,0_75_p6_h1_3_6_12_s0_25,0.75,True,True,highs
equal_share,11,93.07631539323258,146.32173500955105,53.24541961631847,7,204,0.8725900224191776,0.003022400225745514,0.010494445228283035,-13.263541469353754,6,0.25,0_75_p6_h1_3_6_12_s0_25,0.75,True,True,highs
equal_share,12,93.7393315911593,146.25645522850965,52.51712363735036,11,236,0.6023435428742313,0.0028306003077887,0.009828473290932985,-12.600525271427031,6,0.25,0_75_p6_h1_3_6_12_s0_25,0.75,True,True,highs
equal_share,13,87.15496261582699,134.908909226954,47.753946611127006,3,222,0.5389411694187132,0.0029948999581392854,0.01039895818798363,-19.18489424675934,6,0.25,0_75_p6_h1_3_6_12_s0_25,0.75,True,True,highs
equal_share,14,99.99851726286883,159.22927103340626,59.23075377053743,5,248,0.9978510979328935,0.002852700010407716,0.009905208369471237,-6.3413395997175,6,0.25,0_75_p6_h1_3_6_12_s0_25,0.75,True,True,highs
equal_share,15,78.68812232369648,118.16083269417285,39.47271037047638,6,221,0.08757434560409307,0.002941599872428924,0.010213888445933763,-27.651734538889855,6,0.25,0_75_p6_h1_3_6_12_s0_25,0.75,True,True,highs
equal_share,16,98.5472834973977,157.67445140685626,59.12716790945856,4,228,0.6907724373625079,0.0029338004533201456,0.01018680712958384,-7.79257336518863,6,0.25,0_75_p6_h1_3_6_12_s0_25,0.75,True,True,highs
equal_share,17,87.82839787620344,150.92258720176437,63.09418932556094,6,232,0.816066455635768,0.003013900073710829,0.010464930811495934,-18.51145898638289,6,0.25,0_75_p6_h1_3_6_12_s0_25,0.75,True,True,highs
equal_share,18,103.18355575927545,136.14092651845104,32.95737075917559,6,234,0.9279608901782526,0.0029153001960366964,0.010122570125127418,-3.1563011033108808,6,0.25,0_75_p6_h1_3_6_12_s0_25,0.75,True,True,highs
equal_share,19,97.04023704617444,154.55192557275296,57.51168852657853,7,197,0.865065788840095,0.002885100111598149,0.010017708720826905,-9.29961981641189,6,0.25,0_75_p6_h1_3_6_12_s0_25,0.75,True,True,highs
equal_share,20,99.0433255975945,137.43723108172418,38.39390548412967,6,239,0.9972666865780995,0.0028477998275775462,0.009888193845755368,-7.2965312649918275,6,0.25,0_75_p6_h1_3_6_12_s0_25,0.75,True,True,highs
equal_share,21,82.6813236059228,144.75461001979852,62.07328641387572,8,234,0.9980706775425037,0.0028725001902785152,0.009973958994022623,-23.65853325666353,6,0.25,0_75_p6_h1_3_6_12_s0_25,0.75,True,True,highs
equal_share,22,105.37917891897655,146.60801264941693,41.228833730440385,6,240,0.9970402878712503,0.0029034001054242253,0.010081250366056338,-0.960677943609781,6,0.25,0_75_p6_h1_3_6_12_s0_25,0.75,True,True,highs
equal_share,23,96.80901444419271,145.8963082907249,49.087293846532184,6,241,0.7303915061704592,0.0029753994895145297,0.010331248227481006,-9.530842418393618,6,0.25,0_75_p6_h1_3_6_12_s0_25,0.75,True,True,highs
equal_share,24,94.62869565327577,147.98808154327702,53.35938589000124,6,237,0.9960450802199018,0.003135600039968267,0.010887500138778705,-11.71116120931056,6,0.25,0_75_p6_h1_3_6_12_s0_25,0.75,True,True,highs
equal_share,25,64.09428760299606,128.14202812314034,64.04774052014427,1,247,0.0,0.0029928997973911464,0.010392013185385926,-42.24556925959027,6,0.25,0_75_p6_h1_3_6_12_s0_25,0.75,True,True,highs
equal_share,26,92.1634460184308,146.70546827316284,54.54202225473203,9,207,0.5547862658879353,0.0030218997271731496,0.010492707386017881,-14.176410844155527,6,0.25,0_75_p6_h1_3_6_12_s0_25,0.75,True,True,highs
equal_share,27,100.32354013565543,131.4728829222514,31.149342786595952,8,254,0.8038190740110487,0.0029493996989913285,0.010240971177053224,-6.016316726930896,6,0.25,0_75_p6_h1_3_6_12_s0_25,0.75,True,True,highs
equal_share,28,78.21133271634139,134.09417682625065,55.88284410990926,6,251,0.9302821602026049,0.002932199800852686,0.010181249308516271,-28.128524146244942,6,0.25,0_75_p6_h1_3_6_12_s0_25,0.75,True,True,highs
equal_share,29,92.26792376095909,149.42432655420373,57.15640279324464,5,239,0.9967083603526055,0.0029591998318210244,0.010274999416045224,-14.071933101627238,6,0.25,0_75_p6_h1_3_6_12_s0_25,0.75,True,True,highs
max_charge,0,103.46149510145185,161.43749999999997,57.97600489854812,7,223,0.8161183672460744,0.0014125999878160655,0.004904861068805783,-2.878361761134485,6,0.25,0_75_p6_h1_3_6_12_s0_25,0.75,True,True,highs
max_charge,1,104.8271546065807,160.87499999999997,56.04784539341926,11,218,0.9985434251181425,0.0012769998575095087,0.004434027283019127,-1.5127022560056247,6,0.25,0_75_p6_h1_3_6_12_s0_25,0.75,True,True,highs
max_charge,2,107.01389957964417,161.43749999999997,54.42360042035579,7,231,0.9992725930196658,0.0013203001290094107,0.0045843754479493425,0.6740427170578442,6,0.25,0_75_p6_h1_3_6_12_s0_25,0.75,True,True,highs
max_charge,3,103.30197031795976,160.87499999999997,57.57302968204021,9,221,0.8354221968251165,0.0012197000032756478,0.004235069455818221,-3.0378865446265735,6,0.25,0_75_p6_h1_3_6_12_s0_25,0.75,True,True,highs
max_charge,4,99.85825496166942,161.43749999999997,61.57924503833055,5,231,0.9970106114024948,0.0012089001247659326,0.0041975698776594884,-6.481601900916914,6,0.25,0_75_p6_h1_3_6_12_s0_25,0.75,True,True,highs
max_charge,5,105.94712971150872,159.74999999999997,53.80287028849124,10,241,0.8124503184456481,0.0012100999301765114,0.004201735868668443,-0.392727151077608,6,0.25,0_75_p6_h1_3_6_12_s0_25,0.75,True,True,highs
max_charge,6,100.99547959864137,160.87499999999997,59.8795204013586,5,271,0.9977995026998832,0.0012665001268032938,0.004397569884733659,-5.344377263944963,6,0.25,0_75_p6_h1_3_6_12_s0_25,0.75,True,True,highs
max_charge,7,116.08566733449695,160.31249999999997,44.22683266550302,9,215,0.997485630263872,0.0013750999351032078,0.004774652552441694,9.745810471910616,6,0.25,0_75_p6_h1_3_6_12_s0_25,0.75,True,True,highs
max_charge,8,107.76818914711473,160.87499999999997,53.10681085288524,11,232,0.7491018363610333,0.0011856000346597284,0.004116666787012946,1.4283322845283948,6,0.25,0_75_p6_h1_3_6_12_s0_25,0.75,True,True,highs
max_charge,9,93.6063600629568,160.87499999999997,67.26863993704318,12,252,0.7309812831902691,0.0013185999414417893,0.004578472018895102,-12.733496799629535,6,0.25,0_75_p6_h1_3_6_12_s0_25,0.75,True,True,highs
max_charge,10,85.98357054591177,161.43749999999997,75.4539294540882,9,226,0.8392860582427246,0.0011973000946454704,0.0041572919952967725,-20.356286316674556,6,0.25,0_75_p6_h1_3_6_12_s0_25,0.75,True,True,highs
max_charge,11,102.70145959407088,161.43749999999997,58.73604040592908,10,201,0.860341435862982,0.0012001999421045184,0.004167360910085133,-3.6383972685154475,6,0.25,0_75_p6_h1_3_6_12_s0_25,0.75,True,True,highs
max_charge,12,103.15416002646086,161.43749999999997,58.28333997353911,12,235,0.6817957762538878,0.0012733999756164849,0.004421527693112794,-3.185696836125473,6,0.25,0_75_p6_h1_3_6_12_s0_25,0.75,True,True,highs
max_charge,13,104.00849186629054,161.43749999999997,57.429008133709424,7,218,0.6925234992657799,0.0012269001745153219,0.004260070050400423,-2.3313649962957896,6,0.25,0_75_p6_h1_3_6_12_s0_25,0.75,True,True,highs
max_charge,14,101.41740008443591,161.43749999999997,60.02009991556405,6,247,0.9982143152914646,0.001243600039742887,0.004318055693551691,-4.922456778150419,6,0.25,0_75_p6_h1_3_6_12_s0_25,0.75,True,True,highs
max_charge,15,105.95441970974204,160.87499999999997,54.920580290257924,11,216,0.558632152016232,0.0012041998270433396,0.00418124939945604,-0.3854371528442897,6,0.25,0_75_p6_h1_3_6_12_s0_25,0.75,True,True,highs
max_charge,16,100.79428475350139,161.43749999999997,60.64321524649858,6,226,0.7679877538024715,0.0011878999939654022,0.004124652756824314,-5.545572109084944,6,0.25,0_75_p6_h1_3_6_12_s0_25,0.75,True,True,highs
max_charge,17,92.84937742352484,160.31249999999997,67.46312257647513,8,230,0.816066455635768,0.001226999971549958,0.004260416567881798,-13.490479439061488,6,0.25,0_75_p6_h1_3_6_12_s0_25,0.75,True,True,highs
max_charge,18,121.58215469866988,160.87499999999997,39.29284530133008,9,231,0.9517991347929492,0.0012194003793410957,0.00423402909493436,15.242297836083551,6,0.25,0_75_p6_h1_3_6_12_s0_25,0.75,True,True,highs
max_charge,19,100.51328241080043,160.31249999999997,59.799217589199536,8,196,0.8819208987198199,0.0014267998922150582,0.004954166292413397,-5.826574451785902,6,0.25,0_75_p6_h1_3_6_12_s0_25,0.75,True,True,highs
max_charge,20,115.1587201952934,159.74999999999997,44.591279804706566,9,236,0.9972666865780995,0.001239899982465431,0.004305208272449413,8.818863332707068,6,0.25,0_75_p6_h1_3_6_12_s0_25,0.75,True,True,highs
max_charge,21,91.02534808963536,159.18749999999997,68.16215191036461,10,232,0.9980706775425037,0.0012363999849185348,0.004293055503189357,-15.314508772950973,6,0.25,0_75_p6_h1_3_6_12_s0_25,0.75,True,True,highs
max_charge,22,115.80730544775722,161.43749999999997,45.63019455224275,8,238,0.9970402878712503,0.0011922998819500208,0.004139930145659794,9.467448585170885,6,0.25,0_75_p6_h1_3_6_12_s0_25,0.75,True,True,highs
max_charge,23,105.77589766681191,160.31249999999997,54.53660233318805,10,237,0.7303915061704592,0.0012337999360170215,0.004284027555614658,-0.5639591957744159,6,0.25,0_75_p6_h1_3_6_12_s0_25,0.75,True,True,highs
max_charge,24,102.85920799523589,161.43749999999997,58.57829200476407,8,235,0.9960450802199018,0.0012314000632613897,0.004275694664102048,-3.480648867350439,6,0.25,0_75_p6_h1_3_6_12_s0_25,0.75,True,True,highs
max_charge,25,80.75142695009707,161.43749999999997,80.6860730499029,5,243,0.9996695076715869,0.0012179001059848815,0.004228819812447505,-25.58842991248926,6,0.25,0_75_p6_h1_3_6_12_s0_25,0.75,True,True,highs
max_charge,26,101.47973971813914,161.43749999999997,59.95776028186082,12,204,0.5547862658879353,0.0012278997746761888,0.004263540884292322,-4.860117144447187,6,0.25,0_75_p6_h1_3_6_12_s0_25,0.75,True,True,highs
max_charge,27,123.0482700616121,161.43749999999997,38.389229938387864,11,251,0.8821191641104866,0.0012049997749272734,0.0041840269962752545,16.70841319902577,6,0.25,0_75_p6_h1_3_6_12_s0_25,0.75,True,True,highs
max_charge,28,93.86773516237734,160.87499999999997,67.00726483762263,9,248,0.9302821602026049,0.0013214998762123287,0.004588541236848364,-12.472121700208987,6,0.25,0_75_p6_h1_3_6_12_s0_25,0.75,True,True,highs
max_charge,29,98.95533773303029,160.31249999999997,61.357162266969674,6,238,0.9967083603526055,0.0012801002303604037,0.004444792466529179,-7.38451912955604,6,0.25,0_75_p6_h1_3_6_12_s0_25,0.75,True,True,highs
random,0,102.87917285609986,160.52139964844002,57.64222679234017,5,225,0.5390105776172329,0.011411399871576577,0.03962291622075201,-3.460684006486474,6,0.25,0_75_p6_h1_3_6_12_s0_25,0.75,True,True,highs
random,1,104.57162687237798,160.4710333853063,55.89940651292832,9,220,0.8670929703708448,0.01103710031020455,0.03832326496598802,-1.7682299902083543,6,0.25,0_75_p6_h1_3_6_12_s0_25,0.75,True,True,highs
random,2,106.85909329961677,161.20343679309212,54.34434349347536,9,229,0.996464667103321,0.011603199847741053,0.04028888836021199,0.5192364370304432,6,0.25,0_75_p6_h1_3_6_12_s0_25,0.75,True,True,highs
random,3,102.8414539393185,160.16100636165643,57.319552422337935,7,223,0.9953300568438196,0.011495599668705836,0.03991527662745082,-3.4984029232678324,6,0.25,0_75_p6_h1_3_6_12_s0_25,0.75,True,True,highs
random,4,99.8199522242059,161.37721237602403,61.55726015181812,3,233,0.9985204081736678,0.011380100302631035,0.03951423716191332,-6.5199046383804244,6,0.25,0_75_p6_h1_3_6_12_s0_25,0.75,True,True,highs
random,5,105.59559751403646,159.19782050747517,53.602222993438716,8,243,0.7533195552509852,0.011163100134581327,0.03876076435618517,-0.7442593485498747,6,0.25,0_75_p6_h1_3_6_12_s0_25,0.75,True,True,highs
random,6,100.08449584321768,159.4487353435145,59.36423950029682,6,270,0.9971632259092792,0.011875999975018203,0.04123611102436876,-6.2553610193686495,6,0.25,0_75_p6_h1_3_6_12_s0_25,0.75,True,True,highs
random,7,115.93055423597275,160.0816448746307,44.151090638657955,4,220,0.9973253063823425,0.011851400340674445,0.041150695627341825,9.59069737338642,6,0.25,0_75_p6_h1_3_6_12_s0_25,0.75,True,True,highs
random,8,107.15745569258142,159.90640180206066,52.748946109479235,4,239,0.9970758202604969,0.01145849991007708,0.03978645802110097,0.8175988299950916,6,0.25,0_75_p6_h1_3_6_12_s0_25,0.75,True,True,highs
random,9,93.46730129235102,160.6506634096049,67.18336211725388,11,254,0.6612134314006941,0.011274999764282256,0.03914930473709117,-12.872555570235306,6,0.25,0_75_p6_h1_3_6_12_s0_25,0.75,True,True,highs
random,10,85.7300449319903,161.00218816595088,75.27214323396058,9,226,0.9021094325851317,0.011478299915324897,0.039855208039322555,-20.609811930596024,6,0.25,0_75_p6_h1_3_6_12_s0_25,0.75,True,True,highs
random,11,102.09814872335525,160.4559747126182,58.35782598926295,9,202,0.8355816254785171,0.011317900178255513,0.039298264507831644,-4.241708139231079,6,0.25,0_75_p6_h1_3_6_12_s0_25,0.75,True,True,highs
random,12,102.52919634470283,160.52009070203857,57.99089435733574,8,239,0.4667395361648537,0.011438399931648746,0.039716666429335926,-3.8106605178835053,6,0.25,0_75_p6_h1_3_6_12_s0_25,0.75,True,True,highs
random,13,103.85308708875175,161.19217051742393,57.33908342867218,5,220,0.7671856038810492,0.01148989997454919,0.03989548602274024,-2.486769773834581,6,0.25,0_75_p6_h1_3_6_12_s0_25,0.75,True,True,highs
random,14,101.21899036438347,161.12474823945323,59.905757875069746,1,252,0.0,0.011332300025969744,0.03934826397906161,-5.120866498202858,6,0.25,0_75_p6_h1_3_6_12_s0_25,0.75,True,True,highs
random,15,105.95441970974207,160.875,54.92058029025793,8,219,0.9976454396659392,0.011604099941905588,0.04029201368717218,-0.3854371528442613,6,0.25,0_75_p6_h1_3_6_12_s0_25,0.75,True,True,highs
random,16,100.79428475350142,161.4375,60.643215246498585,1,231,0.9983188411102804,0.011385699937818572,0.03953368033964782,-5.545572109084915,6,0.25,0_75_p6_h1_3_6_12_s0_25,0.75,True,True,highs
random,17,91.98024143407517,158.9447009816902,66.96445954761504,7,231,0.7092542445995126,0.01144860009662807,0.039752083668847464,-14.359615428511162,6,0.25,0_75_p6_h1_3_6_12_s0_25,0.75,True,True,highs
random,18,120.80737183300872,159.86775945087265,39.060387617863945,5,235,0.9127801201035203,0.010935399681329727,0.037970137782394886,14.467514970422386,6,0.25,0_75_p6_h1_3_6_12_s0_25,0.75,True,True,highs
random,19,100.15452064327206,159.73823614856366,59.5837155052916,3,201,0.528622690414877,0.011381100019207224,0.03951770840002508,-6.185336219314266,6,0.25,0_75_p6_h1_3_6_12_s0_25,0.75,True,True,highs
random,20,114.5506496525863,158.8738008374555,44.32315118486919,5,240,0.9996134152377657,0.011266300192801282,0.03911909789167112,8.21079278999997,6,0.25,0_75_p6_h1_3_6_12_s0_25,0.75,True,True,highs
random,21,90.92036987680163,159.01056645537963,68.090196578578,5,237,0.9970740541786345,0.011229200259549543,0.03899027867899147,-15.419486985784701,6,0.25,0_75_p6_h1_3_6_12_s0_25,0.75,True,True,highs
random,22,115.70377518592554,161.27650540279507,45.57273021686952,6,240,0.9963270800219748,0.011486799718113616,0.03988472124345006,9.363918323339206,6,0.25,0_75_p6_h1_3_6_12_s0_25,0.75,True,True,highs
random,23,105.77589766681194,160.3125,54.53660233318806,9,238,0.7280430678701652,0.011124300071969628,0.03862604191656121,-0.5639591957743875,6,0.25,0_75_p6_h1_3_6_12_s0_25,0.75,True,True,highs
random,24,102.38843762862757,160.69727952502092,58.30884189639335,7,236,0.9979199569920032,0.011135499808005989,0.03866492988890968,-3.9514192339587595,6,0.25,0_75_p6_h1_3_6_12_s0_25,0.75,True,True,highs
random,25,80.51323926770456,161.0019501633763,80.48871089567174,5,243,0.9999997663238261,0.011432300030719489,0.039695486217776,-25.826617594881768,6,0.25,0_75_p6_h1_3_6_12_s0_25,0.75,True,True,highs
random,26,101.20723466025385,161.0167943716828,59.80955971142897,6,210,0.9979919848833732,0.011220999906072393,0.03896180522941803,-5.132622202332485,6,0.25,0_75_p6_h1_3_6_12_s0_25,0.75,True,True,highs
random,27,122.87613960106542,161.21295076582112,38.3368111647557,8,255,0.699791933500742,0.011444399802712724,0.039737499314974736,16.536282738479088,6,0.25,0_75_p6_h1_3_6_12_s0_25,0.75,True,True,highs
random,28,93.2939111699792,159.91813762390808,66.62422645392888,7,250,0.9501840222711412,0.011173900304129347,0.038798264944893565,-13.045945692607134,6,0.25,0_75_p6_h1_3_6_12_s0_25,0.75,True,True,highs
random,29,98.69461463520682,159.90066722136476,61.206052586157945,7,237,0.8017561900936073,0.01139720034552738,0.03957361231085896,-7.645242227379512,6,0.25,0_75_p6_h1_3_6_12_s0_25,0.75,True,True,highs
milp_h1,0,208.80405352512992,323.89984866380684,115.09579513867693,13,211,0.8164344734953289,4.86977499970817,16.908940971208924,0.5862383735887136,12,0.25,0_75_p12_h1_3_6_12_s0_25,0.75,True,True,highs
milp_h1,1,212.23847508430472,323.8748492002486,111.63637411594388,16,208,0.8529690480757031,4.917031799996039,17.07302708331958,4.020659932763522,12,0.25,0_75_p12_h1_3_6_12_s0_25,0.75,True,True,highs
milp_h1,2,216.37749851743376,324.69984866380685,108.32235014637308,16,216,0.8229887929421515,4.967603799770586,17.24862430475898,8.159683365892562,12,0.25,0_75_p12_h1_3_6_12_s0_25,0.75,True,True,highs
milp_h1,3,208.6565671642621,323.07484920024865,114.41828203598655,15,209,0.7730982455734925,4.774818699865136,16.579231596753946,0.43875201272089726,12,0.25,0_75_p12_h1_3_6_12_s0_25,0.75,True,True,highs
milp_h1,4,202.80545858442775,325.7998486638068,122.99439007937904,18,212,0.9771828989185845,5.0119663002260495,17.402660764673783,-5.412356567113449,12,0.25,0_75_p12_h1_3_6_12_s0_25,0.75,True,True,highs
milp_h1,5,214.56882034738854,321.77485027313224,107.2060299257437,28,217,0.7665228674503314,5.450612700224156,18.925738542444986,6.3510051958473355,12,0.25,0_75_p12_h1_3_6_12_s0_25,0.75,True,True,highs
milp_h1,6,202.3318884174028,320.3748492002486,118.04296078284578,10,260,0.9984334505171352,5.389193099661497,18.71247604049131,-5.885926734138394,12,0.25,0_75_p12_h1_3_6_12_s0_25,0.75,True,True,highs
milp_h1,7,235.34461240470404,323.69984973669045,88.3552373319864,18,200,0.7679453164970262,5.084677200298756,17.655129167704015,27.126797253162835,12,0.25,0_75_p12_h1_3_6_12_s0_25,0.75,True,True,highs
milp_h1,8,216.4206208109855,321.1748492002486,104.75422838926312,15,222,0.8666493073053063,4.920680200186325,17.08569513953585,8.202805659444294,12,0.25,0_75_p12_h1_3_6_12_s0_25,0.75,True,True,highs
milp_h1,9,189.99869600931797,324.1748492002486,134.17615319093065,15,244,0.8002968473492638,5.700400800065836,19.79305833356193,-18.219119142223235,12,0.25,0_75_p12_h1_3_6_12_s0_25,0.75,True,True,highs
milp_h1,10,173.97334974606827,323.89984866380684,149.92649891773857,15,214,0.8992122686070518,5.35125360020902,18.58074166739243,-34.24446540547294,12,0.25,0_75_p12_h1_3_6_12_s0_25,0.75,True,True,highs
milp_h1,11,205.3049019155104,320.5998497962951,115.29494788078465,18,188,0.9451913891001426,5.109420800261432,17.741044445352195,-2.912913236030789,12,0.25,0_75_p12_h1_3_6_12_s0_25,0.75,True,True,highs
milp_h1,12,207.5373047038912,323.0998486638068,115.5625439599156,25,216,0.7910991843394447,5.174247299903072,17.96613645799678,-0.6805104476499935,12,0.25,0_75_p12_h1_3_6_12_s0_25,0.75,True,True,highs
milp_h1,13,210.60001573463273,324.9998486638068,114.39983292917407,10,209,0.6670073402470788,5.318443300144281,18.466817014389864,2.3822005830915316,12,0.25,0_75_p12_h1_3_6_12_s0_25,0.75,True,True,highs
milp_h1,14,205.41664882004252,324.9998486638068,119.58319984376428,14,233,0.9016669131733428,5.238756199396448,18.19012569234878,-2.8011663314986777,12,0.25,0_75_p12_h1_3_6_12_s0_25,0.75,True,True,highs
milp_h1,15,215.1752726197242,324.9748492002486,109.79957658052442,17,204,0.8307810494785969,5.053986900136806,17.54856562547502,6.957457468183009,12,0.25,0_75_p12_h1_3_6_12_s0_25,0.75,True,True,highs
milp_h1,16,203.74696218272044,324.3498486638068,120.60288648108639,19,209,0.9368015728451589,5.262251100415597,18.27170520977638,-4.470852968820765,12,0.25,0_75_p12_h1_3_6_12_s0_25,0.75,True,True,highs
milp_h1,17,185.27693122974713,318.0248514056205,132.74792017587336,15,217,0.7751789586575548,5.482736700301757,19.0372802093811,-22.940883921794068,12,0.25,0_75_p12_h1_3_6_12_s0_25,0.75,True,True,highs
milp_h1,18,244.23151858150953,322.12484920024866,77.89333061873911,16,218,0.9977892920024406,5.403849799971795,18.763367361013177,36.01370342996833,12,0.25,0_75_p12_h1_3_6_12_s0_25,0.75,True,True,highs
milp_h1,19,201.43393124639985,319.24984973669046,117.81591849029061,14,184,0.9216487989975505,5.272915000416106,18.3087326403337,-6.7838839051413515,12,0.25,0_75_p12_h1_3_6_12_s0_25,0.75,True,True,highs
milp_h1,20,231.7144286423921,320.02485027313224,88.31042163074014,21,218,0.9126219907194942,5.356619900005171,18.59937465279573,23.496613490850905,12,0.25,0_75_p12_h1_3_6_12_s0_25,0.75,True,True,highs
milp_h1,21,185.33654898703094,321.59985080957404,136.2633018225431,12,224,0.8890608358726008,5.334832900349284,18.52372534843501,-22.881266164510265,12,0.25,0_75_p12_h1_3_6_12_s0_25,0.75,True,True,highs
milp_h1,22,234.89299955666058,326.0998486638068,91.20684910714624,21,219,0.9237235510004496,5.442537400056608,18.897699305752113,26.67518440511938,12,0.25,0_75_p12_h1_3_6_12_s0_25,0.75,True,True,highs
milp_h1,23,214.7367530643939,323.6998497366904,108.96309667229649,14,227,0.8883762266156249,5.350042700069025,18.576537153017448,6.518937912852692,12,0.25,0_75_p12_h1_3_6_12_s0_25,0.75,True,True,highs
milp_h1,24,207.18530459702006,323.2498486638068,116.06454406678674,14,224,0.9959089421297272,5.50033840033575,19.09839722338802,-1.0325105545211386,12,0.25,0_75_p12_h1_3_6_12_s0_25,0.75,True,True,highs
milp_h1,25,164.27614924311635,325.14984866380684,160.87369942069049,14,228,0.9989908252784846,5.632081400370225,19.555838195729947,-43.94166590842485,12,0.25,0_75_p12_h1_3_6_12_s0_25,0.75,True,True,highs
milp_h1,26,205.00647477209566,324.19984866380685,119.1933738917112,14,196,0.9996658318656545,5.314992400089977,18.454834722534642,-3.211340379445545,12,0.25,0_75_p12_h1_3_6_12_s0_25,0.75,True,True,highs
milp_h1,27,248.74315678874643,325.2998486638068,76.55669187506038,17,240,0.7960000422428724,5.278803100081859,18.32917743083979,40.52534163720523,12,0.25,0_75_p12_h1_3_6_12_s0_25,0.75,True,True,highs
milp_h1,28,190.1807948509852,323.57484920024865,133.39405434926346,14,237,0.9990014410318585,5.029530899657402,17.463648957143757,-18.03702030055601,12,0.25,0_75_p12_h1_3_6_12_s0_25,0.75,True,True,highs
milp_h1,29,199.9877111911773,321.94984973669045,121.96213854551313,15,223,0.9986789086159967,5.571016300120391,19.343806597640246,-8.230103960363891,12,0.25,0_75_p12_h1_3_6_12_s0_25,0.75,True,True,highs
milp_h3,0,208.9096258211485,324.0873990893363,115.17777326818782,8,216,0.8158552973602836,15.121010200149613,52.503507639408376,0.6918106696072925,12,0.25,0_75_p12_h1_3_6_12_s0_25,0.75,True,True,highs
milp_h3,1,212.23847508430475,323.87484920024866,111.6363741159439,8,215,0.9970263653140015,15.460376800096128,53.68186388922267,4.02065993276355,12,0.25,0_75_p12_h1_3_6_12_s0_25,0.75,True,True,highs
milp_h3,2,216.48886081784877,324.8873990893363,108.39853827148754,8,224,0.8211092601629065,12.023254699946847,41.74741215259322,8.271045666307572,12,0.25,0_75_p12_h1_3_6_12_s0_25,0.75,True,True,highs
milp_h3,3,208.6565671642621,323.07484920024865,114.41828203598655,10,214,0.5733111001634872,13.282680599833839,46.12041874942305,0.43875201272089726,12,0.25,0_75_p12_h1_3_6_12_s0_25,0.75,True,True,highs
milp_h3,4,202.8054585844278,325.79984866380687,122.99439007937906,6,224,0.9338276176594403,16.164297300361795,56.1260322929229,-5.412356567113392,12,0.25,0_75_p12_h1_3_6_12_s0_25,0.75,True,True,highs
milp_h3,5,214.5688203473885,321.77485027313224,107.20602992574372,15,230,0.6941988228724933,17.051508799922885,59.20662777751002,6.351005195847307,12,0.25,0_75_p12_h1_3_6_12_s0_25,0.75,True,True,highs
milp_h3,6,202.54635887437973,320.7247997879981,118.17844091361839,7,263,0.9941026294777314,15.846540199796436,55.02270902707096,-5.671456277161468,12,0.25,0_75_p12_h1_3_6_12_s0_25,0.75,True,True,highs
milp_h3,7,235.34461240470404,323.69984973669045,88.35523733198642,10,208,0.5848108714743092,15.688529199833283,54.47405972164334,27.126797253162835,12,0.25,0_75_p12_h1_3_6_12_s0_25,0.75,True,True,highs
milp_h3,8,216.72665133674144,321.67484985589977,104.94819851915834,6,231,0.5372006505210123,15.155557799938833,52.62346458312095,8.508836185200238,12,0.25,0_75_p12_h1_3_6_12_s0_25,0.75,True,True,highs
milp_h3,9,189.99869600931802,324.1748492002487,134.17615319093065,8,250,0.5521560653659985,16.230792400456266,56.356918057139815,-18.219119142223178,12,0.25,0_75_p12_h1_3_6_12_s0_25,0.75,True,True,highs
milp_h3,10,174.0669400231679,324.0873990893363,150.02045906616843,7,222,0.9961911547698303,16.076471199805383,55.8210805548798,-34.150875128373315,12,0.25,0_75_p12_h1_3_6_12_s0_25,0.75,True,True,highs
milp_h3,11,205.30485164089995,320.5997997283935,115.29494808749357,9,196,0.7467454506699861,16.67857410007855,57.91171562527274,-2.912963510641248,12,0.25,0_75_p12_h1_3_6_12_s0_25,0.75,True,True,highs
milp_h3,12,207.65313101633546,323.28739908933636,115.63426807300088,9,232,0.36592472290884137,17.705715400195913,61.47817847290248,-0.5646841352057379,12,0.25,0_75_p12_h1_3_6_12_s0_25,0.75,True,True,highs
milp_h3,13,210.6000157346328,324.99984866380686,114.39983292917408,7,212,0.6664147630178353,13.469684200448683,46.76973680711348,2.3822005830915884,12,0.25,0_75_p12_h1_3_6_12_s0_25,0.75,True,True,highs
milp_h3,14,205.41664882004258,324.99984866380686,119.58319984376428,3,244,0.9950453899942596,13.891025999648264,48.23272916544536,-2.801166331498621,12,0.25,0_75_p12_h1_3_6_12_s0_25,0.75,True,True,highs
milp_h3,15,215.17527261972418,324.9748492002486,109.79957658052443,11,211,0.5205808759461841,14.513806399714667,50.39516111012037,6.95745746818298,12,0.25,0_75_p12_h1_3_6_12_s0_25,0.75,True,True,highs
milp_h3,16,203.74696218272044,324.3498486638068,120.60288648108639,6,220,0.9963687063871648,12.065472100191982,41.89400034788883,-4.470852968820765,12,0.25,0_75_p12_h1_3_6_12_s0_25,0.75,True,True,highs
milp_h3,17,185.27688143752414,318.0248018741607,132.74792043663655,8,224,0.7743155988703327,14.496021200087853,50.33340694474949,-22.940933714017063,12,0.25,0_75_p12_h1_3_6_12_s0_25,0.75,True,True,highs
milp_h3,18,244.27670961858507,322.18734931945795,77.91063970087288,9,226,0.9984631543377643,15.749355499749072,54.6852621519065,36.05889446704387,12,0.25,0_75_p12_h1_3_6_12_s0_25,0.75,True,True,highs
milp_h3,19,201.6681562214136,319.6247998476028,117.9566436261892,6,192,0.8430721022642258,13.68617359988275,47.521436110703995,-6.549658930127606,12,0.25,0_75_p12_h1_3_6_12_s0_25,0.75,True,True,highs
milp_h3,20,231.71442864239208,320.02485027313224,88.31042163074015,9,230,0.9952249053676802,14.64754939993145,50.859546527539756,23.496613490850876,12,0.25,0_75_p12_h1_3_6_12_s0_25,0.75,True,True,highs
milp_h3,21,185.33654898703097,321.5998508095741,136.26330182254313,7,229,0.9993369796132756,15.989518900460098,55.51916284881978,-22.881266164510237,12,0.25,0_75_p12_h1_3_6_12_s0_25,0.75,True,True,highs
milp_h3,22,234.89299955666058,326.0998486638068,91.20684910714624,8,232,0.7728991929281008,18.104290899791522,62.862121179831675,26.67518440511938,12,0.25,0_75_p12_h1_3_6_12_s0_25,0.75,True,True,highs
milp_h3,23,214.73675306439395,323.69984973669045,108.9630966722965,10,231,0.7973905118848357,15.376811400201404,53.39170625069932,6.518937912852749,12,0.25,0_75_p12_h1_3_6_12_s0_25,0.75,True,True,highs
milp_h3,24,207.22050358747958,323.31234878301615,116.09184519553658,4,233,0.9830338530379473,15.019730099505978,52.15184062328464,-0.9973115640616186,12,0.25,0_75_p12_h1_3_6_12_s0_25,0.75,True,True,highs
milp_h3,25,164.27614924311632,325.14984866380684,160.8736994206905,5,237,0.9982086740510272,16.364585399831412,56.82147708274796,-43.94166590842488,12,0.25,0_75_p12_h1_3_6_12_s0_25,0.75,True,True,highs
milp_h3,26,205.00647477209566,324.19984866380685,119.1933738917112,9,201,0.9983559203731059,16.309402600105386,56.62987013925481,-3.211340379445545,12,0.25,0_75_p12_h1_3_6_12_s0_25,0.75,True,True,highs
milp_h3,27,248.7431567887465,325.29984866380687,76.55669187506038,9,247,0.8025458752911829,14.810787800059188,51.42634652798329,40.52534163720529,12,0.25,0_75_p12_h1_3_6_12_s0_25,0.75,True,True,highs
milp_h3,28,190.27827595560706,323.7623994469642,133.48412349135714,9,242,0.1398632945095208,13.953542799776187,48.44980138811176,-17.939539195934145,12,0.25,0_75_p12_h1_3_6_12_s0_25,0.75,True,True,highs
milp_h3,29,199.9877111911773,321.94984973669045,121.96213854551313,5,233,0.9951136800839818,15.667225100274663,54.40008715373147,-8.230103960363891,12,0.25,0_75_p12_h1_3_6_12_s0_25,0.75,True,True,highs
milp_h6,0,209.01524880329762,324.2749999403953,115.25975113709765,8,216,0.8158552973602836,20.656346100149676,71.72342395885305,0.7974336517564211,12,0.25,0_75_p12_h1_3_6_12_s0_25,0.75,True,True,highs
milp_h6,1,212.37833969593044,324.12494981288904,111.74661011695859,6,217,0.9968122088840332,23.699456300149905,82.28977881996495,4.160524544389233,12,0.25,0_75_p12_h1_3_6_12_s0_25,0.75,True,True,highs
milp_h6,2,216.64958227674163,325.1751004338264,108.52551815708476,8,224,0.7025404593569461,24.79623379986151,86.09803402729692,8.431767125200423,12,0.25,0_75_p12_h1_3_6_12_s0_25,0.75,True,True,highs
milp_h6,3,208.72836547096566,323.19989950656884,114.47153403560318,10,214,0.6434210569451009,20.71730460037361,71.93508541796392,0.5105503194244534,12,0.25,0_75_p12_h1_3_6_12_s0_25,0.75,True,True,highs
milp_h6,4,202.94615955650806,326.0499496340751,123.10379007756707,6,224,0.9338276176594403,22.64440880031907,78.62641944555233,-5.271655595033138,12,0.25,0_75_p12_h1_3_6_12_s0_25,0.75,True,True,highs
milp_h6,5,214.63936429818466,321.89990022182457,107.2605359236399,14,231,0.5946187105139539,23.481691900116857,81.53365243096131,6.421549146643457,12,0.25,0_75_p12_h1_3_6_12_s0_25,0.75,True,True,highs
milp_h6,6,202.54640889921342,320.7248498558997,118.17844095668632,7,263,0.9941026294777314,21.485042999906,74.60084374967361,-5.671406252327785,12,0.25,0_75_p12_h1_3_6_12_s0_25,0.75,True,True,highs
milp_h6,7,235.4204485327005,323.8248998641967,88.40445133149622,10,208,0.7630136537777357,21.6039992000442,75.01388611126458,27.202633381159302,12,0.25,0_75_p12_h1_3_6_12_s0_25,0.75,True,True,highs
milp_h6,8,216.49020087122915,321.2998492598533,104.80964838862417,7,230,0.6900470340743023,17.6477962002391,61.27707013971909,8.272385719687946,12,0.25,0_75_p12_h1_3_6_12_s0_25,0.75,True,True,highs
milp_h6,9,189.99869600931802,324.1748492002487,134.17615319093065,8,250,0.5521560653659985,22.725015999923926,78.90630555529141,-18.219119142223178,12,0.25,0_75_p12_h1_3_6_12_s0_25,0.75,True,True,highs
milp_h6,10,174.16058102448775,324.2749999403953,150.11441891590752,7,222,0.9961911547698303,24.12302410020493,83.76050034793379,-34.05723412705345,12,0.25,0_75_p12_h1_3_6_12_s0_25,0.75,True,True,highs
milp_h6,11,205.30495193747677,320.59989986419674,115.29494792671997,9,196,0.7464915643913462,22.45406170008937,77.9654920141992,-2.91286321406443,12,0.25,0_75_p12_h1_3_6_12_s0_25,0.75,True,True,highs
milp_h6,12,207.69172324985266,323.34989920854565,115.65817595869301,15,226,0.565353119941633,25.421671199961565,88.26969166653322,-0.5260919016885452,12,0.25,0_75_p12_h1_3_6_12_s0_25,0.75,True,True,highs
milp_h6,13,210.7401527037223,325.2499496340751,114.50979693035282,7,212,0.6664147630178353,20.922518799925456,72.64763472196339,2.522337552181085,12,0.25,0_75_p12_h1_3_6_12_s0_25,0.75,True,True,highs
milp_h6,14,205.55706979334352,325.2499496340751,119.69287984073159,3,244,0.9950453899942596,20.416052900342038,70.88907257063208,-2.660745358197687,12,0.25,0_75_p12_h1_3_6_12_s0_25,0.75,True,True,highs
milp_h6,15,215.17527261972418,324.9748492002486,109.79957658052443,11,211,0.5205808759461841,20.439160600246396,70.96930763974443,6.95745746818298,12,0.25,0_75_p12_h1_3_6_12_s0_25,0.75,True,True,highs
milp_h6,16,203.74696218272044,324.3498486638068,120.60288648108639,9,217,0.9948756674699296,19.14841109974077,66.48753854076656,-4.470852968820765,12,0.25,0_75_p12_h1_3_6_12_s0_25,0.75,True,True,highs
milp_h6,17,185.2769807829372,318.0249009370803,132.74792015414312,8,224,0.7743155988703327,24.848585899861064,86.27981215229536,-22.940834368604015,12,0.25,0_75_p12_h1_3_6_12_s0_25,0.75,True,True,highs
milp_h6,18,244.3219508886337,322.24989950656885,77.92794861793517,8,226,0.9987954158336331,34.926251499855425,121.27170659672022,36.10413573709249,12,0.25,0_75_p12_h1_3_6_12_s0_25,0.75,True,True,highs
milp_h6,19,201.6682561336676,319.6248998045921,117.95664367092448,9,189,0.8430651669186587,41.11196469960851,142.7498774291962,-6.549559017873605,12,0.25,0_75_p12_h1_3_6_12_s0_25,0.75,True,True,highs
milp_h6,20,231.71442864239208,320.02485027313224,88.31042163074015,9,230,0.9952249053676802,45.51467769985902,158.0370753467327,23.496613490850876,12,0.25,0_75_p12_h1_3_6_12_s0_25,0.75,True,True,highs
milp_h6,21,185.33654898703097,321.5998508095741,136.26330182254313,8,228,0.8366647729616238,47.3914928001177,164.55379444485314,-22.881266164510237,12,0.25,0_75_p12_h1_3_6_12_s0_25,0.75,True,True,highs
milp_h6,22,234.89299955666058,326.0998486638068,91.20684910714624,8,232,0.7720964878058103,47.347252699924866,164.40018298585022,26.67518440511938,12,0.25,0_75_p12_h1_3_6_12_s0_25,0.75,True,True,highs
milp_h6,23,214.8067491948604,323.8248998641967,109.0181506693363,10,231,0.7973905118848357,40.232962299953215,139.69778576372644,6.588934043319199,12,0.25,0_75_p12_h1_3_6_12_s0_25,0.75,True,True,highs
milp_h6,24,207.25575308501718,323.374899148941,116.11914606392381,4,233,0.9830338530379473,44.04819390003104,152.9451177084411,-0.9620620665240267,12,0.25,0_75_p12_h1_3_6_12_s0_25,0.75,True,True,highs
milp_h6,25,164.3332297265529,325.27489914894096,160.94166942238806,5,237,0.9982086740510272,43.491525599878514,151.01224166624485,-43.8845854249883,12,0.25,0_75_p12_h1_3_6_12_s0_25,0.75,True,True,highs
milp_h6,26,205.07868525683875,324.324899148941,119.24621389210222,8,202,0.9993042906891032,45.12729829995078,156.69200798594022,-3.1391298947024495,12,0.25,0_75_p12_h1_3_6_12_s0_25,0.75,True,True,highs
milp_h6,27,248.7431567887465,325.29984866380687,76.55669187506038,9,247,0.8025458752911829,44.211559799994575,153.51236041664782,40.52534163720529,12,0.25,0_75_p12_h1_3_6_12_s0_25,0.75,True,True,highs
milp_h6,28,190.41586172978083,324.05010007619853,133.6342383464177,9,242,0.1398632945095208,43.16875749989413,149.8915190968546,-17.801953421760373,12,0.25,0_75_p12_h1_3_6_12_s0_25,0.75,True,True,highs
milp_h6,29,200.05772331953045,322.0748998641967,122.01717654466627,5,233,0.9951136800839818,46.9403034002753,162.98716458428922,-8.16009183201075,12,0.25,0_75_p12_h1_3_6_12_s0_25,0.75,True,True,highs
milp_h12,0,209.01524880329762,324.2749999403953,115.25975113709765,8,216,0.8140078782039885,76.46155379948323,265.49150624820567,0.7974336517564211,12,0.25,0_75_p12_h1_3_6_12_s0_25,0.75,True,True,highs
milp_h12,1,212.37833969593044,324.12494981288904,111.74661011695859,7,216,0.9973486050032528,83.64583400011179,290.43692361149925,4.160524544389233,12,0.25,0_75_p12_h1_3_6_12_s0_25,0.75,True,True,highs
milp_h12,2,216.64958227674163,325.1751004338264,108.52551815708476,8,224,0.7025404593569461,79.63673880021088,276.5164541673989,8.431767125200423,12,0.25,0_75_p12_h1_3_6_12_s0_25,0.75,True,True,highs
milp_h12,3,208.72836547096566,323.19989950656884,114.47153403560318,10,214,0.645900723846562,82.32967219999409,285.8669173610906,0.5105503194244534,12,0.25,0_75_p12_h1_3_6_12_s0_25,0.75,True,True,highs
milp_h12,4,203.01650992333887,326.17499999999995,123.15849007666108,11,219,0.8128295458876598,63.11975780004286,219.16582569459328,-5.2013052282023295,12,0.25,0_75_p12_h1_3_6_12_s0_25,0.75,True,True,highs
milp_h12,5,214.63936429818466,321.89990022182457,107.2605359236399,13,232,0.6522105583162455,43.50165060011204,151.04739791705572,6.421549146643457,12,0.25,0_75_p12_h1_3_6_12_s0_25,0.75,True,True,highs
milp_h12,6,202.546358702108,320.7247997879981,118.17844108589011,7,263,0.9941025993947572,71.24757009994937,247.38739618037977,-5.671456449433208,12,0.25,0_75_p12_h1_3_6_12_s0_25,0.75,True,True,highs
milp_h12,7,235.49628466069692,323.94994999170297,88.45366533100604,10,208,0.4523969662503488,73.68789060029667,255.8607312510301,27.278469509155713,12,0.25,0_75_p12_h1_3_6_12_s0_25,0.75,True,True,highs
milp_h12,8,216.72665133674144,321.67484985589977,104.94819851915834,7,230,0.6896267252515765,42.8903061998717,148.92467430511007,8.508836185200238,12,0.25,0_75_p12_h1_3_6_12_s0_25,0.75,True,True,highs
milp_h12,9,189.99869600931802,324.1748492002487,134.17615319093065,9,249,0.40423876361881844,74.10541630015359,257.31047326442217,-18.219119142223178,12,0.25,0_75_p12_h1_3_6_12_s0_25,0.75,True,True,highs
milp_h12,10,174.16058102448775,324.2749999403953,150.11441891590752,7,222,0.9961911547698303,79.22643569982029,275.091790624376,-34.05723412705345,12,0.25,0_75_p12_h1_3_6_12_s0_25,0.75,True,True,highs
milp_h12,11,205.3048514571587,320.5997997283935,115.29494827123482,10,196,0.7468387514865643,74.69351169990841,259.35247118023756,-2.912963694382512,12,0.25,0_75_p12_h1_3_6_12_s0_25,0.75,True,True,highs
milp_h12,12,207.69172324985266,323.34989920854565,115.65817595869301,11,230,0.5648262145950789,79.05674250004813,274.50257812516713,-0.5260919016885452,12,0.25,0_75_p12_h1_3_6_12_s0_25,0.75,True,True,highs
milp_h12,13,210.7401527037223,325.2499496340751,114.50979693035282,7,212,0.6688807693503976,71.813422400126,249.3521611115486,2.522337552181085,12,0.25,0_75_p12_h1_3_6_12_s0_25,0.75,True,True,highs
milp_h12,14,205.55706979334352,325.2499496340751,119.69287984073159,3,244,0.9950453899942596,70.40349970050738,244.4565961823173,-2.660745358197687,12,0.25,0_75_p12_h1_3_6_12_s0_25,0.75,True,True,highs
milp_h12,15,215.25873892605296,325.0998995065688,109.84116058051585,10,211,0.5210176191961394,69.84772139994311,242.52681041646915,7.040923774511754,12,0.25,0_75_p12_h1_3_6_12_s0_25,0.75,True,True,highs
milp_h12,16,203.98700189076735,324.7247984170913,120.73779652632393,10,216,0.9962193993740062,64.19851570067112,222.9115128495525,-4.230813260773857,12,0.25,0_75_p12_h1_3_6_12_s0_25,0.75,True,True,highs
milp_h12,17,185.27688126368204,318.0248018741607,132.74792061047864,8,224,0.7735408747292573,69.81535870025982,242.4144399314577,-22.94093388785916,12,0.25,0_75_p12_h1_3_6_12_s0_25,0.75,True,True,highs
milp_h12,18,244.61035621246253,322.62484985589975,78.0144936434372,8,226,0.9984889840588925,78.34741469970322,272.03963437396953,36.39254106092133,12,0.25,0_75_p12_h1_3_6_12_s0_25,0.75,True,True,highs
milp_h12,19,201.6681560424725,319.6247998476028,117.9566438051303,9,189,0.8430651669186587,68.05903940010467,236.3161090281412,-6.549659109068699,12,0.25,0_75_p12_h1_3_6_12_s0_25,0.75,True,True,highs
milp_h12,20,231.71442864239208,320.02485027313224,88.31042163074015,9,230,0.9952249053676802,79.52354610012844,276.1234239587793,23.496613490850876,12,0.25,0_75_p12_h1_3_6_12_s0_25,0.75,True,True,highs
milp_h12,21,185.40059675872325,321.7249005794525,136.32430382072923,8,228,0.8366647729616238,84.89976660037064,294.7908562512869,-22.81721839281795,12,0.25,0_75_p12_h1_3_6_12_s0_25,0.75,True,True,highs
milp_h12,22,234.96451004445544,326.22489914894095,91.2603891044855,8,232,0.6970936519073953,84.6989635998907,294.0936236107316,26.746694892914235,12,0.25,0_75_p12_h1_3_6_12_s0_25,0.75,True,True,highs
milp_h12,23,214.87674532532688,323.94994999170297,109.07320466637609,8,233,0.7698318391033736,78.51868069998454,272.6343079860574,6.658930173785677,12,0.25,0_75_p12_h1_3_6_12_s0_25,0.75,True,True,highs
milp_h12,24,207.25575308501718,323.374899148941,116.11914606392381,4,233,0.9830338530379473,31.166358599846717,108.21652291613444,-0.9620620665240267,12,0.25,0_75_p12_h1_3_6_12_s0_25,0.75,True,True,highs
milp_h12,25,164.3332297265529,325.27489914894096,160.94166942238806,5,237,0.9982086740510272,39.553397799958475,137.33818680541137,-43.8845854249883,12,0.25,0_75_p12_h1_3_6_12_s0_25,0.75,True,True,highs
milp_h12,26,205.32153538438473,324.69984931945794,119.3783139350732,9,201,0.9987294188757642,45.704994400031865,158.69789722233287,-2.8962797671564715,12,0.25,0_75_p12_h1_3_6_12_s0_25,0.75,True,True,highs
milp_h12,27,248.7431567887465,325.29984866380687,76.55669187506038,7,249,0.997053268676952,42.359586399863474,147.08189722174816,40.52534163720529,12,0.25,0_75_p12_h1_3_6_12_s0_25,0.75,True,True,highs
milp_h12,28,190.41586172978083,324.05010007619853,133.6342383464177,9,242,0.1398632945095208,30.76573610023479,106.82547257025969,-17.801953421760373,12,0.25,0_75_p12_h1_3_6_12_s0_25,0.75,True,True,highs
milp_h12,29,200.05772331953045,322.0748998641967,122.01717654466627,5,233,0.9951136800839818,41.143369500059634,142.85892187520707,-8.16009183201075,12,0.25,0_75_p12_h1_3_6_12_s0_25,0.75,True,True,highs
equal_share,0,192.7742417921583,300.3906112707961,107.61636947863781,13,211,0.7318638453010851,0.006583999842405319,0.02286111056390736,-15.443573359382896,12,0.25,0_75_p12_h1_3_6_12_s0_25,0.75,True,True,highs
equal_share,1,174.70214008677692,267.82017313552063,93.11803304874371,10,213,0.7866962590893194,0.005937300069490448,0.020615625241286278,-33.51567506476428,12,0.25,0_75_p12_h1_3_6_12_s0_25,0.75,True,True,highs
equal_share,2,195.70669899698424,295.20527942635107,99.49858042936681,11,221,0.9982460808388057,0.005325299978721887,0.018490624926117662,-12.511116154556959,12,0.25,0_75_p12_h1_3_6_12_s0_25,0.75,True,True,highs
equal_share,3,202.01635385047297,315.08984584892977,113.07349199845679,11,213,0.7555531523738289,0.0054964998562354594,0.01908506894526201,-6.201461301068235,12,0.25,0_75_p12_h1_3_6_12_s0_25,0.75,True,True,highs
equal_share,4,186.24987502630668,300.6642117514966,114.41433672518994,16,214,0.9694777283913254,0.00505179981701076,0.017540971586842917,-21.96794012523452,12,0.25,0_75_p12_h1_3_6_12_s0_25,0.75,True,True,highs
equal_share,5,196.08595113306845,295.96933248438893,99.88338135132048,23,222,0.47226795072993644,0.005448599578812718,0.01891874853754416,-12.131864018472754,12,0.25,0_75_p12_h1_3_6_12_s0_25,0.75,True,True,highs
equal_share,6,169.49923039783883,269.8436812004619,100.34445080262307,10,260,0.9965546216386045,0.005344899982446805,0.01855868049460696,-38.71858475370237,12,0.25,0_75_p12_h1_3_6_12_s0_25,0.75,True,True,highs
equal_share,7,189.80976444796994,261.6217395285216,71.81197508055165,7,211,0.669492012960654,0.005798000056529418,0.020131944640727144,-18.408050703571263,12,0.25,0_75_p12_h1_3_6_12_s0_25,0.75,True,True,highs
equal_share,8,191.16306908586958,285.23926601710576,94.07619693123618,9,229,0.6912219275967856,0.005708400014555082,0.019820833383871812,-17.054746065671623,12,0.25,0_75_p12_h1_3_6_12_s0_25,0.75,True,True,highs
equal_share,9,162.1596031235859,276.95386807489297,114.79426495130707,10,248,0.6379968769292106,0.005648300051689148,0.019612152957253985,-46.05821202795531,12,0.25,0_75_p12_h1_3_6_12_s0_25,0.75,True,True,highs
equal_share,10,148.35724035307058,278.7432572255741,130.38601687250352,8,221,0.9965189874979556,0.005961899820249528,0.02070104104253308,-59.86057479847062,12,0.25,0_75_p12_h1_3_6_12_s0_25,0.75,True,True,highs
equal_share,11,181.3530803826875,284.3524823265231,102.99940194383561,12,193,0.8735545624525395,0.005316100257914513,0.01845868145109206,-26.864734768853708,12,0.25,0_75_p12_h1_3_6_12_s0_25,0.75,True,True,highs
equal_share,12,171.625011525022,267.198527465148,95.57351594012601,14,227,0.7661154115011088,0.005523200117750093,0.019177778186632268,-36.59280362651921,12,0.25,0_75_p12_h1_3_6_12_s0_25,0.75,True,True,highs
equal_share,13,197.53812853545628,305.8160808146839,108.27795227922763,9,210,0.8004904504841516,0.005843699676916003,0.020290623878180567,-10.679686616084922,12,0.25,0_75_p12_h1_3_6_12_s0_25,0.75,True,True,highs
equal_share,14,199.77551314863007,318.108982683286,118.33346953465592,16,231,0.8256344627036447,0.004835300176637247,0.016789236724434886,-8.442302002911134,12,0.25,0_75_p12_h1_3_6_12_s0_25,0.75,True,True,highs
equal_share,15,201.53196724361118,305.3760938135087,103.84412656989751,12,209,0.6641062931105546,0.005208200222114101,0.018084028549007296,-6.685847907930025,12,0.25,0_75_p12_h1_3_6_12_s0_25,0.75,True,True,highs
equal_share,16,192.12476405650068,307.5728941896558,115.44813013315515,13,215,0.9970537426694394,0.005289499909849837,0.018366319131423045,-16.093051095040522,12,0.25,0_75_p12_h1_3_6_12_s0_25,0.75,True,True,highs
equal_share,17,174.27946776667818,300.549600150679,126.2701323840008,14,218,0.7746242019820315,0.005733000085456297,0.019906250296723254,-33.93834738486302,12,0.25,0_75_p12_h1_3_6_12_s0_25,0.75,True,True,highs
equal_share,18,189.03845722956743,249.53935801237378,60.50090078280636,9,225,0.9978730900425443,0.0061854000960011035,0.021477083666670498,-19.179357921973775,12,0.25,0_75_p12_h1_3_6_12_s0_25,0.75,True,True,highs
equal_share,19,179.2090135483134,285.22394841701083,106.01493486869742,13,185,0.9199628933200287,0.0052134003199171275,0.01810208444415669,-29.008801603227795,12,0.25,0_75_p12_h1_3_6_12_s0_25,0.75,True,True,highs
equal_share,20,191.171742463836,264.5522331624654,73.38049069862942,15,224,0.6428720538867992,0.005101099697640166,0.017712151727917243,-17.04607268770519,12,0.25,0_75_p12_h1_3_6_12_s0_25,0.75,True,True,highs
equal_share,21,171.06018495572036,299.0707288494779,128.01054389375756,12,224,0.543589149376638,0.005932100058998913,0.02059756964930178,-37.15763019582084,12,0.25,0_75_p12_h1_3_6_12_s0_25,0.75,True,True,highs
equal_share,22,216.09772690348063,301.49218950953053,85.39446260604988,14,226,0.8474475641578647,0.006280799774685875,0.02180833255099262,7.8799117519394315,12,0.25,0_75_p12_h1_3_6_12_s0_25,0.75,True,True,highs
equal_share,23,200.90011432101323,304.46151812400257,103.56140380298932,14,227,0.8992322560677767,0.006235300388652831,0.02165034857171122,-7.3177008305279685,12,0.25,0_75_p12_h1_3_6_12_s0_25,0.75,True,True,highs
equal_share,24,181.97799078247203,285.1224725726025,103.14448179013044,10,228,0.995194173256277,0.006065400084480643,0.021060416960002232,-26.23982436906917,12,0.25,0_75_p12_h1_3_6_12_s0_25,0.75,True,True,highs
equal_share,25,145.66075588832553,291.0060075722121,145.3452516838866,8,234,0.9977916281327347,0.0058553998824208975,0.020331249591739226,-62.55705926321568,12,0.25,0_75_p12_h1_3_6_12_s0_25,0.75,True,True,highs
equal_share,26,199.73289345191256,317.90752818189094,118.17463472997837,17,193,0.9981250282137017,0.006073899887269363,0.02108993016412973,-8.484921699628643,12,0.25,0_75_p12_h1_3_6_12_s0_25,0.75,True,True,highs
equal_share,27,227.1088244503221,297.75067036702575,70.64184591670366,12,244,0.8698109282702985,0.0061476998089347035,0.021346179892134387,18.891009298780887,12,0.25,0_75_p12_h1_3_6_12_s0_25,0.75,True,True,highs
equal_share,28,171.5458251340898,294.1510602377761,122.60523510368633,15,236,0.6852900438126641,0.005473999946843833,0.01900694425987442,-36.67199001745141,12,0.25,0_75_p12_h1_3_6_12_s0_25,0.75,True,True,highs
equal_share,29,178.12694930849025,288.09989080442887,109.97294149593861,11,227,0.9968200036222107,0.005525699933059514,0.01918645810090109,-30.09086584305095,12,0.25,0_75_p12_h1_3_6_12_s0_25,0.75,True,True,highs
max_charge,0,206.50981553395587,322.22499999999997,115.7151844660441,17,207,0.8081333696055938,0.002147499762941152,0.007456596399101222,-1.7079996175853296,12,0.25,0_75_p12_h1_3_6_12_s0_25,0.75,True,True,highs
max_charge,1,209.44873154759404,321.42499999999995,111.97626845240592,21,202,0.8263043095529846,0.0022448996314778924,0.0077947903870760156,1.2309163960528338,12,0.25,0_75_p12_h1_3_6_12_s0_25,0.75,True,True,highs
max_charge,2,213.81284849842388,322.54999999999995,108.7371515015761,18,214,0.7974928096232073,0.002194199798395857,0.0076187492999856155,5.595033346882673,12,0.25,0_75_p12_h1_3_6_12_s0_25,0.75,True,True,highs
max_charge,3,206.18469930092493,321.09999999999997,114.91530069907505,15,210,0.6880167045634448,0.0020822998485527933,0.007230207807474976,-2.0331158506162694,12,0.25,0_75_p12_h1_3_6_12_s0_25,0.75,True,True,highs
max_charge,4,199.71650992333883,322.87499999999994,123.1584900766611,19,211,0.9747467006462753,0.0022125002287793905,0.007682292461039551,-8.50130522820237,12,0.25,0_75_p12_h1_3_6_12_s0_25,0.75,True,True,highs
max_charge,5,211.68735575179255,319.17499999999995,107.48764424820739,28,217,0.489007925706957,0.0020938001107424498,0.007270139273411284,3.4695406002513494,12,0.25,0_75_p12_h1_3_6_12_s0_25,0.75,True,True,highs
max_charge,6,200.95303920408085,320.12499999999994,119.17196079591909,17,253,0.9978569299071459,0.0020685998897533864,0.007182638506088147,-7.26477594746035,12,0.25,0_75_p12_h1_3_6_12_s0_25,0.75,True,True,highs
max_charge,7,232.1713346689939,320.62499999999994,88.45366533100604,17,201,0.86180011191408,0.0020086996955797076,0.006974651720762874,23.95351951745269,12,0.25,0_75_p12_h1_3_6_12_s0_25,0.75,True,True,highs
max_charge,8,214.71668495535846,320.44999999999993,105.73331504464147,15,223,0.7752767262695899,0.0021670998830813915,0.007524652371810387,6.498869803817257,12,0.25,0_75_p12_h1_3_6_12_s0_25,0.75,True,True,highs
max_charge,9,187.01126346488792,321.42499999999995,134.41373653511204,15,243,0.7736158788120225,0.0020645002368837595,0.007168403600290831,-21.206551686653285,12,0.25,0_75_p12_h1_3_6_12_s0_25,0.75,True,True,highs
max_charge,10,171.58858108917872,322.22499999999997,150.63641891082125,16,213,0.9976138616705112,0.0022264002764131874,0.007730556515323567,-36.629234062362485,12,0.25,0_75_p12_h1_3_6_12_s0_25,0.75,True,True,highs
max_charge,11,204.004552535216,320.59999999999997,116.59544746478397,18,187,0.7887280535498806,0.00205289974110201,0.007128124101048646,-4.21326261632521,12,0.25,0_75_p12_h1_3_6_12_s0_25,0.75,True,True,highs
max_charge,12,205.64412404894824,321.8999999999999,116.25587595105169,25,216,0.8293417992216913,0.002060799830360338,0.007155554966528952,-2.57369110259296,12,0.25,0_75_p12_h1_3_6_12_s0_25,0.75,True,True,highs
max_charge,13,207.81111140052474,322.54999999999995,114.7388885994752,12,207,0.8336780381634741,0.0019955999741796404,0.00692916657701264,-0.4067037510164653,12,0.25,0_75_p12_h1_3_6_12_s0_25,0.75,True,True,highs
max_charge,14,202.62862016558643,322.54999999999995,119.92137983441351,18,229,0.8572325710370247,0.002138299838406965,0.007424652216690851,-5.5891949859547765,12,0.25,0_75_p12_h1_3_6_12_s0_25,0.75,True,True,highs
max_charge,15,211.90883941948408,321.74999999999994,109.84116058051585,15,206,0.6641062931105546,0.001972099795239046,0.006847568733468911,3.691024267942879,12,0.25,0_75_p12_h1_3_6_12_s0_25,0.75,True,True,highs
max_charge,16,201.17241351107754,322.22499999999997,121.05258648892242,17,213,0.99773854846894,0.0022037998714949936,0.007652082887135394,-7.045401640463666,12,0.25,0_75_p12_h1_3_6_12_s0_25,0.75,True,True,highs
max_charge,17,184.04664547840747,318.0249999999999,133.97835452159245,18,214,0.7746242019820315,0.00242959990282543,0.00843611077369941,-24.171169673133733,12,0.25,0_75_p12_h1_3_6_12_s0_25,0.75,True,True,highs
max_charge,18,242.4143263921141,320.7749999999999,78.36067360788583,19,215,0.9986658900135247,0.0022139998036436737,0.007687499318207201,34.1965112405729,12,0.25,0_75_p12_h1_3_6_12_s0_25,0.75,True,True,highs
max_charge,19,200.01137316226954,318.99999999999994,118.9886268377304,19,179,0.9358482820110506,0.002078199730021879,0.007215971284798191,-8.206441989271667,12,0.25,0_75_p12_h1_3_6_12_s0_25,0.75,True,True,highs
max_charge,20,229.6408033832907,318.5249999999999,88.88419661670922,23,216,0.8452686331149591,0.002087099652271718,0.007246873792610131,21.422988231749486,12,0.25,0_75_p12_h1_3_6_12_s0_25,0.75,True,True,highs
max_charge,21,182.05069617927072,318.37499999999994,136.32430382072923,14,222,0.6957259342963583,0.0022857996518723667,0.00793680434677905,-26.167118972270487,12,0.25,0_75_p12_h1_3_6_12_s0_25,0.75,True,True,highs
max_charge,22,231.61461089551443,322.87499999999994,91.2603891044855,17,223,0.8691445294060486,0.0019847997464239597,0.006891665786194305,23.39679574397323,12,0.25,0_75_p12_h1_3_6_12_s0_25,0.75,True,True,highs
max_charge,23,211.55179533362383,320.62499999999994,109.0732046663761,17,224,0.9159940299823837,0.0021680000063497573,0.007527777799825546,3.3339801820826267,12,0.25,0_75_p12_h1_3_6_12_s0_25,0.75,True,True,highs
max_charge,24,205.0983289718627,321.8999999999999,116.80167102813719,16,222,0.995194173256277,0.0026550001930445433,0.009218750670293553,-3.119486179678489,12,0.25,0_75_p12_h1_3_6_12_s0_25,0.75,True,True,highs
max_charge,25,161.32512223720548,322.54999999999995,161.22487776279448,14,228,0.9982877117186268,0.002162399818189442,0.007508332702046674,-46.892692914335726,12,0.25,0_75_p12_h1_3_6_12_s0_25,0.75,True,True,highs
max_charge,26,202.53845277130603,322.22499999999997,119.68654722869395,18,192,0.9983926922917349,0.0020965997537132353,0.0072798602559487335,-5.679362380235176,12,0.25,0_75_p12_h1_3_6_12_s0_25,0.75,True,True,highs
max_charge,27,245.84740812381105,322.54999999999995,76.7025918761889,15,241,0.8860612977602983,0.0021194997534621507,0.007359374143965801,37.62959297226985,12,0.25,0_75_p12_h1_3_6_12_s0_25,0.75,True,True,highs
max_charge,28,187.54056998987988,321.42499999999995,133.88443001012007,18,233,0.775088702684048,0.0023911000171210617,0.008302430615003686,-20.677245161661318,12,0.25,0_75_p12_h1_3_6_12_s0_25,0.75,True,True,highs
max_charge,29,197.4991734623909,319.97499999999997,122.47582653760908,18,220,0.9980192661243346,0.0019965001847594976,0.0069322923081927,-10.718641689150303,12,0.25,0_75_p12_h1_3_6_12_s0_25,0.75,True,True,highs
random,0,204.91371047444915,319.71403220199517,114.800321727546,8,216,0.6051126445141384,0.027235699963057414,0.0945684026495049,-3.304104677092056,12,0.25,0_75_p12_h1_3_6_12_s0_25,0.75,True,True,highs
random,1,208.623057473225,320.1196827446974,111.4966252714724,12,211,0.8120540313151849,0.024752299825195223,0.08594548550415008,0.4052423216838008,12,0.25,0_75_p12_h1_3_6_12_s0_25,0.75,True,True,highs
random,2,211.88829209325309,319.64942098893476,107.76112889568167,12,220,0.8609078110169894,0.024993600061861798,0.08678333354813124,3.6704769417118825,12,0.25,0_75_p12_h1_3_6_12_s0_25,0.75,True,True,highs
random,3,205.83599390077603,320.55936029876517,114.72336639798914,9,215,0.6380701433225867,0.025154000089969486,0.08734027809017182,-2.381821250765171,12,0.25,0_75_p12_h1_3_6_12_s0_25,0.75,True,True,highs
random,4,198.8881831593273,321.5712328077593,122.68304964843202,17,213,0.8458933888986947,0.025316799816209823,0.08790555491739521,-9.329631992213905,12,0.25,0_75_p12_h1_3_6_12_s0_25,0.75,True,True,highs
random,5,210.85953867989508,317.87468209469694,107.01514341480186,16,229,0.6532721376894861,0.02457320023677312,0.08532361193323999,2.6417235283538787,12,0.25,0_75_p12_h1_3_6_12_s0_25,0.75,True,True,highs
random,6,198.38748448047963,316.1161716399018,117.72868715942215,12,258,0.9986888959464751,0.026065900136018172,0.09050659769450754,-9.830330671061574,12,0.25,0_75_p12_h1_3_6_12_s0_25,0.75,True,True,highs
random,7,231.87322682158856,320.1813255125382,88.30809869094963,10,208,0.7214306950146904,0.026341699587646872,0.09146423467932942,23.655411670047357,12,0.25,0_75_p12_h1_3_6_12_s0_25,0.75,True,True,highs
random,8,212.9327031432922,317.6206780503054,104.6879749070132,14,223,0.8066954361698321,0.02538069960428402,0.08812742918154173,4.714887991750999,12,0.25,0_75_p12_h1_3_6_12_s0_25,0.75,True,True,highs
random,9,186.35725277424686,320.36991711827164,134.01266434402478,8,250,0.6361670552058514,0.026271099864970893,0.09121909675337116,-21.860562377294343,12,0.25,0_75_p12_h1_3_6_12_s0_25,0.75,True,True,highs
random,10,170.7831669966634,320.84207746070024,150.05891046403684,9,220,0.9677938492214506,0.027717700198991224,0.09624201457983064,-37.434648154877806,12,0.25,0_75_p12_h1_3_6_12_s0_25,0.75,True,True,highs
random,11,202.11937140057205,317.5330024623073,115.41363106173527,15,190,0.7834265979653103,0.025437999924179167,0.0883263886256221,-6.098443750969153,12,0.25,0_75_p12_h1_3_6_12_s0_25,0.75,True,True,highs
random,12,203.61977740309848,318.92838022527104,115.30860282217256,17,224,0.8116495691439903,0.02446069981670007,0.08493298547465303,-4.598037748442721,12,0.25,0_75_p12_h1_3_6_12_s0_25,0.75,True,True,highs
random,13,207.25607505586942,321.6737928369918,114.41771778112239,9,210,0.6694310527949385,0.02569090001634322,0.08920451394563618,-0.9617400956717859,12,0.25,0_75_p12_h1_3_6_12_s0_25,0.75,True,True,highs
random,14,201.7087074341423,321.09994842877416,119.39124099463186,8,239,0.9978078486454167,0.027043300040531904,0.09390034736295799,-6.509107717398905,12,0.25,0_75_p12_h1_3_6_12_s0_25,0.75,True,True,highs
random,15,211.90883941948414,321.75,109.84116058051586,13,208,0.6601303365238084,0.023628999770153314,0.08204513809081011,3.691024267942936,12,0.25,0_75_p12_h1_3_6_12_s0_25,0.75,True,True,highs
random,16,200.3644414365792,320.9630168649108,120.5985754283316,14,212,0.997357833391327,0.024491199670592323,0.08503888774511223,-7.853373714962004,12,0.25,0_75_p12_h1_3_6_12_s0_25,0.75,True,True,highs
random,17,182.46805673640637,315.5407027693776,133.07264603297125,10,222,0.621194018144745,0.02793500028201379,0.09699652875699233,-25.749758415134835,12,0.25,0_75_p12_h1_3_6_12_s0_25,0.75,True,True,highs
random,18,241.33417394406663,319.37076999810887,78.03659605404223,14,220,0.8635664923416891,0.024941699870396405,0.08660312454998752,33.11635879252543,12,0.25,0_75_p12_h1_3_6_12_s0_25,0.75,True,True,highs
random,19,198.4650293981959,316.52479387165687,118.05976447346096,10,188,0.8000968780175397,0.02484870035550557,0.08628020956772768,-9.752785753345307,12,0.25,0_75_p12_h1_3_6_12_s0_25,0.75,True,True,highs
random,20,228.46365367751247,316.8287862978848,88.36513262037234,14,225,0.7781001984314309,0.023901000240584835,0.08298958416869734,20.245838525971266,12,0.25,0_75_p12_h1_3_6_12_s0_25,0.75,True,True,highs
random,21,181.74322493216923,317.85677839810745,136.11355346593822,12,225,0.9966725642282157,0.024599499913165346,0.08541493025404634,-26.474590219371976,12,0.25,0_75_p12_h1_3_6_12_s0_25,0.75,True,True,highs
random,22,231.0090593640753,321.93333788917323,90.92427852509792,12,228,0.8663858218983868,0.024368700134800747,0.08461354213472481,22.79124421253411,12,0.25,0_75_p12_h1_3_6_12_s0_25,0.75,True,True,highs
random,23,211.06835539549223,319.8612396682444,108.7928842727522,8,233,0.8317431868070647,0.02685120012029074,0.09323333375100952,2.8505402439510306,12,0.25,0_75_p12_h1_3_6_12_s0_25,0.75,True,True,highs
random,24,204.02052703391544,320.20530738757293,116.18478035365749,10,227,0.8154922413146879,0.024927199847297743,0.08655277724756161,-4.19728811762576,12,0.25,0_75_p12_h1_3_6_12_s0_25,0.75,True,True,highs
random,25,160.54461517039258,321.12276529995455,160.57815012956198,8,234,0.9966095988113903,0.02610839981934987,0.09065416603940928,-47.67319998114863,12,0.25,0_75_p12_h1_3_6_12_s0_25,0.75,True,True,highs
random,26,201.2463143855088,320.2301383424291,118.98382395692029,12,198,0.8181038754040592,0.023953699885169044,0.08317256904572584,-6.971500766032392,12,0.25,0_75_p12_h1_3_6_12_s0_25,0.75,True,True,highs
random,27,245.37493628585145,321.9336466303061,76.55871034445467,10,246,0.9986624494557801,0.026353699940955266,0.09150590257276134,37.157121134310245,12,0.25,0_75_p12_h1_3_6_12_s0_25,0.75,True,True,highs
random,28,186.33070848142128,319.4075330187264,133.0768245373051,10,241,0.577933442639336,0.023138999880757183,0.08034374958596244,-21.88710667011992,12,0.25,0_75_p12_h1_3_6_12_s0_25,0.75,True,True,highs
random,29,197.0203616216923,319.2186787824152,122.19831716072291,10,228,0.9987093804706605,0.025072499935049564,0.08705729144114432,-11.1974535298489,12,0.25,0_75_p12_h1_3_6_12_s0_25,0.75,True,True,highs
