controller,seed,net_profit,total_revenue,total_cost,served_customers,rejected_customers,mean_soc_fulfillment,total_compute_s,mean_step_ms,gap_to_best,ports,grid_cap_strain,experiment_id,tariff,bess_enabled,v2g_enabled,solver
milp_h1,0,155.13662298520404,242.06875,86.93212701479594,3,230,0.0,4.209705900007975,14.617034375027693,0.6708648076571251,3,0.75,0_75_p3_h1_3_6_12_s0_75,0.75,False,False,highs
milp_h1,1,157.21305799335244,241.26875,84.05569200664759,4,228,0.6184679641441883,4.273746899954858,14.839398958176591,2.747299815805519,3,0.75,0_75_p3_h1_3_6_12_s0_75,0.75,False,False,highs
milp_h1,2,160.4919137035807,242.1125,81.6205862964193,3,238,0.0,4.300511000023107,14.932329861191343,6.02615552603379,3,0.75,0_75_p3_h1_3_6_12_s0_75,0.75,False,False,highs
milp_h1,3,152.009412646542,236.875,84.865587353458,7,226,0.9976840294037373,4.395411699893884,15.2618461801871,-2.456345531004928,3,0.75,0_75_p3_h1_3_6_12_s0_75,0.75,False,False,highs
milp_h1,4,149.78738244250417,242.15625,92.36886755749583,3,236,0.0,4.283960699860472,14.874863541182195,-4.678375735042749,3,0.75,0_75_p3_h1_3_6_12_s0_75,0.75,False,False,highs
milp_h1,5,158.89284214998284,239.58124999999998,80.68840785001714,3,251,0.0,4.285932799859438,14.88171111062305,4.427083972435923,3,0.75,0_75_p3_h1_3_6_12_s0_75,0.75,False,False,highs
milp_h1,6,151.35349939887723,241.09375,89.74025060112277,4,275,0.9989548296525734,4.383289499790408,15.219755207605582,-3.112258778669684,3,0.75,0_75_p3_h1_3_6_12_s0_75,0.75,False,False,highs
milp_h1,7,174.12850100174546,240.46875,66.34024899825454,3,224,0.0,4.390776299944264,15.245751041473138,19.662742824198546,3,0.75,0_75_p3_h1_3_6_12_s0_75,0.75,False,False,highs
milp_h1,8,161.441292636469,241.00625,79.564957363531,6,240,0.8754529087396117,4.4330631000048015,15.392580208350005,6.975534458922084,3,0.75,0_75_p3_h1_3_6_12_s0_75,0.75,False,False,highs
milp_h1,9,139.93917093550164,240.42499999999998,100.48582906449835,7,260,0.7787456815398304,7.248079099939787,25.16694131923537,-14.52658724204528,3,0.75,0_75_p3_h1_3_6_12_s0_75,0.75,False,False,highs
milp_h1,10,128.92439581851164,242.06875,113.14435418148835,8,230,0.9943556585315056,5.916827099994407,20.544538541647245,-25.541362359035276,3,0.75,0_75_p3_h1_3_6_12_s0_75,0.75,False,False,highs
milp_h1,11,153.86394772628944,241.85,87.98605227371057,6,208,0.8438801203242785,4.729203000038979,16.420843750135344,-0.601810451257478,3,0.75,0_75_p3_h1_3_6_12_s0_75,0.75,False,False,highs
milp_h1,12,154.0294900432229,241.04999999999998,87.02050995677709,7,243,0.9982466706720773,4.47791470005177,15.54831493073531,-0.436268134324024,3,0.75,0_75_p3_h1_3_6_12_s0_75,0.75,False,False,highs
milp_h1,13,155.9850242162744,242.11249999999998,86.12747578372557,6,222,0.997429637923139,4.440897399850655,15.41978263837033,1.519266038727494,3,0.75,0_75_p3_h1_3_6_12_s0_75,0.75,False,False,highs
milp_h1,14,152.07015904287496,242.06875,89.99859095712503,12,244,0.9069197416191995,4.535334299973329,15.747688541574057,-2.3955991346719543,3,0.75,0_75_p3_h1_3_6_12_s0_75,0.75,False,False,highs
milp_h1,15,158.9316295646131,241.3125,82.3808704353869,6,224,0.9956304331801934,4.274874800204998,14.843315278489577,4.465871387066187,3,0.75,0_75_p3_h1_3_6_12_s0_75,0.75,False,False,highs
milp_h1,16,151.08073963150383,241.98125,90.90051036849617,7,228,0.8231223625378743,4.333151299928431,15.04566423586261,-3.385018546043085,3,0.75,0_75_p3_h1_3_6_12_s0_75,0.75,False,False,highs
milp_h1,17,139.02570788015922,240.075,101.04929211984077,6,235,0.7795398652428169,4.258908599891583,14.787877082956888,-15.4400502973877,3,0.75,0_75_p3_h1_3_6_12_s0_75,0.75,False,False,highs
milp_h1,18,182.17067479752004,241.04999999999998,58.879325202479954,8,235,0.9292370344592026,4.381144299986772,15.212306597176292,27.70491661997312,3,0.75,0_75_p3_h1_3_6_12_s0_75,0.75,False,False,highs
milp_h1,19,150.63326320052147,240.25,89.61673679947853,8,199,0.9969178586875707,4.235300300235394,14.705903820261787,-3.8324949770254477,3,0.75,0_75_p3_h1_3_6_12_s0_75,0.75,False,False,highs
milp_h1,20,172.64699454195795,239.49374999999998,66.84675545804203,4,244,1.0,4.32064199996239,15.002229166536077,18.181236364411035,3,0.75,0_75_p3_h1_3_6_12_s0_75,0.75,False,False,highs
milp_h1,21,136.53802213445306,238.78125,102.24322786554694,9,236,0.9501225864679946,4.286501700087683,14.88368645863779,-17.92773604309386,3,0.75,0_75_p3_h1_3_6_12_s0_75,0.75,False,False,highs
milp_h1,22,173.55830683832366,241.98125,68.42294316167633,7,242,0.9983699083035678,4.509716000044136,15.658736111264362,19.092548660776743,3,0.75,0_75_p3_h1_3_6_12_s0_75,0.75,False,False,highs
milp_h1,23,158.66384650021791,240.46875,81.80490349978209,5,245,0.8207630959263224,5.9881538001063745,20.7922006948138,4.198088322670998,3,0.75,0_75_p3_h1_3_6_12_s0_75,0.75,False,False,highs
milp_h1,24,154.0958237397174,241.85,87.75417626028259,10,237,0.8884082360464486,7.294800899951952,25.329169791499833,-0.36993443782952795,3,0.75,0_75_p3_h1_3_6_12_s0_75,0.75,False,False,highs
milp_h1,25,121.08176525930563,242.06875,120.98698474069437,6,245,0.9983090426047647,7.576140199860674,26.30604236062734,-33.38399291824129,3,0.75,0_75_p3_h1_3_6_12_s0_75,0.75,False,False,highs
milp_h1,26,152.13708424394326,242.02499999999998,89.8879157560567,6,213,0.45076077689597716,7.394773499996518,25.67629687498791,-2.3286739336036533,3,0.75,0_75_p3_h1_3_6_12_s0_75,0.75,False,False,highs
milp_h1,27,183.99988967155417,241.4125,57.41261032844583,8,257,0.998615738200327,7.531367499890621,26.150581596842432,29.534131494007255,3,0.75,0_75_p3_h1_3_6_12_s0_75,0.75,False,False,highs
milp_h1,28,140.75115782717864,241.225,100.47384217282136,5,255,0.9981719217529981,7.518078000037349,26.104437500129684,-13.714600350368272,3,0.75,0_75_p3_h1_3_6_12_s0_75,0.75,False,False,highs
milp_h1,29,148.29915610055127,240.25,91.95084389944871,7,240,0.998823766251396,7.616963800028316,26.44779097232054,-6.166602076995645,3,0.75,0_75_p3_h1_3_6_12_s0_75,0.75,False,False,highs
milp_h3,0,155.13662298520404,242.06874999999997,86.93212701479592,4,229,0.9977413203111026,13.746930599882035,47.732397916257064,0.6708648076571251,3,0.75,0_75_p3_h1_3_6_12_s0_75,0.75,False,False,highs
milp_h3,1,157.21305799335238,241.26874999999995,84.05569200664758,3,229,0.8712358850919592,13.394501799892168,46.50868680518114,2.7472998158054622,3,0.75,0_75_p3_h1_3_6_12_s0_75,0.75,False,False,highs
milp_h3,2,160.49191370358068,242.11249999999995,81.62058629641929,3,238,0.0,12.657327099936083,43.94905243033362,6.026155526033762,3,0.75,0_75_p3_h1_3_6_12_s0_75,0.75,False,False,highs
milp_h3,3,154.89651914338265,241.22499999999994,86.32848085661728,5,228,0.732698666317493,14.595773500055657,50.67976909741547,0.43076096583573076,3,0.75,0_75_p3_h1_3_6_12_s0_75,0.75,False,False,highs
milp_h3,4,149.78738244250417,242.15624999999997,92.36886755749582,7,232,0.6013073650100934,11.69027679991268,40.5912388885857,-4.678375735042749,3,0.75,0_75_p3_h1_3_6_12_s0_75,0.75,False,False,highs
milp_h3,5,158.8928421499828,239.58124999999995,80.68840785001714,8,246,0.9179751766217423,12.291235399927245,42.67790069419183,4.427083972435895,3,0.75,0_75_p3_h1_3_6_12_s0_75,0.75,False,False,highs
milp_h3,6,151.3534993988772,241.09374999999997,89.74025060112277,4,275,0.9980650508423008,11.411227900011,39.622319097260416,-3.1122587786697125,3,0.75,0_75_p3_h1_3_6_12_s0_75,0.75,False,False,highs
milp_h3,7,174.09496050141752,240.425,66.33003949858248,3,224,0.9990595312565299,8.124811699948623,28.211151735932717,19.6292023238706,3,0.75,0_75_p3_h1_3_6_12_s0_75,0.75,False,False,highs
milp_h3,8,161.5419403865933,241.13749999999996,79.59555961340665,8,238,0.8684834371829417,11.447863199893618,39.749524999630616,7.0761822090463795,3,0.75,0_75_p3_h1_3_6_12_s0_75,0.75,False,False,highs
milp_h3,9,140.3824209285279,241.26874999999995,100.88632907147208,8,259,0.42021579838697115,13.968364300002577,48.5012649305645,-14.083337249019024,3,0.75,0_75_p3_h1_3_6_12_s0_75,0.75,False,False,highs
milp_h3,10,128.90247356866797,242.02499999999998,113.12252643133202,7,231,0.9988523000722053,10.995428900030674,38.17857256955095,-25.563284608878945,3,0.75,0_75_p3_h1_3_6_12_s0_75,0.75,False,False,highs
milp_h3,11,153.8639477262894,241.84999999999997,87.98605227371056,7,207,0.9985154180834698,10.952722800066113,38.030287500229555,-0.6018104512575064,3,0.75,0_75_p3_h1_3_6_12_s0_75,0.75,False,False,highs
milp_h3,12,154.6418290391564,242.02499999999995,87.38317096084356,5,245,0.9980262918826297,6.943728400103282,24.110168055914173,0.1760708616094746,3,0.75,0_75_p3_h1_3_6_12_s0_75,0.75,False,False,highs
milp_h3,13,155.98502421627438,242.11249999999995,86.12747578372557,5,223,0.6468153264264596,7.4495749999332475,25.86657986087933,1.5192660387274657,3,0.75,0_75_p3_h1_3_6_12_s0_75,0.75,False,False,highs
milp_h3,14,152.0983451262116,242.11249999999995,90.01415487378834,9,247,0.8585223744231811,7.233560599896009,25.11652986075003,-2.367413051335319,3,0.75,0_75_p3_h1_3_6_12_s0_75,0.75,False,False,highs
milp_h3,15,158.93162956461305,241.31249999999994,82.38087043538688,3,227,0.9967226941748512,8.351504499980365,28.998279513820712,4.46587138706613,3,0.75,0_75_p3_h1_3_6_12_s0_75,0.75,False,False,highs
milp_h3,16,150.60222361410655,241.22499999999997,90.62277638589342,10,225,0.7791937382675329,6.18011440007831,21.458730555827465,-3.8635345634403677,3,0.75,0_75_p3_h1_3_6_12_s0_75,0.75,False,False,highs
milp_h3,17,139.05166679720082,240.11874999999995,101.06708320279914,5,237,0.998895935484484,6.9899164001544705,24.27054305609191,-15.414091380346093,3,0.75,0_75_p3_h1_3_6_12_s0_75,0.75,False,False,highs
milp_h3,18,182.20577279813583,241.09374999999994,58.88797720186411,7,236,0.9030672337453538,6.284029199974611,21.81954583324518,27.74001462058891,3,0.75,0_75_p3_h1_3_6_12_s0_75,0.75,False,False,highs
milp_h3,19,150.6332632005214,240.24999999999994,89.61673679947852,4,203,0.9967712429776318,7.544586099917069,26.196479513600934,-3.8324949770255046,3,0.75,0_75_p3_h1_3_6_12_s0_75,0.75,False,False,highs
milp_h3,20,172.64699454195795,239.49374999999998,66.84675545804201,8,240,0.9977539205667282,6.64498990001448,23.0728815972725,18.181236364411035,3,0.75,0_75_p3_h1_3_6_12_s0_75,0.75,False,False,highs
milp_h3,21,136.486178967605,238.69374999999997,102.20757103239495,6,239,0.9990790127805743,7.0310390000086045,24.413329861140987,-17.979579209941903,3,0.75,0_75_p3_h1_3_6_12_s0_75,0.75,False,False,highs
milp_h3,22,173.7109581716358,242.15624999999994,68.44529182836412,7,242,0.9984830950426391,7.505893400171772,26.06212986170754,19.245199994088892,3,0.75,0_75_p3_h1_3_6_12_s0_75,0.75,False,False,highs
milp_h3,23,158.66384650021786,240.46874999999994,81.80490349978207,8,242,0.7325611035356718,8.14694350011996,28.287998264305415,4.198088322670941,3,0.75,0_75_p3_h1_3_6_12_s0_75,0.75,False,False,highs
milp_h3,24,154.2053387403488,242.02499999999995,87.81966125965117,5,241,0.4810279057557638,7.8905588001944125,27.397773611786153,-0.26041943719812366,3,0.75,0_75_p3_h1_3_6_12_s0_75,0.75,False,False,highs
milp_h3,25,121.10321500897405,242.11249999999995,121.00928499102591,6,245,0.9964332139517516,7.47019199989154,25.93816666629007,-33.36254316857287,3,0.75,0_75_p3_h1_3_6_12_s0_75,0.75,False,False,highs
milp_h3,26,152.16293291077017,242.06874999999997,89.90581708922981,6,213,0.8040092975341964,10.556045399804134,36.652935415986576,-2.3028252667767504,3,0.75,0_75_p3_h1_3_6_12_s0_75,0.75,False,False,highs
milp_h3,27,184.53886809249715,242.11249999999995,57.5736319075028,4,261,0.9963577508405411,12.790446099839755,44.41127117999915,30.073109914950237,3,0.75,0_75_p3_h1_3_6_12_s0_75,0.75,False,False,highs
milp_h3,28,140.77536616002516,241.26874999999995,100.49338383997478,4,256,0.9978761800383453,13.117452200021944,45.54670902785397,-13.69039201752176,3,0.75,0_75_p3_h1_3_6_12_s0_75,0.75,False,False,highs
milp_h3,29,148.37761209905145,240.38124999999997,92.00363790094852,6,241,0.9983492858172547,13.483053800053312,46.81615902796289,-6.08814607849547,3,0.75,0_75_p3_h1_3_6_12_s0_75,0.75,False,False,highs
milp_h6,0,155.13662298520404,242.06874999999997,86.93212701479592,4,229,0.9975643872977537,16.439306799788028,57.080926388152875,0.6708648076571251,3,0.75,0_75_p3_h1_3_6_12_s0_75,0.75,False,False,highs
milp_h6,1,157.21305799335238,241.26874999999995,84.05569200664758,3,229,0.8712358850919592,17.44262709999748,60.56467743054681,2.7472998158054622,3,0.75,0_75_p3_h1_3_6_12_s0_75,0.75,False,False,highs
milp_h6,2,160.49191370358068,242.11249999999995,81.62058629641929,3,238,0.0,14.521517099929042,50.42193437475362,6.026155526033762,3,0.75,0_75_p3_h1_3_6_12_s0_75,0.75,False,False,highs
milp_h6,3,154.89651914338265,241.22499999999994,86.32848085661728,5,228,0.732698666317493,17.958376700000372,62.355474652779066,0.43076096583573076,3,0.75,0_75_p3_h1_3_6_12_s0_75,0.75,False,False,highs
milp_h6,4,149.78738244250417,242.15624999999997,92.36886755749582,7,232,0.6013073650100934,15.11046549997991,52.46689409715246,-4.678375735042749,3,0.75,0_75_p3_h1_3_6_12_s0_75,0.75,False,False,highs
milp_h6,5,158.33385913545885,238.69374999999997,80.35989086454111,9,245,0.9903188103964143,8.815562900097575,30.60959340311658,3.8681009579119348,3,0.75,0_75_p3_h1_3_6_12_s0_75,0.75,False,False,highs
milp_h6,6,151.3534993988772,241.09374999999997,89.74025060112277,4,275,0.9980650508423008,8.5633241001633,29.733764236678123,-3.1122587786697125,3,0.75,0_75_p3_h1_3_6_12_s0_75,0.75,False,False,highs
milp_h6,7,174.09496050141752,240.425,66.33003949858248,3,224,0.9990595312565299,5.926136700130883,20.57686354212112,19.6292023238706,3,0.75,0_75_p3_h1_3_6_12_s0_75,0.75,False,False,highs
milp_h6,8,161.5419403865933,241.13749999999996,79.59555961340665,8,238,0.8684834371829417,8.407772799939266,29.193655555344677,7.0761822090463795,3,0.75,0_75_p3_h1_3_6_12_s0_75,0.75,False,False,highs
milp_h6,9,140.3824209285279,241.26874999999995,100.88632907147208,8,260,0.42021579838697115,9.84357980004279,34.179096527926355,-14.083337249019024,3,0.75,0_75_p3_h1_3_6_12_s0_75,0.75,False,False,highs
milp_h6,10,128.90247356866797,242.02499999999998,113.12252643133202,7,231,0.9988523000722053,8.596579400036717,29.84923402790527,-25.563284608878945,3,0.75,0_75_p3_h1_3_6_12_s0_75,0.75,False,False,highs
milp_h6,11,153.8639477262894,241.84999999999997,87.98605227371056,7,207,0.998420157710677,9.486311899978318,32.938582986035826,-0.6018104512575064,3,0.75,0_75_p3_h1_3_6_12_s0_75,0.75,False,False,highs
milp_h6,12,154.6418290391564,242.02499999999995,87.38317096084356,5,245,0.9980262918826297,8.493919200118398,29.492775000411104,0.1760708616094746,3,0.75,0_75_p3_h1_3_6_12_s0_75,0.75,False,False,highs
milp_h6,13,155.98502421627438,242.11249999999995,86.12747578372557,5,223,0.6468153264264596,9.297723399868119,32.28376180509763,1.5192660387274657,3,0.75,0_75_p3_h1_3_6_12_s0_75,0.75,False,False,highs
milp_h6,14,152.0983451262116,242.11249999999995,90.01415487378834,8,248,0.8255386219696779,14.559771999847726,50.554763888360156,-2.367413051335319,3,0.75,0_75_p3_h1_3_6_12_s0_75,0.75,False,False,highs
milp_h6,15,158.93162956461305,241.31249999999994,82.38087043538688,3,227,0.9967226941748512,16.590448299903073,57.605723263552335,4.46587138706613,3,0.75,0_75_p3_h1_3_6_12_s0_75,0.75,False,False,highs
milp_h6,16,150.60222361410655,241.22499999999997,90.62277638589342,10,225,0.7791937382675329,11.694484699997702,40.6058496527698,-3.8635345634403677,3,0.75,0_75_p3_h1_3_6_12_s0_75,0.75,False,False,highs
milp_h6,17,139.05166679720082,240.11874999999995,101.06708320279914,5,237,0.998895935484484,13.884801299966057,48.21111562488214,-15.414091380346093,3,0.75,0_75_p3_h1_3_6_12_s0_75,0.75,False,False,highs
milp_h6,18,182.20577279813583,241.09374999999994,58.88797720186411,7,236,0.9030672337453538,14.505630299914628,50.36677187470357,27.74001462058891,3,0.75,0_75_p3_h1_3_6_12_s0_75,0.75,False,False,highs
milp_h6,19,150.6332632005214,240.24999999999994,89.61673679947852,4,203,0.9967712429776318,17.62008339985914,61.180845138399796,-3.8324949770255046,3,0.75,0_75_p3_h1_3_6_12_s0_75,0.75,False,False,highs
milp_h6,20,172.64699454195795,239.49374999999998,66.84675545804201,8,240,0.998041604895468,14.207078599996748,49.33013402776649,18.181236364411035,3,0.75,0_75_p3_h1_3_6_12_s0_75,0.75,False,False,highs
milp_h6,21,136.486178967605,238.69374999999997,102.20757103239495,6,239,0.9990790127805743,15.435658800168312,53.596037500584416,-17.979579209941903,3,0.75,0_75_p3_h1_3_6_12_s0_75,0.75,False,False,highs
milp_h6,22,173.7109581716358,242.15624999999994,68.44529182836412,7,242,0.9984830950426391,16.5493928999349,57.46316979144063,19.245199994088892,3,0.75,0_75_p3_h1_3_6_12_s0_75,0.75,False,False,highs
milp_h6,23,158.66384650021786,240.46874999999994,81.80490349978207,5,246,0.8649935318464094,18.84984019988042,65.45083402736256,4.198088322670941,3,0.75,0_75_p3_h1_3_6_12_s0_75,0.75,False,False,highs
milp_h6,24,154.2053387403488,242.02499999999995,87.81966125965117,5,241,0.4810279057557638,17.919545300057507,62.22064340297746,-0.26041943719812366,3,0.75,0_75_p3_h1_3_6_12_s0_75,0.75,False,False,highs
milp_h6,25,121.10321500897405,242.11249999999995,121.00928499102591,6,245,0.9964332139517516,16.542555900057778,57.43943020853395,-33.36254316857287,3,0.75,0_75_p3_h1_3_6_12_s0_75,0.75,False,False,highs
milp_h6,26,152.16293291077017,242.06874999999997,89.90581708922981,6,213,0.8040092975341964,15.842922900192207,55.010148959000716,-2.3028252667767504,3,0.75,0_75_p3_h1_3_6_12_s0_75,0.75,False,False,highs
milp_h6,27,184.53886809249715,242.11249999999995,57.5736319075028,4,261,0.9963577508405411,18.749022099902504,65.10077118021702,30.073109914950237,3,0.75,0_75_p3_h1_3_6_12_s0_75,0.75,False,False,highs
milp_h6,28,140.77536616002516,241.26874999999995,100.49338383997478,4,256,0.9978761800383453,18.150111000155448,63.02121875053975,-13.69039201752176,3,0.75,0_75_p3_h1_3_6_12_s0_75,0.75,False,False,highs
milp_h6,29,148.37761209905145,240.38124999999997,92.00363790094852,6,241,0.9983492858172547,15.941604499807,55.352793402107636,-6.08814607849547,3,0.75,0_75_p3_h1_3_6_12_s0_75,0.75,False,False,highs
milp_h12,0,155.13662298520404,242.06874999999997,86.93212701479592,4,229,0.9976005206588683,23.179229199973634,80.48343472213067,0.6708648076571251,3,0.75,0_75_p3_h1_3_6_12_s0_75,0.75,False,False,highs
milp_h12,1,157.21305799335238,241.26874999999995,84.05569200664758,3,229,0.8712358850919592,25.6959709001967,89.22212118123853,2.7472998158054622,3,0.75,0_75_p3_h1_3_6_12_s0_75,0.75,False,False,highs
milp_h12,2,160.49191370358068,242.11249999999995,81.62058629641929,3,238,0.0,23.37830409986782,81.17466701342993,6.026155526033762,3,0.75,0_75_p3_h1_3_6_12_s0_75,0.75,False,False,highs
milp_h12,3,154.8965191433827,241.22499999999997,86.32848085661728,6,227,0.996481351384675,19.127999299947987,66.41666423593051,0.4307609658357876,3,0.75,0_75_p3_h1_3_6_12_s0_75,0.75,False,False,highs
milp_h12,4,149.78738244250417,242.15624999999997,92.36886755749582,7,232,0.6013073650100934,20.988766999929794,72.87766319420068,-4.678375735042749,3,0.75,0_75_p3_h1_3_6_12_s0_75,0.75,False,False,highs
milp_h12,5,158.89284214998284,239.58124999999998,80.68840785001714,9,245,0.9895459512661328,16.062500499989255,55.77257118051825,4.427083972435923,3,0.75,0_75_p3_h1_3_6_12_s0_75,0.75,False,False,highs
milp_h12,6,151.3534993988772,241.09374999999997,89.74025060112277,4,275,0.9980650508423008,19.98198360002425,69.3818875000842,-3.1122587786697125,3,0.75,0_75_p3_h1_3_6_12_s0_75,0.75,False,False,highs
milp_h12,7,174.09496050141752,240.425,66.33003949858248,3,224,0.9990595312565299,13.736623200267786,47.696608334263146,19.6292023238706,3,0.75,0_75_p3_h1_3_6_12_s0_75,0.75,False,False,highs
milp_h12,8,161.5419403865933,241.13749999999996,79.59555961340665,8,238,0.8684834371829417,17.902459900069516,62.1613190974636,7.0761822090463795,3,0.75,0_75_p3_h1_3_6_12_s0_75,0.75,False,False,highs
milp_h12,9,140.3824209285279,241.26874999999995,100.88632907147208,9,258,0.42021579838697115,21.671121600156766,75.24695000054433,-14.083337249019024,3,0.75,0_75_p3_h1_3_6_12_s0_75,0.75,False,False,highs
milp_h12,10,128.90247356866797,242.02499999999998,113.122526431332,7,231,0.9988523000722053,20.173096800033818,70.04547500011742,-25.563284608878945,3,0.75,0_75_p3_h1_3_6_12_s0_75,0.75,False,False,highs
milp_h12,11,153.8639477262894,241.84999999999997,87.98605227371056,7,207,0.9980815110650993,20.310804000066128,70.52362500022961,-0.6018104512575064,3,0.75,0_75_p3_h1_3_6_12_s0_75,0.75,False,False,highs
milp_h12,12,154.64182903915642,242.02499999999998,87.38317096084356,5,245,0.9980262918826297,19.168440700057545,66.5570857640887,0.17607086160950303,3,0.75,0_75_p3_h1_3_6_12_s0_75,0.75,False,False,highs
milp_h12,13,155.98502421627438,242.11249999999995,86.12747578372557,6,222,0.7591574133371225,19.81739719993493,68.81040694421851,1.5192660387274657,3,0.75,0_75_p3_h1_3_6_12_s0_75,0.75,False,False,highs
milp_h12,14,152.0983451262116,242.11249999999995,90.01415487378834,8,248,0.8255386219696779,22.692265800011228,78.79258958337232,-2.367413051335319,3,0.75,0_75_p3_h1_3_6_12_s0_75,0.75,False,False,highs
milp_h12,15,158.93162956461305,241.31249999999994,82.38087043538688,3,227,0.9967226941748512,24.58098180007073,85.3506312502456,4.46587138706613,3,0.75,0_75_p3_h1_3_6_12_s0_75,0.75,False,False,highs
milp_h12,16,150.60222361410658,241.225,90.62277638589342,10,225,0.7791937382675329,17.455704099935247,60.61008368033072,-3.8635345634403393,3,0.75,0_75_p3_h1_3_6_12_s0_75,0.75,False,False,highs
milp_h12,17,139.05166679720082,240.11874999999995,101.06708320279914,5,237,0.998895935484484,20.110650700022234,69.82864826396609,-15.414091380346093,3,0.75,0_75_p3_h1_3_6_12_s0_75,0.75,False,False,highs
milp_h12,18,182.20577279813583,241.09374999999994,58.88797720186411,7,236,0.9030672337453538,17.22731910002767,59.81708020842942,27.74001462058891,3,0.75,0_75_p3_h1_3_6_12_s0_75,0.75,False,False,highs
milp_h12,19,150.63326320052147,240.24999999999997,89.61673679947852,4,203,0.9978675820601524,22.17220139998244,76.98681041660569,-3.8324949770254477,3,0.75,0_75_p3_h1_3_6_12_s0_75,0.75,False,False,highs
milp_h12,20,172.64699454195795,239.49374999999998,66.84675545804201,6,242,0.9977933212078837,21.078194300149335,73.1881746532963,18.181236364411035,3,0.75,0_75_p3_h1_3_6_12_s0_75,0.75,False,False,highs
milp_h12,21,136.486178967605,238.69374999999997,102.20757103239495,6,239,0.9990790127805743,20.028198499945574,69.5423559025888,-17.979579209941903,3,0.75,0_75_p3_h1_3_6_12_s0_75,0.75,False,False,highs
milp_h12,22,173.7109581716358,242.15624999999994,68.44529182836412,6,243,0.7942629555707477,21.35893509996822,74.16296909711188,19.245199994088892,3,0.75,0_75_p3_h1_3_6_12_s0_75,0.75,False,False,highs
milp_h12,23,158.66384650021786,240.46874999999994,81.80490349978207,8,242,0.5281686107724123,23.682530400095857,82.23100833366617,4.198088322670941,3,0.75,0_75_p3_h1_3_6_12_s0_75,0.75,False,False,highs
milp_h12,24,154.2053387403488,242.02499999999995,87.81966125965117,5,241,0.4810279057557638,22.61044809994928,78.50850034704611,-0.26041943719812366,3,0.75,0_75_p3_h1_3_6_12_s0_75,0.75,False,False,highs
milp_h12,25,121.10321500897405,242.11249999999995,121.00928499102591,5,246,0.9964332139517516,20.729455799984862,71.97727708328077,-33.36254316857287,3,0.75,0_75_p3_h1_3_6_12_s0_75,0.75,False,False,highs
milp_h12,26,152.16293291077017,242.06874999999997,89.90581708922981,6,213,0.8040092975341964,20.665823000046657,71.75632986127312,-2.3028252667767504,3,0.75,0_75_p3_h1_3_6_12_s0_75,0.75,False,False,highs
milp_h12,27,184.53886809249715,242.11249999999995,57.5736319075028,5,260,0.9963577508405411,22.180938000019523,77.01714583340112,30.073109914950237,3,0.75,0_75_p3_h1_3_6_12_s0_75,0.75,False,False,highs
milp_h12,28,140.77536616002516,241.26874999999995,100.49338383997478,4,256,0.9978761800383453,24.03480370021134,83.45417951462271,-13.69039201752176,3,0.75,0_75_p3_h1_3_6_12_s0_75,0.75,False,False,highs
milp_h12,29,148.37761209905145,240.38124999999997,92.00363790094852,6,241,0.9983492858172547,21.083170799916843,73.20545416637793,-6.08814607849547,3,0.75,0_75_p3_h1_3_6_12_s0_75,0.75,False,False,highs
equal_share,0,154.15013775605982,240.52709445218292,86.3769566961231,12,221,0.9118603729394342,0.0045865001011407,0.015925347573405208,-0.3156204214870968,3,0.75,0_75_p3_h1_3_6_12_s0_75,0.75,False,False,highs
equal_share,1,155.3922616525885,238.46803056875808,83.07576891616958,6,226,0.8691192438862833,0.004404699968290515,0.015294097112119844,0.926503475041585,3,0.75,0_75_p3_h1_3_6_12_s0_75,0.75,False,False,highs
equal_share,2,106.11472229864017,161.0457771897316,54.93105489109144,2,239,0.9971375170778302,0.004464899917365983,0.01550312471307633,-48.35103587890674,3,0.75,0_75_p3_h1_3_6_12_s0_75,0.75,False,False,highs
equal_share,3,112.94106285508366,175.73557439501505,62.79451153993139,4,229,0.998714443990122,0.005046199978096411,0.017521527701723646,-41.52469532246326,3,0.75,0_75_p3_h1_3_6_12_s0_75,0.75,False,False,highs
equal_share,4,144.34308060221457,233.07040754916727,88.72732694695272,7,232,0.9980161990099758,0.004694100061897188,0.016298958548254125,-10.122677575332347,3,0.75,0_75_p3_h1_3_6_12_s0_75,0.75,False,False,highs
equal_share,5,151.31514416011183,227.58328032353103,76.2681361634192,8,246,0.9982623018400633,0.004463800054509193,0.015499305744823586,-3.150614017435089,3,0.75,0_75_p3_h1_3_6_12_s0_75,0.75,False,False,highs
equal_share,6,117.57578358988096,187.19441329750396,69.618629707623,2,277,0.993884117959231,0.004768300059367903,0.016556597428360773,-36.88997458766596,3,0.75,0_75_p3_h1_3_6_12_s0_75,0.75,False,False,highs
equal_share,7,159.22234889869074,218.54582160777568,59.32347270908493,8,219,0.6567337023809282,0.004464900106540881,0.015503125369933615,4.756590721143823,3,0.75,0_75_p3_h1_3_6_12_s0_75,0.75,False,False,highs
equal_share,8,146.03354084662368,217.35625255124268,71.322711704619,4,242,0.9982152573520136,0.004326699912780896,0.015023263586044777,-8.432217330923237,3,0.75,0_75_p3_h1_3_6_12_s0_75,0.75,False,False,highs
equal_share,9,110.22575337444592,187.5647914657947,77.3390380913488,5,262,0.8973252636991397,0.004974899682565592,0.017273957231130527,-44.240004803101,3,0.75,0_75_p3_h1_3_6_12_s0_75,0.75,False,False,highs
equal_share,10,112.93849378473303,212.21318815986197,99.27469437512895,7,231,0.6602371159375615,0.004762599914101884,0.01653680525729821,-41.52726439281389,3,0.75,0_75_p3_h1_3_6_12_s0_75,0.75,False,False,highs
equal_share,11,117.36363900201711,183.33948627618852,65.97584727417141,5,209,0.9926786947114994,0.005014199952711351,0.01741041650246997,-37.10211917552981,3,0.75,0_75_p3_h1_3_6_12_s0_75,0.75,False,False,highs
equal_share,12,141.60247457560214,220.8819151237607,79.27944054815856,6,244,0.7280612301988748,0.005098399953567423,0.01770277761655355,-12.863283601944772,3,0.75,0_75_p3_h1_3_6_12_s0_75,0.75,False,False,highs
equal_share,13,127.37845229432747,198.16480710837237,70.7863548140449,3,225,0.9982905410480238,0.004682800092268735,0.016259722542599775,-27.087305883219443,3,0.75,0_75_p3_h1_3_6_12_s0_75,0.75,False,False,highs
equal_share,14,142.31342298928735,226.79518307907566,84.48176008978831,12,244,0.8030984162099782,0.004515299995546229,0.015678124984535517,-12.15233518825957,3,0.75,0_75_p3_h1_3_6_12_s0_75,0.75,False,False,highs
equal_share,15,138.30158534426732,208.00642939343948,69.70484404917215,4,226,0.9974141575247201,0.004408400011016056,0.015306944482694639,-16.164172833279594,3,0.75,0_75_p3_h1_3_6_12_s0_75,0.75,False,False,highs
equal_share,16,113.92098860931077,181.72667048699904,67.80568187768827,4,231,0.9967470827509537,0.004260800080373883,0.014794444723520428,-40.54476956823615,3,0.75,0_75_p3_h1_3_6_12_s0_75,0.75,False,False,highs
equal_share,17,138.4284102503482,239.01556451459842,100.58715426425022,8,234,0.8222297344216317,0.004591499920934439,0.015942708058800135,-16.03734792719871,3,0.75,0_75_p3_h1_3_6_12_s0_75,0.75,False,False,highs
equal_share,18,181.30614363673297,239.89317449637375,58.58703085964078,9,234,0.9173485516139731,0.0048086998431244865,0.016696874455293356,26.840385459186052,3,0.75,0_75_p3_h1_3_6_12_s0_75,0.75,False,False,highs
equal_share,19,119.58123416988316,190.2712156333082,70.68998146342504,7,200,0.998122286739428,0.004923800050164573,0.017096527951960323,-34.88452400766376,3,0.75,0_75_p3_h1_3_6_12_s0_75,0.75,False,False,highs
equal_share,20,127.79038169558754,177.0174483338467,49.22706663825915,6,242,0.794673536035874,0.00474040002154652,0.01645972229703653,-26.675376481959375,3,0.75,0_75_p3_h1_3_6_12_s0_75,0.75,False,False,highs
equal_share,21,112.96922905040796,197.2181425787619,84.24891352835394,8,237,0.9464289689544213,0.004384399973787367,0.015223611020095026,-41.496529127138956,3,0.75,0_75_p3_h1_3_6_12_s0_75,0.75,False,False,highs
equal_share,22,85.04294833176763,120.93840873241425,35.89546040064661,2,247,0.0,0.004683100109104998,0.01626076426772569,-69.42280984577928,3,0.75,0_75_p3_h1_3_6_12_s0_75,0.75,False,False,highs
equal_share,23,100.10964985773484,151.56562340512914,51.455973547394315,3,247,0.733155195611253,0.004492900072364137,0.015600347473486586,-54.35610831981208,3,0.75,0_75_p3_h1_3_6_12_s0_75,0.75,False,False,highs
equal_share,24,82.84171523541241,129.47847068070203,46.63675544528963,3,243,0.45049000934757205,0.0031487000960623845,0.010932986444661057,-71.62404294213451,3,0.75,0_75_p3_h1_3_6_12_s0_75,0.75,False,False,highs
equal_share,25,92.39938872258433,182.54552174657584,90.14613302399151,4,247,0.9967111923405211,0.0027002001006621867,0.009375694793965926,-62.06636945496258,3,0.75,0_75_p3_h1_3_6_12_s0_75,0.75,False,False,highs
equal_share,26,132.7920479822165,211.12109251916408,78.32904453694759,6,213,0.9968188791581767,0.0022124999813968316,0.007682291602072332,-21.673710195330415,3,0.75,0_75_p3_h1_3_6_12_s0_75,0.75,False,False,highs
equal_share,27,106.51680449449094,138.7461969450256,32.22939245053464,2,263,0.9957728048252564,0.0021612999553326517,0.007504513733793929,-47.948953683055976,3,0.75,0_75_p3_h1_3_6_12_s0_75,0.75,False,False,highs
equal_share,28,115.60689697872066,198.44620795845987,82.83931097973921,6,254,0.9950110348055351,0.002359800026169978,0.00819375009086798,-38.85886119882626,3,0.75,0_75_p3_h1_3_6_12_s0_75,0.75,False,False,highs
equal_share,29,111.67203352129407,180.41484313736223,68.74280961606816,5,242,0.9963589204065066,0.002309799936483614,0.008020138668345882,-42.79372465625285,3,0.75,0_75_p3_h1_3_6_12_s0_75,0.75,False,False,highs
max_charge,0,155.13662298520399,242.0687499999999,86.93212701479591,12,221,0.9118603729394342,0.0009982999472413212,0.0034663192612545877,0.6708648076570682,3,0.75,0_75_p3_h1_3_6_12_s0_75,0.75,False,False,highs
max_charge,1,157.21305799335232,241.2687499999999,84.05569200664756,7,225,0.8691192438862833,0.0009901999874273315,0.0034381944007893456,2.7472998158054054,3,0.75,0_75_p3_h1_3_6_12_s0_75,0.75,False,False,highs
max_charge,2,160.49191370358062,242.1124999999999,81.62058629641928,6,235,0.9967316869434796,0.0012668999406741932,0.004398958127340948,6.026155526033705,3,0.75,0_75_p3_h1_3_6_12_s0_75,0.75,False,False,highs
max_charge,3,154.89651914338265,241.2249999999999,86.32848085661726,9,224,0.9989341703663053,0.000964500053669326,0.00334895851968516,0.43076096583573076,3,0.75,0_75_p3_h1_3_6_12_s0_75,0.75,False,False,highs
max_charge,4,149.7873824425041,242.15624999999991,92.3688675574958,8,231,0.9980161990099758,0.001001899887342006,0.003478819053270854,-4.678375735042806,3,0.75,0_75_p3_h1_3_6_12_s0_75,0.75,False,False,highs
max_charge,5,158.89284214998278,239.5812499999999,80.68840785001711,9,245,0.9982623018400633,0.0009735000203363597,0.0033802084039456937,4.427083972435867,3,0.75,0_75_p3_h1_3_6_12_s0_75,0.75,False,False,highs
max_charge,6,151.35349939887715,241.09374999999991,89.74025060112275,6,273,0.9969628963758547,0.001001200231257826,0.0034763896918674517,-3.1122587786697693,3,0.75,0_75_p3_h1_3_6_12_s0_75,0.75,False,False,highs
max_charge,7,174.1285010017454,240.46874999999991,66.34024899825451,9,218,0.6567337023809282,0.0009574000723659992,0.003324305806826386,19.66274282419849,3,0.75,0_75_p3_h1_3_6_12_s0_75,0.75,False,False,highs
max_charge,8,161.54194038659327,241.1374999999999,79.59555961340664,7,239,0.9736316437807876,0.0009646001708460972,0.0033493061487711705,7.076182209046351,3,0.75,0_75_p3_h1_3_6_12_s0_75,0.75,False,False,highs
max_charge,9,140.38242092852784,241.2687499999999,100.88632907147206,8,259,0.9372334397529081,0.0009624998056096956,0.003342013213922554,-14.083337249019081,3,0.75,0_75_p3_h1_3_6_12_s0_75,0.75,False,False,highs
max_charge,10,128.92439581851158,242.0687499999999,113.14435418148832,9,229,0.6602371159375615,0.0009682000818429515,0.0033618058397324705,-25.541362359035332,3,0.75,0_75_p3_h1_3_6_12_s0_75,0.75,False,False,highs
max_charge,11,153.86394772628938,241.8499999999999,87.98605227371054,8,206,0.9926786947114994,0.0009677999914856628,0.0033604166371029955,-0.6018104512575349,3,0.75,0_75_p3_h1_3_6_12_s0_75,0.75,False,False,highs
max_charge,12,154.6418290391564,242.02499999999992,87.38317096084353,7,243,0.7280612301988748,0.0009868999186437577,0.0034267358286241586,0.1760708616094746,3,0.75,0_75_p3_h1_3_6_12_s0_75,0.75,False,False,highs
max_charge,13,155.98502421627435,242.1124999999999,86.12747578372554,7,221,0.5904989818913529,0.0009844000887824222,0.003418055863827855,1.5192660387274373,3,0.75,0_75_p3_h1_3_6_12_s0_75,0.75,False,False,highs
max_charge,14,152.04197295953827,242.02499999999992,89.98302704046166,13,243,0.8030984162099782,0.0010317000123905018,0.0035822917096892423,-2.4237852180086463,3,0.75,0_75_p3_h1_3_6_12_s0_75,0.75,False,False,highs
max_charge,15,158.93162956461305,241.31249999999991,82.38087043538687,7,223,0.9977829033762877,0.0009819999831961468,0.0034097221638755095,4.46587138706613,3,0.75,0_75_p3_h1_3_6_12_s0_75,0.75,False,False,highs
max_charge,16,151.1354061308006,242.0687499999999,90.93334386919932,9,226,0.8215945727859278,0.0013085998798487708,0.004543749582808232,-3.3303520467463272,3,0.75,0_75_p3_h1_3_6_12_s0_75,0.75,False,False,highs
max_charge,17,139.0516667972008,240.11874999999992,101.06708320279913,8,234,0.8222297344216317,0.001171700088889338,0.004068403086421313,-15.414091380346122,3,0.75,0_75_p3_h1_3_6_12_s0_75,0.75,False,False,highs
max_charge,18,182.27227279730135,241.18124999999992,58.90897720269857,9,234,0.9173485516139731,0.0009848001500358805,0.003419444965402363,27.806514619754438,3,0.75,0_75_p3_h1_3_6_12_s0_75,0.75,False,False,highs
max_charge,19,150.6050590336322,240.2062499999999,89.6011909663677,9,198,0.998122286739428,0.0009692002349765971,0.0033652785936687402,-3.8606991439147293,3,0.75,0_75_p3_h1_3_6_12_s0_75,0.75,False,False,highs
max_charge,20,172.64699454195792,239.49374999999992,66.846755458042,11,237,0.875540820624616,0.0009837000106927007,0.0034156250371274333,18.181236364411006,3,0.75,0_75_p3_h1_3_6_12_s0_75,0.75,False,False,highs
max_charge,21,136.538022134453,238.78124999999991,102.24322786554691,10,235,0.9456450073071622,0.0012551999534480274,0.0043583331716945395,-17.927736043093915,3,0.75,0_75_p3_h1_3_6_12_s0_75,0.75,False,False,highs
max_charge,22,173.7109581716358,242.15624999999991,68.4452918283641,11,238,0.9982817409673239,0.0010124999680556357,0.0035156248890820686,19.245199994088892,3,0.75,0_75_p3_h1_3_6_12_s0_75,0.75,False,False,highs
max_charge,23,158.66384650021786,240.46874999999991,81.80490349978206,7,244,0.8660128885234655,0.00097800005460158,0.0033958335229221526,4.198088322670941,3,0.75,0_75_p3_h1_3_6_12_s0_75,0.75,False,False,highs
max_charge,24,154.1770254897574,241.9812499999999,87.8042245102425,11,235,0.889072081432072,0.0010152999020647258,0.0035253468821691866,-0.2887326877895191,3,0.75,0_75_p3_h1_3_6_12_s0_75,0.75,False,False,highs
max_charge,25,121.10321500897402,242.1124999999999,121.00928499102588,7,244,0.9972127799195988,0.0009694999607745558,0.0033663193082449855,-33.3625431685729,3,0.75,0_75_p3_h1_3_6_12_s0_75,0.75,False,False,highs
max_charge,26,152.1629329107701,242.0687499999999,89.90581708922979,8,211,0.9969981702011183,0.0009960000461433083,0.0034583334935531537,-2.302825266776807,3,0.75,0_75_p3_h1_3_6_12_s0_75,0.75,False,False,highs
max_charge,27,184.5388680924971,242.1124999999999,57.573631907502794,10,255,0.9957728048252564,0.0009662000520620495,0.0033548612918821163,30.07310991495018,3,0.75,0_75_p3_h1_3_6_12_s0_75,0.75,False,False,highs
max_charge,28,140.77536616002513,241.2687499999999,100.49338383997477,7,253,0.9950110348055351,0.001049299884471111,0.003643402376635802,-13.690392017521788,3,0.75,0_75_p3_h1_3_6_12_s0_75,0.75,False,False,highs
max_charge,29,148.37761209905142,240.3812499999999,92.00363790094849,8,239,0.8287147057275025,0.0009671001607785001,0.003357986669369792,-6.088146078495498,3,0.75,0_75_p3_h1_3_6_12_s0_75,0.75,False,False,highs
random,0,148.78068648839312,232.161562272774,83.38087578438089,8,225,0.998644613686003,0.009262500025215559,0.03216145842088736,-5.685071689153801,3,0.75,0_75_p3_h1_3_6_12_s0_75,0.75,False,False,highs
random,1,148.92630962213875,228.59769630992386,79.67138668778512,7,225,0.8054901033431074,0.008728600078029558,0.030307639159824856,-5.539448555408171,3,0.75,0_75_p3_h1_3_6_12_s0_75,0.75,False,False,highs
random,2,150.47682816799662,226.9431125007362,76.46628433273958,3,238,0.9990069094534333,0.00896900006046053,0.031142361321043508,-3.9889300095503017,3,0.75,0_75_p3_h1_3_6_12_s0_75,0.75,False,False,highs
random,3,146.96401747889163,229.0349337547326,82.07091627584097,9,224,0.9953036472482509,0.008723100123461336,0.03028854209535186,-7.501740698655283,3,0.75,0_75_p3_h1_3_6_12_s0_75,0.75,False,False,highs
random,4,142.34558060734236,230.03642063960223,87.69084003225986,5,234,0.9988305832319542,0.008613700018031523,0.02990868061816501,-12.12017757020456,3,0.75,0_75_p3_h1_3_6_12_s0_75,0.75,False,False,highs
random,5,150.43494277394672,226.7833501053039,76.34840733135718,8,246,0.9980124207930148,0.008118200057651848,0.02818819464462447,-4.030815403600201,3,0.75,0_75_p3_h1_3_6_12_s0_75,0.75,False,False,highs
random,6,142.8206284932645,227.52275156892333,84.70212307565883,4,275,0.9987323498756734,0.008355400146683678,0.02901180606487388,-11.64512968428241,3,0.75,0_75_p3_h1_3_6_12_s0_75,0.75,False,False,highs
random,7,161.58395130099927,223.14876438850376,61.564813087504504,7,220,0.997558749081975,0.008561599897802807,0.029727777422926413,7.118193123452357,3,0.75,0_75_p3_h1_3_6_12_s0_75,0.75,False,False,highs
random,8,152.5025710664009,227.63578666903115,75.13321560263026,7,239,0.9978444663103652,0.008258000103523955,0.028673611470569287,-1.963187111146027,3,0.75,0_75_p3_h1_3_6_12_s0_75,0.75,False,False,highs
random,9,134.19482688902895,230.63129645156562,96.43646956253669,7,260,0.9325558579017494,0.009019100034493022,0.03131631956421188,-20.27093128851797,3,0.75,0_75_p3_h1_3_6_12_s0_75,0.75,False,False,highs
random,10,123.58295601885982,231.87420292184788,108.29124690298806,9,229,0.9952926532672176,0.009046599865541793,0.03141180508868678,-30.8828021586871,3,0.75,0_75_p3_h1_3_6_12_s0_75,0.75,False,False,highs
random,11,145.1222526135682,228.0922534659318,82.97000085236358,9,205,0.7140966505083606,0.008498899987898767,0.029510069402426273,-9.34350556397871,3,0.75,0_75_p3_h1_3_6_12_s0_75,0.75,False,False,highs
random,12,145.96992856263063,228.60140407375764,82.63147551112702,9,241,0.9358803818147803,0.008225000172387809,0.02855902837634656,-8.495829614916289,3,0.75,0_75_p3_h1_3_6_12_s0_75,0.75,False,False,highs
random,13,148.40552562584747,230.29403263091743,81.88850700506997,7,221,0.9972140580344736,0.008603899797890335,0.029874652076008108,-6.060232551699443,3,0.75,0_75_p3_h1_3_6_12_s0_75,0.75,False,False,highs
random,14,146.23659414425322,232.81488435993032,86.57829021567711,11,245,0.9970651388251972,0.008676200057379901,0.030125694643680215,-8.2291640332937,3,0.75,0_75_p3_h1_3_6_12_s0_75,0.75,False,False,highs
random,15,148.24842932895973,225.0359540774848,76.78752474852506,6,224,0.9970870690274223,0.008762800047406927,0.030426389053496275,-6.2173288485871865,3,0.75,0_75_p3_h1_3_6_12_s0_75,0.75,False,False,highs
random,16,146.0624123260228,234.07130543925507,88.00889311323228,7,228,0.9949652161332195,0.008477300070808269,0.02943506969030649,-8.403345851524108,3,0.75,0_75_p3_h1_3_6_12_s0_75,0.75,False,False,highs
random,17,131.27291677278595,227.0177918100182,95.74487503723223,9,232,0.9985369291427747,0.009512999909929931,0.03303124968725671,-23.19284140476097,3,0.75,0_75_p3_h1_3_6_12_s0_75,0.75,False,False,highs
random,18,171.7702080515504,227.2468670259347,55.4766589743843,8,235,0.8987460239332951,0.008722399928956293,0.030286110864431573,17.304449874003495,3,0.75,0_75_p3_h1_3_6_12_s0_75,0.75,False,False,highs
random,19,142.80267330222588,227.66877300027627,84.86609969805039,5,202,0.9969060583301432,0.00861529988469556,0.02991423571074847,-11.663084875321033,3,0.75,0_75_p3_h1_3_6_12_s0_75,0.75,False,False,highs
random,20,162.71929810509218,225.631921582183,62.91262347709081,6,242,0.9979569709816272,0.008956800083979033,0.031100000291593863,8.253539927545262,3,0.75,0_75_p3_h1_3_6_12_s0_75,0.75,False,False,highs
random,21,129.0974490625445,225.47731688853358,96.37986782598908,8,237,0.8629612323661969,0.009213299897965044,0.03199062464571196,-25.368309115002404,3,0.75,0_75_p3_h1_3_6_12_s0_75,0.75,False,False,highs
random,22,166.1034330620406,231.1048326079277,65.00139954588708,14,235,0.8323212279074065,0.009014499970362522,0.031300347119314315,11.637674884493691,3,0.75,0_75_p3_h1_3_6_12_s0_75,0.75,False,False,highs
random,23,151.11552524513274,228.98810213158964,77.87257688645688,8,242,0.8864394003890389,0.008546000201022252,0.029673611809105042,-3.3502329324141726,3,0.75,0_75_p3_h1_3_6_12_s0_75,0.75,False,False,highs
random,24,146.99007398856173,230.64419359798802,83.65411960942629,9,237,0.8127533699496282,0.008459700096864253,0.029373958669667546,-7.475684188985184,3,0.75,0_75_p3_h1_3_6_12_s0_75,0.75,False,False,highs
random,25,114.16062614980602,228.60012621845678,114.43950006865076,6,245,0.9922977217864477,0.00940869988698978,0.032669096829825627,-40.305132027740896,3,0.75,0_75_p3_h1_3_6_12_s0_75,0.75,False,False,highs
random,26,141.4313224299454,225.1967977336751,83.76547530372973,6,213,0.9975416453636601,0.00853169999027159,0.029623958299554134,-13.03443574760152,3,0.75,0_75_p3_h1_3_6_12_s0_75,0.75,False,False,highs
random,27,173.68503322060133,227.93193922356957,54.246906002968245,9,256,0.9959570290889994,0.008729300025152043,0.030310069531777926,19.21927504305441,3,0.75,0_75_p3_h1_3_6_12_s0_75,0.75,False,False,highs
random,28,134.33048178528625,230.37929124584775,96.0488094605615,6,254,0.9971881370347253,0.008670200099004433,0.0301048614548765,-20.135276392260664,3,0.75,0_75_p3_h1_3_6_12_s0_75,0.75,False,False,highs
random,29,141.03811502424907,228.47964942983995,87.44153440559089,7,240,0.9976228798630329,0.008826799923554063,0.03064861084567383,-13.42764315329785,3,0.75,0_75_p3_h1_3_6_12_s0_75,0.75,False,False,highs
milp_h1,0,309.0893416305383,482.275,173.1856583694617,12,218,0.8545662654228252,3.2892725000856444,11.421085069741821,1.302507979207519,6,0.75,0_75_p6_h1_3_6_12_s0_75,0.75,False,False,highs
milp_h1,1,313.80938299000263,481.56249999999994,167.75311700999734,14,215,0.9984388317383187,3.519047600129852,12.218915278228653,6.022549338671865,6,0.75,0_75_p6_h1_3_6_12_s0_75,0.75,False,False,highs
milp_h1,2,320.1653614292542,482.98749999999995,162.82213857074578,14,224,0.9858824081810093,3.37756929997704,11.727671180475832,12.37852777792341,6,0.75,0_75_p6_h1_3_6_12_s0_75,0.75,False,False,highs
milp_h1,3,308.7046232824524,480.7625,172.05787671754757,18,213,0.9790939699214489,3.388303700077813,11.764943403047962,0.91778963112165,6,0.75,0_75_p6_h1_3_6_12_s0_75,0.75,False,False,highs
milp_h1,4,299.40798988342283,484.04999999999995,184.64201011657713,15,221,0.8338601655549072,3.307830200123135,11.48552152820533,-8.378843767907938,6,0.75,0_75_p6_h1_3_6_12_s0_75,0.75,False,False,highs
milp_h1,5,317.2206781208515,478.275,161.05432187914846,15,236,0.7390756460118274,3.239606200135313,11.248632639358725,9.43384446952075,6,0.75,0_75_p6_h1_3_6_12_s0_75,0.75,False,False,highs
milp_h1,6,299.8726788163185,477.75,177.87732118368146,17,259,0.951024465137095,3.4123098000709433,11.848297916912998,-7.914154835012255,6,0.75,0_75_p6_h1_3_6_12_s0_75,0.75,False,False,highs
milp_h1,7,348.1394183362524,480.7625,132.6230816637476,14,210,0.9991695227377593,3.2312124998134095,11.219487846574339,40.352584684921624,6,0.75,0_75_p6_h1_3_6_12_s0_75,0.75,False,False,highs
milp_h1,8,321.01100242584937,478.98749999999995,157.97649757415056,15,228,0.9044845670846642,3.2951069000700954,11.441343403021165,13.224168774518603,6,0.75,0_75_p6_h1_3_6_12_s0_75,0.75,False,False,highs
milp_h1,9,280.26894853760797,481.73749999999995,201.46855146239199,22,242,0.868672577131201,3.2967842994548846,11.447167706440572,-27.517885113722798,6,0.75,0_75_p6_h1_3_6_12_s0_75,0.75,False,False,highs
milp_h1,10,256.76407162944474,482.2749999999999,225.5109283705552,14,221,0.8641279135711515,3.307540400302969,11.484515278829754,-51.022762021886024,6,0.75,0_75_p6_h1_3_6_12_s0_75,0.75,False,False,highs
milp_h1,11,304.2319788202643,478.01249999999993,173.78052117973564,14,197,0.8884717119390204,3.311714899900835,11.499010069100121,-3.55485483106645,6,0.75,0_75_p6_h1_3_6_12_s0_75,0.75,False,False,highs
milp_h1,12,307.5294994011521,481.47499999999997,173.94550059884784,15,234,0.8632259197859544,3.262844799872255,11.329322221778662,-0.2573342501786442,6,0.75,0_75_p6_h1_3_6_12_s0_75,0.75,False,False,highs
milp_h1,13,311.3524314363797,483.24999999999994,171.89756856362024,17,208,0.8014092440901988,3.292918000399368,11.43374305694225,3.565597785048908,6,0.75,0_75_p6_h1_3_6_12_s0_75,0.75,False,False,highs
milp_h1,14,303.57815024256706,483.24999999999994,179.6718497574329,16,237,0.9712972219978632,3.270410200493643,11.35559097393626,-4.208683408763704,6,0.75,0_75_p6_h1_3_6_12_s0_75,0.75,False,False,highs
milp_h1,15,317.8000164625545,482.53749999999997,164.73748353744546,17,210,0.8983717966299397,3.2313785003498197,11.220064237325763,10.013182811223714,6,0.75,0_75_p6_h1_3_6_12_s0_75,0.75,False,False,highs
milp_h1,16,301.24642827163143,482.53749999999997,181.29107172836856,11,221,0.891751865685884,3.3752001004468184,11.71944479321812,-6.540405379699337,6,0.75,0_75_p6_h1_3_6_12_s0_75,0.75,False,False,highs
milp_h1,17,274.03660284082093,473.8375,199.80089715917902,14,224,0.8954662189417592,3.2570232999278232,11.309108680304941,-33.750230810509834,6,0.75,0_75_p6_h1_3_6_12_s0_75,0.75,False,False,highs
milp_h1,18,362.63112741460395,479.87499999999994,117.24387258539596,18,222,0.7977059203365043,3.216714799782494,11.169148610355883,54.844293763273186,6,0.75,0_75_p6_h1_3_6_12_s0_75,0.75,False,False,highs
milp_h1,19,298.76759308576584,476.49999999999994,177.73240691423413,11,193,0.8223614381402958,3.2177002000971697,11.172570139226284,-9.019240565564928,6,0.75,0_75_p6_h1_3_6_12_s0_75,0.75,False,False,highs
milp_h1,20,343.62842106595633,476.5875,132.95907893404362,21,224,0.9100969763488677,3.392001000174787,11.7777812506069,35.841587414625565,6,0.75,0_75_p6_h1_3_6_12_s0_75,0.75,False,False,highs
milp_h1,21,273.02412876784797,477.47499999999997,204.45087123215197,16,226,0.8916912030500702,3.1854537999315653,11.060603471984601,-34.7627048834828,6,0.75,0_75_p6_h1_3_6_12_s0_75,0.75,False,False,highs
milp_h1,22,347.3656480083863,484.22499999999997,136.8593519916137,17,229,0.9097130652282944,3.253230400121538,11.295938889310897,39.578814357055535,6,0.75,0_75_p6_h1_3_6_12_s0_75,0.75,False,False,highs
milp_h1,23,317.2169226636489,480.76249999999993,163.54557733635104,13,234,0.929788069831154,3.2728526999999303,11.364071874999759,9.430089012318149,6,0.75,0_75_p6_h1_3_6_12_s0_75,0.75,False,False,highs
milp_h1,24,306.82866059988737,481.56249999999994,174.7338394001126,17,226,0.9356417181674755,3.2251183999178465,11.198327777492523,-0.9581730514433957,6,0.75,0_75_p6_h1_3_6_12_s0_75,0.75,False,False,highs
milp_h1,25,241.7210858613253,483.3375,241.61641413867468,12,236,0.8599702314474429,3.4181338000053074,11.868520138907318,-66.06574779000547,6,0.75,0_75_p6_h1_3_6_12_s0_75,0.75,False,False,highs
milp_h1,26,303.23281582593916,482.45,179.2171841740608,12,204,0.9985835257623649,3.2735613000695594,11.366532291908193,-4.554017825391611,6,0.75,0_75_p6_h1_3_6_12_s0_75,0.75,False,False,highs
milp_h1,27,368.46448818643887,483.42499999999995,114.96051181356111,16,247,0.9092366428418973,3.2380019001138862,11.243062153173216,60.677654535108104,6,0.75,0_75_p6_h1_3_6_12_s0_75,0.75,False,False,highs
milp_h1,28,280.80861181418095,481.2999999999999,200.49138818581898,16,241,0.9645461092328672,3.2621135999215767,11.32678333306103,-26.978221837149817,6,0.75,0_75_p6_h1_3_6_12_s0_75,0.75,False,False,highs
milp_h1,29,295.6869016885757,479.07499999999993,183.38809831142424,15,229,0.8517268412918128,3.204663999960758,11.127305555419298,-12.099931962755079,6,0.75,0_75_p6_h1_3_6_12_s0_75,0.75,False,False,highs
milp_h3,0,309.08934163053823,482.27499999999986,173.18565836946166,9,221,0.6677338664324404,7.579214199708076,26.3167159712086,1.302507979207462,6,0.75,0_75_p6_h1_3_6_12_s0_75,0.75,False,False,highs
milp_h3,1,313.8093829900025,481.5624999999999,167.75311700999734,9,220,0.9950686281058878,7.883126600034302,27.371967361230215,6.022549338671752,6,0.75,0_75_p6_h1_3_6_12_s0_75,0.75,False,False,highs
milp_h3,2,320.1653614292542,482.9874999999999,162.82213857074575,13,225,0.8995708166029938,6.9280335997464135,24.055672221341712,12.37852777792341,6,0.75,0_75_p6_h1_3_6_12_s0_75,0.75,False,False,highs
milp_h3,3,308.7046232824523,480.7624999999999,172.05787671754754,10,220,0.99621690973603,7.463753100280883,25.915809375975286,0.9177896311215363,6,0.75,0_75_p6_h1_3_6_12_s0_75,0.75,False,False,highs
milp_h3,4,299.4079898834228,484.0499999999999,184.64201011657713,11,227,0.9974421950106572,5.177111399709247,17.97608124899044,-8.378843767907995,6,0.75,0_75_p6_h1_3_6_12_s0_75,0.75,False,False,highs
milp_h3,5,317.22067812085146,478.2749999999999,161.05432187914846,10,241,0.6979511988943212,6.766623200150207,23.495219444965997,9.433844469520693,6,0.75,0_75_p6_h1_3_6_12_s0_75,0.75,False,False,highs
milp_h3,6,299.8726788163184,477.7499999999999,177.87732118368146,7,269,0.9975706094416087,7.020642500050599,24.377230902953468,-7.9141548350123685,6,0.75,0_75_p6_h1_3_6_12_s0_75,0.75,False,False,highs
milp_h3,7,348.1394183362523,480.7624999999999,132.6230816637476,8,216,0.9988265950394846,7.0930875996127725,24.62877638754435,40.35258468492151,6,0.75,0_75_p6_h1_3_6_12_s0_75,0.75,False,False,highs
milp_h3,8,321.01100242584937,478.9874999999999,157.97649757415053,9,235,0.9989362893953865,5.23247909967904,18.168330207218887,13.224168774518603,6,0.75,0_75_p6_h1_3_6_12_s0_75,0.75,False,False,highs
milp_h3,9,280.2689485376079,481.7374999999999,201.46855146239196,15,249,0.8243821296149326,7.293970299942885,25.32628576369057,-27.517885113722855,6,0.75,0_75_p6_h1_3_6_12_s0_75,0.75,False,False,highs
milp_h3,10,256.7640716294447,482.27499999999986,225.51092837055518,15,220,0.8921484057003536,6.718097000208218,23.326725695167422,-51.02276202188608,6,0.75,0_75_p6_h1_3_6_12_s0_75,0.75,False,False,highs
milp_h3,11,304.23197882026426,478.0124999999999,173.78052117973562,12,200,0.8178044712033782,7.630982400296489,26.49646666769614,-3.554854831066507,6,0.75,0_75_p6_h1_3_6_12_s0_75,0.75,False,False,highs
milp_h3,12,307.52949940115207,481.4749999999999,173.94550059884784,9,238,0.6271066762435782,7.887108399969293,27.385793055448932,-0.25733425017870104,6,0.75,0_75_p6_h1_3_6_12_s0_75,0.75,False,False,highs
milp_h3,13,311.3524314363797,483.2499999999999,171.8975685636202,11,214,0.7107010712319641,7.826709200249752,27.176073611978307,3.565597785048908,6,0.75,0_75_p6_h1_3_6_12_s0_75,0.75,False,False,highs
milp_h3,14,303.578150242567,483.2499999999999,179.67184975743288,13,240,0.9962045408120135,6.663794399937615,23.138174999783384,-4.208683408763761,6,0.75,0_75_p6_h1_3_6_12_s0_75,0.75,False,False,highs
milp_h3,15,317.8000164625545,482.5374999999999,164.73748353744543,11,216,0.9971635595203582,7.298441799968714,25.341811805446923,10.013182811223714,6,0.75,0_75_p6_h1_3_6_12_s0_75,0.75,False,False,highs
milp_h3,16,301.2464282716313,482.5374999999999,181.29107172836856,8,225,0.9970189149718298,5.750937800388783,19.96853402912772,-6.54040537969945,6,0.75,0_75_p6_h1_3_6_12_s0_75,0.75,False,False,highs
milp_h3,17,274.03660284082093,473.8374999999999,199.80089715917902,9,229,0.8952462457035779,6.868886399897747,23.850299999644953,-33.750230810509834,6,0.75,0_75_p6_h1_3_6_12_s0_75,0.75,False,False,highs
milp_h3,18,362.63112741460395,479.8749999999999,117.24387258539595,9,231,0.9512685628945208,7.760144099971512,26.94494479156775,54.844293763273186,6,0.75,0_75_p6_h1_3_6_12_s0_75,0.75,False,False,highs
milp_h3,19,298.7675930857657,476.4999999999999,177.73240691423413,9,195,0.821600584284632,6.370294100226602,22.119076736897924,-9.019240565565042,6,0.75,0_75_p6_h1_3_6_12_s0_75,0.75,False,False,highs
milp_h3,20,343.62842106595633,476.5874999999999,132.95907893404362,9,236,0.9974109266585113,7.06055039993953,24.515799999790033,35.841587414625565,6,0.75,0_75_p6_h1_3_6_12_s0_75,0.75,False,False,highs
milp_h3,21,273.02412876784797,477.4749999999999,204.45087123215194,15,228,0.7632120838022575,5.413617399841314,18.797282638337897,-34.7627048834828,6,0.75,0_75_p6_h1_3_6_12_s0_75,0.75,False,False,highs
milp_h3,22,347.3656480083862,484.2249999999999,136.8593519916137,16,230,0.997221398877123,4.818302499887068,16.730217013496762,39.57881435705542,6,0.75,0_75_p6_h1_3_6_12_s0_75,0.75,False,False,highs
milp_h3,23,317.2169226636488,480.7624999999999,163.54557733635104,14,233,0.8455038482895834,6.826322299806634,23.702507985439702,9.430089012318035,6,0.75,0_75_p6_h1_3_6_12_s0_75,0.75,False,False,highs
milp_h3,24,306.8286605998873,481.5624999999999,174.73383940011257,12,231,0.917370313329609,7.636846899986267,26.516829513841206,-0.9581730514434526,6,0.75,0_75_p6_h1_3_6_12_s0_75,0.75,False,False,highs
milp_h3,25,241.72108586132524,483.3374999999999,241.61641413867468,7,241,0.997033815791659,6.756621299806284,23.460490624327374,-66.06574779000553,6,0.75,0_75_p6_h1_3_6_12_s0_75,0.75,False,False,highs
milp_h3,26,303.2328158259391,482.4499999999999,179.21718417406078,9,207,0.9974728668179673,7.300351699930616,25.34844340253686,-4.554017825391668,6,0.75,0_75_p6_h1_3_6_12_s0_75,0.75,False,False,highs
milp_h3,27,368.4644881864388,483.4249999999999,114.9605118135611,13,249,0.9973325570726955,7.543025200080592,26.191059722502057,60.67765453510805,6,0.75,0_75_p6_h1_3_6_12_s0_75,0.75,False,False,highs
milp_h3,28,280.80861181418095,481.2999999999999,200.49138818581895,12,245,0.9774015845871797,7.08559820021037,24.602771528508228,-26.978221837149817,6,0.75,0_75_p6_h1_3_6_12_s0_75,0.75,False,False,highs
milp_h3,29,295.68690168857563,479.0749999999999,183.38809831142422,8,236,0.9970039708814404,7.781460500205867,27.01896007015926,-12.099931962755136,6,0.75,0_75_p6_h1_3_6_12_s0_75,0.75,False,False,highs
milp_h6,0,309.08934163053823,482.27499999999986,173.18565836946166,9,221,0.6677338664324404,10.39275150015601,36.08594270887503,1.302507979207462,6,0.75,0_75_p6_h1_3_6_12_s0_75,0.75,False,False,highs
milp_h6,1,313.8093829900025,481.5624999999999,167.75311700999734,9,220,0.9952104547875299,10.670390299987048,37.04996631939947,6.022549338671752,6,0.75,0_75_p6_h1_3_6_12_s0_75,0.75,False,False,highs
milp_h6,2,320.1653614292542,482.9874999999999,162.82213857074575,12,226,0.997479871837471,9.487960400118027,32.94430694485426,12.37852777792341,6,0.75,0_75_p6_h1_3_6_12_s0_75,0.75,False,False,highs
milp_h6,3,308.7046232824523,480.7624999999999,172.05787671754754,11,219,0.9963485416360255,9.500469399761641,32.98774097139459,0.9177896311215363,6,0.75,0_75_p6_h1_3_6_12_s0_75,0.75,False,False,highs
milp_h6,4,299.4079898834228,484.0499999999999,184.64201011657713,11,227,0.9974421950106572,7.34630100033246,25.507989584487706,-8.378843767907995,6,0.75,0_75_p6_h1_3_6_12_s0_75,0.75,False,False,highs
milp_h6,5,317.22067812085146,478.2749999999999,161.05432187914846,10,241,0.6979511988943212,9.35693639999954,32.48936249999841,9.433844469520693,6,0.75,0_75_p6_h1_3_6_12_s0_75,0.75,False,False,highs
milp_h6,6,299.8726788163184,477.7499999999999,177.87732118368146,7,269,0.9975706094416087,9.50894479980343,33.01716944376191,-7.9141548350123685,6,0.75,0_75_p6_h1_3_6_12_s0_75,0.75,False,False,highs
milp_h6,7,348.1394183362523,480.7624999999999,132.6230816637476,8,216,0.9988265950394846,9.840891899977578,34.169763541588814,40.35258468492151,6,0.75,0_75_p6_h1_3_6_12_s0_75,0.75,False,False,highs
milp_h6,8,321.01100242584937,478.9874999999999,157.97649757415053,9,235,0.9989362893953865,7.050271299987799,24.48010868051319,13.224168774518603,6,0.75,0_75_p6_h1_3_6_12_s0_75,0.75,False,False,highs
milp_h6,9,280.2689485376079,481.7374999999999,201.46855146239196,15,249,0.8243821296149326,10.086876999848755,35.02387847169707,-27.517885113722855,6,0.75,0_75_p6_h1_3_6_12_s0_75,0.75,False,False,highs
milp_h6,10,256.7640716294447,482.27499999999986,225.51092837055518,15,220,0.8917929038137968,9.412684200011427,32.68293125003967,-51.02276202188608,6,0.75,0_75_p6_h1_3_6_12_s0_75,0.75,False,False,highs
milp_h6,11,304.23197882026426,478.0124999999999,173.78052117973562,12,200,0.7912675602283882,10.179821599915158,35.346602777483184,-3.554854831066507,6,0.75,0_75_p6_h1_3_6_12_s0_75,0.75,False,False,highs
milp_h6,12,307.52949940115207,481.4749999999999,173.94550059884784,9,238,0.6271066762435782,10.822041299950797,37.57653229149582,-0.25733425017870104,6,0.75,0_75_p6_h1_3_6_12_s0_75,0.75,False,False,highs
milp_h6,13,311.3524314363797,483.2499999999999,171.8975685636202,11,214,0.7107010712319641,10.48161020007683,36.39447986137788,3.565597785048908,6,0.75,0_75_p6_h1_3_6_12_s0_75,0.75,False,False,highs
milp_h6,14,303.578150242567,483.2499999999999,179.67184975743288,13,240,0.9962045408120135,8.973516299360199,31.1580427061118,-4.208683408763761,6,0.75,0_75_p6_h1_3_6_12_s0_75,0.75,False,False,highs
milp_h6,15,317.8000164625545,482.5374999999999,164.73748353744543,13,214,0.9976988394085012,7.161605300294468,24.866685070466904,10.013182811223714,6,0.75,0_75_p6_h1_3_6_12_s0_75,0.75,False,False,highs
milp_h6,16,301.2464282716313,482.5374999999999,181.29107172836856,8,225,0.9970189149718298,7.988234999997076,27.73692708332318,-6.54040537969945,6,0.75,0_75_p6_h1_3_6_12_s0_75,0.75,False,False,highs
milp_h6,17,274.03660284082093,473.8374999999999,199.80089715917902,9,229,0.8952462457035779,9.33862809985294,32.42579201337826,-33.750230810509834,6,0.75,0_75_p6_h1_3_6_12_s0_75,0.75,False,False,highs
milp_h6,18,362.63112741460395,479.8749999999999,117.24387258539595,9,231,0.9512685628945208,10.645707499817945,36.96426215214564,54.844293763273186,6,0.75,0_75_p6_h1_3_6_12_s0_75,0.75,False,False,highs
milp_h6,19,298.7675930857657,476.4999999999999,177.73240691423413,9,195,0.821600584284632,8.528882799640996,29.61417638764235,-9.019240565565042,6,0.75,0_75_p6_h1_3_6_12_s0_75,0.75,False,False,highs
milp_h6,20,343.62842106595633,476.5875,132.95907893404362,16,229,0.8484015120257945,6.305661999969743,21.894659722117165,35.841587414625565,6,0.75,0_75_p6_h1_3_6_12_s0_75,0.75,False,False,highs
milp_h6,21,273.02412876784797,477.4749999999999,204.45087123215194,15,228,0.7632120838022575,7.24443180023809,25.154277084160032,-34.7627048834828,6,0.75,0_75_p6_h1_3_6_12_s0_75,0.75,False,False,highs
milp_h6,22,347.3656480083862,484.2249999999999,136.8593519916137,9,237,0.9984775489652531,6.715531699883286,23.31781840237252,39.57881435705542,6,0.75,0_75_p6_h1_3_6_12_s0_75,0.75,False,False,highs
milp_h6,23,317.2169226636488,480.7624999999999,163.54557733635104,14,233,0.8455038482895834,9.417730299464893,32.700452428697545,9.430089012318035,6,0.75,0_75_p6_h1_3_6_12_s0_75,0.75,False,False,highs
milp_h6,24,306.8286605998873,481.5624999999999,174.73383940011257,12,231,0.917370313329609,10.548493200010853,36.626712500037684,-0.9581730514434526,6,0.75,0_75_p6_h1_3_6_12_s0_75,0.75,False,False,highs
milp_h6,25,241.72108586132524,483.3374999999999,241.61641413867468,7,241,0.9973340796027146,8.89623580002808,30.88970763898639,-66.06574779000553,6,0.75,0_75_p6_h1_3_6_12_s0_75,0.75,False,False,highs
milp_h6,26,303.23281582593916,482.44999999999993,179.2171841740608,9,208,0.8243855103303488,6.899522400053684,23.9566750001864,-4.554017825391611,6,0.75,0_75_p6_h1_3_6_12_s0_75,0.75,False,False,highs
milp_h6,27,368.4644881864388,483.4249999999999,114.9605118135611,13,249,0.9973325570726955,10.041112499980954,34.8649739582672,60.67765453510805,6,0.75,0_75_p6_h1_3_6_12_s0_75,0.75,False,False,highs
milp_h6,28,280.80861181418095,481.2999999999999,200.49138818581895,12,245,0.9774015971493384,9.613714500097558,33.38095312533874,-26.978221837149817,6,0.75,0_75_p6_h1_3_6_12_s0_75,0.75,False,False,highs
milp_h6,29,295.68690168857563,479.0749999999999,183.38809831142422,8,236,0.9970039708814404,10.392816400097217,36.08616805589312,-12.099931962755136,6,0.75,0_75_p6_h1_3_6_12_s0_75,0.75,False,False,highs
milp_h12,0,309.08934163053823,482.27499999999986,173.18565836946166,9,221,0.6677338664324404,15.884811399882892,55.15559513848226,1.302507979207462,6,0.75,0_75_p6_h1_3_6_12_s0_75,0.75,False,False,highs
milp_h12,1,313.8093829900025,481.5624999999999,167.75311700999734,9,220,0.9384996774795308,16.269631999981357,56.49177777771305,6.022549338671752,6,0.75,0_75_p6_h1_3_6_12_s0_75,0.75,False,False,highs
milp_h12,2,320.1653614292542,482.9874999999999,162.82213857074575,12,226,0.9978895088036411,14.108143200282939,48.98660833431576,12.37852777792341,6,0.75,0_75_p6_h1_3_6_12_s0_75,0.75,False,False,highs
milp_h12,3,308.7046232824523,480.7624999999999,172.05787671754754,12,218,0.9970016928345018,14.642233300284715,50.84108784821082,0.9177896311215363,6,0.75,0_75_p6_h1_3_6_12_s0_75,0.75,False,False,highs
milp_h12,4,299.4079898834228,484.0499999999999,184.64201011657713,12,225,0.9979575375933878,11.018727099755779,38.25946909637423,-8.378843767907995,6,0.75,0_75_p6_h1_3_6_12_s0_75,0.75,False,False,highs
milp_h12,5,317.22067812085146,478.2749999999999,161.05432187914846,12,239,0.8481438000079781,13.48130190023221,46.81007604247296,9.433844469520693,6,0.75,0_75_p6_h1_3_6_12_s0_75,0.75,False,False,highs
milp_h12,6,299.8726788163184,477.7499999999999,177.87732118368146,7,269,0.9975706094416087,14.444662099675043,50.155076734982785,-7.9141548350123685,6,0.75,0_75_p6_h1_3_6_12_s0_75,0.75,False,False,highs
milp_h12,7,348.1394183362523,480.7624999999999,132.6230816637476,9,215,0.9996599391056431,14.604538699844852,50.71020381890574,40.35258468492151,6,0.75,0_75_p6_h1_3_6_12_s0_75,0.75,False,False,highs
milp_h12,8,321.01100242584937,478.9874999999999,157.97649757415053,9,235,0.9989362893953865,10.530811900098342,36.56531909756369,13.224168774518603,6,0.75,0_75_p6_h1_3_6_12_s0_75,0.75,False,False,highs
milp_h12,9,280.2689485376079,481.7374999999999,201.46855146239196,14,250,0.6957346135382587,15.67026090004947,54.41062812517177,-27.517885113722855,6,0.75,0_75_p6_h1_3_6_12_s0_75,0.75,False,False,highs
milp_h12,10,256.7640716294447,482.27499999999986,225.51092837055518,12,223,0.8918823104933485,14.911619699996663,51.77645729165508,-51.02276202188608,6,0.75,0_75_p6_h1_3_6_12_s0_75,0.75,False,False,highs
milp_h12,11,304.23197882026426,478.0124999999999,173.78052117973562,12,200,0.823058604586115,15.59501970015117,54.14937395885823,-3.554854831066507,6,0.75,0_75_p6_h1_3_6_12_s0_75,0.75,False,False,highs
milp_h12,12,307.52949940115207,481.4749999999999,173.94550059884784,9,238,0.6271066762435782,15.869228099705651,55.10148645731129,-0.25733425017870104,6,0.75,0_75_p6_h1_3_6_12_s0_75,0.75,False,False,highs
milp_h12,13,311.3524314363797,483.2499999999999,171.8975685636202,11,214,0.7114830507756248,16.176161700073862,56.167228125256464,3.565597785048908,6,0.75,0_75_p6_h1_3_6_12_s0_75,0.75,False,False,highs
milp_h12,14,303.57815024256695,483.2499999999999,179.6718497574329,13,240,0.9962045408120135,13.838266300124815,48.04953576432227,-4.208683408763818,6,0.75,0_75_p6_h1_3_6_12_s0_75,0.75,False,False,highs
milp_h12,15,317.8000164625545,482.5374999999999,164.73748353744543,13,214,0.8596857806414859,11.015465999778826,38.24814583256537,10.013182811223714,6,0.75,0_75_p6_h1_3_6_12_s0_75,0.75,False,False,highs
milp_h12,16,301.2464282716313,482.5374999999999,181.29107172836856,8,225,0.9970189149718298,11.916143299487885,41.375497567666265,-6.54040537969945,6,0.75,0_75_p6_h1_3_6_12_s0_75,0.75,False,False,highs
milp_h12,17,274.03660284082093,473.8374999999999,199.80089715917902,9,229,0.8952462457035779,13.785490100446623,47.86628507099522,-33.750230810509834,6,0.75,0_75_p6_h1_3_6_12_s0_75,0.75,False,False,highs
milp_h12,18,362.63112741460395,479.8749999999999,117.24387258539595,10,230,0.7809863052078649,16.272252700320678,56.50087743166902,54.844293763273186,6,0.75,0_75_p6_h1_3_6_12_s0_75,0.75,False,False,highs
milp_h12,19,298.7675930857657,476.4999999999999,177.73240691423413,8,196,0.821600584284632,12.827459499734687,44.53978992963433,-9.019240565565042,6,0.75,0_75_p6_h1_3_6_12_s0_75,0.75,False,False,highs
milp_h12,20,343.6284210659562,476.58749999999986,132.95907893404362,9,236,0.9966594929209904,14.378738200175576,49.926174306165194,35.84158741462545,6,0.75,0_75_p6_h1_3_6_12_s0_75,0.75,False,False,highs
milp_h12,21,273.02412876784797,477.4749999999999,204.45087123215194,13,230,0.8779199765021464,12.275313999853097,42.62261805504548,-34.7627048834828,6,0.75,0_75_p6_h1_3_6_12_s0_75,0.75,False,False,highs
milp_h12,22,347.3656480083862,484.2249999999999,136.8593519916137,10,236,0.9975118781733221,10.28268949961057,35.703782984758924,39.57881435705542,6,0.75,0_75_p6_h1_3_6_12_s0_75,0.75,False,False,highs
milp_h12,23,317.2169226636488,480.7624999999999,163.54557733635104,14,233,0.9123362106825201,13.813266899989685,47.96273229163085,9.430089012318035,6,0.75,0_75_p6_h1_3_6_12_s0_75,0.75,False,False,highs
milp_h12,24,306.8286605998873,481.5624999999999,174.73383940011257,12,231,0.917370313329609,15.570292300079018,54.063514930829925,-0.9581730514434526,6,0.75,0_75_p6_h1_3_6_12_s0_75,0.75,False,False,highs
milp_h12,25,241.72108586132524,483.3374999999999,241.61641413867468,7,241,0.9975604683406848,13.416277800133685,46.58429791713085,-66.06574779000553,6,0.75,0_75_p6_h1_3_6_12_s0_75,0.75,False,False,highs
milp_h12,26,303.2328158259391,482.4499999999999,179.21718417406078,7,210,0.9983064148026632,10.571660299930954,36.707153819204706,-4.554017825391668,6,0.75,0_75_p6_h1_3_6_12_s0_75,0.75,False,False,highs
milp_h12,27,368.4644881864388,483.4249999999999,114.9605118135611,12,251,0.9978126079772468,9.416093999898294,32.69477083298019,60.67765453510805,6,0.75,0_75_p6_h1_3_6_12_s0_75,0.75,False,False,highs
milp_h12,28,280.80861181418095,481.2999999999999,200.49138818581895,10,247,0.9712766430784269,9.970354399818461,34.61928611048077,-26.978221837149817,6,0.75,0_75_p6_h1_3_6_12_s0_75,0.75,False,False,highs
milp_h12,29,295.68690168857563,479.0749999999999,183.38809831142422,8,236,0.9964312334320504,16.055786800046917,55.749259722385126,-12.099931962755136,6,0.75,0_75_p6_h1_3_6_12_s0_75,0.75,False,False,highs
equal_share,0,307.4312129871193,479.7076362308022,172.27642324368293,15,215,0.7488222274435381,0.0027867999742738903,0.009676388799562119,-0.35562066421147165,6,0.75,0_75_p6_h1_3_6_12_s0_75,0.75,False,False,highs
equal_share,1,257.21333635008784,394.88613697019446,137.67280062010664,12,217,0.9976686784216451,0.0027453000948298723,0.009532291995937057,-50.573497301242924,6,0.75,0_75_p6_h1_3_6_12_s0_75,0.75,False,False,highs
equal_share,2,264.6916991704248,399.67038795711153,134.97868878668675,12,226,0.9971408603665506,0.0027468004263937473,0.009537501480533846,-43.09513448090598,6,0.75,0_75_p6_h1_3_6_12_s0_75,0.75,False,False,highs
equal_share,3,269.84977057534724,422.16204399385225,152.31227341850501,12,218,0.9540216566222157,0.002736400259891525,0.009501389791290017,-37.93706307598353,6,0.75,0_75_p6_h1_3_6_12_s0_75,0.75,False,False,highs
equal_share,4,240.15890750837107,387.16046364851115,147.00155614014008,9,227,0.9956613115154018,0.0027429002220742404,0.009523959104424447,-67.6279261429597,6,0.75,0_75_p6_h1_3_6_12_s0_75,0.75,False,False,highs
equal_share,5,281.75657311148734,425.44541694962425,143.68884383813688,17,234,0.8183572022652698,0.0026909002917818725,0.00934340379090928,-26.030260539843425,6,0.75,0_75_p6_h1_3_6_12_s0_75,0.75,False,False,highs
equal_share,6,222.12233229141202,353.4051258794021,131.28279358799006,9,267,0.9978502392475751,0.0026168999611400068,0.009086458198402802,-85.66450135991875,6,0.75,0_75_p6_h1_3_6_12_s0_75,0.75,False,False,highs
equal_share,7,282.9183704963214,390.2878202084326,107.36944971211119,12,212,0.9957000735726963,0.002602300141006708,0.009035764378495514,-24.86846315500935,6,0.75,0_75_p6_h1_3_6_12_s0_75,0.75,False,False,highs
equal_share,8,263.56322050366396,393.3848842282282,129.82166372456427,12,231,0.8866266720362994,0.0027225995727349073,0.009453470738662872,-44.22361314766681,6,0.75,0_75_p6_h1_3_6_12_s0_75,0.75,False,False,highs
equal_share,9,192.74187042191585,327.0814280229977,134.33955760108188,13,251,0.8235564396489822,0.002617299964185804,0.009087847097867375,-115.04496322941492,6,0.75,0_75_p6_h1_3_6_12_s0_75,0.75,False,False,highs
equal_share,10,233.37636148362387,437.9853013572945,204.6089398736706,15,220,0.9094425808541962,0.0025810004444792867,0.008961807098886412,-74.4104721677069,6,0.75,0_75_p6_h1_3_6_12_s0_75,0.75,False,False,highs
equal_share,11,235.51529388591084,368.4072789396456,132.89198505373477,10,201,0.8147317133821813,0.0026809000701177865,0.009308680799020093,-72.27153976541993,6,0.75,0_75_p6_h1_3_6_12_s0_75,0.75,False,False,highs
equal_share,12,241.75249955335295,376.32907045338004,134.5765709000271,13,234,0.832702930498663,0.0027759994263760746,0.009638886897139147,-66.03433409797782,6,0.75,0_75_p6_h1_3_6_12_s0_75,0.75,False,False,highs
equal_share,13,213.0864834528423,330.46114093712043,117.37465748427816,7,218,0.569622585816149,0.0029660999425686896,0.01029895813391906,-94.70035019848848,6,0.75,0_75_p6_h1_3_6_12_s0_75,0.75,False,False,highs
equal_share,14,218.7461549959645,348.40294904047767,129.65679404451316,8,245,0.931877601401434,0.002862099790945649,0.00993784649633906,-89.04067865536626,6,0.75,0_75_p6_h1_3_6_12_s0_75,0.75,False,False,highs
equal_share,15,226.06420613000847,338.80052961120344,112.73632348119496,11,216,0.8182009313878907,0.0027609000680968165,0.009586458569780612,-81.7226275213223,6,0.75,0_75_p6_h1_3_6_12_s0_75,0.75,False,False,highs
equal_share,16,227.61377104229996,363.0302441598008,135.41647311750086,6,226,0.998010151126139,0.0026821001956705004,0.009312847901633682,-80.17306260903081,6,0.75,0_75_p6_h1_3_6_12_s0_75,0.75,False,False,highs
equal_share,17,219.9721213041722,375.911533964571,155.9394126603988,14,224,0.8935871584587908,0.0026369996776338667,0.009156248880673148,-87.81471234715858,6,0.75,0_75_p6_h1_3_6_12_s0_75,0.75,False,False,highs
equal_share,18,292.8695127768373,386.33847489977063,93.46896212293332,14,226,0.772705999532517,0.002652399940416217,0.009209722015334086,-14.917320874493441,6,0.75,0_75_p6_h1_3_6_12_s0_75,0.75,False,False,highs
equal_share,19,272.59323133427324,434.4806543288403,161.88742299456706,14,190,0.8252402544274109,0.0026850001886487007,0.009322917321696877,-35.193602317057525,6,0.75,0_75_p6_h1_3_6_12_s0_75,0.75,False,False,highs
equal_share,20,257.5213958781818,350.85069996106927,93.32930408288746,8,237,0.8179950135446573,0.002600300096673891,0.009028819780117677,-50.26543777314896,6,0.75,0_75_p6_h1_3_6_12_s0_75,0.75,False,False,highs
equal_share,21,194.36915969506558,339.08658397700293,144.71742428193735,11,231,0.9969675699701336,0.002758400107268244,0.009577778150236959,-113.41767395626519,6,0.75,0_75_p6_h1_3_6_12_s0_75,0.75,False,False,highs
equal_share,22,202.3651651548018,281.55421956238024,79.18905440757847,7,239,0.996561060548934,0.002631699841003865,0.009137846670152308,-105.42166849652898,6,0.75,0_75_p6_h1_3_6_12_s0_75,0.75,False,False,highs
equal_share,23,216.44175317199932,329.1693077644351,112.72755459243575,12,235,0.8457491003797604,0.002709200227400288,0.009406945234028777,-91.34508047933144,6,0.75,0_75_p6_h1_3_6_12_s0_75,0.75,False,False,highs
equal_share,24,241.17620248412902,378.8027144346989,137.62651195056986,15,228,0.8678902566459656,0.0026641999429557472,0.009250694246374123,-66.61063116720175,6,0.75,0_75_p6_h1_3_6_12_s0_75,0.75,False,False,highs
equal_share,25,173.58774508362902,345.67889429660886,172.09114921297984,9,239,0.9344430189169366,0.00267549988348037,0.009289930150973506,-134.19908856770175,6,0.75,0_75_p6_h1_3_6_12_s0_75,0.75,False,False,highs
equal_share,26,216.5056966067355,343.9906372031529,127.48494059641739,13,203,0.9439612283694964,0.0027003999857697636,0.009376388839478346,-91.28113704459525,6,0.75,0_75_p6_h1_3_6_12_s0_75,0.75,False,False,highs
equal_share,27,345.7696751553183,453.54387382025664,107.77419866493834,16,246,0.9976990090045291,0.0027430001937318593,0.009524306228235623,37.982841503987515,6,0.75,0_75_p6_h1_3_6_12_s0_75,0.75,False,False,highs
equal_share,28,190.64175268772945,325.7773975643075,135.13564487657803,7,250,0.9646393361263291,0.0027890998171642423,0.009684374365153618,-117.14508096360132,6,0.75,0_75_p6_h1_3_6_12_s0_75,0.75,False,False,highs
equal_share,29,265.50115578595216,428.69883971751835,163.19768393156622,15,229,0.9948855740939365,0.002632800053106621,0.009141666851064656,-42.2856778653786,6,0.75,0_75_p6_h1_3_6_12_s0_75,0.75,False,False,highs
max_charge,0,309.08934163053823,482.27499999999986,173.18565836946166,15,215,0.7488222274435381,0.0010733997914940119,0.0037270826093542078,1.302507979207462,6,0.75,0_75_p6_h1_3_6_12_s0_75,0.75,False,False,highs
max_charge,1,313.8093829900025,481.5624999999999,167.75311700999734,19,211,0.9978384430887162,0.001026499958243221,0.0035642359661222952,6.022549338671752,6,0.75,0_75_p6_h1_3_6_12_s0_75,0.75,False,False,highs
max_charge,2,320.1653614292542,482.9874999999999,162.82213857074575,17,221,0.9971179877092043,0.0010576000204309821,0.0036722222931631324,12.37852777792341,6,0.75,0_75_p6_h1_3_6_12_s0_75,0.75,False,False,highs
max_charge,3,308.7046232824523,480.7624999999999,172.05787671754754,16,214,0.9688060609211963,0.0011079998512286693,0.0038472217056551017,0.9177896311215363,6,0.75,0_75_p6_h1_3_6_12_s0_75,0.75,False,False,highs
max_charge,4,299.4079898834228,484.0499999999999,184.64201011657713,16,220,0.9944781014154667,0.0010757998388726264,0.0037354161071966197,-8.378843767907995,6,0.75,0_75_p6_h1_3_6_12_s0_75,0.75,False,False,highs
max_charge,5,317.2206781208514,478.27499999999986,161.05432187914846,19,232,0.8487030436876183,0.0010213000641670078,0.003546180778357666,9.433844469520636,6,0.75,0_75_p6_h1_3_6_12_s0_75,0.75,False,False,highs
max_charge,6,299.8726788163184,477.7499999999999,177.87732118368146,13,263,0.9982878173117761,0.001064100069925189,0.0036947919094624617,-7.9141548350123685,6,0.75,0_75_p6_h1_3_6_12_s0_75,0.75,False,False,highs
max_charge,7,348.1394183362523,480.7624999999999,132.6230816637476,28,196,0.9389998060752069,0.0010618999658618122,0.0036871526592424037,40.35258468492151,6,0.75,0_75_p6_h1_3_6_12_s0_75,0.75,False,False,highs
max_charge,8,321.01100242584937,478.9874999999999,157.97649757415053,18,225,0.9962660593747773,0.0010320002038497478,0.0035833340411449578,13.224168774518603,6,0.75,0_75_p6_h1_3_6_12_s0_75,0.75,False,False,highs
max_charge,9,280.2689485376079,481.7374999999999,201.46855146239199,23,241,0.83672245127481,0.0011568999325390905,0.00401701365464962,-27.517885113722855,6,0.75,0_75_p6_h1_3_6_12_s0_75,0.75,False,False,highs
max_charge,10,256.76407162944463,482.27499999999986,225.5109283705552,19,216,0.9225854529062676,0.0010560998634900898,0.003667013414896145,-51.02276202188614,6,0.75,0_75_p6_h1_3_6_12_s0_75,0.75,False,False,highs
max_charge,11,304.23197882026426,478.0124999999999,173.78052117973562,17,194,0.8879774806419837,0.00111219979589805,0.0038618048468682296,-3.554854831066507,6,0.75,0_75_p6_h1_3_6_12_s0_75,0.75,False,False,highs
max_charge,12,307.52949940115207,481.4749999999999,173.94550059884784,17,230,0.8633705063936731,0.0010689000773709267,0.0037114586019823845,-0.25733425017870104,6,0.75,0_75_p6_h1_3_6_12_s0_75,0.75,False,False,highs
max_charge,13,311.3524314363797,483.2499999999999,171.8975685636202,20,205,0.84240821536264,0.0010865000658668578,0.003772569673148812,3.565597785048908,6,0.75,0_75_p6_h1_3_6_12_s0_75,0.75,False,False,highs
max_charge,14,303.57815024256695,483.2499999999999,179.6718497574329,20,233,0.8937747376064685,0.0010563999239820987,0.0036680552916045096,-4.208683408763818,6,0.75,0_75_p6_h1_3_6_12_s0_75,0.75,False,False,highs
max_charge,15,317.8000164625545,482.5374999999999,164.73748353744543,21,207,0.886093096481981,0.0010355999693274498,0.003595833226831423,10.013182811223714,6,0.75,0_75_p6_h1_3_6_12_s0_75,0.75,False,False,highs
max_charge,16,301.2464282716313,482.5374999999999,181.29107172836856,14,218,0.8729724575150158,0.0016015997098293155,0.005561110103574012,-6.54040537969945,6,0.75,0_75_p6_h1_3_6_12_s0_75,0.75,False,False,highs
max_charge,17,274.0366028408208,473.83749999999986,199.80089715917902,16,222,0.9334421913418008,0.0011182001908309758,0.003882639551496444,-33.75023081050995,6,0.75,0_75_p6_h1_3_6_12_s0_75,0.75,False,False,highs
max_charge,18,362.63112741460395,479.8749999999999,117.24387258539595,18,222,0.8183027658562162,0.0010472000576555729,0.0036361113113040724,54.844293763273186,6,0.75,0_75_p6_h1_3_6_12_s0_75,0.75,False,False,highs
max_charge,19,298.7675930857657,476.4999999999999,177.73240691423413,16,188,0.8440666212000537,0.0012484998442232609,0.0043350689035529895,-9.019240565565042,6,0.75,0_75_p6_h1_3_6_12_s0_75,0.75,False,False,highs
max_charge,20,343.6284210659562,476.58749999999986,132.95907893404362,20,225,0.9085683231275326,0.001066199882188812,0.003702082924266708,35.84158741462545,6,0.75,0_75_p6_h1_3_6_12_s0_75,0.75,False,False,highs
max_charge,21,273.02412876784797,477.4749999999999,204.45087123215197,21,221,0.9980946997685675,0.001061599818058312,0.003686110479369139,-34.7627048834828,6,0.75,0_75_p6_h1_3_6_12_s0_75,0.75,False,False,highs
max_charge,22,347.3656480083862,484.22499999999985,136.8593519916137,18,228,0.8995842960893847,0.0010568000725470483,0.003669444696343918,39.57881435705542,6,0.75,0_75_p6_h1_3_6_12_s0_75,0.75,False,False,highs
max_charge,23,317.2169226636488,480.7624999999999,163.54557733635104,20,227,0.8711478658422137,0.0010378998995292932,0.0036038190955878235,9.430089012318035,6,0.75,0_75_p6_h1_3_6_12_s0_75,0.75,False,False,highs
max_charge,24,306.82866059988726,481.5624999999999,174.7338394001126,22,221,0.7868753150967611,0.0010514000314287841,0.003650694553572167,-0.9581730514435094,6,0.75,0_75_p6_h1_3_6_12_s0_75,0.75,False,False,highs
max_charge,25,241.72108586132518,483.33749999999986,241.61641413867468,17,231,0.9012332737315694,0.0010404999484308064,0.0036128470431625224,-66.06574779000559,6,0.75,0_75_p6_h1_3_6_12_s0_75,0.75,False,False,highs
max_charge,26,303.2328158259391,482.4499999999999,179.21718417406078,22,194,0.9204537361887266,0.0010136000928469002,0.003519444766829515,-4.554017825391668,6,0.75,0_75_p6_h1_3_6_12_s0_75,0.75,False,False,highs
max_charge,27,368.4644881864388,483.4249999999999,114.9605118135611,18,244,0.9980364866913098,0.0010566999262664467,0.00366909696620294,60.67765453510805,6,0.75,0_75_p6_h1_3_6_12_s0_75,0.75,False,False,highs
max_charge,28,280.80861181418095,481.2999999999999,200.49138818581895,19,238,0.9776688357766393,0.0010861001210287213,0.0037711809757941714,-26.978221837149817,6,0.75,0_75_p6_h1_3_6_12_s0_75,0.75,False,False,highs
max_charge,29,295.68690168857563,479.0749999999999,183.38809831142422,15,229,0.995304117929667,0.0010655999358277768,0.0036999997771797804,-12.099931962755136,6,0.75,0_75_p6_h1_3_6_12_s0_75,0.75,False,False,highs
random,0,300.8752864940854,469.3615260759156,168.4862395818302,15,215,0.8783486909110921,0.010119800048414618,0.03513819461255076,-6.911547157245366,6,0.75,0_75_p6_h1_3_6_12_s0_75,0.75,False,False,highs
random,1,305.7769475799321,469.2386450939761,163.46169751404403,20,209,0.9965504109676762,0.009736999782035127,0.033809027020955305,-2.0098860713986824,6,0.75,0_75_p6_h1_3_6_12_s0_75,0.75,False,False,highs
random,2,311.3466260279188,469.61165117845536,158.2650251505366,17,221,0.8881654665221252,0.010149499838007614,0.03524131888197088,3.559792376588007,6,0.75,0_75_p6_h1_3_6_12_s0_75,0.75,False,False,highs
random,3,301.1230073004118,468.89371232238955,167.7707050219777,18,212,0.8801052635028314,0.010714399861171842,0.03720277729573556,-6.663826350918953,6,0.75,0_75_p6_h1_3_6_12_s0_75,0.75,False,False,highs
random,4,292.4704249522887,472.76190676888086,180.29148181659215,14,222,0.9118458913239784,0.009967400052119046,0.03460902795874669,-15.316408699042086,6,0.75,0_75_p6_h1_3_6_12_s0_75,0.75,False,False,highs
random,5,311.01344888123015,468.9292909459102,157.91584206468008,15,236,0.8390024929153257,0.011194300022907555,0.03886909730176234,3.22661522989938,6,0.75,0_75_p6_h1_3_6_12_s0_75,0.75,False,False,highs
random,6,289.33432503445226,461.1303461674273,171.79602113297503,15,261,0.9982220233286605,0.009922599972924218,0.03445347212820909,-18.452508616878504,6,0.75,0_75_p6_h1_3_6_12_s0_75,0.75,False,False,highs
random,7,343.2404326205473,473.81997139858794,130.57953877804061,19,205,0.8200574810102337,0.009979399910662323,0.03465069413424418,35.45359896921656,6,0.75,0_75_p6_h1_3_6_12_s0_75,0.75,False,False,highs
random,8,315.9711392902948,471.25387693634343,155.28273764604867,14,230,0.9964743471516221,0.00994999980321154,0.034548610427817844,8.18430563896402,6,0.75,0_75_p6_h1_3_6_12_s0_75,0.75,False,False,highs
random,9,274.14154543819313,471.429812433099,197.28826699490585,21,243,0.7888621236583321,0.009957700123777613,0.0345753476520056,-33.64528821313763,6,0.75,0_75_p6_h1_3_6_12_s0_75,0.75,False,False,highs
random,10,249.2298847303361,468.74233033595925,219.51244560562316,15,220,0.9394150576737665,0.01003350000246428,0.03483854167522319,-58.55694892099467,6,0.75,0_75_p6_h1_3_6_12_s0_75,0.75,False,False,highs
random,11,297.4542375079021,467.1605945339547,169.7063570260526,18,194,0.9405035515710574,0.010072199744172394,0.03497291577837637,-10.332596143428646,6,0.75,0_75_p6_h1_3_6_12_s0_75,0.75,False,False,highs
random,12,299.8126461475788,469.54085075543827,169.72820460785945,18,229,0.7826168521456562,0.009991400089347735,0.0346923614213463,-7.974187503751978,6,0.75,0_75_p6_h1_3_6_12_s0_75,0.75,False,False,highs
random,13,302.09149377542053,469.02439518415673,166.9329014087362,14,211,0.8872386576986339,0.010438400058774278,0.0362444446485218,-5.695339875910236,6,0.75,0_75_p6_h1_3_6_12_s0_75,0.75,False,False,highs
random,14,297.334013091357,473.2959455426211,175.9619324512641,17,236,0.9069443457798563,0.010716200020397082,0.03720902784860098,-10.452820559973759,6,0.75,0_75_p6_h1_3_6_12_s0_75,0.75,False,False,highs
random,15,310.3338079604281,471.18402648480634,160.85021852437828,18,209,0.9978076598032279,0.010197700175922364,0.035408681166397095,2.5469743090973225,6,0.75,0_75_p6_h1_3_6_12_s0_75,0.75,False,False,highs
random,16,296.62123587183726,475.1584468102113,178.53721093837405,17,215,0.741139357365966,0.010440500045660883,0.036251736269655846,-11.16559777949351,6,0.75,0_75_p6_h1_3_6_12_s0_75,0.75,False,False,highs
random,17,264.98505636855725,458.60712077945163,193.62206441089435,15,223,0.8925383738570144,0.00980669993441552,0.034051041438942775,-42.801777282773514,6,0.75,0_75_p6_h1_3_6_12_s0_75,0.75,False,False,highs
random,18,351.7219073439106,465.5062052253865,113.78429788147592,13,227,0.9650654995696818,0.010095599835040048,0.035054166093889054,43.935073692579806,6,0.75,0_75_p6_h1_3_6_12_s0_75,0.75,False,False,highs
random,19,291.60285860777503,465.08616891428915,173.4833103065141,13,191,0.8673995861842686,0.010074599995277822,0.03498124998360355,-16.183975043555733,6,0.75,0_75_p6_h1_3_6_12_s0_75,0.75,False,False,highs
random,20,335.90725855597157,465.3970155023464,129.48975694637485,16,229,0.9967203493875952,0.00998520027496852,0.03467083428808514,28.1204249046408,6,0.75,0_75_p6_h1_3_6_12_s0_75,0.75,False,False,highs
random,21,266.7994826493176,466.4874706415656,199.68798799224797,18,224,0.8598771190788431,0.010164199920836836,0.03529236083623902,-40.987351002013156,6,0.75,0_75_p6_h1_3_6_12_s0_75,0.75,False,False,highs
random,22,341.30816847255653,475.3738685934758,134.06570012091925,16,230,0.9967807101014526,0.010178699682001024,0.035342707229170225,33.521334821225764,6,0.75,0_75_p6_h1_3_6_12_s0_75,0.75,False,False,highs
random,23,311.511389616844,472.0102528597538,160.4988632429098,16,231,0.912043843784117,0.009862499922746792,0.034244791398426365,3.7245559655132183,6,0.75,0_75_p6_h1_3_6_12_s0_75,0.75,False,False,highs
random,24,297.8969726441419,467.3895260306109,169.492553386469,16,227,0.9841922790778348,0.009974499786039814,0.03463367981263824,-9.88986100718887,6,0.75,0_75_p6_h1_3_6_12_s0_75,0.75,False,False,highs
random,25,236.70757239634509,473.58493484372167,236.87736244737658,11,237,0.9975201396152462,0.010057499777758494,0.034921874228328105,-71.07926125498568,6,0.75,0_75_p6_h1_3_6_12_s0_75,0.75,False,False,highs
random,26,293.33999203792587,466.98389704148883,173.64390500356296,16,200,0.8867120624089018,0.010023399983765557,0.03480347216585263,-14.4468416134049,6,0.75,0_75_p6_h1_3_6_12_s0_75,0.75,False,False,highs
random,27,360.5585491325795,473.04673498903503,112.48818585645549,17,245,0.9971851724080014,0.010013700113631785,0.03476979206122147,52.77171548124875,6,0.75,0_75_p6_h1_3_6_12_s0_75,0.75,False,False,highs
random,28,273.18436448971056,468.5239368763469,195.33957238663638,19,238,0.9473196686113469,0.010088100185384974,0.035028125643697824,-34.602469161620206,6,0.75,0_75_p6_h1_3_6_12_s0_75,0.75,False,False,highs
random,29,290.976716604498,471.6014603347423,180.6247437302443,11,233,0.9945291384538555,0.00993850000668317,0.03450868057876101,-16.810117046832772,6,0.75,0_75_p6_h1_3_6_12_s0_75,0.75,False,False,highs
milp_h1,0,612.1399765610694,955.0499999999998,342.91002343893047,32,192,0.8261036888178832,5.088004299905151,17.666681596892886,0.4890762795507726,12,0.75,0_75_p12_h1_3_6_12_s0_75,0.75,False,False,highs
milp_h1,1,624.4718463301658,958.1499999999999,333.67815366983405,33,190,0.998299855585823,5.898083599866368,20.479456943980445,12.820946048647215,12,0.75,0_75_p12_h1_3_6_12_s0_75,0.75,False,False,highs
milp_h1,2,631.5748990704615,952.7499999999999,321.17510092953836,31,201,0.9132975398875838,5.583944199956022,19.38869513873619,19.923998788942868,12,0.75,0_75_p12_h1_3_6_12_s0_75,0.75,False,False,highs
milp_h1,3,615.2324165562788,958.1499999999999,342.91758344372107,28,196,0.8695118000853671,5.538231600163272,19.22997083390025,3.581516274760247,12,0.75,0_75_p12_h1_3_6_12_s0_75,0.75,False,False,highs
milp_h1,4,594.0827463885148,960.6499999999999,366.56725361148506,38,192,0.9004600038321977,5.343766399862943,18.554744443968552,-17.568153893003796,12,0.75,0_75_p12_h1_3_6_12_s0_75,0.75,False,False,highs
milp_h1,5,631.4492108424504,951.8499999999999,320.40078915754947,30,219,0.8322796347241479,5.3183744000562,18.466577777972915,19.79831056093178,12,0.75,0_75_p12_h1_3_6_12_s0_75,0.75,False,False,highs
milp_h1,6,590.585778971513,941.1999999999998,350.61422102848684,29,241,0.9239065460054818,5.695603800209938,19.776402084062283,-21.065121310005566,12,0.75,0_75_p12_h1_3_6_12_s0_75,0.75,False,False,highs
milp_h1,7,693.3560426582892,957.1749999999998,263.8189573417107,28,190,0.8334121335601806,4.942467699729605,17.161346179616682,81.7051423767706,12,0.75,0_75_p12_h1_3_6_12_s0_75,0.75,False,False,highs
milp_h1,8,637.7659048229456,951.2249999999999,313.45909517705434,30,207,0.9128637327255615,5.428973699978087,18.850603124923914,26.11500454142697,12,0.75,0_75_p12_h1_3_6_12_s0_75,0.75,False,False,highs
milp_h1,9,558.0119404792786,959.3999999999999,401.38805952072136,33,225,0.826367288780479,5.13192690021242,17.81919062573757,-53.63895980224004,12,0.75,0_75_p12_h1_3_6_12_s0_75,0.75,False,False,highs
milp_h1,10,509.4950232307116,957.6249999999999,448.1299767692883,29,200,0.979795943183095,5.634418099944014,19.563951735916717,-102.15587705080702,12,0.75,0_75_p12_h1_3_6_12_s0_75,0.75,False,False,highs
milp_h1,11,603.3314910242954,947.6749999999998,344.3435089757045,34,171,0.9434994481866743,5.584921099623898,19.39208715147187,-8.319409257223242,12,0.75,0_75_p12_h1_3_6_12_s0_75,0.75,False,False,highs
milp_h1,12,609.7965227708219,955.2249999999998,345.4284772291779,35,206,0.8386507316032349,5.14714279997861,17.87202361103684,-1.854377510696736,12,0.75,0_75_p12_h1_3_6_12_s0_75,0.75,False,False,highs
milp_h1,13,619.2208695610364,960.9999999999999,341.77913043896353,27,192,0.8480878882502246,5.374550800013822,18.661634722270215,7.56996927951775,12,0.75,0_75_p12_h1_3_6_12_s0_75,0.75,False,False,highs
milp_h1,14,604.000160434842,961.5249999999999,357.52483956515783,27,220,0.7439354878300115,5.1583830000890885,17.91105208364267,-7.650739846676629,12,0.75,0_75_p12_h1_3_6_12_s0_75,0.75,False,False,highs
milp_h1,15,634.1906249249975,963.1249999999999,328.93437507500244,34,188,0.8751993538907304,4.562248700211057,15.841141320177282,22.53972464347885,12,0.75,0_75_p12_h1_3_6_12_s0_75,0.75,False,False,highs
milp_h1,16,597.9587159236272,957.9999999999999,360.0412840763727,37,189,0.8147049305207691,4.13037260028068,14.341571528752361,-13.692184357891392,12,0.75,0_75_p12_h1_3_6_12_s0_75,0.75,False,False,highs
milp_h1,17,543.6713265975316,940.7499999999999,397.07867340246827,30,203,0.8777258787483937,4.1262064001348335,14.327105556023728,-67.97957368398704,12,0.75,0_75_p12_h1_3_6_12_s0_75,0.75,False,False,highs
milp_h1,18,721.9161768058934,955.3999999999999,233.48382319410638,25,209,0.9983887656170662,4.130417400243459,14.341727084178679,110.26527652437483,12,0.75,0_75_p12_h1_3_6_12_s0_75,0.75,False,False,highs
milp_h1,19,594.8175961911677,948.6499999999999,353.8324038088321,24,174,0.945703417037781,4.137660500040511,14.366876736251774,-16.833304090350907,12,0.75,0_75_p12_h1_3_6_12_s0_75,0.75,False,False,highs
milp_h1,20,684.7931894386808,949.6249999999999,264.8318105613191,34,205,0.8930804789533784,4.186126199783757,14.535160415915824,73.14228915716217,12,0.75,0_75_p12_h1_3_6_12_s0_75,0.75,False,False,highs
milp_h1,21,543.9419714927673,951.3999999999999,407.4580285072326,39,197,0.8907443023242075,4.031095500016818,13.996859375058396,-67.70892878875134,12,0.75,0_75_p12_h1_3_6_12_s0_75,0.75,False,False,highs
milp_h1,22,691.708882600069,963.7499999999999,272.0411173999309,25,215,0.9284913986002598,4.0745100002677646,14.147604167596405,80.05798231855044,12,0.75,0_75_p12_h1_3_6_12_s0_75,0.75,False,False,highs
milp_h1,23,632.2975602606932,958.1499999999999,325.8524397393067,23,218,0.9039727389029707,4.044761999888578,14.04431249961312,20.646659979174615,12,0.75,0_75_p12_h1_3_6_12_s0_75,0.75,False,False,highs
milp_h1,24,608.4104310423136,954.8749999999999,346.46456895768637,29,208,0.9977259031527314,4.130559100216487,14.342219097973915,-3.2404692392050265,12,0.75,0_75_p12_h1_3_6_12_s0_75,0.75,False,False,highs
milp_h1,25,479.1766118109225,958.8749999999998,479.69838818907726,35,207,0.905016009930401,4.319951399869751,14.999831249547746,-132.4742884705961,12,0.75,0_75_p12_h1_3_6_12_s0_75,0.75,False,False,highs
milp_h1,26,601.1218316733837,956.6499999999999,355.5281683266162,35,175,0.9812395383226139,4.162975000072038,14.454774305805687,-10.529068608134935,12,0.75,0_75_p12_h1_3_6_12_s0_75,0.75,False,False,highs
milp_h1,27,736.047432374954,965.6999999999998,229.65256762504572,32,225,0.9372479399043631,4.121774699975504,14.311717708248276,124.39653209343544,12,0.75,0_75_p12_h1_3_6_12_s0_75,0.75,False,False,highs
milp_h1,28,556.3399222532908,953.7999999999998,397.4600777467091,31,220,0.9987569858472772,4.047902199992677,14.055215972196796,-55.31097802822785,12,0.75,0_75_p12_h1_3_6_12_s0_75,0.75,False,False,highs
milp_h1,29,588.6199053525924,953.7999999999998,365.1800946474075,27,211,0.9985788985342158,4.09312750006211,14.212248264104549,-23.030994928926248,12,0.75,0_75_p12_h1_3_6_12_s0_75,0.75,False,False,highs
milp_h3,0,612.1399765610693,955.0499999999997,342.9100234389304,22,202,0.7773403105875859,11.049561399937375,38.36653263867144,0.4890762795506589,12,0.75,0_75_p12_h1_3_6_12_s0_75,0.75,False,False,highs
milp_h3,1,624.4718463301657,958.1499999999997,333.67815366983405,16,208,0.8931212342214325,10.729583599808393,37.25549861044581,12.820946048647102,12,0.75,0_75_p12_h1_3_6_12_s0_75,0.75,False,False,highs
milp_h3,2,631.5748990704615,952.7499999999999,321.17510092953836,23,210,0.8552146485477372,7.788587900286075,27.043707987104426,19.923998788942868,12,0.75,0_75_p12_h1_3_6_12_s0_75,0.75,False,False,highs
milp_h3,3,615.2324165562786,958.1499999999997,342.91758344372107,22,202,0.8468042170745056,11.52938519991585,40.032587499707816,3.5815162747600198,12,0.75,0_75_p12_h1_3_6_12_s0_75,0.75,False,False,highs
milp_h3,4,594.0827463885148,960.6499999999999,366.5672536114851,18,214,0.9793605353833167,6.757537899684394,23.463673262793034,-17.568153893003796,12,0.75,0_75_p12_h1_3_6_12_s0_75,0.75,False,False,highs
milp_h3,5,631.4492108424504,951.8499999999998,320.40078915754947,26,219,0.734844977009044,11.47284610022325,39.83627118133073,19.79831056093178,12,0.75,0_75_p12_h1_3_6_12_s0_75,0.75,False,False,highs
milp_h3,6,590.585778971513,941.1999999999998,350.61422102848684,21,249,0.9984785257874039,6.789184299530461,23.57355659559188,-21.065121310005566,12,0.75,0_75_p12_h1_3_6_12_s0_75,0.75,False,False,highs
milp_h3,7,693.3560426582892,957.1749999999998,263.8189573417107,21,198,0.75152629919356,6.936101999977836,24.083687499923045,81.7051423767706,12,0.75,0_75_p12_h1_3_6_12_s0_75,0.75,False,False,highs
milp_h3,8,637.7659048229455,951.2249999999998,313.45909517705434,20,219,0.9031733502067714,6.4312360000330955,22.33068055567047,26.115004541426856,12,0.75,0_75_p12_h1_3_6_12_s0_75,0.75,False,False,highs
milp_h3,9,558.0119404792783,959.3999999999997,401.38805952072136,21,237,0.8162526558975514,11.40191570011666,39.58998506984952,-53.638959802240265,12,0.75,0_75_p12_h1_3_6_12_s0_75,0.75,False,False,highs
milp_h3,10,509.49502323071147,957.6249999999998,448.1299767692883,22,209,0.9179757830138956,9.161980899894843,31.812433680190427,-102.15587705080713,12,0.75,0_75_p12_h1_3_6_12_s0_75,0.75,False,False,highs
milp_h3,11,603.3314910242955,947.6749999999998,344.3435089757044,20,186,0.913397136654039,9.373557699960656,32.54707534708561,-8.319409257223128,12,0.75,0_75_p12_h1_3_6_12_s0_75,0.75,False,False,highs
milp_h3,12,609.7965227708219,955.2249999999998,345.4284772291779,18,223,0.8188825530613174,11.432152600056725,39.69497430575252,-1.854377510696736,12,0.75,0_75_p12_h1_3_6_12_s0_75,0.75,False,False,highs
milp_h3,13,618.3383295734722,959.4999999999998,341.1616704265276,25,194,0.9377975633257859,8.750837700092234,30.384853125320255,6.687429291953549,12,0.75,0_75_p12_h1_3_6_12_s0_75,0.75,False,False,highs
milp_h3,14,604.000160434842,961.5249999999997,357.52483956515783,19,228,0.9143939903376347,8.837347600172507,30.685234722821203,-7.650739846676629,12,0.75,0_75_p12_h1_3_6_12_s0_75,0.75,False,False,highs
milp_h3,15,634.1906249249975,963.1249999999999,328.93437507500244,26,196,0.8444573579751019,7.75256729972898,26.918636457392292,22.53972464347885,12,0.75,0_75_p12_h1_3_6_12_s0_75,0.75,False,False,highs
milp_h3,16,597.9587159236271,957.9999999999998,360.0412840763727,19,209,0.90025994415,10.801416600152152,37.504918750528304,-13.692184357891506,12,0.75,0_75_p12_h1_3_6_12_s0_75,0.75,False,False,highs
milp_h3,17,543.6713265975316,940.7499999999998,397.07867340246827,23,209,0.7744087474548611,14.15866869999445,49.16204409720295,-67.97957368398704,12,0.75,0_75_p12_h1_3_6_12_s0_75,0.75,False,False,highs
milp_h3,18,721.9161768058934,955.3999999999999,233.48382319410638,25,211,0.9625354604388081,8.056916800269391,27.97540555649094,110.26527652437483,12,0.75,0_75_p12_h1_3_6_12_s0_75,0.75,False,False,highs
milp_h3,19,594.8175961911677,948.6499999999999,353.8324038088321,18,182,0.8532245442123824,12.090438699699007,41.98068992951044,-16.833304090350907,12,0.75,0_75_p12_h1_3_6_12_s0_75,0.75,False,False,highs
milp_h3,20,684.7931894386807,949.6249999999999,264.8318105613192,29,212,0.887680130741226,8.832053600111976,30.666852778166586,73.14228915716205,12,0.75,0_75_p12_h1_3_6_12_s0_75,0.75,False,False,highs
milp_h3,21,543.9419714927672,951.3999999999997,407.4580285072326,23,213,0.9556374774252608,14.33454020001227,49.77270902782038,-67.70892878875145,12,0.75,0_75_p12_h1_3_6_12_s0_75,0.75,False,False,highs
milp_h3,22,691.7088826000688,963.7499999999998,272.0411173999309,22,218,0.91479707581509,15.266386999981478,53.00828819438013,80.05798231855022,12,0.75,0_75_p12_h1_3_6_12_s0_75,0.75,False,False,highs
milp_h3,23,632.297560260693,958.1499999999997,325.8524397393067,16,227,0.9073839742398991,14.592476700199768,50.668321875693636,20.646659979174387,12,0.75,0_75_p12_h1_3_6_12_s0_75,0.75,False,False,highs
milp_h3,24,608.4104310423133,954.8749999999998,346.46456895768637,20,219,0.9961304996005396,12.174664800142637,42.27314166716193,-3.240469239205254,12,0.75,0_75_p12_h1_3_6_12_s0_75,0.75,False,False,highs
milp_h3,25,479.17661181092257,958.8749999999999,479.6983881890773,18,224,0.8472271725253502,11.061703899933491,38.40869409699129,-132.47428847059604,12,0.75,0_75_p12_h1_3_6_12_s0_75,0.75,False,False,highs
milp_h3,26,601.1218316733837,956.6499999999999,355.5281683266162,22,188,0.9985613706255139,10.841603500361089,37.644456598476005,-10.529068608134935,12,0.75,0_75_p12_h1_3_6_12_s0_75,0.75,False,False,highs
milp_h3,27,736.047432374954,965.6999999999998,229.65256762504572,16,241,0.8259411456531227,12.225136299879523,42.44838993013723,124.39653209343544,12,0.75,0_75_p12_h1_3_6_12_s0_75,0.75,False,False,highs
milp_h3,28,556.3399222532908,953.7999999999998,397.4600777467091,21,231,0.996882102420681,9.588324099895544,33.292792013526196,-55.31097802822785,12,0.75,0_75_p12_h1_3_6_12_s0_75,0.75,False,False,highs
milp_h3,29,588.6199053525924,953.7999999999998,365.1800946474075,16,223,0.9183383021085562,10.014229400170734,34.771629861703936,-23.030994928926248,12,0.75,0_75_p12_h1_3_6_12_s0_75,0.75,False,False,highs
milp_h6,0,612.1399765610693,955.0499999999997,342.9100234389304,22,202,0.7773403105875859,20.3670822000131,70.71903541671216,0.4890762795506589,12,0.75,0_75_p12_h1_3_6_12_s0_75,0.75,False,False,highs
milp_h6,1,624.4718463301657,958.1499999999997,333.67815366983405,16,208,0.8931212342214325,20.837749599886592,72.35329722182844,12.820946048647102,12,0.75,0_75_p12_h1_3_6_12_s0_75,0.75,False,False,highs
milp_h6,2,631.5748990704615,952.7499999999999,321.17510092953836,23,210,0.8552146485477372,15.014135500154225,52.13241493109106,19.923998788942868,12,0.75,0_75_p12_h1_3_6_12_s0_75,0.75,False,False,highs
milp_h6,3,615.2324165562786,958.1499999999997,342.91758344372107,22,202,0.8468042188886409,17.501014300069073,60.767410764128726,3.5815162747600198,12,0.75,0_75_p12_h1_3_6_12_s0_75,0.75,False,False,highs
milp_h6,4,594.0827463885147,960.6499999999997,366.56725361148506,21,209,0.8904379401055036,17.159160799812526,59.58041944379349,-17.56815389300391,12,0.75,0_75_p12_h1_3_6_12_s0_75,0.75,False,False,highs
milp_h6,5,631.4492108424504,951.8499999999998,320.40078915754947,26,219,0.7133341185010269,16.594255799544044,57.61894374841682,19.79831056093178,12,0.75,0_75_p12_h1_3_6_12_s0_75,0.75,False,False,highs
milp_h6,6,590.585778971513,941.1999999999998,350.61422102848684,21,249,0.9984785257874039,9.421536699694116,32.713669096160125,-21.065121310005566,12,0.75,0_75_p12_h1_3_6_12_s0_75,0.75,False,False,highs
milp_h6,7,693.3560426582892,957.1749999999998,263.8189573417107,21,198,0.8122683915935596,10.561163699865574,36.67070729119991,81.7051423767706,12,0.75,0_75_p12_h1_3_6_12_s0_75,0.75,False,False,highs
milp_h6,8,637.7659048229456,951.2249999999999,313.45909517705434,26,212,0.8191504342284822,9.396285900031216,32.62599270844172,26.11500454142697,12,0.75,0_75_p12_h1_3_6_12_s0_75,0.75,False,False,highs
milp_h6,9,558.0119404792783,959.3999999999997,401.38805952072136,21,237,0.8162526558975514,18.806980299996212,65.3020149305424,-53.638959802240265,12,0.75,0_75_p12_h1_3_6_12_s0_75,0.75,False,False,highs
milp_h6,10,509.49502323071147,957.6249999999998,448.1299767692883,21,209,0.9104811694764193,15.125148300023284,52.51787604174751,-102.15587705080713,12,0.75,0_75_p12_h1_3_6_12_s0_75,0.75,False,False,highs
milp_h6,11,603.3314910242955,947.6749999999998,344.3435089757044,20,186,0.913397136654039,15.346622299985029,53.286882986059126,-8.319409257223128,12,0.75,0_75_p12_h1_3_6_12_s0_75,0.75,False,False,highs
milp_h6,12,609.7965227708219,955.2249999999998,345.4284772291779,23,218,0.8638201813577359,15.167686799977673,52.66557916658914,-1.854377510696736,12,0.75,0_75_p12_h1_3_6_12_s0_75,0.75,False,False,highs
milp_h6,13,618.3383295734722,959.4999999999998,341.1616704265276,25,194,0.9377963054765669,11.976412499934668,41.584765624773155,6.687429291953549,12,0.75,0_75_p12_h1_3_6_12_s0_75,0.75,False,False,highs
milp_h6,14,604.000160434842,961.5249999999997,357.52483956515783,19,228,0.9143939903376347,11.995996499754256,41.652765624146724,-7.650739846676629,12,0.75,0_75_p12_h1_3_6_12_s0_75,0.75,False,False,highs
milp_h6,15,634.1906249249975,963.1249999999999,328.93437507500244,26,196,0.8444573579751019,8.943562399828807,31.05403611051669,22.53972464347885,12,0.75,0_75_p12_h1_3_6_12_s0_75,0.75,False,False,highs
milp_h6,16,597.9587159236271,957.9999999999998,360.04128407637273,18,210,0.9823170837792293,12.24981100045261,42.53406597379379,-13.692184357891506,12,0.75,0_75_p12_h1_3_6_12_s0_75,0.75,False,False,highs
milp_h6,17,543.6713265975316,940.7499999999998,397.07867340246827,23,209,0.774407861728288,15.278381300333422,53.04993507060216,-67.97957368398704,12,0.75,0_75_p12_h1_3_6_12_s0_75,0.75,False,False,highs
milp_h6,18,721.9161768058934,955.3999999999999,233.48382319410638,22,213,0.998321485588201,8.564001299993834,29.736115624978588,110.26527652437483,12,0.75,0_75_p12_h1_3_6_12_s0_75,0.75,False,False,highs
milp_h6,19,594.8175961911677,948.6499999999999,353.8324038088321,18,182,0.8532245442123824,16.51281400024891,57.33615972308649,-16.833304090350907,12,0.75,0_75_p12_h1_3_6_12_s0_75,0.75,False,False,highs
milp_h6,20,684.7931894386807,949.6249999999998,264.8318105613191,26,215,0.8163575978392635,20.395484799839323,70.81765555499766,73.14228915716205,12,0.75,0_75_p12_h1_3_6_12_s0_75,0.75,False,False,highs
milp_h6,21,543.9419714927673,951.3999999999999,407.4580285072326,26,212,0.8142673603815259,12.748699899937492,44.26631909700518,-67.70892878875134,12,0.75,0_75_p12_h1_3_6_12_s0_75,0.75,False,False,highs
milp_h6,22,691.7088826000688,963.7499999999998,272.0411173999309,22,218,0.9139943706927992,22.877101599995513,79.43438055553997,80.05798231855022,12,0.75,0_75_p12_h1_3_6_12_s0_75,0.75,False,False,highs
milp_h6,23,632.297560260693,958.1499999999997,325.8524397393067,16,227,0.9073839742398991,15.481955900089815,53.7567913197563,20.646659979174387,12,0.75,0_75_p12_h1_3_6_12_s0_75,0.75,False,False,highs
milp_h6,24,608.4104310423133,954.8749999999998,346.46456895768637,20,220,0.9968507219544599,12.557848100084811,43.6036392364056,-3.240469239205254,12,0.75,0_75_p12_h1_3_6_12_s0_75,0.75,False,False,highs
milp_h6,25,479.17661181092257,958.8749999999999,479.6983881890773,18,224,0.8477331818070946,13.434095400501974,46.6461645850763,-132.47428847059604,12,0.75,0_75_p12_h1_3_6_12_s0_75,0.75,False,False,highs
milp_h6,26,601.1218316733837,956.6499999999999,355.5281683266162,22,188,0.9985613706255139,17.108809699799167,59.40558923541377,-10.529068608134935,12,0.75,0_75_p12_h1_3_6_12_s0_75,0.75,False,False,highs
milp_h6,27,736.047432374954,965.6999999999998,229.65256762504572,19,239,0.998099290158726,12.760819899529452,44.30840242892171,124.39653209343544,12,0.75,0_75_p12_h1_3_6_12_s0_75,0.75,False,False,highs
milp_h6,28,556.3399222532908,953.7999999999998,397.4600777467091,21,231,0.996882102420681,13.806982699665241,47.94091215161542,-55.31097802822785,12,0.75,0_75_p12_h1_3_6_12_s0_75,0.75,False,False,highs
milp_h6,29,588.6199053525924,953.7999999999998,365.1800946474075,16,223,0.9183383021085562,9.454753099853406,32.82900381893543,-23.030994928926248,12,0.75,0_75_p12_h1_3_6_12_s0_75,0.75,False,False,highs
milp_h12,0,612.1399765610693,955.0499999999997,342.9100234389304,21,203,0.7577490416227046,23.32245649996912,80.9807517360039,0.4890762795506589,12,0.75,0_75_p12_h1_3_6_12_s0_75,0.75,False,False,highs
milp_h12,1,624.4718463301657,958.1499999999997,333.67815366983405,16,208,0.8931212342214325,22.857874399982393,79.36761944438331,12.820946048647102,12,0.75,0_75_p12_h1_3_6_12_s0_75,0.75,False,False,highs
milp_h12,2,631.5748990704615,952.7499999999998,321.1751009295383,21,213,0.8643154640115744,20.712976799346507,71.92005833106425,19.923998788942868,12,0.75,0_75_p12_h1_3_6_12_s0_75,0.75,False,False,highs
milp_h12,3,615.2324165562786,958.1499999999997,342.91758344372107,20,204,0.8817509962019576,39.386897100077476,136.760059375269,3.5815162747600198,12,0.75,0_75_p12_h1_3_6_12_s0_75,0.75,False,False,highs
milp_h12,4,594.0827463885147,960.6499999999997,366.56725361148506,22,210,0.9373302262757076,27.828710500180023,96.62746701451397,-17.56815389300391,12,0.75,0_75_p12_h1_3_6_12_s0_75,0.75,False,False,highs
milp_h12,5,631.4492108424504,951.8499999999998,320.40078915754947,26,219,0.6873091379298246,34.63833030030946,120.27198020940786,19.79831056093178,12,0.75,0_75_p12_h1_3_6_12_s0_75,0.75,False,False,highs
milp_h12,6,590.585778971513,941.1999999999998,350.61422102848684,23,247,0.9978328154469239,15.833422700030496,54.977162152883665,-21.065121310005566,12,0.75,0_75_p12_h1_3_6_12_s0_75,0.75,False,False,highs
milp_h12,7,693.3560426582891,957.1749999999997,263.81895734171064,21,197,0.7375652267582424,20.002995300135808,69.45484479213822,81.70514237677048,12,0.75,0_75_p12_h1_3_6_12_s0_75,0.75,False,False,highs
milp_h12,8,637.7659048229455,951.2249999999998,313.45909517705434,22,217,0.8444459461016691,21.03467910020845,73.03708020905712,26.115004541426856,12,0.75,0_75_p12_h1_3_6_12_s0_75,0.75,False,False,highs
milp_h12,9,558.0119404792783,959.3999999999997,401.38805952072136,22,237,0.729017409383834,35.4871543001791,123.21928576451076,-53.638959802240265,12,0.75,0_75_p12_h1_3_6_12_s0_75,0.75,False,False,highs
milp_h12,10,509.4950232307115,957.6249999999998,448.12997676928825,19,212,0.9982196219752543,43.09063219965901,149.62025069326046,-102.15587705080708,12,0.75,0_75_p12_h1_3_6_12_s0_75,0.75,False,False,highs
milp_h12,11,603.3314910242952,947.6749999999997,344.3435089757044,18,187,0.9126493091514281,78.20952449951437,271.56084895664713,-8.319409257223356,12,0.75,0_75_p12_h1_3_6_12_s0_75,0.75,False,False,highs
milp_h12,12,609.7965227708219,955.2249999999998,345.4284772291779,23,218,0.8226366899226961,76.75184649933362,266.49946701157506,-1.854377510696736,12,0.75,0_75_p12_h1_3_6_12_s0_75,0.75,False,False,highs
milp_h12,13,619.2208695610364,960.9999999999998,341.7791304389635,20,199,0.8475258028405362,52.42311899980996,182.02471874934014,7.56996927951775,12,0.75,0_75_p12_h1_3_6_12_s0_75,0.75,False,False,highs
milp_h12,14,604.000160434842,961.5249999999997,357.52483956515783,20,227,0.8250443374413654,58.9097907000978,204.54788437533958,-7.650739846676629,12,0.75,0_75_p12_h1_3_6_12_s0_75,0.75,False,False,highs
milp_h12,15,634.1906249249973,963.1249999999998,328.93437507500244,24,197,0.758519379810128,72.18240819993662,250.63336180533548,22.539724643478735,12,0.75,0_75_p12_h1_3_6_12_s0_75,0.75,False,False,highs
milp_h12,16,597.9587159236271,957.9999999999998,360.0412840763727,21,206,0.936150149116666,24.891741399944294,86.42965763869546,-13.692184357891506,12,0.75,0_75_p12_h1_3_6_12_s0_75,0.75,False,False,highs
milp_h12,17,543.6713265975316,940.7499999999998,397.07867340246827,27,208,0.8164912139095374,22.404732600291027,77.79421041767718,-67.97957368398704,12,0.75,0_75_p12_h1_3_6_12_s0_75,0.75,False,False,highs
milp_h12,18,721.9161768058934,955.3999999999997,233.48382319410638,23,212,0.8557055749295134,49.70489679989987,172.58644722187455,110.26527652437483,12,0.75,0_75_p12_h1_3_6_12_s0_75,0.75,False,False,highs
milp_h12,19,594.8175961911677,948.6499999999997,353.8324038088321,18,182,0.8532245442123824,59.58915509976214,206.90678854084075,-16.833304090350907,12,0.75,0_75_p12_h1_3_6_12_s0_75,0.75,False,False,highs
milp_h12,20,684.7931894386807,949.6249999999998,264.8318105613191,25,214,0.8987232594912228,70.94816389965126,246.34779131823356,73.14228915716205,12,0.75,0_75_p12_h1_3_6_12_s0_75,0.75,False,False,highs
milp_h12,21,543.9419714927673,951.3999999999999,407.4580285072326,26,212,0.759645633129523,39.35747819993412,136.65791041643791,-67.70892878875134,12,0.75,0_75_p12_h1_3_6_12_s0_75,0.75,False,False,highs
milp_h12,22,691.7088826000688,963.7499999999998,272.0411173999309,22,218,0.9134174260273153,78.88366060014232,273.9015993060497,80.05798231855022,12,0.75,0_75_p12_h1_3_6_12_s0_75,0.75,False,False,highs
milp_h12,23,632.297560260693,958.1499999999997,325.8524397393067,16,227,0.9077906840301371,71.85030280004139,249.48021805569928,20.646659979174387,12,0.75,0_75_p12_h1_3_6_12_s0_75,0.75,False,False,highs
milp_h12,24,608.4104310423135,954.8749999999998,346.4645689576863,19,220,0.9957752775496636,49.075574399816105,170.40129999936147,-3.24046923920514,12,0.75,0_75_p12_h1_3_6_12_s0_75,0.75,False,False,highs
milp_h12,25,479.1766118109225,958.8749999999998,479.69838818907726,20,223,0.9973254337724053,20.80149489964242,72.22741284598062,-132.4742884705961,12,0.75,0_75_p12_h1_3_6_12_s0_75,0.75,False,False,highs
milp_h12,26,601.1218316733836,956.6499999999997,355.5281683266162,22,188,0.9985613706255139,23.224498599680373,80.64062013777908,-10.529068608135049,12,0.75,0_75_p12_h1_3_6_12_s0_75,0.75,False,False,highs
milp_h12,27,736.047432374954,965.6999999999998,229.65256762504572,18,241,0.9930965736929297,22.601866300043184,78.4787024307055,124.39653209343544,12,0.75,0_75_p12_h1_3_6_12_s0_75,0.75,False,False,highs
milp_h12,28,556.3399222532908,953.7999999999998,397.4600777467091,19,233,0.9974505165381954,20.773114599956898,72.12887013873923,-55.31097802822785,12,0.75,0_75_p12_h1_3_6_12_s0_75,0.75,False,False,highs
milp_h12,29,588.6199053525924,953.7999999999998,365.1800946474075,16,223,0.9183383021085562,20.34922940019169,70.65704652844336,-23.030994928926248,12,0.75,0_75_p12_h1_3_6_12_s0_75,0.75,False,False,highs
equal_share,0,483.430682523585,751.1099764999223,267.67929397633725,19,205,0.9204945671246663,0.005352299544028938,0.018584373416767146,-128.2202177579336,12,0.75,0_75_p12_h1_3_6_12_s0_75,0.75,False,False,highs
equal_share,1,492.2093630398582,752.8964263570995,260.68706331724127,21,202,0.9169399942774159,0.0052370001503732055,0.018184028299906965,-119.4415372416604,12,0.75,0_75_p12_h1_3_6_12_s0_75,0.75,False,False,highs
equal_share,2,416.37147191053685,627.3137817588967,210.9423098483598,14,218,0.8178098040841204,0.0051120999560225755,0.01775034706952283,-195.27942837098175,12,0.75,0_75_p12_h1_3_6_12_s0_75,0.75,False,False,highs
equal_share,3,497.26254507469866,778.5430939320722,281.28054885737356,24,200,0.7799626670582437,0.005052299762610346,0.017542707509063702,-114.38835520681994,12,0.75,0_75_p12_h1_3_6_12_s0_75,0.75,False,False,highs
equal_share,4,452.357246508601,725.2840610350205,272.9268145264195,18,212,0.9637431894709789,0.005426300223916769,0.018841320221933227,-159.2936537729176,12,0.75,0_75_p12_h1_3_6_12_s0_75,0.75,False,False,highs
equal_share,5,490.17223621865287,739.6955339474481,249.52329772879523,28,218,0.84329175256309,0.005175499594770372,0.017970484704063792,-121.47866406286573,12,0.75,0_75_p12_h1_3_6_12_s0_75,0.75,False,False,highs
equal_share,6,490.3285476650567,779.9125036815065,289.58395601644975,22,248,0.9957413983442732,0.00487439995049499,0.016924999828107603,-121.3223526164619,12,0.75,0_75_p12_h1_3_6_12_s0_75,0.75,False,False,highs
equal_share,7,588.0713100880113,808.8896341875717,220.8183240995604,24,194,0.7971696675194941,0.004980000056093559,0.01729166686143597,-23.57959019350733,12,0.75,0_75_p12_h1_3_6_12_s0_75,0.75,False,False,highs
equal_share,8,520.8644463502072,778.8014937502796,257.9370474000724,20,217,0.9188459984136798,0.005032900284277275,0.017475348209296096,-90.78645393131137,12,0.75,0_75_p12_h1_3_6_12_s0_75,0.75,False,False,highs
equal_share,9,422.2806546193777,715.2627905782591,292.98213595888143,16,242,0.7654218373408141,0.005172800039872527,0.017961111249557387,-189.37024566214092,12,0.75,0_75_p12_h1_3_6_12_s0_75,0.75,False,False,highs
equal_share,10,468.44467116376774,881.9618353198393,413.5171641560716,27,202,0.8265843228092097,0.00509860014426522,0.017703472723143123,-143.20622911775087,12,0.75,0_75_p12_h1_3_6_12_s0_75,0.75,False,False,highs
equal_share,11,463.0510580471345,726.1119976433745,263.06093959623996,21,184,0.9523864842227748,0.004391999944346026,0.015249999806757033,-148.59984223438408,12,0.75,0_75_p12_h1_3_6_12_s0_75,0.75,False,False,highs
equal_share,12,426.8147700460759,663.7847789523032,236.9700089062273,27,214,0.8008106325195641,0.003400000132387504,0.011805556015234388,-184.83613023544268,12,0.75,0_75_p12_h1_3_6_12_s0_75,0.75,False,False,highs
equal_share,13,538.8460283636039,835.8471439133359,297.00111554973205,22,197,0.8965693167341102,0.003555599949322641,0.01234583315737028,-72.80487191791474,12,0.75,0_75_p12_h1_3_6_12_s0_75,0.75,False,False,highs
equal_share,14,431.2759066082899,686.5441948188615,255.26828821057154,13,234,0.9965662563157771,0.0039066998870112,0.013564930163233334,-180.3749936732287,12,0.75,0_75_p12_h1_3_6_12_s0_75,0.75,False,False,highs
equal_share,15,558.1330980806554,840.6456808930694,282.51258281241405,27,194,0.8303474229900794,0.00464070012094453,0.01611354208661295,-53.51780220086323,12,0.75,0_75_p12_h1_3_6_12_s0_75,0.75,False,False,highs
equal_share,16,405.52945421427023,645.0747358022222,239.545281587952,18,208,0.875965515317145,0.004744700010633096,0.01647465281469825,-206.12144606724837,12,0.75,0_75_p12_h1_3_6_12_s0_75,0.75,False,False,highs
equal_share,17,386.20729714467547,651.6140959083843,265.4067987637089,14,218,0.8840979929962555,0.005827200075145811,0.02023333359425629,-225.44360313684314,12,0.75,0_75_p12_h1_3_6_12_s0_75,0.75,False,False,highs
equal_share,18,555.2658834251484,733.1145415439526,177.84865811880408,26,208,0.8444078420709429,0.005184599867789075,0.01800208287426762,-56.38501685637016,12,0.75,0_75_p12_h1_3_6_12_s0_75,0.75,False,False,highs
equal_share,19,446.46702463535604,709.3817912705897,262.91476663523366,21,177,0.9134109068671725,0.005275900097331032,0.018319097560177196,-165.18387564616256,12,0.75,0_75_p12_h1_3_6_12_s0_75,0.75,False,False,highs
equal_share,20,619.7222754262419,855.8194247409855,236.09714931474358,34,205,0.8727730325493995,0.00472510009421967,0.016406597549373854,8.071375144723334,12,0.75,0_75_p12_h1_3_6_12_s0_75,0.75,False,False,highs
equal_share,21,426.83794440246425,745.3012859034535,318.46334150098926,22,214,0.9971602927791449,0.005336099973646924,0.018528124908496264,-184.81295587905436,12,0.75,0_75_p12_h1_3_6_12_s0_75,0.75,False,False,highs
equal_share,22,530.814902111304,741.320535485945,210.50563337464095,25,215,0.8922721315056205,0.005492099619004875,0.019069790343766928,-80.83599817021457,12,0.75,0_75_p12_h1_3_6_12_s0_75,0.75,False,False,highs
equal_share,23,481.6520633619722,726.321608849823,244.66954548785074,18,223,0.8375473638786971,0.005094300286145881,0.01768854266022875,-129.99883691954642,12,0.75,0_75_p12_h1_3_6_12_s0_75,0.75,False,False,highs
equal_share,24,481.4148713867651,753.8939246267585,272.47905323999333,20,217,0.8733523405200805,0.005600500153377652,0.019446181088116847,-130.23602889475347,12,0.75,0_75_p12_h1_3_6_12_s0_75,0.75,False,False,highs
equal_share,25,365.44017900949603,722.4831743541364,357.04299534464036,19,223,0.8872651676238464,0.005675399937899783,0.019706249784374248,-246.21072127202257,12,0.75,0_75_p12_h1_3_6_12_s0_75,0.75,False,False,highs
equal_share,26,544.0724126180515,866.3226948563362,322.2502822382846,28,182,0.9955520361187293,0.004817299923161045,0.016726735844309185,-67.57848766346706,12,0.75,0_75_p12_h1_3_6_12_s0_75,0.75,False,False,highs
equal_share,27,681.4834723147227,893.4678479416201,211.98437562689745,24,232,0.9530275580330073,0.004419599950779229,0.01534583316242788,69.83257203320409,12,0.75,0_75_p12_h1_3_6_12_s0_75,0.75,False,False,highs
equal_share,28,476.6956348148554,815.4694530623464,338.77381824749096,27,224,0.9822483370263628,0.004471499822102487,0.015526041048966968,-134.9552654666632,12,0.75,0_75_p12_h1_3_6_12_s0_75,0.75,False,False,highs
equal_share,29,414.4616310903552,669.9442400502647,255.48260895990956,13,225,0.9956385278178003,0.005214100296143442,0.01810451491716473,-197.18926919116342,12,0.75,0_75_p12_h1_3_6_12_s0_75,0.75,False,False,highs
max_charge,0,612.1399765610694,955.0499999999998,342.91002343893047,33,192,0.9372056207312521,0.0017553998914081603,0.00609513851183389,0.4890762795507726,12,0.75,0_75_p12_h1_3_6_12_s0_75,0.75,False,False,highs
max_charge,1,624.4718463301658,958.1499999999999,333.6781536698341,36,188,0.9480092353473967,0.001991800090763718,0.0069159725373740205,12.820946048647215,12,0.75,0_75_p12_h1_3_6_12_s0_75,0.75,False,False,highs
max_charge,2,631.5748990704615,952.7499999999999,321.17510092953836,31,201,0.9208841881008961,0.0018843999423552305,0.006543055355400106,19.923998788942868,12,0.75,0_75_p12_h1_3_6_12_s0_75,0.75,False,False,highs
max_charge,3,615.2324165562788,958.1499999999999,342.91758344372107,37,187,0.8141426871273988,0.0019179003138560802,0.006659376089778056,3.581516274760247,12,0.75,0_75_p12_h1_3_6_12_s0_75,0.75,False,False,highs
max_charge,4,594.0827463885148,960.6499999999999,366.5672536114851,36,194,0.920424020305461,0.0018754999910015613,0.006512152746533199,-17.568153893003796,12,0.75,0_75_p12_h1_3_6_12_s0_75,0.75,False,False,highs
max_charge,5,631.4492108424504,951.8499999999999,320.40078915754947,36,209,0.8542439512467344,0.0019672000489663333,0.006830555725577546,19.79831056093178,12,0.75,0_75_p12_h1_3_6_12_s0_75,0.75,False,False,highs
max_charge,6,590.585778971513,941.1999999999998,350.61422102848684,30,240,0.9961330584634903,0.002155700291041285,0.007485070455004461,-21.065121310005566,12,0.75,0_75_p12_h1_3_6_12_s0_75,0.75,False,False,highs
max_charge,7,693.3560426582892,957.1749999999998,263.8189573417107,31,187,0.8292083159323058,0.0019005000649485737,0.0065989585588492146,81.7051423767706,12,0.75,0_75_p12_h1_3_6_12_s0_75,0.75,False,False,highs
max_charge,8,637.7659048229456,951.2249999999999,313.45909517705434,28,209,0.9268154808576604,0.001955099869519472,0.006788541213609278,26.11500454142697,12,0.75,0_75_p12_h1_3_6_12_s0_75,0.75,False,False,highs
max_charge,9,558.0119404792786,959.3999999999999,401.38805952072136,34,224,0.8467614778032683,0.0019762996525969356,0.006862151571517138,-53.63895980224004,12,0.75,0_75_p12_h1_3_6_12_s0_75,0.75,False,False,highs
max_charge,10,509.4950232307116,957.6249999999999,448.1299767692883,32,197,0.8687450437960897,0.002126799721736461,0.007384721256029379,-102.15587705080702,12,0.75,0_75_p12_h1_3_6_12_s0_75,0.75,False,False,highs
max_charge,11,603.3314910242954,947.6749999999998,344.3435089757045,43,162,0.8513365856845685,0.002121800003806129,0.007367361124326837,-8.319409257223242,12,0.75,0_75_p12_h1_3_6_12_s0_75,0.75,False,False,highs
max_charge,12,609.7965227708219,955.2249999999998,345.4284772291779,39,202,0.9066771094598539,0.0019034997676499188,0.006609374193228885,-1.854377510696736,12,0.75,0_75_p12_h1_3_6_12_s0_75,0.75,False,False,highs
max_charge,13,619.2208695610364,960.9999999999999,341.77913043896353,29,190,0.9279974197517872,0.0017768001998774707,0.00616944513846344,7.56996927951775,12,0.75,0_75_p12_h1_3_6_12_s0_75,0.75,False,False,highs
max_charge,14,604.000160434842,961.5249999999999,357.52483956515783,33,214,0.9376691890230273,0.0019030003168154508,0.0066076399889425375,-7.650739846676629,12,0.75,0_75_p12_h1_3_6_12_s0_75,0.75,False,False,highs
max_charge,15,634.1906249249975,963.1249999999999,328.93437507500244,35,186,0.8666843575912276,0.0020614000677596778,0.007157639124165548,22.53972464347885,12,0.75,0_75_p12_h1_3_6_12_s0_75,0.75,False,False,highs
max_charge,16,597.9587159236271,957.9999999999999,360.04128407637273,35,192,0.906531196442331,0.0019943999650422484,0.006924999878618918,-13.692184357891506,12,0.75,0_75_p12_h1_3_6_12_s0_75,0.75,False,False,highs
max_charge,17,543.6713265975316,940.7499999999999,397.0786734024683,33,200,0.8983767118272508,0.002104299986967817,0.0073065971769715864,-67.97957368398704,12,0.75,0_75_p12_h1_3_6_12_s0_75,0.75,False,False,highs
max_charge,18,721.9161768058934,955.3999999999999,233.48382319410638,40,194,0.9978888876883427,0.0021218000329099596,0.007367361225381804,110.26527652437483,12,0.75,0_75_p12_h1_3_6_12_s0_75,0.75,False,False,highs
max_charge,19,594.8175961911677,948.6499999999999,353.8324038088321,38,160,0.867745824615629,0.002090699679683894,0.007259373887791298,-16.833304090350907,12,0.75,0_75_p12_h1_3_6_12_s0_75,0.75,False,False,highs
max_charge,20,684.7931894386807,949.6249999999999,264.8318105613192,38,201,0.898036520834093,0.0021417999814730138,0.007436805491225742,73.14228915716205,12,0.75,0_75_p12_h1_3_6_12_s0_75,0.75,False,False,highs
max_charge,21,543.9419714927673,951.3999999999999,407.4580285072326,33,203,0.9972465356427807,0.002101800113450736,0.007297917060592833,-67.70892878875134,12,0.75,0_75_p12_h1_3_6_12_s0_75,0.75,False,False,highs
max_charge,22,691.708882600069,963.7499999999999,272.0411173999309,36,204,0.8684234966526763,0.0022873998095747083,0.007942360449912181,80.05798231855044,12,0.75,0_75_p12_h1_3_6_12_s0_75,0.75,False,False,highs
max_charge,23,632.2975602606932,958.1499999999999,325.8524397393067,29,212,0.8510640015761592,0.0021339997474569827,0.0074097213453367455,20.646659979174615,12,0.75,0_75_p12_h1_3_6_12_s0_75,0.75,False,False,highs
max_charge,24,608.4104310423136,954.8749999999999,346.46456895768637,30,207,0.9105346783408214,0.0021900002902839333,0.0076041676745969905,-3.2404692392050265,12,0.75,0_75_p12_h1_3_6_12_s0_75,0.75,False,False,highs
max_charge,25,479.17661181092257,958.8749999999999,479.6983881890773,29,213,0.9015597038605669,0.0019843998306896538,0.0068902771898946315,-132.47428847059604,12,0.75,0_75_p12_h1_3_6_12_s0_75,0.75,False,False,highs
max_charge,26,601.1218316733837,956.6499999999999,355.52816832661625,33,177,0.996397429771886,0.002191199717344716,0.007608332351891376,-10.529068608134935,12,0.75,0_75_p12_h1_3_6_12_s0_75,0.75,False,False,highs
max_charge,27,736.047432374954,965.6999999999998,229.65256762504575,28,229,0.9588450385165067,0.0022749001800548285,0.00789895895852371,124.39653209343544,12,0.75,0_75_p12_h1_3_6_12_s0_75,0.75,False,False,highs
max_charge,28,556.3399222532908,953.7999999999998,397.46007774670915,32,219,0.9205746883229892,0.002452899672789499,0.008517012752741316,-55.31097802822785,12,0.75,0_75_p12_h1_3_6_12_s0_75,0.75,False,False,highs
max_charge,29,588.6199053525924,953.7999999999998,365.1800946474075,27,211,0.962649229806778,0.0018283003300894052,0.006348265035032657,-23.030994928926248,12,0.75,0_75_p12_h1_3_6_12_s0_75,0.75,False,False,highs
random,0,604.0573573097171,942.3363287485894,338.2789714388723,31,193,0.9089628923539238,0.019953200069721788,0.06928194468653398,-7.593542971801526,12,0.75,0_75_p12_h1_3_6_12_s0_75,0.75,False,False,highs
random,1,616.3912125878769,945.4266640534133,329.0354514655364,30,193,0.9380950853958183,0.020751799951540306,0.07205486094284828,4.740312306358305,12,0.75,0_75_p12_h1_3_6_12_s0_75,0.75,False,False,highs
random,2,618.9404601572628,933.6614441717225,314.72098401445965,32,200,0.8648733229896265,0.021391099988250062,0.07427465273697938,7.289559875744203,12,0.75,0_75_p12_h1_3_6_12_s0_75,0.75,False,False,highs
random,3,608.9208743373466,948.3484263706522,339.4275520333056,28,196,0.8509205009735065,0.027789699932327494,0.09649201365391491,-2.7300259441719845,12,0.75,0_75_p12_h1_3_6_12_s0_75,0.75,False,False,highs
random,4,582.4055888621796,942.2712505465213,359.8656616843417,33,197,0.9867353276980071,0.020838699798332527,0.07235659652198795,-29.245311419339032,12,0.75,0_75_p12_h1_3_6_12_s0_75,0.75,False,False,highs
random,5,623.3139254735863,939.3531479693116,316.03922249572537,35,210,0.7790912345992218,0.021352399664465338,0.07414027661272687,11.663025192067721,12,0.75,0_75_p12_h1_3_6_12_s0_75,0.75,False,False,highs
random,6,580.2682507163004,925.1262556545047,344.85800493820426,27,243,0.9979661870576169,0.023451600078260526,0.0814291669384046,-31.38264956521823,12,0.75,0_75_p12_h1_3_6_12_s0_75,0.75,False,False,highs
random,7,679.6166115006295,937.0742885698061,257.45767706917655,28,190,0.8872974191569873,0.02381590023287572,0.08269409803081847,67.96571121911086,12,0.75,0_75_p12_h1_3_6_12_s0_75,0.75,False,False,highs
random,8,631.2939630211586,941.0937993403243,309.79983631916576,27,210,0.8622929035793868,0.02327340020565316,0.08081041738074014,19.64306273963996,12,0.75,0_75_p12_h1_3_6_12_s0_75,0.75,False,False,highs
random,9,543.4421127446101,935.6012938747976,392.1591811301876,27,231,0.8126623374924318,0.02559539969661273,0.08887291561323865,-68.20878753690852,12,0.75,0_75_p12_h1_3_6_12_s0_75,0.75,False,False,highs
random,10,501.79525229683514,944.2739446376886,442.47869234085346,31,198,0.799592082111045,0.022913799999514595,0.07956180555387012,-109.85564798468346,12,0.75,0_75_p12_h1_3_6_12_s0_75,0.75,False,False,highs
random,11,592.1888241235063,929.7640379836978,337.5752138601915,29,176,0.9015204308547571,0.017359699704684317,0.06027673508570944,-19.462076158012337,12,0.75,0_75_p12_h1_3_6_12_s0_75,0.75,False,False,highs
random,12,598.6523913480863,938.7436927523189,340.0913014042326,33,208,0.7929195708912743,0.02001230017049238,0.06948715336976521,-12.998508933432277,12,0.75,0_75_p12_h1_3_6_12_s0_75,0.75,False,False,highs
random,13,610.2059355778168,946.8816057711654,336.67567019334854,27,192,0.9367782273328072,0.02111739994143136,0.07332430535219221,-1.4449647037017712,12,0.75,0_75_p12_h1_3_6_12_s0_75,0.75,False,False,highs
random,14,596.7677875472855,950.0971461068871,353.32935855960153,24,223,0.9934183816132636,0.023440100194420666,0.08138923678618287,-14.883112734233123,12,0.75,0_75_p12_h1_3_6_12_s0_75,0.75,False,False,highs
random,15,622.4816864105082,946.20650436235,323.7248179518417,33,189,0.8210056963719878,0.0261389997031074,0.09076041563578958,10.830786128989644,12,0.75,0_75_p12_h1_3_6_12_s0_75,0.75,False,False,highs
random,16,581.4319316719223,932.1539981133101,350.72206644138777,34,192,0.909828446192576,0.02204479993088171,0.07654444420445038,-30.218968609596345,12,0.75,0_75_p12_h1_3_6_12_s0_75,0.75,False,False,highs
random,17,531.2583610037052,921.0276457227685,389.7692847190633,26,206,0.903675825899985,0.022247200249694288,0.07724722308921628,-80.3925392778134,12,0.75,0_75_p12_h1_3_6_12_s0_75,0.75,False,False,highs
random,18,708.898397065865,938.3969998395673,229.49860277370237,34,200,0.8928766195423561,0.025095100019825622,0.08713576395772786,97.24749678434637,12,0.75,0_75_p12_h1_3_6_12_s0_75,0.75,False,False,highs
random,19,579.5884456056826,924.4283763318139,344.8399307261312,28,170,0.8657867066295246,0.022785600216593593,0.07911666741872775,-32.062454675835966,12,0.75,0_75_p12_h1_3_6_12_s0_75,0.75,False,False,highs
random,20,674.0560467814153,934.0687217397954,260.01267495838005,38,201,0.9331649308271791,0.02164879976771772,0.07516944363790874,62.40514649989666,12,0.75,0_75_p12_h1_3_6_12_s0_75,0.75,False,False,highs
random,21,535.4557436684374,937.1610704823489,401.7053268139115,29,208,0.9976784447690227,0.026900900178588927,0.09340590339787821,-76.19515661308117,12,0.75,0_75_p12_h1_3_6_12_s0_75,0.75,False,False,highs
random,22,682.0152020888481,948.9402180472305,266.92501595838235,33,207,0.9430787287754628,0.027189499756786972,0.09440798526662143,70.36430180732953,12,0.75,0_75_p12_h1_3_6_12_s0_75,0.75,False,False,highs
random,23,625.1843582314759,946.8664711120608,321.6821128805849,30,212,0.8283812535454331,0.021699200005969033,0.07534444446517025,13.533457949957324,12,0.75,0_75_p12_h1_3_6_12_s0_75,0.75,False,False,highs
random,24,595.0970192341647,933.9591204422974,338.86210120813274,29,208,0.9957116062720127,0.02259079972282052,0.07844027681534903,-16.55388104735391,12,0.75,0_75_p12_h1_3_6_12_s0_75,0.75,False,False,highs
random,25,470.53120618121625,942.9777618926488,472.44655571143255,32,210,0.9973163733906789,0.02336740036844276,0.08113680683487069,-141.11969410030235,12,0.75,0_75_p12_h1_3_6_12_s0_75,0.75,False,False,highs
random,26,589.7155480398001,938.8520401659354,349.13649212613524,32,178,0.8422705913013573,0.021413000125903636,0.07435069488160985,-21.935352241718533,12,0.75,0_75_p12_h1_3_6_12_s0_75,0.75,False,False,highs
random,27,726.333317480442,953.0110724358785,226.67775495543657,24,233,0.9965100005612046,0.023274700448382646,0.08081493211243974,114.68241719892342,12,0.75,0_75_p12_h1_3_6_12_s0_75,0.75,False,False,highs
random,28,548.7537393875373,941.0252794706308,392.2715400830935,25,226,0.9548036358240051,0.021331999800167978,0.07406944375058326,-62.89716089398132,12,0.75,0_75_p12_h1_3_6_12_s0_75,0.75,False,False,highs
random,29,575.9604356176114,933.6218372870519,357.6614016694404,29,209,0.9984808629215166,0.022695199848385528,0.07880277725133863,-35.690464663907164,12,0.75,0_75_p12_h1_3_6_12_s0_75,0.75,False,False,highs
