controller,seed,net_profit,total_revenue,total_cost,served_customers,rejected_customers,mean_soc_fulfillment,total_compute_s,mean_step_ms,gap_to_best,ports,grid_cap_strain,experiment_id,tariff,bess_enabled,v2g_enabled,solver
milp_h1,0,45.045291616112706,131.44702788794112,86.40173627182841,5,228,0.9934898149451237,6.128766700043343,21.280439930706052,0.05472755513366678,3,0.75,dynamic_1_5_p3_h1_3_6_12_s0_75,dynamic:1.5,True,True,highs
milp_h1,1,43.5964757530797,127.0691190774036,83.4726433243239,5,227,0.9063061470176538,6.928688800151576,24.057947222748528,-1.394088307899338,3,0.75,dynamic_1_5_p3_h1_3_6_12_s0_75,dynamic:1.5,True,True,highs
milp_h1,2,42.418630044832085,123.82758299676006,81.40895295192797,2,239,0.0,4.769334199940204,16.56018819423682,-2.5719340161469546,3,0.75,dynamic_1_5_p3_h1_3_6_12_s0_75,dynamic:1.5,True,True,highs
milp_h1,3,44.732187044707985,130.60221308458253,85.87002603987455,6,227,0.9985460720937022,4.571596800073166,15.87360000025405,-0.258377016271055,3,0.75,dynamic_1_5_p3_h1_3_6_12_s0_75,dynamic:1.5,True,True,highs
milp_h1,4,48.01148482593608,140.34237784946671,92.33089302353063,5,234,0.9986931096130579,4.608056500117527,16.000196180963638,3.02092076495704,3,0.75,dynamic_1_5_p3_h1_3_6_12_s0_75,dynamic:1.5,True,True,highs
milp_h1,5,42.05288461758674,122.47965006706039,80.42676544947365,9,245,0.9988171442304771,4.545440400164807,15.782779167238914,-2.937679443392298,3,0.75,dynamic_1_5_p3_h1_3_6_12_s0_75,dynamic:1.5,True,True,highs
milp_h1,6,45.97777120126649,134.2755214671624,88.29775026589591,6,273,0.7576123014954262,4.352257699938491,15.112005902564205,0.9872071402874525,3,0.75,dynamic_1_5_p3_h1_3_6_12_s0_75,dynamic:1.5,True,True,highs
milp_h1,7,34.83103500628029,101.17128400453483,66.34024899825454,7,220,0.6127070284078633,4.386122800045996,15.229593055715263,-10.159529054698751,3,0.75,dynamic_1_5_p3_h1_3_6_12_s0_75,dynamic:1.5,True,True,highs
milp_h1,8,41.02093540803922,119.32210470906308,78.30116930102386,11,235,0.7211788732538613,4.372403200046392,15.18195555571664,-3.969628652939818,3,0.75,dynamic_1_5_p3_h1_3_6_12_s0_75,dynamic:1.5,True,True,highs
milp_h1,9,51.479879712567225,150.5909754954333,99.11109578286607,8,259,0.8326600391296999,4.384999999922002,15.225694444173618,6.489315651588186,3,0.75,dynamic_1_5_p3_h1_3_6_12_s0_75,dynamic:1.5,True,True,highs
milp_h1,10,58.20377556147295,170.38333851251798,112.17956295104503,6,232,0.9972424074765027,4.330285100062611,15.035712152995176,13.213211500493912,3,0.75,dynamic_1_5_p3_h1_3_6_12_s0_75,dynamic:1.5,True,True,highs
milp_h1,11,45.29344386871837,131.97899655842963,86.68555268971126,8,209,0.9926751908387981,4.43300559988711,15.392380555163577,0.30287980773933043,3,0.75,dynamic_1_5_p3_h1_3_6_12_s0_75,dynamic:1.5,True,True,highs
milp_h1,12,45.00644334264875,131.7919143111336,86.78547096848486,2,248,0.0,4.5106369001441635,15.661933681056123,0.01587928166971153,3,0.75,dynamic_1_5_p3_h1_3_6_12_s0_75,dynamic:1.5,True,True,highs
milp_h1,13,44.795738560114415,130.67609206235022,85.8803535022358,6,222,0.9673899386342725,4.518917599969427,15.690686111004956,-0.19482550086462425,3,0.75,dynamic_1_5_p3_h1_3_6_12_s0_75,dynamic:1.5,True,True,highs
milp_h1,14,46.28163807779245,135.14338147506726,88.86174339727481,9,247,0.997686613960635,6.749240700111841,23.434863542055,1.2910740168134112,3,0.75,dynamic_1_5_p3_h1_3_6_12_s0_75,dynamic:1.5,True,True,highs
milp_h1,15,42.59381774346727,124.97468817885417,82.3808704353869,4,226,0.9994816543362798,7.369806100105052,25.58960451425365,-2.39674631751177,3,0.75,dynamic_1_5_p3_h1_3_6_12_s0_75,dynamic:1.5,True,True,highs
milp_h1,16,47.054036945171816,137.5197114431497,90.46567449797789,9,226,0.8199570489930543,7.758307899930514,26.938569096980952,2.0634728841927767,3,0.75,dynamic_1_5_p3_h1_3_6_12_s0_75,dynamic:1.5,True,True,highs
milp_h1,17,51.582015732360475,151.0549318201635,99.47291608780301,4,237,0.9977874655730805,7.449066300105187,25.8648135420319,6.591451671381435,3,0.75,dynamic_1_5_p3_h1_3_6_12_s0_75,dynamic:1.5,True,True,highs
milp_h1,18,30.406428278267825,88.88268049101575,58.47625221274792,5,238,0.7597254614180009,7.640811299934285,26.53059479143849,-14.584135782711215,3,0.75,dynamic_1_5_p3_h1_3_6_12_s0_75,dynamic:1.5,True,True,highs
milp_h1,19,46.113593406315346,134.541373307647,88.42777990133166,4,203,0.9978516068894683,7.524225599860074,26.12578333284748,1.123029345336306,3,0.75,dynamic_1_5_p3_h1_3_6_12_s0_75,dynamic:1.5,True,True,highs
milp_h1,20,34.68019518003351,100.94232578488673,66.26213060485323,8,240,0.9969481498207651,7.56136340003286,26.254734027891875,-10.310368880945532,3,0.75,dynamic_1_5_p3_h1_3_6_12_s0_75,dynamic:1.5,True,True,highs
milp_h1,21,53.121185607628206,155.24611375912085,102.12492815149264,7,238,0.9979911067128082,7.017888400005177,24.36766805557353,8.130621546649166,3,0.75,dynamic_1_5_p3_h1_3_6_12_s0_75,dynamic:1.5,True,True,highs
milp_h1,22,35.88583848443207,104.04369282540257,68.1578543409705,4,245,0.9989146621181967,6.633824599979562,23.03411319437348,-9.104725576546969,3,0.75,dynamic_1_5_p3_h1_3_6_12_s0_75,dynamic:1.5,True,True,highs
milp_h1,23,42.76044757859722,124.56535107837931,81.80490349978209,6,244,0.49701292671213737,6.99583379982505,24.291089582725867,-2.230116482381817,3,0.75,dynamic_1_5_p3_h1_3_6_12_s0_75,dynamic:1.5,True,True,highs
milp_h1,24,45.404037858598656,132.5266434988928,87.12260564029415,8,238,0.8218011574771861,7.059020900240284,24.510489236945432,0.41347379761961633,3,0.75,dynamic_1_5_p3_h1_3_6_12_s0_75,dynamic:1.5,True,True,highs
milp_h1,25,62.63810930604504,183.32658008308934,120.6884707770443,6,245,0.9980061964989466,6.768473300006008,23.50164340279864,17.647545245066,3,0.75,dynamic_1_5_p3_h1_3_6_12_s0_75,dynamic:1.5,True,True,highs
milp_h1,26,46.5160075050356,135.9814912576737,89.4654837526381,5,214,0.9985520266383381,6.936329900097917,24.084478819784433,1.5254434440565632,3,0.75,dynamic_1_5_p3_h1_3_6_12_s0_75,dynamic:1.5,True,True,highs
milp_h1,27,29.89020619718363,87.30714656907449,57.41694037189086,6,259,0.9996098974430108,6.913410600100178,24.004897917014507,-15.10035786379541,3,0.75,dynamic_1_5_p3_h1_3_6_12_s0_75,dynamic:1.5,True,True,highs
milp_h1,28,51.041393920451355,149.0712611475785,98.02986722712714,4,256,0.9980184249427461,6.476679000086733,22.488468750301156,6.050829859472316,3,0.75,dynamic_1_5_p3_h1_3_6_12_s0_75,dynamic:1.5,True,True,highs
milp_h1,29,47.629940096725534,139.17492800473124,91.54498790800571,4,243,0.0,6.768531699897721,23.50184618020042,2.639376035746494,3,0.75,dynamic_1_5_p3_h1_3_6_12_s0_75,dynamic:1.5,True,True,highs
milp_h3,0,45.082770323123256,131.55946400897275,86.4766936858495,8,225,0.9949285513336555,12.353217300027609,42.89311562509587,0.09220626214421657,3,0.75,dynamic_1_5_p3_h1_3_6_12_s0_75,dynamic:1.5,True,True,highs
milp_h3,1,43.77317062116448,127.59920429236475,83.82603367120026,4,228,0.8423464361473135,13.62850369985972,47.321193402290696,-1.2173934398145576,3,0.75,dynamic_1_5_p3_h1_3_6_12_s0_75,dynamic:1.5,True,True,highs
milp_h3,2,42.418630044832085,123.82758299676006,81.40895295192797,5,236,0.7423588328481076,11.106653400027426,38.564768750095226,-2.5719340161469546,3,0.75,dynamic_1_5_p3_h1_3_6_12_s0_75,dynamic:1.5,True,True,highs
milp_h3,3,44.73953112134342,130.62424531448883,85.88471419314541,7,226,0.6159745813502042,7.262106600028346,25.215647916765093,-0.25103293963562123,3,0.75,dynamic_1_5_p3_h1_3_6_12_s0_75,dynamic:1.5,True,True,highs
milp_h3,4,48.03047209291866,140.39933965041448,92.36886755749582,6,233,0.9984258840276556,7.43346649997693,25.810647569364342,3.0399080319396177,3,0.75,dynamic_1_5_p3_h1_3_6_12_s0_75,dynamic:1.5,True,True,highs
milp_h3,5,42.07015165557476,122.53145118102442,80.46129952544966,6,248,0.7424048255181056,7.221618100113119,25.075062847614998,-2.920412405404278,3,0.75,dynamic_1_5_p3_h1_3_6_12_s0_75,dynamic:1.5,True,True,highs
milp_h3,6,46.20223297832156,134.94896369714363,88.74673071882206,5,274,0.9986982740346426,7.234247799919103,25.11891597194133,1.2116689173425215,3,0.75,dynamic_1_5_p3_h1_3_6_12_s0_75,dynamic:1.5,True,True,highs
milp_h3,7,33.92725429450705,98.45993853726777,64.53268424276072,6,221,0.9954909311284649,4.9106696000671946,17.050936111344427,-11.063309766471988,3,0.75,dynamic_1_5_p3_h1_3_6_12_s0_75,dynamic:1.5,True,True,highs
milp_h3,8,41.20629694067473,119.87818989806408,78.67189295738935,6,240,0.7402907436137164,6.34009309989051,22.014212152397604,-3.784267120304307,3,0.75,dynamic_1_5_p3_h1_3_6_12_s0_75,dynamic:1.5,True,True,highs
milp_h3,9,52.24870321836228,152.89744894565297,100.64874572729069,3,264,0.6987526803796295,8.215336099994602,28.525472569425702,7.258139157383241,3,0.75,dynamic_1_5_p3_h1_3_6_12_s0_75,dynamic:1.5,True,True,highs
milp_h3,10,58.425170777775406,171.04752496435,112.6223541865746,6,232,0.998653133443184,5.940198900018004,20.625690625062514,13.434606716796367,3,0.75,dynamic_1_5_p3_h1_3_6_12_s0_75,dynamic:1.5,True,True,highs
milp_h3,11,45.29341637796405,131.9789692743842,86.68555289642016,7,207,0.9983242629837907,7.821941700181924,27.159519792298347,0.30285231698501036,3,0.75,dynamic_1_5_p3_h1_3_6_12_s0_75,dynamic:1.5,True,True,highs
milp_h3,12,45.006443342648765,131.79191431113364,86.78547096848487,5,245,0.9989191171103954,6.974939500098117,24.218539930896238,0.015879281669725742,3,0.75,dynamic_1_5_p3_h1_3_6_12_s0_75,dynamic:1.5,True,True,highs
milp_h3,13,44.8047538662981,130.7031379809013,85.89838411460319,5,223,0.9978396523636887,7.826440799995908,27.175141666652458,-0.18581019468093984,3,0.75,dynamic_1_5_p3_h1_3_6_12_s0_75,dynamic:1.5,True,True,highs
milp_h3,14,46.74359296767123,136.52924784777767,89.78565488010643,6,250,0.9975173233579705,9.162594399866066,31.81456388842384,1.7530289066921938,3,0.75,dynamic_1_5_p3_h1_3_6_12_s0_75,dynamic:1.5,True,True,highs
milp_h3,15,42.59381774346727,124.97468817885415,82.38087043538688,6,224,0.8200224363029216,7.4129612000106135,25.739448611147964,-2.39674631751177,3,0.75,dynamic_1_5_p3_h1_3_6_12_s0_75,dynamic:1.5,True,True,highs
milp_h3,16,47.06302162686454,137.54666548822786,90.48364386136332,5,230,0.9977698191554596,7.38815050003177,25.653300347332536,2.0724575658855002,3,0.75,dynamic_1_5_p3_h1_3_6_12_s0_75,dynamic:1.5,True,True,highs
milp_h3,17,51.76385013981876,151.60049925766202,99.83664911784327,4,237,0.9980841981377598,11.598468300100649,40.27245937534948,6.773286078839718,3,0.75,dynamic_1_5_p3_h1_3_6_12_s0_75,dynamic:1.5,True,True,highs
milp_h3,18,30.406428278267825,88.88268049101575,58.47625221274792,5,238,0.8392537799929021,9.659679900141782,33.54055520882563,-14.584135782711215,3,0.75,dynamic_1_5_p3_h1_3_6_12_s0_75,dynamic:1.5,True,True,highs
milp_h3,19,46.19205213774666,134.776805725684,88.58475358793734,4,203,0.996889369532796,14.045814299955964,48.77018854151376,1.2014880767676175,3,0.75,dynamic_1_5_p3_h1_3_6_12_s0_75,dynamic:1.5,True,True,highs
milp_h3,20,34.68562011364337,100.95860058571631,66.27298047207294,4,244,0.9977151794834451,13.222080399922561,45.91000138862,-10.304943947335673,3,0.75,dynamic_1_5_p3_h1_3_6_12_s0_75,dynamic:1.5,True,True,highs
milp_h3,21,53.18033546465536,155.42356333020228,102.24322786554693,8,237,0.7719129286540802,11.033376599967596,38.31033541655415,8.189771403676318,3,0.75,dynamic_1_5_p3_h1_3_6_12_s0_75,dynamic:1.5,True,True,highs
milp_h3,22,36.02955695400712,104.47484878237124,68.44529182836412,5,244,0.0,14.673228799860226,50.94871111062579,-8.96100710697192,3,0.75,dynamic_1_5_p3_h1_3_6_12_s0_75,dynamic:1.5,True,True,highs
milp_h3,23,42.76044757859722,124.5653510783793,81.80490349978207,8,242,0.5380030860967459,13.543371399893658,47.02559513851965,-2.230116482381817,3,0.75,dynamic_1_5_p3_h1_3_6_12_s0_75,dynamic:1.5,True,True,highs
milp_h3,24,45.411303186170485,132.54843948160828,87.1371362954378,6,240,0.7467158359467256,12.114525600161869,42.06432500056204,0.42073912519144585,3,0.75,dynamic_1_5_p3_h1_3_6_12_s0_75,dynamic:1.5,True,True,highs
milp_h3,25,62.65691224283262,183.3829888934521,120.72607665061949,4,247,0.996326032949626,15.750544300084584,54.68938993084925,17.66634818185358,3,0.75,dynamic_1_5_p3_h1_3_6_12_s0_75,dynamic:1.5,True,True,highs
milp_h3,26,46.34665113259196,135.47342160527424,89.12677047268228,4,215,0.9992700826544713,6.714953900067485,23.3158121530121,1.3560870716129187,3,0.75,dynamic_1_5_p3_h1_3_6_12_s0_75,dynamic:1.5,True,True,highs
milp_h3,27,29.89560196442534,87.32333387079963,57.42773190637429,4,261,0.9983905050921229,6.309295199869666,21.907274999547454,-15.0949620965537,3,0.75,dynamic_1_5_p3_h1_3_6_12_s0_75,dynamic:1.5,True,True,highs
milp_h3,28,52.14805428423287,152.39124646050533,100.24319217627246,4,256,0.0,8.209087699986412,28.50377673606393,7.157490223253831,3,0.75,dynamic_1_5_p3_h1_3_6_12_s0_75,dynamic:1.5,True,True,highs
milp_h3,29,47.629940096725534,139.17492800473124,91.54498790800571,6,241,0.9990120185665092,6.6036462998745264,22.929327430119884,2.639376035746494,3,0.75,dynamic_1_5_p3_h1_3_6_12_s0_75,dynamic:1.5,True,True,highs
milp_h6,0,45.082770323123256,131.55946400897275,86.4766936858495,5,228,0.9987548032451539,9.704517400212353,33.69624097295956,0.09220626214421657,3,0.75,dynamic_1_5_p3_h1_3_6_12_s0_75,dynamic:1.5,True,True,highs
milp_h6,1,43.77317062116448,127.59920429236475,83.82603367120026,4,228,0.8423464361473135,10.36615239980165,35.9935847215335,-1.2173934398145576,3,0.75,dynamic_1_5_p3_h1_3_6_12_s0_75,dynamic:1.5,True,True,highs
milp_h6,2,42.418630044832085,123.82758299676006,81.40895295192797,5,236,0.7423588328481076,9.288733299836167,32.252546179986695,-2.5719340161469546,3,0.75,dynamic_1_5_p3_h1_3_6_12_s0_75,dynamic:1.5,True,True,highs
milp_h6,3,44.73953112134342,130.62424531448883,85.88471419314541,4,229,0.9984686497067399,11.003111099926173,38.20524687474366,-0.25103293963562123,3,0.75,dynamic_1_5_p3_h1_3_6_12_s0_75,dynamic:1.5,True,True,highs
milp_h6,4,48.03047209291866,140.39933965041448,92.36886755749582,5,234,0.9986224948789101,11.648946199944476,40.447729860918315,3.0399080319396177,3,0.75,dynamic_1_5_p3_h1_3_6_12_s0_75,dynamic:1.5,True,True,highs
milp_h6,5,42.07015165557476,122.53145118102442,80.46129952544966,6,248,0.8707666018972957,14.83771900011925,51.519857639302955,-2.920412405404278,3,0.75,dynamic_1_5_p3_h1_3_6_12_s0_75,dynamic:1.5,True,True,highs
milp_h6,6,46.202288974882975,134.94901973677298,88.74673076189,4,275,0.9974625189685427,14.563819399802014,50.56881736042366,1.2117249139039359,3,0.75,dynamic_1_5_p3_h1_3_6_12_s0_75,dynamic:1.5,True,True,highs
milp_h6,7,34.82593031903629,101.15596994280283,66.33003962376654,3,224,0.9993567540705781,9.508613300058641,33.016018402981395,-10.164633741942751,3,0.75,dynamic_1_5_p3_h1_3_6_12_s0_75,dynamic:1.5,True,True,highs
milp_h6,8,41.20629694067473,119.87818989806408,78.67189295738935,9,238,0.9345182281169815,13.068970900058048,45.378371180757114,-3.784267120304307,3,0.75,dynamic_1_5_p3_h1_3_6_12_s0_75,dynamic:1.5,True,True,highs
milp_h6,9,52.24870321836228,152.89744894565297,100.64874572729069,3,264,0.6987526803796295,19.23522249983216,66.78896701330612,7.258139157383241,3,0.75,dynamic_1_5_p3_h1_3_6_12_s0_75,dynamic:1.5,True,True,highs
milp_h6,10,58.425170777775406,171.04752496435,112.6223541865746,5,233,0.9970154741901706,19.36506319999171,67.23980277774899,13.434606716796367,3,0.75,dynamic_1_5_p3_h1_3_6_12_s0_75,dynamic:1.5,True,True,highs
milp_h6,11,45.29347110682848,131.97902384247504,86.68555273564657,8,206,0.9969484019934892,17.700590100008412,61.46038229169588,0.3029070458494374,3,0.75,dynamic_1_5_p3_h1_3_6_12_s0_75,dynamic:1.5,True,True,highs
milp_h6,12,45.00644334264878,131.79191431113364,86.78547096848486,6,244,0.9665676054822739,16.192579800073872,56.224235416923165,0.015879281669739953,3,0.75,dynamic_1_5_p3_h1_3_6_12_s0_75,dynamic:1.5,True,True,highs
milp_h6,13,44.8047538662981,130.7031379809013,85.89838411460319,5,223,0.8220855111306528,18.309763600016595,63.575568055613175,-0.18581019468093984,3,0.75,dynamic_1_5_p3_h1_3_6_12_s0_75,dynamic:1.5,True,True,highs
milp_h6,14,46.73557573287573,136.50519614339117,89.76962041051544,9,247,0.9976214439105421,17.738780499916174,61.59298784693116,1.745011671896691,3,0.75,dynamic_1_5_p3_h1_3_6_12_s0_75,dynamic:1.5,True,True,highs
milp_h6,15,42.444854193037514,124.5277969873251,82.08294279428759,5,226,0.9980251286461326,16.292565100084175,56.571406597514496,-2.5457098679415253,3,0.75,dynamic_1_5_p3_h1_3_6_12_s0_75,dynamic:1.5,True,True,highs
milp_h6,16,47.06302162686454,137.54666548822786,90.48364386136332,7,228,0.9983449151947189,16.19915499993658,56.24706597200202,2.0724575658855002,3,0.75,dynamic_1_5_p3_h1_3_6_12_s0_75,dynamic:1.5,True,True,highs
milp_h6,17,51.76391319558054,151.60056203093038,99.83664883534983,4,237,0.9975764399284939,17.112508999955026,59.418434027621615,6.773349134601503,3,0.75,dynamic_1_5_p3_h1_3_6_12_s0_75,dynamic:1.5,True,True,highs
milp_h6,18,30.406428278267825,88.88268049101575,58.47625221274792,6,237,0.6285735364798682,19.110879900035798,66.3572218751243,-14.584135782711215,3,0.75,dynamic_1_5_p3_h1_3_6_12_s0_75,dynamic:1.5,True,True,highs
milp_h6,19,46.192108014791316,134.77686164746393,88.58475363267262,4,203,0.996889369532796,17.687521699874196,61.41500590234096,1.2015439538122763,3,0.75,dynamic_1_5_p3_h1_3_6_12_s0_75,dynamic:1.5,True,True,highs
milp_h6,20,34.74297676897689,101.13071231120291,66.38773554222603,9,239,0.9970807588831756,11.813474499926087,41.01900868029892,-10.247587292002152,3,0.75,dynamic_1_5_p3_h1_3_6_12_s0_75,dynamic:1.5,True,True,highs
milp_h6,21,53.18033546465536,155.42356333020228,102.24322786554693,7,238,0.9982236032651004,18.258604100017692,63.39793090283921,8.189771403676318,3,0.75,dynamic_1_5_p3_h1_3_6_12_s0_75,dynamic:1.5,True,True,highs
milp_h6,22,35.97343222769473,104.30647460343408,68.33304237573935,8,241,0.9982113042494639,17.91949859999295,62.22048124997551,-9.01713183328431,3,0.75,dynamic_1_5_p3_h1_3_6_12_s0_75,dynamic:1.5,True,True,highs
milp_h6,23,42.76044757859722,124.5653510783793,81.80490349978207,6,244,0.8947936051814166,19.129517099951045,66.42193437483002,-2.230116482381817,3,0.75,dynamic_1_5_p3_h1_3_6_12_s0_75,dynamic:1.5,True,True,highs
milp_h6,24,45.47952824931387,132.75316962438188,87.27364137506801,9,237,0.8724340973914784,15.788601799984463,54.82153402772383,0.48896418833483324,3,0.75,dynamic_1_5_p3_h1_3_6_12_s0_75,dynamic:1.5,True,True,highs
milp_h6,25,62.65691224283262,183.3829888934521,120.72607665061949,4,247,0.996326032949626,20.523679199948674,71.26277499982179,17.66634818185358,3,0.75,dynamic_1_5_p3_h1_3_6_12_s0_75,dynamic:1.5,True,True,highs
milp_h6,26,46.5160075050356,135.9814912576737,89.4654837526381,3,216,0.9992792271972734,12.256930200004717,42.558785416683044,1.5254434440565632,3,0.75,dynamic_1_5_p3_h1_3_6_12_s0_75,dynamic:1.5,True,True,highs
milp_h6,27,29.895601964425346,87.32333387079963,57.427731906374284,6,259,0.0,16.786570400028722,58.28670277787751,-15.094962096553694,3,0.75,dynamic_1_5_p3_h1_3_6_12_s0_75,dynamic:1.5,True,True,highs
milp_h6,28,52.14805428423287,152.39124646050533,100.24319217627246,4,256,0.9993902325107973,16.19656200001191,56.23806250004135,7.157490223253831,3,0.75,dynamic_1_5_p3_h1_3_6_12_s0_75,dynamic:1.5,True,True,highs
milp_h6,29,47.629940096725534,139.17492800473124,91.54498790800571,5,242,0.9990956857916977,14.82117740016838,51.462421528362434,2.639376035746494,3,0.75,dynamic_1_5_p3_h1_3_6_12_s0_75,dynamic:1.5,True,True,highs
milp_h12,0,45.082770323123256,131.55946400897275,86.4766936858495,5,228,0.9969508734691866,22.37459199996374,77.68955555542965,0.09220626214421657,3,0.75,dynamic_1_5_p3_h1_3_6_12_s0_75,dynamic:1.5,True,True,highs
milp_h12,1,43.77317062116448,127.59920429236475,83.82603367120026,4,228,0.8423464361473135,24.50980949998484,85.1035052082807,-1.2173934398145576,3,0.75,dynamic_1_5_p3_h1_3_6_12_s0_75,dynamic:1.5,True,True,highs
milp_h12,2,41.90773052836822,122.29488256355648,80.38715203518827,6,235,0.9344822483452003,15.593241100141313,54.143198264379556,-3.0828335326108203,3,0.75,dynamic_1_5_p3_h1_3_6_12_s0_75,dynamic:1.5,True,True,highs
milp_h12,3,44.73953112134342,130.62424531448883,85.88471419314541,5,228,0.8212078072470614,24.1608984998893,83.89200868017117,-0.25103293963562123,3,0.75,dynamic_1_5_p3_h1_3_6_12_s0_75,dynamic:1.5,True,True,highs
milp_h12,4,48.030472092918686,140.3993396504145,92.36886755749582,6,233,0.620387968193352,21.09528570008115,73.24751979194843,3.039908031939646,3,0.75,dynamic_1_5_p3_h1_3_6_12_s0_75,dynamic:1.5,True,True,highs
milp_h12,5,42.07015165557476,122.53145118102442,80.46129952544966,5,249,0.9998644458113661,21.550880000082543,74.82944444473105,-2.920412405404278,3,0.75,dynamic_1_5_p3_h1_3_6_12_s0_75,dynamic:1.5,True,True,highs
milp_h12,6,46.20223280604982,134.94896369714363,88.7467308910938,4,275,0.9974625189685427,20.70924390006985,71.90709687524253,1.2116687450707815,3,0.75,dynamic_1_5_p3_h1_3_6_12_s0_75,dynamic:1.5,True,True,highs
milp_h12,7,34.81663734932337,101.12809103366409,66.31145368434072,7,220,0.9969390638296917,14.153187100004288,49.14301076390378,-10.173926711655668,3,0.75,dynamic_1_5_p3_h1_3_6_12_s0_75,dynamic:1.5,True,True,highs
milp_h12,8,41.27554716712349,120.08599016695929,78.8104429998358,7,239,0.7402907436137164,17.014921000081813,59.079586805839625,-3.715016893855548,3,0.75,dynamic_1_5_p3_h1_3_6_12_s0_75,dynamic:1.5,True,True,highs
milp_h12,9,52.24870321836228,152.89744894565297,100.64874572729069,3,264,0.6987526803796295,24.79324719993747,86.08766388867177,7.258139157383241,3,0.75,dynamic_1_5_p3_h1_3_6_12_s0_75,dynamic:1.5,True,True,highs
milp_h12,10,58.425170777775406,171.04752496435,112.6223541865746,5,233,0.9970154741901706,25.721033200097736,89.30914305589492,13.434606716796367,3,0.75,dynamic_1_5_p3_h1_3_6_12_s0_75,dynamic:1.5,True,True,highs
milp_h12,11,45.29341619422283,131.97896927438424,86.68555308016141,6,208,0.9976806295327029,20.185543100029463,70.08869131954674,0.302852133243789,3,0.75,dynamic_1_5_p3_h1_3_6_12_s0_75,dynamic:1.5,True,True,highs
milp_h12,12,45.006443342648765,131.79191431113364,86.78547096848487,6,244,0.9555082499901193,20.96606530000281,72.79883784723198,0.015879281669725742,3,0.75,dynamic_1_5_p3_h1_3_6_12_s0_75,dynamic:1.5,True,True,highs
milp_h12,13,44.8047538662981,130.7031379809013,85.89838411460319,6,222,0.854992153495083,20.994127100042533,72.89627465292546,-0.18581019468093984,3,0.75,dynamic_1_5_p3_h1_3_6_12_s0_75,dynamic:1.5,True,True,highs
milp_h12,14,46.74359296767123,136.52924784777767,89.78565488010643,8,248,0.9972360715311236,22.627903100161348,78.56910798667134,1.7530289066921938,3,0.75,dynamic_1_5_p3_h1_3_6_12_s0_75,dynamic:1.5,True,True,highs
milp_h12,15,42.59381774346727,124.97468817885415,82.38087043538688,5,225,0.7038069670536987,20.09261229998083,69.76601493048899,-2.39674631751177,3,0.75,dynamic_1_5_p3_h1_3_6_12_s0_75,dynamic:1.5,True,True,highs
milp_h12,16,47.06302162686454,137.54666548822786,90.48364386136332,7,228,0.9969295702778544,20.050293799926294,69.61907569418852,2.0724575658855002,3,0.75,dynamic_1_5_p3_h1_3_6_12_s0_75,dynamic:1.5,True,True,highs
milp_h12,17,51.76384996597666,151.60049925766202,99.83664929168536,3,238,0.9994971871101417,20.75439769985678,72.06388090228049,6.773285904997621,3,0.75,dynamic_1_5_p3_h1_3_6_12_s0_75,dynamic:1.5,True,True,highs
milp_h12,18,30.406428278267825,88.88268049101575,58.47625221274792,6,237,0.6285735364798682,24.52067160018487,85.14122083397524,-14.584135782711215,3,0.75,dynamic_1_5_p3_h1_3_6_12_s0_75,dynamic:1.5,True,True,highs
milp_h12,19,46.17309976857925,134.71994915500505,88.5468493864258,4,203,0.9995130416931615,18.97648839985777,65.89058472172837,1.1825357076002092,3,0.75,dynamic_1_5_p3_h1_3_6_12_s0_75,dynamic:1.5,True,True,highs
milp_h12,20,34.74297680545651,101.1307123112029,66.38773550574639,4,244,0.9985511059649532,21.09346840006765,73.24120972245711,-10.247587255522532,3,0.75,dynamic_1_5_p3_h1_3_6_12_s0_75,dynamic:1.5,True,True,highs
milp_h12,21,53.18033546465536,155.42356333020228,102.24322786554693,8,237,0.7158392313197969,23.566182700029458,81.82702326399118,8.189771403676318,3,0.75,dynamic_1_5_p3_h1_3_6_12_s0_75,dynamic:1.5,True,True,highs
milp_h12,22,35.70524836053012,103.50192179606196,67.79667343553184,10,239,0.9986063657563488,17.756532899904414,61.65462812466811,-9.285315700448919,3,0.75,dynamic_1_5_p3_h1_3_6_12_s0_75,dynamic:1.5,True,True,highs
milp_h12,23,42.76044757859722,124.5653510783793,81.80490349978207,6,244,0.8723760339887593,25.629611900047166,88.99170798627489,-2.230116482381817,3,0.75,dynamic_1_5_p3_h1_3_6_12_s0_75,dynamic:1.5,True,True,highs
milp_h12,24,45.47952829270764,132.75316962438188,87.27364133167424,8,238,0.8285493772121879,20.53977789999044,71.3186732638557,0.4889642317286018,3,0.75,dynamic_1_5_p3_h1_3_6_12_s0_75,dynamic:1.5,True,True,highs
milp_h12,25,62.65691224283262,183.3829888934521,120.72607665061949,4,247,0.996326032949626,27.13440370000899,94.2166795139201,17.66634818185358,3,0.75,dynamic_1_5_p3_h1_3_6_12_s0_75,dynamic:1.5,True,True,highs
milp_h12,26,46.5160075050356,135.9814912576737,89.4654837526381,3,216,0.9992792271972734,18.100678299961146,62.849577430420645,1.5254434440565632,3,0.75,dynamic_1_5_p3_h1_3_6_12_s0_75,dynamic:1.5,True,True,highs
milp_h12,27,29.895601964425346,87.32333387079963,57.427731906374284,6,259,0.0,24.980456599994795,86.73769652775971,-15.094962096553694,3,0.75,dynamic_1_5_p3_h1_3_6_12_s0_75,dynamic:1.5,True,True,highs
milp_h12,28,52.14805428423287,152.39124646050533,100.24319217627246,4,256,0.9993902325107973,24.088227400017786,83.63967847228398,7.157490223253831,3,0.75,dynamic_1_5_p3_h1_3_6_12_s0_75,dynamic:1.5,True,True,highs
milp_h12,29,47.629940096725534,139.17492800473124,91.54498790800571,5,242,0.0,21.34190900005342,74.10385069462993,2.639376035746494,3,0.75,dynamic_1_5_p3_h1_3_6_12_s0_75,dynamic:1.5,True,True,highs
equal_share,0,43.18847834806155,129.56543504418465,86.3769566961231,12,221,0.9118603729394342,0.005022299956181087,0.017438541514517663,-1.8020857129174885,3,0.75,dynamic_1_5_p3_h1_3_6_12_s0_75,dynamic:1.5,True,True,highs
equal_share,1,41.537884458084775,124.61365337425435,83.07576891616958,6,226,0.8691192438862833,0.0048252998967655,0.016754513530435763,-3.452679602894264,3,0.75,dynamic_1_5_p3_h1_3_6_12_s0_75,dynamic:1.5,True,True,highs
equal_share,2,27.465527445545725,82.39658233663717,54.93105489109144,2,239,0.9971375170778302,0.005057999849668704,0.017562499478016334,-17.525036615433315,3,0.75,dynamic_1_5_p3_h1_3_6_12_s0_75,dynamic:1.5,True,True,highs
equal_share,3,31.397255769965696,94.19176730989709,62.79451153993139,4,229,0.998714443990122,0.004769400009536184,0.016560416699778417,-13.593308291013344,3,0.75,dynamic_1_5_p3_h1_3_6_12_s0_75,dynamic:1.5,True,True,highs
equal_share,4,44.363663473476365,133.09099042042908,88.72732694695272,7,232,0.9980161990099758,0.004474099725484848,0.015535068491266834,-0.626900587502675,3,0.75,dynamic_1_5_p3_h1_3_6_12_s0_75,dynamic:1.5,True,True,highs
equal_share,5,38.1340680817096,114.4022042451288,76.2681361634192,8,246,0.9982623018400633,0.004365699962363578,0.015158680424873536,-6.8564959792694395,3,0.75,dynamic_1_5_p3_h1_3_6_12_s0_75,dynamic:1.5,True,True,highs
equal_share,6,34.809314853811486,104.42794456143449,69.618629707623,2,277,0.993884117959231,0.0030461998976534232,0.010577082977963274,-10.181249207167554,3,0.75,dynamic_1_5_p3_h1_3_6_12_s0_75,dynamic:1.5,True,True,highs
equal_share,7,29.661736354542462,88.9852090636274,59.32347270908493,8,219,0.6567337023809282,0.002393100265180692,0.008309375920766292,-15.328827706436577,3,0.75,dynamic_1_5_p3_h1_3_6_12_s0_75,dynamic:1.5,True,True,highs
equal_share,8,35.66135585230951,106.98406755692851,71.322711704619,4,242,0.9982152573520136,0.0021106001368025318,0.007328472697231013,-9.329208208669527,3,0.75,dynamic_1_5_p3_h1_3_6_12_s0_75,dynamic:1.5,True,True,highs
equal_share,9,38.66951904567439,116.00855713702319,77.3390380913488,5,262,0.8973252636991397,0.0024366000288864598,0.008460416766966874,-6.321045015304648,3,0.75,dynamic_1_5_p3_h1_3_6_12_s0_75,dynamic:1.5,True,True,highs
equal_share,10,49.63734718756447,148.91204156269342,99.27469437512895,7,231,0.6602371159375615,0.0021209998812992126,0.007364582921177821,4.646783126585433,3,0.75,dynamic_1_5_p3_h1_3_6_12_s0_75,dynamic:1.5,True,True,highs
equal_share,11,32.987923637085714,98.96377091125713,65.97584727417141,5,209,0.9926786947114994,0.002311600124812685,0.008026389322266268,-12.002640423893325,3,0.75,dynamic_1_5_p3_h1_3_6_12_s0_75,dynamic:1.5,True,True,highs
equal_share,12,39.63972027407928,118.91916082223784,79.27944054815856,6,244,0.7280612301988748,0.0025274999497924,0.008776041492334722,-5.350843786899759,3,0.75,dynamic_1_5_p3_h1_3_6_12_s0_75,dynamic:1.5,True,True,highs
equal_share,13,35.393177407022435,106.17953222106733,70.7863548140449,3,225,0.9982905410480238,0.0023510000319220126,0.008163194555284766,-9.597386653956605,3,0.75,dynamic_1_5_p3_h1_3_6_12_s0_75,dynamic:1.5,True,True,highs
equal_share,14,42.24088004489417,126.72264013468248,84.48176008978831,12,244,0.8030984130340881,0.002337700076168403,0.00811701415336251,-2.7496840160848706,3,0.75,dynamic_1_5_p3_h1_3_6_12_s0_75,dynamic:1.5,True,True,highs
equal_share,15,34.852422024586076,104.55726607375823,69.70484404917215,4,226,0.9974141575247201,0.0023784000368323177,0.008258333461223325,-10.138142036392964,3,0.75,dynamic_1_5_p3_h1_3_6_12_s0_75,dynamic:1.5,True,True,highs
equal_share,16,33.902840938844136,101.70852281653241,67.80568187768827,4,231,0.9967470827509537,0.0022923001524759457,0.007959375529430367,-11.087723122134904,3,0.75,dynamic_1_5_p3_h1_3_6_12_s0_75,dynamic:1.5,True,True,highs
equal_share,17,50.29357713212511,150.88073139637532,100.58715426425022,8,234,0.8222297344216317,0.002333800119231455,0.00810347263622033,5.303013071146069,3,0.75,dynamic_1_5_p3_h1_3_6_12_s0_75,dynamic:1.5,True,True,highs
equal_share,18,29.29351542982039,87.88054628946117,58.58703085964078,9,234,0.9173485516139731,0.002384699968388304,0.0082802082235705,-15.697048631158651,3,0.75,dynamic_1_5_p3_h1_3_6_12_s0_75,dynamic:1.5,True,True,highs
equal_share,19,35.34499073171253,106.03497219513757,70.68998146342504,7,200,0.998122286739428,0.0023542999697383493,0.008174652672702601,-9.645573329266512,3,0.75,dynamic_1_5_p3_h1_3_6_12_s0_75,dynamic:1.5,True,True,highs
equal_share,20,24.613533319129566,73.84059995738872,49.22706663825915,6,242,0.794673536035874,0.0023367999820038676,0.008113888826402318,-20.377030741849474,3,0.75,dynamic_1_5_p3_h1_3_6_12_s0_75,dynamic:1.5,True,True,highs
equal_share,21,42.12445676417697,126.37337029253091,84.24891352835394,8,237,0.9464289689544213,0.0023535000073025003,0.008171875025355903,-2.8661072968020704,3,0.75,dynamic_1_5_p3_h1_3_6_12_s0_75,dynamic:1.5,True,True,highs
equal_share,22,17.9477302003233,53.84319060096991,35.89546040064661,2,247,0.0,0.0024185999063774943,0.008397916341588521,-27.04283386065574,3,0.75,dynamic_1_5_p3_h1_3_6_12_s0_75,dynamic:1.5,True,True,highs
equal_share,23,25.72798677369716,77.18396032109148,51.455973547394315,3,247,0.733155195611253,0.002427300132694654,0.008428125460745327,-19.26257728728188,3,0.75,dynamic_1_5_p3_h1_3_6_12_s0_75,dynamic:1.5,True,True,highs
equal_share,24,23.31837772264482,69.95513316793445,46.63675544528963,3,243,0.45049000934757205,0.002336700039450079,0.008113541803646108,-21.67218633833422,3,0.75,dynamic_1_5_p3_h1_3_6_12_s0_75,dynamic:1.5,True,True,highs
equal_share,25,45.07306651199575,135.21919953598726,90.14613302399151,4,247,0.9967111923405211,0.0023754000139888376,0.00824791671523902,0.08250245101670828,3,0.75,dynamic_1_5_p3_h1_3_6_12_s0_75,dynamic:1.5,True,True,highs
equal_share,26,39.1645222684738,117.4935668054214,78.32904453694759,6,213,0.9968188791581767,0.0023466000420739874,0.008147916812756902,-5.826041792505237,3,0.75,dynamic_1_5_p3_h1_3_6_12_s0_75,dynamic:1.5,True,True,highs
equal_share,27,16.114696225267316,48.344088675801956,32.22939245053464,2,263,0.9957728048252564,0.0023243001342052594,0.008070486577101596,-28.875867835711723,3,0.75,dynamic_1_5_p3_h1_3_6_12_s0_75,dynamic:1.5,True,True,highs
equal_share,28,41.4196554898696,124.25896646960881,82.83931097973921,6,254,0.9950110348055351,0.002423799960524775,0.008415972085155468,-3.5709085711094417,3,0.75,dynamic_1_5_p3_h1_3_6_12_s0_75,dynamic:1.5,True,True,highs
equal_share,29,34.37140480803407,103.11421442410223,68.74280961606816,5,242,0.9963589204065066,0.002340399820241146,0.008126388264726201,-10.619159252944968,3,0.75,dynamic_1_5_p3_h1_3_6_12_s0_75,dynamic:1.5,True,True,highs
max_charge,0,43.46606350739795,130.39819052219386,86.93212701479591,12,221,0.9118603729394342,0.001071900042006746,0.0037218751458567567,-1.5245005535810918,3,0.75,dynamic_1_5_p3_h1_3_6_12_s0_75,dynamic:1.5,True,True,highs
max_charge,1,42.02784600332377,126.08353800997133,84.05569200664756,7,225,0.8691192438862833,0.001076599903171882,0.0037381941082357015,-2.962718057655266,3,0.75,dynamic_1_5_p3_h1_3_6_12_s0_75,dynamic:1.5,True,True,highs
max_charge,2,40.81029314820964,122.43087944462891,81.62058629641928,6,235,0.9967316869434796,0.0010031998244812712,0.003483332723893303,-4.1802709127694015,3,0.75,dynamic_1_5_p3_h1_3_6_12_s0_75,dynamic:1.5,True,True,highs
max_charge,3,43.16424042830863,129.4927212849259,86.32848085661726,9,224,0.9989341703663053,0.0011220999440411106,0.003896180361253856,-1.8263236326704089,3,0.75,dynamic_1_5_p3_h1_3_6_12_s0_75,dynamic:1.5,True,True,highs
max_charge,4,46.18443377874789,138.5533013362437,92.3688675574958,8,231,0.9980161990099758,0.0010465001105330884,0.0036336809393510017,1.1938697177688482,3,0.75,dynamic_1_5_p3_h1_3_6_12_s0_75,dynamic:1.5,True,True,highs
max_charge,5,40.34420392500857,121.03261177502569,80.68840785001711,9,245,0.9982623018400633,0.0010674999648472294,0.003706597100163991,-4.646360135970468,3,0.75,dynamic_1_5_p3_h1_3_6_12_s0_75,dynamic:1.5,True,True,highs
max_charge,6,44.870125300561355,134.6103759016841,89.74025060112275,6,273,0.9969628963758547,0.001017600021441467,0.0035333334077828718,-0.12043876041768442,3,0.75,dynamic_1_5_p3_h1_3_6_12_s0_75,dynamic:1.5,True,True,highs
max_charge,7,33.17012449912727,99.51037349738178,66.34024899825451,9,218,0.6567337023809282,0.0010158997756661847,0.0035274297766186968,-11.82043956185177,3,0.75,dynamic_1_5_p3_h1_3_6_12_s0_75,dynamic:1.5,True,True,highs
max_charge,8,39.7977798067033,119.39333942010994,79.59555961340664,7,239,0.9736316437807876,0.001007800005027093,0.0034993055730107394,-5.192784254275736,3,0.75,dynamic_1_5_p3_h1_3_6_12_s0_75,dynamic:1.5,True,True,highs
max_charge,9,50.443164535736,151.32949360720806,100.88632907147206,8,259,0.9372334397529081,0.0010696999815991148,0.003714236047219149,5.452600474756963,3,0.75,dynamic_1_5_p3_h1_3_6_12_s0_75,dynamic:1.5,True,True,highs
max_charge,10,56.572177090744134,169.71653127223246,113.14435418148832,9,229,0.6602371159375615,0.0011950000771321356,0.004149305823375471,11.581613029765094,3,0.75,dynamic_1_5_p3_h1_3_6_12_s0_75,dynamic:1.5,True,True,highs
max_charge,11,43.99302613685528,131.97907841056582,87.98605227371054,8,206,0.9926786947114994,0.0010270000348100439,0.00356597234309043,-0.9975379241237619,3,0.75,dynamic_1_5_p3_h1_3_6_12_s0_75,dynamic:1.5,True,True,highs
max_charge,12,43.691585480421764,131.0747564412653,87.38317096084353,7,243,0.7280612301988748,0.0010370001255068928,0.0036006948802322666,-1.298978580557275,3,0.75,dynamic_1_5_p3_h1_3_6_12_s0_75,dynamic:1.5,True,True,highs
max_charge,13,43.063737891862786,129.19121367558833,86.12747578372554,7,221,0.5904989818913529,0.0011357002222212031,0.003943403549379177,-1.9268261691162536,3,0.75,dynamic_1_5_p3_h1_3_6_12_s0_75,dynamic:1.5,True,True,highs
max_charge,14,44.99151352023084,134.9745405606925,89.98302704046166,13,243,0.8030984130340881,0.0009116998553508893,0.0031656244977461435,0.000949459251799567,3,0.75,dynamic_1_5_p3_h1_3_6_12_s0_75,dynamic:1.5,True,True,highs
max_charge,15,41.190435217693434,123.5713056530803,82.38087043538687,7,223,0.9977829033762877,0.0008856998902047053,0.00307534684098856,-3.8001288432856057,3,0.75,dynamic_1_5_p3_h1_3_6_12_s0_75,dynamic:1.5,True,True,highs
max_charge,16,45.466671934599674,136.400015803799,90.93334386919932,9,226,0.8215945727859278,0.0009360999538330361,0.0032503470619202643,0.47610787362063434,3,0.75,dynamic_1_5_p3_h1_3_6_12_s0_75,dynamic:1.5,True,True,highs
max_charge,17,50.53354160139955,151.60062480419867,101.06708320279913,8,234,0.8222297344216317,0.0008927002199925482,0.0030996535416407925,5.542977540420509,3,0.75,dynamic_1_5_p3_h1_3_6_12_s0_75,dynamic:1.5,True,True,highs
max_charge,18,29.454488601349276,88.36346580404785,58.90897720269857,9,234,0.9173485516139731,0.0009355998918181285,0.003248610735479613,-15.536075459629764,3,0.75,dynamic_1_5_p3_h1_3_6_12_s0_75,dynamic:1.5,True,True,highs
max_charge,19,44.80059548318384,134.40178644955154,89.6011909663677,9,198,0.998122286739428,0.000965100058238022,0.003351041868882021,-0.1899685777951987,3,0.75,dynamic_1_5_p3_h1_3_6_12_s0_75,dynamic:1.5,True,True,highs
max_charge,20,33.42337772902101,100.27013318706301,66.846755458042,11,237,0.875540820624616,0.0009504000190645456,0.003300000066196339,-11.567186331958027,3,0.75,dynamic_1_5_p3_h1_3_6_12_s0_75,dynamic:1.5,True,True,highs
max_charge,21,51.12161393277344,153.36484179832036,102.24322786554691,10,235,0.9456450073071622,0.0010965001274598762,0.0038072921092356816,6.131049871794403,3,0.75,dynamic_1_5_p3_h1_3_6_12_s0_75,dynamic:1.5,True,True,highs
max_charge,22,34.22264591418205,102.66793774254616,68.4452918283641,11,238,0.9982817409673239,0.001189400180010125,0.0041298617361462675,-10.767918146796987,3,0.75,dynamic_1_5_p3_h1_3_6_12_s0_75,dynamic:1.5,True,True,highs
max_charge,23,40.90245174989103,122.70735524967309,81.80490349978206,7,244,0.8660128885234655,0.001071499995305203,0.0037204860948097324,-4.088112311088011,3,0.75,dynamic_1_5_p3_h1_3_6_12_s0_75,dynamic:1.5,True,True,highs
max_charge,24,43.90211225512127,131.70633676536377,87.8042245102425,11,235,0.889072081432072,0.0009607998508727178,0.003336110593308048,-1.0884518058577726,3,0.75,dynamic_1_5_p3_h1_3_6_12_s0_75,dynamic:1.5,True,True,highs
max_charge,25,60.50464249551294,181.51392748653882,121.00928499102588,7,244,0.9972127799195988,0.0009736998908920214,0.0033809023989306297,15.5140784345339,3,0.75,dynamic_1_5_p3_h1_3_6_12_s0_75,dynamic:1.5,True,True,highs
max_charge,26,44.952908544614914,134.8587256338447,89.90581708922979,8,211,0.9969981702011183,0.0009668001148384064,0.003356944843188911,-0.037655516364125674,3,0.75,dynamic_1_5_p3_h1_3_6_12_s0_75,dynamic:1.5,True,True,highs
max_charge,27,28.786815953751393,86.36044786125419,57.573631907502794,10,255,0.9957728048252564,0.0011514000070746988,0.0039979166912315935,-16.203748107227646,3,0.75,dynamic_1_5_p3_h1_3_6_12_s0_75,dynamic:1.5,True,True,highs
max_charge,28,50.24669191998737,150.74007575996214,100.49338383997477,7,253,0.9950110348055351,0.0009586997184669599,0.0033288184668991663,5.2561278590083305,3,0.75,dynamic_1_5_p3_h1_3_6_12_s0_75,dynamic:1.5,True,True,highs
max_charge,29,46.001818950474245,138.00545685142274,92.00363790094849,8,239,0.8287147057275025,0.0009643998637329787,0.0033486106379617317,1.0112548894952056,3,0.75,dynamic_1_5_p3_h1_3_6_12_s0_75,dynamic:1.5,True,True,highs
random,0,41.690437892190445,125.07131367657134,83.38087578438089,8,225,0.998644613686003,0.008831000173813663,0.03066319504796411,-3.3001261687885943,3,0.75,dynamic_1_5_p3_h1_3_6_12_s0_75,dynamic:1.5,True,True,highs
random,1,39.83569334389257,119.50708003167769,79.67138668778512,7,225,0.8054901033431074,0.008657700047479011,0.030061458498191012,-5.154870717086467,3,0.75,dynamic_1_5_p3_h1_3_6_12_s0_75,dynamic:1.5,True,True,highs
random,2,38.233142166369774,114.69942649910935,76.46628433273958,3,238,0.9990069094534333,0.008971800227300264,0.03115208412257036,-6.757421894609266,3,0.75,dynamic_1_5_p3_h1_3_6_12_s0_75,dynamic:1.5,True,True,highs
random,3,41.035458137920486,123.10637441376146,82.07091627584097,9,224,0.9953036181864293,0.009107299891184084,0.0316225690666114,-3.9551059230585537,3,0.75,dynamic_1_5_p3_h1_3_6_12_s0_75,dynamic:1.5,True,True,highs
random,4,43.84542001612995,131.5362600483898,87.69084003225986,5,234,0.9988305832319542,0.009501799853751436,0.0329923606033036,-1.14514404484909,3,0.75,dynamic_1_5_p3_h1_3_6_12_s0_75,dynamic:1.5,True,True,highs
random,5,38.17420366567859,114.52261099703577,76.34840733135718,8,246,0.9980124207930148,0.008836399982101284,0.030681944382296125,-6.81636039530045,3,0.75,dynamic_1_5_p3_h1_3_6_12_s0_75,dynamic:1.5,True,True,highs
random,6,42.35106153782941,127.05318461348824,84.70212307565883,4,275,0.9987323498756734,0.00901790002535563,0.031312152865818156,-2.6395025231496305,3,0.75,dynamic_1_5_p3_h1_3_6_12_s0_75,dynamic:1.5,True,True,highs
random,7,30.782406543752245,92.34721963125675,61.564813087504504,7,220,0.997558749081975,0.009006299762404524,0.03127187417501571,-14.208157517226795,3,0.75,dynamic_1_5_p3_h1_3_6_12_s0_75,dynamic:1.5,True,True,highs
random,8,37.56660780131513,112.69982340394539,75.13321560263026,7,239,0.9978444663103652,0.009192299999995157,0.031917708333316516,-7.42395625966391,3,0.75,dynamic_1_5_p3_h1_3_6_12_s0_75,dynamic:1.5,True,True,highs
random,9,48.21823478126835,144.65470434380504,96.43646956253669,7,260,0.9325558579017494,0.009244000088074245,0.03209722252803557,3.2276707202893107,3,0.75,dynamic_1_5_p3_h1_3_6_12_s0_75,dynamic:1.5,True,True,highs
random,10,54.14562345149403,162.4368703544821,108.29124690298806,9,229,0.9952926532672176,0.008932700104196556,0.031016319806238042,9.155059390514992,3,0.75,dynamic_1_5_p3_h1_3_6_12_s0_75,dynamic:1.5,True,True,highs
random,11,41.4850004261818,124.45500127854538,82.97000085236358,9,205,0.7140966447019155,0.009235200064722449,0.032066666891397394,-3.505563634797241,3,0.75,dynamic_1_5_p3_h1_3_6_12_s0_75,dynamic:1.5,True,True,highs
random,12,41.315737755563504,123.94721326669053,82.63147551112702,9,241,0.9358803935078477,0.009434300125576556,0.03275798654714082,-3.674826305415536,3,0.75,dynamic_1_5_p3_h1_3_6_12_s0_75,dynamic:1.5,True,True,highs
random,13,40.94425350253498,122.83276050760495,81.88850700506997,7,221,0.9972140580344736,0.009576800090144388,0.033252778090779124,-4.046310558444063,3,0.75,dynamic_1_5_p3_h1_3_6_12_s0_75,dynamic:1.5,True,True,highs
random,14,43.289145107838536,129.86743532351565,86.57829021567711,11,245,0.9970651388251972,0.009502200031420216,0.03299375010909797,-1.7014189531405037,3,0.75,dynamic_1_5_p3_h1_3_6_12_s0_75,dynamic:1.5,True,True,highs
random,15,38.393762374262536,115.1812871227876,76.78752474852506,6,224,0.9970870690274223,0.009386600038851611,0.03259236124601254,-6.596801686716503,3,0.75,dynamic_1_5_p3_h1_3_6_12_s0_75,dynamic:1.5,True,True,highs
random,16,44.004446556616145,132.01333966984842,88.00889311323228,7,228,0.9949652161332195,0.009536099809338339,0.033111457671313675,-0.9861175043628947,3,0.75,dynamic_1_5_p3_h1_3_6_12_s0_75,dynamic:1.5,True,True,highs
random,17,47.87243751861614,143.61731255584837,95.74487503723223,9,232,0.9985369291427747,0.009537900041323155,0.03311770847681651,2.8818734576370986,3,0.75,dynamic_1_5_p3_h1_3_6_12_s0_75,dynamic:1.5,True,True,highs
random,18,27.738329487192154,83.21498846157645,55.4766589743843,8,235,0.8987460239332951,0.009005099782370962,0.031267707577676954,-17.252234573786886,3,0.75,dynamic_1_5_p3_h1_3_6_12_s0_75,dynamic:1.5,True,True,highs
random,19,42.433049849025195,127.29914954707559,84.86609969805039,5,202,0.9969060583301432,0.009401299874298275,0.03264340234131345,-2.557514211953844,3,0.75,dynamic_1_5_p3_h1_3_6_12_s0_75,dynamic:1.5,True,True,highs
random,20,31.456311738545416,94.36893521563623,62.91262347709081,6,242,0.9979569709816272,0.009562300168909132,0.0332024311420456,-13.534252322433623,3,0.75,dynamic_1_5_p3_h1_3_6_12_s0_75,dynamic:1.5,True,True,highs
random,21,48.18993391299453,144.5698017389836,96.37986782598908,8,237,0.8629612047538538,0.009346900202217512,0.032454514591033025,3.1993698520154936,3,0.75,dynamic_1_5_p3_h1_3_6_12_s0_75,dynamic:1.5,True,True,highs
random,22,32.500699772943534,97.50209931883062,65.00139954588708,14,235,0.8323212305220276,0.010178000084124506,0.03534027806987675,-12.489864288035506,3,0.75,dynamic_1_5_p3_h1_3_6_12_s0_75,dynamic:1.5,True,True,highs
random,23,38.936288443228435,116.80886532968532,77.87257688645688,8,242,0.8864393779194936,0.008975799908512272,0.0311659719045565,-6.054275617750605,3,0.75,dynamic_1_5_p3_h1_3_6_12_s0_75,dynamic:1.5,True,True,highs
random,24,41.82705980471316,125.48117941413945,83.65411960942629,9,237,0.8127533699496282,0.009518299979390576,0.03304965270621728,-3.163504256265881,3,0.75,dynamic_1_5_p3_h1_3_6_12_s0_75,dynamic:1.5,True,True,highs
random,25,57.21975003432537,171.65925010297613,114.43950006865076,6,245,0.9922976780367656,0.012403499946231022,0.04306770814663549,12.229185973346333,3,0.75,dynamic_1_5_p3_h1_3_6_12_s0_75,dynamic:1.5,True,True,highs
random,26,41.88273765186486,125.64821295559459,83.76547530372973,6,213,0.9975416453636601,0.012548000042443164,0.04356944459181654,-3.107826409114182,3,0.75,dynamic_1_5_p3_h1_3_6_12_s0_75,dynamic:1.5,True,True,highs
random,27,27.123453001484123,81.37035900445237,54.246906002968245,9,256,0.9959570290889994,0.012381500142510049,0.042991319939271,-17.867111059494917,3,0.75,dynamic_1_5_p3_h1_3_6_12_s0_75,dynamic:1.5,True,True,highs
random,28,48.024404730280764,144.07321419084226,96.0488094605615,6,254,0.9971881370347253,0.012082700006430969,0.0419538194667742,3.033840669301725,3,0.75,dynamic_1_5_p3_h1_3_6_12_s0_75,dynamic:1.5,True,True,highs
random,29,43.72076720279543,131.16230160838631,87.44153440559089,7,240,0.9976228798630329,0.012583299947436899,0.043692013706378124,-1.2697968581836108,3,0.75,dynamic_1_5_p3_h1_3_6_12_s0_75,dynamic:1.5,True,True,highs
milp_h1,0,87.86796100374633,259.91503605084193,172.0470750470956,8,222,0.5713987305131495,3.271924200205831,11.360847917381356,-0.09022818025749757,6,0.75,dynamic_1_5_p6_h1_3_6_12_s0_75,dynamic:1.5,True,True,highs
milp_h1,1,85.39222478739205,252.45636679104746,167.0641420036554,13,220,0.998082558676947,3.2649413998879027,11.336602082944106,-2.5659643966117756,6,0.75,dynamic_1_5_p6_h1_3_6_12_s0_75,dynamic:1.5,True,True,highs
milp_h1,2,82.55381292502906,244.23313163735097,161.6793187123219,9,229,0.9616924770055076,3.295190300210379,11.441632986841594,-5.404376258974764,6,0.75,dynamic_1_5_p6_h1_3_6_12_s0_75,dynamic:1.5,True,True,highs
milp_h1,3,87.49328738594056,258.88551410828035,171.39222672233979,13,217,0.996476494795194,3.40570530021796,11.825365625756806,-0.46490179806326637,6,0.75,dynamic_1_5_p6_h1_3_6_12_s0_75,dynamic:1.5,True,True,highs
milp_h1,4,93.82516837812176,277.78342850602377,183.958260127902,8,228,0.9944266749901967,3.3270079996727873,11.552111109974955,5.866979194117931,6,0.75,dynamic_1_5_p6_h1_3_6_12_s0_75,dynamic:1.5,True,True,highs
milp_h1,5,82.1395545078567,242.7396597378702,160.6001052300135,11,240,0.7759373337678472,3.270139199885307,11.35464999960176,-5.818634676147127,6,0.75,dynamic_1_5_p6_h1_3_6_12_s0_75,dynamic:1.5,True,True,highs
milp_h1,6,90.15789686414186,266.8158990242666,176.65800216012477,8,268,0.9973064573997169,3.246413100278005,11.272267709298628,2.199707680138033,6,0.75,dynamic_1_5_p6_h1_3_6_12_s0_75,dynamic:1.5,True,True,highs
milp_h1,7,67.72223803503607,199.84489309080215,132.12265505576607,12,212,0.9975488643779455,3.3123650000197813,11.501267361179796,-20.235951148967757,6,0.75,dynamic_1_5_p6_h1_3_6_12_s0_75,dynamic:1.5,True,True,highs
milp_h1,8,80.26614568193907,237.0577361218571,156.79159043991802,13,230,0.8869420017982437,3.3809272001089994,11.739330555934025,-7.692043502064763,6,0.75,dynamic_1_5_p6_h1_3_6_12_s0_75,dynamic:1.5,True,True,highs
milp_h1,9,102.53981441382223,303.77078253203285,201.23096811821063,15,249,0.5933679846421162,3.2676904001564253,11.346147222765365,14.5816252298184,6,0.75,dynamic_1_5_p6_h1_3_6_12_s0_75,dynamic:1.5,True,True,highs
milp_h1,10,114.21695787612356,338.42288625939443,224.20592838327087,17,218,0.9458188699777619,3.3638945001002867,11.680189236459329,26.25876869211973,6,0.75,dynamic_1_5_p6_h1_3_6_12_s0_75,dynamic:1.5,True,True,highs
milp_h1,11,88.1906784250854,260.67070022753063,172.48002180244524,11,200,0.8611500941448104,3.3136176998377778,11.505617013325617,0.23248924108156643,6,0.75,dynamic_1_5_p6_h1_3_6_12_s0_75,dynamic:1.5,True,True,highs
milp_h1,12,88.03923512955194,260.8902896718431,172.85105454229117,16,232,0.8113582215180307,3.28626970021287,11.410658681294686,0.08104594554811229,6,0.75,dynamic_1_5_p6_h1_3_6_12_s0_75,dynamic:1.5,True,True,highs
milp_h1,13,87.46070858712304,258.67100214337614,171.2102935562531,8,217,0.6498628249170328,3.3167435999494046,11.516470833157655,-0.4974805968807914,6,0.75,dynamic_1_5_p6_h1_3_6_12_s0_75,dynamic:1.5,True,True,highs
milp_h1,14,91.3439404158116,270.3302901921988,178.9863497763872,7,246,0.9988707827655793,3.3389576001791283,11.59360277839975,3.385751231807774,6,0.75,dynamic_1_5_p6_h1_3_6_12_s0_75,dynamic:1.5,True,True,highs
milp_h1,15,83.68549096118107,248.24970783199564,164.56421687081456,15,212,0.9954759122116231,3.339225699979579,11.59453368048465,-4.272698222822754,6,0.75,dynamic_1_5_p6_h1_3_6_12_s0_75,dynamic:1.5,True,True,highs
milp_h1,16,92.24188555644918,273.0832572769817,180.84137172053255,10,222,0.8623301355915344,3.4391278999100905,11.941416319132259,4.283696372445348,6,0.75,dynamic_1_5_p6_h1_3_6_12_s0_75,dynamic:1.5,True,True,highs
milp_h1,17,101.13078876540601,299.701251578866,198.57046281345998,14,224,0.8685275041115985,3.231087000021944,11.219052083409528,13.172599581402181,6,0.75,dynamic_1_5_p6_h1_3_6_12_s0_75,dynamic:1.5,True,True,highs
milp_h1,18,59.49154278374526,176.13802400744808,116.64648122370282,11,229,0.9608261836597706,3.260048199997982,11.319611805548549,-28.46664640025857,6,0.75,dynamic_1_5_p6_h1_3_6_12_s0_75,dynamic:1.5,True,True,highs
milp_h1,19,90.17955273904667,266.73925130584104,176.55969856679437,11,193,0.7279067707107375,3.2580824002216104,11.312786111880591,2.221363555042842,6,0.75,dynamic_1_5_p6_h1_3_6_12_s0_75,dynamic:1.5,True,True,highs
milp_h1,20,67.74178185164416,200.12708579971874,132.38530394807458,12,233,0.998247126554814,3.3109459000697825,11.496339930797856,-20.216407332359665,6,0.75,dynamic_1_5_p6_h1_3_6_12_s0_75,dynamic:1.5,True,True,highs
milp_h1,21,104.1570696517368,308.35376589144664,204.19669623970984,9,233,0.997957478363686,3.2381023001798894,11.243410764513506,16.198880467732977,6,0.75,dynamic_1_5_p6_h1_3_6_12_s0_75,dynamic:1.5,True,True,highs
milp_h1,22,70.12504537450849,206.7613140438753,136.6362686693668,12,234,0.99764552014906,3.434820199792739,11.926459027058122,-17.83314380949534,6,0.75,dynamic_1_5_p6_h1_3_6_12_s0_75,dynamic:1.5,True,True,highs
milp_h1,23,83.40139284254923,246.48818687023532,163.0867940276861,13,234,0.7483092302845474,3.2306142002053093,11.217410417379547,-4.5567963414546,6,0.75,dynamic_1_5_p6_h1_3_6_12_s0_75,dynamic:1.5,True,True,highs
milp_h1,24,88.73839819503448,262.5297245082003,173.7913263131658,11,232,0.9985616082348485,3.304052299936302,11.47240381922327,0.7802090110306494,6,0.75,dynamic_1_5_p6_h1_3_6_12_s0_75,dynamic:1.5,True,True,highs
milp_h1,25,122.81887264645383,363.8688701043157,241.04999745786188,9,239,0.9983169008420593,3.2980261001503095,11.451479514410797,34.86068346245,6,0.75,dynamic_1_5_p6_h1_3_6_12_s0_75,dynamic:1.5,True,True,highs
milp_h1,26,91.04438490230956,269.5666234494956,178.52223854718602,12,204,0.8760063352387567,3.3067777002288494,11.481867014683505,3.0861957183057314,6,0.75,dynamic_1_5_p6_h1_3_6_12_s0_75,dynamic:1.5,True,True,highs
milp_h1,27,58.58904191745451,173.4036537298871,114.8146118124326,13,249,0.997089222539203,3.381433999922592,11.741090277509,-29.36914726654932,6,0.75,dynamic_1_5_p6_h1_3_6_12_s0_75,dynamic:1.5,True,True,highs
milp_h1,28,101.5966349163105,300.73698835673827,199.14035344042776,9,248,0.9789925144263641,3.2979315999837127,11.451151388832336,13.638445732306678,6,0.75,dynamic_1_5_p6_h1_3_6_12_s0_75,dynamic:1.5,True,True,highs
milp_h1,29,93.20750780372771,275.90763112573774,182.70012332201003,8,236,0.9985058230306842,3.2713346003729384,11.358800695739369,5.24931861972388,6,0.75,dynamic_1_5_p6_h1_3_6_12_s0_75,dynamic:1.5,True,True,highs
milp_h3,0,87.93624881402667,260.1199539901067,172.18370517608003,9,221,0.6677338664324404,7.67040349994204,26.63334548590986,-0.02194036997715898,6,0.75,dynamic_1_5_p6_h1_3_6_12_s0_75,dynamic:1.5,True,True,highs
milp_h3,1,85.39222478739205,252.45636679104746,167.0641420036554,9,220,0.9953608127861502,7.771956799813779,26.985961110464512,-2.5659643966117756,6,0.75,dynamic_1_5_p6_h1_3_6_12_s0_75,dynamic:1.5,True,True,highs
milp_h3,2,82.55381292502906,244.23313163735097,161.6793187123219,14,224,0.9273479457286508,4.376521300087916,15.196254514194152,-5.404376258974764,6,0.75,dynamic_1_5_p6_h1_3_6_12_s0_75,dynamic:1.5,True,True,highs
milp_h3,3,87.49328738594059,258.88551410828035,171.39222672233976,10,220,0.9973681324389121,5.894205300020985,20.465990625072866,-0.46490179806323795,6,0.75,dynamic_1_5_p6_h1_3_6_12_s0_75,dynamic:1.5,True,True,highs
milp_h3,4,93.82516837812179,277.78342850602377,183.95826012790198,11,225,0.9972658418512915,6.474408800189849,22.480586111770307,5.86697919411796,6,0.75,dynamic_1_5_p6_h1_3_6_12_s0_75,dynamic:1.5,True,True,highs
milp_h3,5,82.1395545078567,242.7396597378702,160.6001052300135,15,237,0.849220490671916,5.153420399903553,17.893820832998447,-5.818634676147127,6,0.75,dynamic_1_5_p6_h1_3_6_12_s0_75,dynamic:1.5,True,True,highs
milp_h3,6,90.15786872050685,266.81587144051474,176.6580027200079,8,268,0.9985781125572324,6.962687200139044,24.175997222705014,2.1996795365030266,6,0.75,dynamic_1_5_p6_h1_3_6_12_s0_75,dynamic:1.5,True,True,highs
milp_h3,7,67.76739300773593,199.9803580089018,132.21296500116586,10,214,0.9976792122552155,6.021346200344851,20.907452084530732,-20.190796176267895,6,0.75,dynamic_1_5_p6_h1_3_6_12_s0_75,dynamic:1.5,True,True,highs
milp_h3,8,80.35055772740554,237.31102211206863,156.96046438466308,10,234,0.9763743786040645,5.193212700163713,18.031988542235112,-7.607631456598284,6,0.75,dynamic_1_5_p6_h1_3_6_12_s0_75,dynamic:1.5,True,True,highs
milp_h3,9,102.53981441382226,303.77078253203285,201.2309681182106,15,249,0.8243821296149326,7.7343308998970315,26.855315624642472,14.581625229818428,6,0.75,dynamic_1_5_p6_h1_3_6_12_s0_75,dynamic:1.5,True,True,highs
milp_h3,10,114.2952224188322,338.65775094992256,224.36252853109036,10,225,0.8217401339068108,7.385079600149766,25.64263750052002,26.337033234828368,6,0.75,dynamic_1_5_p6_h1_3_6_12_s0_75,dynamic:1.5,True,True,highs
milp_h3,11,88.19065078504127,260.6706730468396,172.48002226179835,12,201,0.8178044712033782,7.708647299994482,26.766136458314172,0.23246160103744273,6,0.75,dynamic_1_5_p6_h1_3_6_12_s0_75,dynamic:1.5,True,True,highs
milp_h3,12,88.1481174374461,261.21699149483675,173.06887405739064,9,238,0.6271066762435782,7.925307900295593,27.518430209359696,0.18992825344227526,6,0.75,dynamic_1_5_p6_h1_3_6_12_s0_75,dynamic:1.5,True,True,highs
milp_h3,13,87.46070858712307,258.67100214337614,171.21029355625308,11,214,0.7142449943194477,7.6567471997695975,26.58592777697777,-0.49748059688076296,6,0.75,dynamic_1_5_p6_h1_3_6_12_s0_75,dynamic:1.5,True,True,highs
milp_h3,14,91.3439404158116,270.3302901921988,178.9863497763872,11,242,0.9965328778821382,6.704949900013162,23.281076041712367,3.385751231807774,6,0.75,dynamic_1_5_p6_h1_3_6_12_s0_75,dynamic:1.5,True,True,highs
milp_h3,15,83.68549096118107,248.2497078319956,164.56421687081453,11,216,0.9971533842010737,7.1198669996229,24.72176041535729,-4.272698222822754,6,0.75,dynamic_1_5_p6_h1_3_6_12_s0_75,dynamic:1.5,True,True,highs
milp_h3,16,92.24188555644912,273.08325727698167,180.84137172053255,9,224,0.9967503942105125,6.275760300282855,21.790834375982133,4.2836963724452914,6,0.75,dynamic_1_5_p6_h1_3_6_12_s0_75,dynamic:1.5,True,True,highs
milp_h3,17,101.13075694416656,299.7012201922318,198.57046324806524,11,227,0.8264559963837051,7.032413499982795,24.418102430495814,13.172567760162735,6,0.75,dynamic_1_5_p6_h1_3_6_12_s0_75,dynamic:1.5,True,True,highs
milp_h3,18,59.50175513795807,176.16866107008647,116.6669059321284,10,230,0.8191668939768518,7.819138100167038,27.149785070024436,-28.456434046045757,6,0.75,dynamic_1_5_p6_h1_3_6_12_s0_75,dynamic:1.5,True,True,highs
milp_h3,19,90.24988701618335,266.9503108978174,176.70042388163407,10,194,0.8214183945766106,5.620029200101271,19.513990278129413,2.2916978321795227,6,0.75,dynamic_1_5_p6_h1_3_6_12_s0_75,dynamic:1.5,True,True,highs
milp_h3,20,67.74178185164416,200.1270857997187,132.38530394807455,11,234,0.9979194516739373,5.900889800250297,20.48920069531353,-20.216407332359665,6,0.75,dynamic_1_5_p6_h1_3_6_12_s0_75,dynamic:1.5,True,True,highs
milp_h3,21,104.15706965173683,308.35376589144664,204.1966962397098,9,234,0.9940306229388931,5.317519499978516,18.463609374925404,16.198880467733005,6,0.75,dynamic_1_5_p6_h1_3_6_12_s0_75,dynamic:1.5,True,True,highs
milp_h3,22,70.12504537450846,206.76131404387527,136.6362686693668,13,233,0.9973240851521091,6.056182799860835,21.02841249951679,-17.83314380949537,6,0.75,dynamic_1_5_p6_h1_3_6_12_s0_75,dynamic:1.5,True,True,highs
milp_h3,23,83.40139284254923,246.48818687023532,163.0867940276861,11,237,0.8736756153622641,4.368099500075914,15.167012153041368,-4.5567963414546,6,0.75,dynamic_1_5_p6_h1_3_6_12_s0_75,dynamic:1.5,True,True,highs
milp_h3,24,88.82286311544857,262.7831743529673,173.96031123751874,11,232,0.9315266040401896,7.648740200034808,26.558125694565305,0.8646739314447416,6,0.75,dynamic_1_5_p6_h1_3_6_12_s0_75,dynamic:1.5,True,True,highs
milp_h3,25,122.8188726464538,363.86887010431565,241.04999745786185,7,241,0.9960317465149136,7.120764999912353,24.724878471917894,34.86068346244997,6,0.75,dynamic_1_5_p6_h1_3_6_12_s0_75,dynamic:1.5,True,True,highs
milp_h3,26,91.06160771330315,269.61829188247634,178.5566841691732,12,205,0.8143544111155677,5.206734399864217,18.078938888417422,3.1034185292993186,6,0.75,dynamic_1_5_p6_h1_3_6_12_s0_75,dynamic:1.5,True,True,highs
milp_h3,27,58.589041917454495,173.40365372988708,114.81461181243259,13,249,0.9966295839429261,6.7979144997370895,23.603869790753784,-29.369147266549334,6,0.75,dynamic_1_5_p6_h1_3_6_12_s0_75,dynamic:1.5,True,True,highs
milp_h3,28,101.59663491631053,300.73698835673827,199.14035344042773,10,247,0.9724058718748256,5.773672200040892,20.04747291680865,13.638445732306707,6,0.75,dynamic_1_5_p6_h1_3_6_12_s0_75,dynamic:1.5,True,True,highs
milp_h3,29,93.20750780372768,275.9076311257377,182.70012332201,10,234,0.9973443284083839,7.7490235998120625,26.906331943791884,5.2493186197238515,6,0.75,dynamic_1_5_p6_h1_3_6_12_s0_75,dynamic:1.5,True,True,highs
milp_h6,0,87.93624872715966,260.1199539901067,172.18370526294703,9,221,0.6677338664324404,10.294437200151151,35.74457361163594,-0.021940456844163236,6,0.75,dynamic_1_5_p6_h1_3_6_12_s0_75,dynamic:1.5,True,True,highs
milp_h6,1,85.46109615368292,252.6630331586067,167.2019370049238,9,220,0.9958123004216219,10.35488520009676,35.95446250033597,-2.4970930303209116,6,0.75,dynamic_1_5_p6_h1_3_6_12_s0_75,dynamic:1.5,True,True,highs
milp_h6,2,82.55378727657802,244.23310623109506,161.67931895451704,15,223,0.9990470025843713,5.8629737002484035,20.357547570306956,-5.404401907425807,6,0.75,dynamic_1_5_p6_h1_3_6_12_s0_75,dynamic:1.5,True,True,highs
milp_h6,3,87.53590782405476,259.01342931284125,171.4775214887865,14,218,0.9987466808728973,7.82208250000258,27.160008680564513,-0.4222813599490678,6,0.75,dynamic_1_5_p6_h1_3_6_12_s0_75,dynamic:1.5,True,True,highs
milp_h6,4,93.82516837812179,277.78342850602377,183.95826012790198,12,224,0.9033599198815613,8.238425899646245,28.605645484882796,5.86697919411796,6,0.75,dynamic_1_5_p6_h1_3_6_12_s0_75,dynamic:1.5,True,True,highs
milp_h6,5,82.20766193480509,242.94403215955907,160.73637022475398,15,237,0.8490339311164314,7.33960070007015,25.484724653021356,-5.75052724919874,6,0.75,dynamic_1_5_p6_h1_3_6_12_s0_75,dynamic:1.5,True,True,highs
milp_h6,6,90.15786859130307,266.81587144051474,176.65800284921167,8,268,0.9985781125572324,8.856432699947618,30.751502430373673,2.199679407299243,6,0.75,dynamic_1_5_p6_h1_3_6_12_s0_75,dynamic:1.5,True,True,highs
milp_h6,7,67.76739300773593,199.9803580089018,132.21296500116586,12,212,0.9084546456310194,8.045476799830794,27.935683332745814,-20.190796176267895,6,0.75,dynamic_1_5_p6_h1_3_6_12_s0_75,dynamic:1.5,True,True,highs
milp_h6,8,80.35055741909855,237.31102211206863,156.96046469297008,11,232,0.9990116779522549,8.91595859991503,30.958189583038298,-7.607631764905278,6,0.75,dynamic_1_5_p6_h1_3_6_12_s0_75,dynamic:1.5,True,True,highs
milp_h6,9,102.61105795264783,303.98457607736725,201.37351812471942,15,249,0.8243821296149326,10.302955299732275,35.77415034629262,14.652868768643998,6,0.75,dynamic_1_5_p6_h1_3_6_12_s0_75,dynamic:1.5,True,True,highs
milp_h6,10,114.29522231926859,338.65775094992256,224.36252863065397,10,225,0.8217401339068108,9.931260600103997,34.4835437503611,26.33703313526476,6,0.75,dynamic_1_5_p6_h1_3_6_12_s0_75,dynamic:1.5,True,True,highs
milp_h6,11,88.19065064723532,260.6706730468396,172.4800223996043,13,199,0.8206311867761192,10.215182199841365,35.469382638338075,0.23246146323148764,6,0.75,dynamic_1_5_p6_h1_3_6_12_s0_75,dynamic:1.5,True,True,highs
milp_h6,12,88.1481171714409,261.21699149483675,173.06887432339585,9,238,0.6271066762435782,10.210785300121643,35.45411562542237,0.1899279874370734,6,0.75,dynamic_1_5_p6_h1_3_6_12_s0_75,dynamic:1.5,True,True,highs
milp_h6,13,87.52940929346761,258.8771578511941,171.3477485577265,11,214,0.7142449943194477,10.627112200047122,36.89969513905251,-0.42877989053621945,6,0.75,dynamic_1_5_p6_h1_3_6_12_s0_75,dynamic:1.5,True,True,highs
milp_h6,14,91.41246238247166,270.535912155068,179.12344977259633,11,242,0.9963691941033826,8.996427000121912,31.237593750423304,3.454273198467831,6,0.75,dynamic_1_5_p6_h1_3_6_12_s0_75,dynamic:1.5,True,True,highs
milp_h6,15,83.68549096118107,248.2497078319956,164.56421687081453,11,216,0.9971533842010737,9.914814900344936,34.426440626197696,-4.272698222822754,6,0.75,dynamic_1_5_p6_h1_3_6_12_s0_75,dynamic:1.5,True,True,highs
milp_h6,16,92.30931217677033,273.2855939425404,180.97628176577007,9,224,0.996236929212878,7.793716199899791,27.061514582985385,4.351122992766506,6,0.75,dynamic_1_5_p6_h1_3_6_12_s0_75,dynamic:1.5,True,True,highs
milp_h6,17,101.13075681378498,299.7012201922318,198.57046337844682,11,227,0.8264559963837051,9.18543829934788,31.893882983846805,13.172567629781156,6,0.75,dynamic_1_5_p6_h1_3_6_12_s0_75,dynamic:1.5,True,True,highs
milp_h6,18,59.54500918953953,176.2984602021938,116.75345101265428,10,230,0.8191668939768518,10.640020199905848,36.944514583006416,-28.4131799944643,6,0.75,dynamic_1_5_p6_h1_3_6_12_s0_75,dynamic:1.5,True,True,highs
milp_h6,19,90.24988688197755,266.9503108978174,176.70042401583987,11,193,0.7169582250218496,8.642877499805763,30.009991318770012,2.291697697973717,6,0.75,dynamic_1_5_p6_h1_3_6_12_s0_75,dynamic:1.5,True,True,highs
milp_h6,20,67.79913847049806,200.29919752520533,132.50005905470726,12,233,0.9985970843244202,6.968189800129039,24.195103472670276,-20.159050713505763,6,0.75,dynamic_1_5_p6_h1_3_6_12_s0_75,dynamic:1.5,True,True,highs
milp_h6,21,104.15706965173683,308.35376589144664,204.1966962397098,14,228,0.9948962478825913,7.451859499939019,25.874512152566037,16.198880467733005,6,0.75,dynamic_1_5_p6_h1_3_6_12_s0_75,dynamic:1.5,True,True,highs
milp_h6,22,70.12504537450846,206.76131404387527,136.6362686693668,16,230,0.8913453779458771,7.463880599854747,25.916252082828983,-17.83314380949537,6,0.75,dynamic_1_5_p6_h1_3_6_12_s0_75,dynamic:1.5,True,True,highs
milp_h6,23,83.40139284254923,246.48818687023532,163.0867940276861,15,232,0.9147796105319781,7.238585499988403,25.133977430515287,-4.5567963414546,6,0.75,dynamic_1_5_p6_h1_3_6_12_s0_75,dynamic:1.5,True,True,highs
milp_h6,24,88.82286311544857,262.7831743529673,173.96031123751874,11,232,0.9315266040401896,10.419944000022952,36.180361111190805,0.8646739314447416,6,0.75,dynamic_1_5_p6_h1_3_6_12_s0_75,dynamic:1.5,True,True,highs
milp_h6,25,122.90379740369698,364.1237198658027,241.2199224621057,11,237,0.9986578075905783,8.988341900374508,31.209520487411485,34.945608219693156,6,0.75,dynamic_1_5_p6_h1_3_6_12_s0_75,dynamic:1.5,True,True,highs
milp_h6,26,91.12762964862213,269.8164138607663,178.68878421214418,10,206,0.9983491511727306,9.341070500086062,32.43427256974327,3.1694404646183045,6,0.75,dynamic_1_5_p6_h1_3_6_12_s0_75,dynamic:1.5,True,True,highs
milp_h6,27,58.632793988062645,173.53494580117234,114.9021518131097,14,249,0.9961763065753821,9.194288800266804,31.92461388981529,-29.325395195941184,6,0.75,dynamic_1_5_p6_h1_3_6_12_s0_75,dynamic:1.5,True,True,highs
milp_h6,28,101.59660341809936,300.7369570494082,199.14035363130884,10,247,0.9771608069038782,9.501948699762579,32.99287742973118,13.638414234095535,6,0.75,dynamic_1_5_p6_h1_3_6_12_s0_75,dynamic:1.5,True,True,highs
milp_h6,29,93.27627650456705,276.1139949556807,182.83771845111366,15,231,0.995525971589962,9.484307799779344,32.93162430478939,5.318087320563222,6,0.75,dynamic_1_5_p6_h1_3_6_12_s0_75,dynamic:1.5,True,True,highs
milp_h12,0,87.93624859685912,260.1199539901067,172.18370539324758,9,221,0.6677338664324404,15.776809200324351,54.78058750112622,-0.021940587144712254,6,0.75,dynamic_1_5_p6_h1_3_6_12_s0_75,dynamic:1.5,True,True,highs
milp_h12,1,85.46109615368292,252.6630331586067,167.2019370049238,11,218,0.8381608460336137,16.077478099963628,55.82457673598482,-2.4970930303209116,6,0.75,dynamic_1_5_p6_h1_3_6_12_s0_75,dynamic:1.5,True,True,highs
milp_h12,2,82.55378735730974,244.23310623109506,161.67931887378532,13,225,0.8200517186246632,9.552004800061695,33.16668333354755,-5.404401826694084,6,0.75,dynamic_1_5_p6_h1_3_6_12_s0_75,dynamic:1.5,True,True,highs
milp_h12,3,87.51844180021385,258.96103124131855,171.4425894411047,11,219,0.9988740592128678,10.129212600091705,35.17087708365175,-0.43974738378997813,6,0.75,dynamic_1_5_p6_h1_3_6_12_s0_75,dynamic:1.5,True,True,highs
milp_h12,4,93.82516837812179,277.78342850602377,183.95826012790198,11,225,0.9236450771256832,12.73612060022424,44.222640973000836,5.86697919411796,6,0.75,dynamic_1_5_p6_h1_3_6_12_s0_75,dynamic:1.5,True,True,highs
milp_h12,5,82.20766193480509,242.94403215955907,160.73637022475398,12,239,0.8707550012768325,10.923175299947616,37.927692013707,-5.75052724919874,6,0.75,dynamic_1_5_p6_h1_3_6_12_s0_75,dynamic:1.5,True,True,highs
milp_h12,6,90.15786859130307,266.81587144051474,176.65800284921167,8,268,0.9985781125572324,14.132987599994522,49.07287361109209,2.199679407299243,6,0.75,dynamic_1_5_p6_h1_3_6_12_s0_75,dynamic:1.5,True,True,highs
milp_h12,7,67.76739300773596,199.9803580089018,132.21296500116583,8,216,0.9969830561258828,15.098856600292493,52.42658541768227,-20.190796176267867,6,0.75,dynamic_1_5_p6_h1_3_6_12_s0_75,dynamic:1.5,True,True,highs
milp_h12,8,80.35055741909855,237.31102211206863,156.96046469297008,11,232,0.9999743931590603,13.680372199829435,47.501292360518875,-7.607631764905278,6,0.75,dynamic_1_5_p6_h1_3_6_12_s0_75,dynamic:1.5,True,True,highs
milp_h12,9,102.61105795264777,303.9845760773672,201.37351812471942,14,250,0.6957346135382587,15.692804499907652,54.48890451356824,14.652868768643941,6,0.75,dynamic_1_5_p6_h1_3_6_12_s0_75,dynamic:1.5,True,True,highs
milp_h12,10,114.29522216992319,338.65775094992256,224.36252877999937,10,225,0.8217401339068108,15.178448300022865,52.7029454861905,26.337032985919365,6,0.75,dynamic_1_5_p6_h1_3_6_12_s0_75,dynamic:1.5,True,True,highs
milp_h12,11,88.19065064723532,260.6706730468396,172.4800223996043,13,199,0.8449343625566185,15.701218099711696,54.51811840177672,0.23246146323148764,6,0.75,dynamic_1_5_p6_h1_3_6_12_s0_75,dynamic:1.5,True,True,highs
milp_h12,12,88.1481171714409,261.21699149483675,173.06887432339585,9,238,0.6271066762435782,16.1749381001282,56.16297951433403,0.1899279874370734,6,0.75,dynamic_1_5_p6_h1_3_6_12_s0_75,dynamic:1.5,True,True,highs
milp_h12,13,87.52940929346761,258.8771578511941,171.3477485577265,11,214,0.7150269738631083,16.007518900121795,55.58166284764512,-0.42877989053621945,6,0.75,dynamic_1_5_p6_h1_3_6_12_s0_75,dynamic:1.5,True,True,highs
milp_h12,14,91.41246238247166,270.535912155068,179.12344977259633,11,242,0.9956475166501194,13.451673800242133,46.70720069528519,3.454273198467831,6,0.75,dynamic_1_5_p6_h1_3_6_12_s0_75,dynamic:1.5,True,True,highs
milp_h12,15,83.6854909611811,248.24970783199564,164.56421687081453,14,214,0.9688641401578,8.686592900019605,30.161780902845848,-4.272698222822726,6,0.75,dynamic_1_5_p6_h1_3_6_12_s0_75,dynamic:1.5,True,True,highs
milp_h12,16,92.3093121767703,273.2855939425404,180.9762817657701,10,223,0.996236929212878,11.906845300283749,41.34321284820746,4.351122992766477,6,0.75,dynamic_1_5_p6_h1_3_6_12_s0_75,dynamic:1.5,True,True,highs
milp_h12,17,101.13075681378498,299.7012201922318,198.57046337844682,11,227,0.8264559963837051,14.228599300404312,49.40485868195942,13.172567629781156,6,0.75,dynamic_1_5_p6_h1_3_6_12_s0_75,dynamic:1.5,True,True,highs
milp_h12,18,59.54500918953953,176.2984602021938,116.75345101265428,10,230,0.8191668939768518,16.54231980026816,57.43861041759778,-28.4131799944643,6,0.75,dynamic_1_5_p6_h1_3_6_12_s0_75,dynamic:1.5,True,True,highs
milp_h12,19,90.24988688197755,266.9503108978174,176.70042401583987,10,194,0.8224923820752039,13.045546299836133,45.297035763319904,2.291697697973717,6,0.75,dynamic_1_5_p6_h1_3_6_12_s0_75,dynamic:1.5,True,True,highs
milp_h12,20,67.79913847049806,200.29919752520533,132.50005905470726,12,233,0.998455965342348,11.942903199931607,41.46841388865141,-20.159050713505763,6,0.75,dynamic_1_5_p6_h1_3_6_12_s0_75,dynamic:1.5,True,True,highs
milp_h12,21,104.15706965173678,308.3537658914466,204.1966962397098,12,230,0.8351813271733887,10.92092850006884,37.91989062523903,16.19888046773295,6,0.75,dynamic_1_5_p6_h1_3_6_12_s0_75,dynamic:1.5,True,True,highs
milp_h12,22,70.12504537450846,206.76131404387527,136.6362686693668,12,234,0.9099662668736392,12.57580570000573,43.665992013908784,-17.83314380949537,6,0.75,dynamic_1_5_p6_h1_3_6_12_s0_75,dynamic:1.5,True,True,highs
milp_h12,23,83.40139284254923,246.48818687023532,163.0867940276861,12,235,0.6208430685947799,14.762623099872144,51.259107985667164,-4.5567963414546,6,0.75,dynamic_1_5_p6_h1_3_6_12_s0_75,dynamic:1.5,True,True,highs
milp_h12,24,88.82286298526728,262.7831743529673,173.96031136770003,11,232,0.9308739577065155,15.798676900361897,54.85651701514548,0.8646738012634501,6,0.75,dynamic_1_5_p6_h1_3_6_12_s0_75,dynamic:1.5,True,True,highs
milp_h12,25,122.90379740369698,364.1237198658027,241.2199224621057,9,239,0.9990244500951255,14.783107799914433,51.33023541636956,34.945608219693156,6,0.75,dynamic_1_5_p6_h1_3_6_12_s0_75,dynamic:1.5,True,True,highs
milp_h12,26,91.12762964862213,269.8164138607663,178.68878421214418,9,207,0.998606903816936,10.71291359976749,37.197616665859336,3.1694404646183045,6,0.75,dynamic_1_5_p6_h1_3_6_12_s0_75,dynamic:1.5,True,True,highs
milp_h12,27,58.632793988062645,173.53494580117234,114.9021518131097,14,249,0.8995207157856131,13.98501929990016,48.55909479132,-29.325395195941184,6,0.75,dynamic_1_5_p6_h1_3_6_12_s0_75,dynamic:1.5,True,True,highs
milp_h12,28,101.59660341809936,300.7369570494082,199.14035363130884,9,248,0.9812495731841848,15.817539099865826,54.922010763423,13.638414234095535,6,0.75,dynamic_1_5_p6_h1_3_6_12_s0_75,dynamic:1.5,True,True,highs
milp_h12,29,93.2762765920476,276.1139949556807,182.83771836363312,12,232,0.9962398269099404,14.475270600029035,50.26135625010082,5.318087408043766,6,0.75,dynamic_1_5_p6_h1_3_6_12_s0_75,dynamic:1.5,True,True,highs
equal_share,0,86.13821162184149,258.4146348655244,172.27642324368293,15,215,0.7488222274435381,0.0027060997672379017,0.009396179747353826,-1.819977562162336,6,0.75,dynamic_1_5_p6_h1_3_6_12_s0_75,dynamic:1.5,True,True,highs
equal_share,1,68.83640031005334,206.50920093015998,137.67280062010664,12,217,0.9976686784216451,0.0026732997794169933,0.00928229090075345,-19.121788873950493,6,0.75,dynamic_1_5_p6_h1_3_6_12_s0_75,dynamic:1.5,True,True,highs
equal_share,2,67.48934439334337,202.46803318003012,134.97868878668675,12,226,0.9971408603665506,0.002628999878652394,0.009128471800876368,-20.468844790660455,6,0.75,dynamic_1_5_p6_h1_3_6_12_s0_75,dynamic:1.5,True,True,highs
equal_share,3,76.15613670925248,228.4684101277575,152.31227341850501,12,218,0.9540216566222157,0.002734599605901167,0.009495137520490162,-11.802052474751349,6,0.75,dynamic_1_5_p6_h1_3_6_12_s0_75,dynamic:1.5,True,True,highs
equal_share,4,73.50089067781627,220.50267203344885,147.00178135563257,9,227,0.9956613115154018,0.002718600007938221,0.0094395833608966,-14.457298506187556,6,0.75,dynamic_1_5_p6_h1_3_6_12_s0_75,dynamic:1.5,True,True,highs
equal_share,5,71.84442191906842,215.5332657572053,143.68884383813688,17,234,0.8183572022652698,0.0026653998356778175,0.009254860540547978,-16.113767264935404,6,0.75,dynamic_1_5_p6_h1_3_6_12_s0_75,dynamic:1.5,True,True,highs
equal_share,6,65.64139679399503,196.92419038198508,131.28279358799006,9,267,0.9978502392475751,0.0025806002086028457,0.008960417390982103,-22.3167923900088,6,0.75,dynamic_1_5_p6_h1_3_6_12_s0_75,dynamic:1.5,True,True,highs
equal_share,7,53.684724856055595,161.0541745681668,107.36944971211119,12,212,0.9957000735726963,0.0026664005126804113,0.00925833511347365,-34.27346432794823,6,0.75,dynamic_1_5_p6_h1_3_6_12_s0_75,dynamic:1.5,True,True,highs
equal_share,8,64.91083186228215,194.73249558684643,129.82166372456427,12,231,0.8866266692941197,0.002712500427151099,0.009418404260941315,-23.047357321721677,6,0.75,dynamic_1_5_p6_h1_3_6_12_s0_75,dynamic:1.5,True,True,highs
equal_share,9,67.16977880054094,201.50933640162282,134.33955760108188,13,251,0.8235564396489822,0.002710800094064325,0.00941250032661224,-20.78841038346289,6,0.75,dynamic_1_5_p6_h1_3_6_12_s0_75,dynamic:1.5,True,True,highs
equal_share,10,102.30446993683532,306.9134098105059,204.6089398736706,15,220,0.9094425808541962,0.002605300018331036,0.009046180619204987,14.34628075283149,6,0.75,dynamic_1_5_p6_h1_3_6_12_s0_75,dynamic:1.5,True,True,highs
equal_share,11,66.4459925268674,199.33797758060217,132.89198505373477,10,201,0.8147317133821813,0.0026516000798437744,0.009206944721679773,-21.51219665713643,6,0.75,dynamic_1_5_p6_h1_3_6_12_s0_75,dynamic:1.5,True,True,highs
equal_share,12,67.28835047099426,201.86505141298272,134.57670094198846,13,234,0.832702930498663,0.0026716997381299734,0.009276735201840185,-20.669838713009568,6,0.75,dynamic_1_5_p6_h1_3_6_12_s0_75,dynamic:1.5,True,True,highs
equal_share,13,58.68732874213909,176.06198622641725,117.37465748427816,7,218,0.569622585816149,0.0026698999281506985,0.00927048586163437,-29.27086044186474,6,0.75,dynamic_1_5_p6_h1_3_6_12_s0_75,dynamic:1.5,True,True,highs
equal_share,14,64.82839702225658,194.48519106676974,129.65679404451316,8,245,0.931877601401434,0.0026829996204469353,0.009315970904329637,-23.129792161747247,6,0.75,dynamic_1_5_p6_h1_3_6_12_s0_75,dynamic:1.5,True,True,highs
equal_share,15,56.36816174059747,169.10448522179243,112.73632348119496,11,216,0.8182009313878907,0.0026416999753564596,0.009172569358876595,-31.590027443406356,6,0.75,dynamic_1_5_p6_h1_3_6_12_s0_75,dynamic:1.5,True,True,highs
equal_share,16,67.7082365587504,203.12470967625126,135.41647311750086,6,226,0.998010151126139,0.0026131999911740422,0.009073611080465425,-20.249952625253428,6,0.75,dynamic_1_5_p6_h1_3_6_12_s0_75,dynamic:1.5,True,True,highs
equal_share,17,77.9697246890405,233.90917406712148,155.93944937808098,14,224,0.8935871584587908,0.002605400251923129,0.009046528652510865,-9.988464494963324,6,0.75,dynamic_1_5_p6_h1_3_6_12_s0_75,dynamic:1.5,True,True,highs
equal_share,18,46.73448106146667,140.2034431844,93.46896212293332,14,226,0.7727059981735777,0.002693800051929429,0.00935347240253274,-41.22370812253716,6,0.75,dynamic_1_5_p6_h1_3_6_12_s0_75,dynamic:1.5,True,True,highs
equal_share,19,80.94371149728354,242.8311344918506,161.88742299456706,14,190,0.8252402544274109,0.002580299769761041,0.008959374200559169,-7.014477686720284,6,0.75,dynamic_1_5_p6_h1_3_6_12_s0_75,dynamic:1.5,True,True,highs
equal_share,20,46.66465251297845,139.99395753893535,93.3293050259569,8,237,0.8179949903971726,0.0027517997659742832,0.009554860298521817,-41.29353667102538,6,0.75,dynamic_1_5_p6_h1_3_6_12_s0_75,dynamic:1.5,True,True,highs
equal_share,21,72.35871214096869,217.07613642290605,144.71742428193735,11,231,0.9969675699701336,0.0025627998693380505,0.008898610657423787,-15.599477043035137,6,0.75,dynamic_1_5_p6_h1_3_6_12_s0_75,dynamic:1.5,True,True,highs
equal_share,22,39.59452720378923,118.7835816113677,79.18905440757847,7,239,0.996561060548934,0.0026056002534460276,0.009047223102243152,-48.3636619802146,6,0.75,dynamic_1_5_p6_h1_3_6_12_s0_75,dynamic:1.5,True,True,highs
equal_share,23,56.363777296217876,169.09133188865363,112.72755459243575,12,235,0.8457491003797604,0.0026013003080151975,0.00903229273616388,-31.594411887785952,6,0.75,dynamic_1_5_p6_h1_3_6_12_s0_75,dynamic:1.5,True,True,highs
equal_share,24,68.81325597528493,206.4397679258548,137.62651195056986,15,228,0.8678902566459656,0.0026463999529369175,0.009188888725475408,-19.144933208718896,6,0.75,dynamic_1_5_p6_h1_3_6_12_s0_75,dynamic:1.5,True,True,highs
equal_share,25,86.04557460648991,258.13672381946975,172.09114921297984,9,239,0.9344430189169366,0.0025912998826242983,0.008997569036889926,-1.9126145775139207,6,0.75,dynamic_1_5_p6_h1_3_6_12_s0_75,dynamic:1.5,True,True,highs
equal_share,26,63.74247029820869,191.22741089462608,127.48494059641739,13,203,0.9439612283694964,0.0026610999775584787,0.009239930477633607,-24.21571888579514,6,0.75,dynamic_1_5_p6_h1_3_6_12_s0_75,dynamic:1.5,True,True,highs
equal_share,27,53.88709933246916,161.6612979974075,107.77419866493834,16,246,0.9976990090045291,0.002585100010037422,0.008976041701518826,-34.071089851534666,6,0.75,dynamic_1_5_p6_h1_3_6_12_s0_75,dynamic:1.5,True,True,highs
equal_share,28,67.56782243828903,202.70346731486705,135.13564487657803,7,250,0.9646393361263291,0.0025904999929480255,0.008994791642180644,-20.3903667457148,6,0.75,dynamic_1_5_p6_h1_3_6_12_s0_75,dynamic:1.5,True,True,highs
equal_share,29,81.5988419657831,244.7965258973493,163.19768393156622,15,229,0.9948855740939365,0.0026767004164867103,0.009294098668356633,-6.359347218220734,6,0.75,dynamic_1_5_p6_h1_3_6_12_s0_75,dynamic:1.5,True,True,highs
max_charge,0,86.59282918473085,259.7784875541925,173.18565836946166,15,215,0.7488222274435381,0.0011097000387962908,0.003853125134709343,-1.3653599992729823,6,0.75,dynamic_1_5_p6_h1_3_6_12_s0_75,dynamic:1.5,True,True,highs
max_charge,1,83.87655850499866,251.629675514996,167.75311700999734,19,211,0.9978384430887162,0.0010333998361602426,0.0035881938755563977,-4.081630679005173,6,0.75,dynamic_1_5_p6_h1_3_6_12_s0_75,dynamic:1.5,True,True,highs
max_charge,2,81.41106928537289,244.23320785611864,162.82213857074575,17,221,0.9971179877092043,0.0010534001339692622,0.0036576393540599383,-6.547119898630939,6,0.75,dynamic_1_5_p6_h1_3_6_12_s0_75,dynamic:1.5,True,True,highs
max_charge,3,86.02893835877379,258.08681507632133,172.05787671754754,16,214,0.9688060609211963,0.0010746998887043446,0.0037315968357789745,-1.9292508252300422,6,0.75,dynamic_1_5_p6_h1_3_6_12_s0_75,dynamic:1.5,True,True,highs
max_charge,4,92.32100505828856,276.9630151748657,184.64201011657713,16,220,0.9944781014154667,0.0010653001081664115,0.003698958708911151,4.362815874284735,6,0.75,dynamic_1_5_p6_h1_3_6_12_s0_75,dynamic:1.5,True,True,highs
max_charge,5,80.5271609395742,241.58148281872266,161.05432187914846,19,232,0.8487030436876183,0.0011098000104539096,0.0038534722585205194,-7.431028244429626,6,0.75,dynamic_1_5_p6_h1_3_6_12_s0_75,dynamic:1.5,True,True,highs
max_charge,6,88.93866059184072,266.8159817755222,177.87732118368146,13,263,0.9982878173117761,0.0010610001045279205,0.003684028140721946,0.9804714078368875,6,0.75,dynamic_1_5_p6_h1_3_6_12_s0_75,dynamic:1.5,True,True,highs
max_charge,7,66.31154083187383,198.93462249562143,132.6230816637476,28,196,0.9389998060752069,0.0011481998662929982,0.003986805091295132,-21.64664835213,6,0.75,dynamic_1_5_p6_h1_3_6_12_s0_75,dynamic:1.5,True,True,highs
max_charge,8,78.98824878707526,236.9647463612258,157.97649757415053,18,225,0.9962660593747773,0.0010628002346493304,0.0036902785925323972,-8.969940396928564,6,0.75,dynamic_1_5_p6_h1_3_6_12_s0_75,dynamic:1.5,True,True,highs
max_charge,9,100.73427573119596,302.20282719358795,201.46855146239199,23,241,0.83672245127481,0.001057500223396346,0.003671875775681757,12.776086547192136,6,0.75,dynamic_1_5_p6_h1_3_6_12_s0_75,dynamic:1.5,True,True,highs
max_charge,10,112.75546418527759,338.2663925558328,225.5109283705552,19,216,0.9225854529062676,0.0010671999480109662,0.003705555375038077,24.79727500127376,6,0.75,dynamic_1_5_p6_h1_3_6_12_s0_75,dynamic:1.5,True,True,highs
max_charge,11,86.89026058986781,260.6707817696034,173.78052117973562,17,194,0.8879774806419837,0.0010400999744888395,0.003611458244752915,-1.0679285941360206,6,0.75,dynamic_1_5_p6_h1_3_6_12_s0_75,dynamic:1.5,True,True,highs
max_charge,12,86.97275029942392,260.91825089827176,173.94550059884784,17,230,0.863370498822094,0.0010504998499527574,0.0036475689234470744,-0.9854388845799065,6,0.75,dynamic_1_5_p6_h1_3_6_12_s0_75,dynamic:1.5,True,True,highs
max_charge,13,85.9487842818101,257.8463528454303,171.8975685636202,20,205,0.84240821536264,0.0010498000774532557,0.0036451391578238043,-2.0094049021937224,6,0.75,dynamic_1_5_p6_h1_3_6_12_s0_75,dynamic:1.5,True,True,highs
max_charge,14,89.83592487871644,269.50777463614935,179.6718497574329,20,233,0.8937747376064685,0.0010138999205082655,0.003520485835098144,1.8777356947126123,6,0.75,dynamic_1_5_p6_h1_3_6_12_s0_75,dynamic:1.5,True,True,highs
max_charge,15,82.36874176872271,247.10622530616814,164.73748353744543,21,207,0.886093096481981,0.0010578001092653722,0.00367291704606032,-5.589447415281114,6,0.75,dynamic_1_5_p6_h1_3_6_12_s0_75,dynamic:1.5,True,True,highs
max_charge,16,90.64553586418427,271.93660759255283,181.29107172836856,14,218,0.8729724575150158,0.0010456998425070196,0.0036309022309271516,2.6873466801804398,6,0.75,dynamic_1_5_p6_h1_3_6_12_s0_75,dynamic:1.5,True,True,highs
max_charge,17,99.9004485795895,299.7013457387685,199.80089715917902,16,222,0.9334421913418008,0.0010939999774564058,0.0037986110328347422,11.942259395585666,6,0.75,dynamic_1_5_p6_h1_3_6_12_s0_75,dynamic:1.5,True,True,highs
max_charge,18,58.62193629269798,175.86580887809393,117.24387258539595,18,222,0.8183027647690648,0.001032799918903038,0.003586110829524437,-29.336252891305847,6,0.75,dynamic_1_5_p6_h1_3_6_12_s0_75,dynamic:1.5,True,True,highs
max_charge,19,88.86620345711705,266.5986103713512,177.73240691423413,16,188,0.8440666212000537,0.00103829987347126,0.003605207893997431,0.9080142731132241,6,0.75,dynamic_1_5_p6_h1_3_6_12_s0_75,dynamic:1.5,True,True,highs
max_charge,20,66.47953946702182,199.43861840106544,132.95907893404362,20,225,0.9085683115537903,0.0010890000557992607,0.003781250193747433,-21.478649716982005,6,0.75,dynamic_1_5_p6_h1_3_6_12_s0_75,dynamic:1.5,True,True,highs
max_charge,21,102.22543561607594,306.6763068482279,204.45087123215197,21,221,0.9980946997685675,0.0010469000844750553,0.003635069737760609,14.267246432072113,6,0.75,dynamic_1_5_p6_h1_3_6_12_s0_75,dynamic:1.5,True,True,highs
max_charge,22,68.42967599580683,205.28902798742052,136.8593519916137,18,228,0.8995842878804178,0.001035000110277906,0.003593750382909396,-19.528513188196996,6,0.75,dynamic_1_5_p6_h1_3_6_12_s0_75,dynamic:1.5,True,True,highs
max_charge,23,81.77278866817551,245.31836600452655,163.54557733635104,20,227,0.8711478658422137,0.0010881000780500472,0.003778125271007108,-6.18540051582832,6,0.75,dynamic_1_5_p6_h1_3_6_12_s0_75,dynamic:1.5,True,True,highs
max_charge,24,87.36691970005629,262.1007591001689,174.7338394001126,22,221,0.7868753150967611,0.001048600155627355,0.0036409727625949825,-0.5912694839475421,6,0.75,dynamic_1_5_p6_h1_3_6_12_s0_75,dynamic:1.5,True,True,highs
max_charge,25,120.80820706933733,362.424621208012,241.61641413867468,17,231,0.9012332737315694,0.0010460001067258418,0.0036319448150202837,32.8500178853335,6,0.75,dynamic_1_5_p6_h1_3_6_12_s0_75,dynamic:1.5,True,True,highs
max_charge,26,89.60859208703039,268.82577626109116,179.21718417406078,22,194,0.9204537361887266,0.0011659998854156584,0.0040486107132488135,1.65040290302656,6,0.75,dynamic_1_5_p6_h1_3_6_12_s0_75,dynamic:1.5,True,True,highs
max_charge,27,57.480255906780556,172.44076772034165,114.9605118135611,18,244,0.9980364866913098,0.0010322000598534942,0.0035840279856024105,-30.477933277223272,6,0.75,dynamic_1_5_p6_h1_3_6_12_s0_75,dynamic:1.5,True,True,highs
max_charge,28,100.2456940929095,300.73708227872845,200.49138818581895,19,238,0.9776688357766393,0.0010303003655280918,0.0035774318247503187,12.287504908905674,6,0.75,dynamic_1_5_p6_h1_3_6_12_s0_75,dynamic:1.5,True,True,highs
max_charge,29,91.69404915571212,275.08214746713634,183.38809831142422,15,229,0.995304117929667,0.0010848998499568552,0.003767013367905747,3.735859971708294,6,0.75,dynamic_1_5_p6_h1_3_6_12_s0_75,dynamic:1.5,True,True,highs
random,0,84.2431197909151,252.7293593727453,168.4862395818302,15,215,0.8783486893406546,0.01036229997407645,0.03598020824332101,-3.7150693930887257,6,0.75,dynamic_1_5_p6_h1_3_6_12_s0_75,dynamic:1.5,True,True,highs
random,1,81.73084875702204,245.19254627106608,163.46169751404403,20,209,0.9965504109676762,0.010430199967231601,0.03621597210844306,-6.227340426981783,6,0.75,dynamic_1_5_p6_h1_3_6_12_s0_75,dynamic:1.5,True,True,highs
random,2,79.1325125752683,237.39753772580488,158.2650251505366,17,221,0.8881654665221252,0.010415699682198465,0.03616562389652245,-8.825676608735535,6,0.75,dynamic_1_5_p6_h1_3_6_12_s0_75,dynamic:1.5,True,True,highs
random,3,83.88535251098884,251.65605753296654,167.7707050219777,18,212,0.8801052572373741,0.010710599861340597,0.037189582851877075,-4.07283667301499,6,0.75,dynamic_1_5_p6_h1_3_6_12_s0_75,dynamic:1.5,True,True,highs
random,4,90.14574090829606,270.4372227248882,180.29148181659215,14,222,0.9118458913239784,0.010248299891827628,0.035584374624401484,2.187551724292234,6,0.75,dynamic_1_5_p6_h1_3_6_12_s0_75,dynamic:1.5,True,True,highs
random,5,78.95792103234007,236.87376309702015,157.91584206468008,15,236,0.8390024929153257,0.010096799756865948,0.035058332489117876,-9.00026815166376,6,0.75,dynamic_1_5_p6_h1_3_6_12_s0_75,dynamic:1.5,True,True,highs
random,6,85.8980105664875,257.6940316994625,171.79602113297503,15,261,0.9982220233286605,0.010215000424068421,0.03546875147245979,-2.0601786175163284,6,0.75,dynamic_1_5_p6_h1_3_6_12_s0_75,dynamic:1.5,True,True,highs
random,7,65.28976938902031,195.86930816706092,130.57953877804061,19,205,0.8200574810102337,0.010463400074513629,0.03633125025872788,-22.66841979498352,6,0.75,dynamic_1_5_p6_h1_3_6_12_s0_75,dynamic:1.5,True,True,highs
random,8,77.64136882302432,232.924106469073,155.28273764604867,14,230,0.9964743471516221,0.010374699981184676,0.0360232638235579,-10.316820360979506,6,0.75,dynamic_1_5_p6_h1_3_6_12_s0_75,dynamic:1.5,True,True,highs
random,9,98.64413349745294,295.9324004923588,197.28826699490585,21,243,0.7888621264158401,0.0102777999418322,0.035686805353584025,10.685944313449113,6,0.75,dynamic_1_5_p6_h1_3_6_12_s0_75,dynamic:1.5,True,True,highs
random,10,109.75622280281158,329.26866840843473,219.51244560562316,15,220,0.9394150576737665,0.010882899718126282,0.03778784624349404,21.79803361880775,6,0.75,dynamic_1_5_p6_h1_3_6_12_s0_75,dynamic:1.5,True,True,highs
random,11,84.85317851302631,254.5595355390789,169.7063570260526,18,194,0.9405035515710574,0.0102389998792205,0.03555208291396007,-3.1050106709775207,6,0.75,dynamic_1_5_p6_h1_3_6_12_s0_75,dynamic:1.5,True,True,highs
random,12,84.86410230392971,254.59230691178917,169.72820460785945,18,229,0.7826168395828008,0.010787799954414368,0.037457638730605446,-3.0940868800741157,6,0.75,dynamic_1_5_p6_h1_3_6_12_s0_75,dynamic:1.5,True,True,highs
random,13,83.4664507043681,250.3993521131043,166.9329014087362,14,211,0.887238647064682,0.01057579999906011,0.03672152777451427,-4.491738479635728,6,0.75,dynamic_1_5_p6_h1_3_6_12_s0_75,dynamic:1.5,True,True,highs
random,14,87.98096622563207,263.94289867689616,175.9619324512641,17,236,0.9069443451090933,0.011070299544371665,0.038438540084623836,0.022777041628245343,6,0.75,dynamic_1_5_p6_h1_3_6_12_s0_75,dynamic:1.5,True,True,highs
random,15,80.42510926218912,241.2753277865674,160.85021852437828,18,209,0.9978076598032279,0.010048500174889341,0.03489062560725466,-7.5330799218147035,6,0.75,dynamic_1_5_p6_h1_3_6_12_s0_75,dynamic:1.5,True,True,highs
random,16,89.26860546918701,267.80581640756105,178.53721093837405,17,215,0.741139357365966,0.010203999729128554,0.035430554615029704,1.3104162851831802,6,0.75,dynamic_1_5_p6_h1_3_6_12_s0_75,dynamic:1.5,True,True,highs
random,17,96.81103220544716,290.4330966163415,193.62206441089435,15,223,0.8925383738570144,0.010262600204441696,0.03563402848764478,8.852843021443334,6,0.75,dynamic_1_5_p6_h1_3_6_12_s0_75,dynamic:1.5,True,True,highs
random,18,56.89214894073798,170.6764468222139,113.78429788147592,13,227,0.9650654995696818,0.010447400039993227,0.036275694583309814,-31.066040243265846,6,0.75,dynamic_1_5_p6_h1_3_6_12_s0_75,dynamic:1.5,True,True,highs
random,19,86.74165515325706,260.22496545977117,173.4833103065141,13,191,0.8673995871695895,0.01034999979310669,0.035937499281620454,-1.2165340307467716,6,0.75,dynamic_1_5_p6_h1_3_6_12_s0_75,dynamic:1.5,True,True,highs
random,20,64.74487847318744,194.2346354195623,129.48975694637485,16,229,0.9967203493875952,0.010399299731943756,0.03610867962480471,-23.213310710816387,6,0.75,dynamic_1_5_p6_h1_3_6_12_s0_75,dynamic:1.5,True,True,highs
random,21,99.843993996124,299.53198198837197,199.68798799224797,18,224,0.8598771190788431,0.01058389971149154,0.03674965177601229,11.88580481212017,6,0.75,dynamic_1_5_p6_h1_3_6_12_s0_75,dynamic:1.5,True,True,highs
random,22,67.03285006045962,201.09855018137887,134.06570012091925,16,230,0.9967807008663647,0.010552600084338337,0.03664097251506367,-20.925339123544205,6,0.75,dynamic_1_5_p6_h1_3_6_12_s0_75,dynamic:1.5,True,True,highs
random,23,80.2494316214549,240.7482948643647,160.4988632429098,16,231,0.912043843784117,0.010580799920717254,0.03673888861360158,-7.708757562548925,6,0.75,dynamic_1_5_p6_h1_3_6_12_s0_75,dynamic:1.5,True,True,highs
random,24,84.7462766932345,254.23883007970352,169.492553386469,16,227,0.9841922790778348,0.010459099779836833,0.036316318679989,-3.211912490769322,6,0.75,dynamic_1_5_p6_h1_3_6_12_s0_75,dynamic:1.5,True,True,highs
random,25,118.43868122368826,355.31604367106485,236.87736244737658,11,237,0.9975201396152462,0.010557000176049769,0.03665625061128392,30.480492039684435,6,0.75,dynamic_1_5_p6_h1_3_6_12_s0_75,dynamic:1.5,True,True,highs
random,26,86.82195250178148,260.46585750534445,173.64390500356296,16,200,0.8867120759273778,0.010615800129016861,0.03686041711464188,-1.1362366822223464,6,0.75,dynamic_1_5_p6_h1_3_6_12_s0_75,dynamic:1.5,True,True,highs
random,27,56.24409292822773,168.73227878468322,112.48818585645549,17,245,0.9971851724080014,0.010481200035428628,0.03639305567857162,-31.7140962557761,6,0.75,dynamic_1_5_p6_h1_3_6_12_s0_75,dynamic:1.5,True,True,highs
random,28,97.66978619331817,293.00935857995455,195.33957238663638,19,238,0.9473196686113469,0.010783400211948901,0.037442361847044796,9.711597009314346,6,0.75,dynamic_1_5_p6_h1_3_6_12_s0_75,dynamic:1.5,True,True,highs
random,29,90.31237186512215,270.93711559536644,180.6247437302443,11,233,0.9945291242910691,0.011229399911826476,0.038990971916064154,2.354182681118317,6,0.75,dynamic_1_5_p6_h1_3_6_12_s0_75,dynamic:1.5,True,True,highs
milp_h1,0,172.684600607346,514.364954861641,341.68035425429497,16,208,0.7505796051653252,3.985600700310897,13.838891320523949,-0.4541903102939955,12,0.75,dynamic_1_5_p12_h1_3_6_12_s0_75,dynamic:1.5,True,True,highs
milp_h1,1,168.2399139495867,500.99943427763156,332.75952032804486,16,207,0.997629558779577,3.995141700201202,13.872019792365286,-4.898876968053287,12,0.75,dynamic_1_5_p12_h1_3_6_12_s0_75,dynamic:1.5,True,True,highs
milp_h1,2,161.73029473599615,481.76257707025235,320.0322823342562,25,207,0.9048499902356756,3.981855700199958,13.82588784791652,-11.40849618164384,12,0.75,dynamic_1_5_p12_h1_3_6_12_s0_75,dynamic:1.5,True,True,highs
milp_h1,3,172.81219908315938,514.8422491999368,342.0300501167774,20,204,0.8784120603730738,3.918343700293917,13.60536007046499,-0.3265918344806096,12,0.75,dynamic_1_5_p12_h1_3_6_12_s0_75,dynamic:1.5,True,True,highs
milp_h1,4,184.51429053221847,549.850794968314,365.3365044360955,17,213,0.9729357463172714,3.832524700119393,13.307377430970114,11.375499614578473,12,0.75,dynamic_1_5_p12_h1_3_6_12_s0_75,dynamic:1.5,True,True,highs
milp_h1,5,161.4267041035862,480.6011085250587,319.1744044214725,25,221,0.7708719822779861,3.785053700004937,13.142547569461588,-11.712086814053805,12,0.75,dynamic_1_5_p12_h1_3_6_12_s0_75,dynamic:1.5,True,True,highs
milp_h1,6,176.52634716208246,525.9212499180883,349.3949027560058,21,249,0.996871702801294,3.944879999937257,13.697499999782142,3.3875562444424645,12,0.75,dynamic_1_5_p12_h1_3_6_12_s0_75,dynamic:1.5,True,True,highs
milp_h1,7,133.13007927465293,396.0684168096527,262.9383375349998,22,196,0.8802084370897106,4.845445399987511,16.82446319440108,-40.008711642987066,12,0.75,dynamic_1_5_p12_h1_3_6_12_s0_75,dynamic:1.5,True,True,highs
milp_h1,8,157.8822327211721,469.9059972395562,312.0237645183841,24,215,0.9272933367111089,5.6643573000328615,19.667907291780768,-15.256558196467893,12,0.75,dynamic_1_5_p12_h1_3_6_12_s0_75,dynamic:1.5,True,True,highs
milp_h1,9,201.9768851990765,602.0819948877955,400.10510968871904,23,235,0.8181544232730955,5.627496000059182,19.53991666687216,28.838094281436497,12,0.75,dynamic_1_5_p12_h1_3_6_12_s0_75,dynamic:1.5,True,True,highs
milp_h1,10,225.47428242447137,672.1948599044377,446.7205774799664,13,216,0.9973472102056163,5.349176200135844,18.5735284726939,52.335491506831374,12,0.75,dynamic_1_5_p12_h1_3_6_12_s0_75,dynamic:1.5,True,True,highs
milp_h1,11,173.47217252977867,516.5151825416106,343.0430100118319,23,182,0.8691553996187142,5.4075872000539675,18.77634444463183,0.33338161213868034,12,0.75,dynamic_1_5_p12_h1_3_6_12_s0_75,dynamic:1.5,True,True,highs
milp_h1,12,173.79001674587772,518.1426345208204,344.35261777494264,20,221,0.7489587522863157,4.286482699622866,14.883620484801618,0.6512258282377275,12,0.75,dynamic_1_5_p12_h1_3_6_12_s0_75,dynamic:1.5,True,True,highs
milp_h1,13,172.12657972940275,512.6686155702153,340.5420358408125,17,202,0.6211386843916199,4.024888700339943,13.975307987291469,-1.012211188237245,12,0.75,dynamic_1_5_p12_h1_3_6_12_s0_75,dynamic:1.5,True,True,highs
milp_h1,14,180.1561853228331,536.7670249132633,356.6108395904302,14,233,0.890443251313634,4.013296800258104,13.935058334229527,7.017394405193102,12,0.75,dynamic_1_5_p12_h1_3_6_12_s0_75,dynamic:1.5,True,True,highs
milp_h1,15,165.6106700633287,494.02524513843844,328.4145750751097,18,203,0.7942359133800135,4.493103800166864,15.6010548616905,-7.5281208543112825,12,0.75,dynamic_1_5_p12_h1_3_6_12_s0_75,dynamic:1.5,True,True,highs
milp_h1,16,181.23474769265454,540.061843685598,358.82709599294344,20,206,0.8490696925379229,5.7419852000894025,19.937448611421537,8.095956775014542,12,0.75,dynamic_1_5_p12_h1_3_6_12_s0_75,dynamic:1.5,True,True,highs
milp_h1,17,199.76967717803456,595.6179168167516,395.8482396387171,25,208,0.7569819847525209,4.94771189999301,17.17955520830906,26.63088626039456,12,0.75,dynamic_1_5_p12_h1_3_6_12_s0_75,dynamic:1.5,True,True,highs
milp_h1,18,117.52076134677125,350.225679696526,232.70491834975476,20,214,0.9958323703251867,4.430480299808551,15.383612152113024,-55.61802957086874,12,0.75,dynamic_1_5_p12_h1_3_6_12_s0_75,dynamic:1.5,True,True,highs
milp_h1,19,178.18264306494063,530.7485222835229,352.56587921858227,12,186,0.7901836437482193,5.258723900013138,18.25945798615673,5.04385214730064,12,0.75,dynamic_1_5_p12_h1_3_6_12_s0_75,dynamic:1.5,True,True,highs
milp_h1,20,133.4868893366256,397.36240825466297,263.87551891803736,17,222,0.9974900387157536,3.707564799755346,12.873488888039397,-39.651901581014386,12,0.75,dynamic_1_5_p12_h1_3_6_12_s0_75,dynamic:1.5,True,True,highs
milp_h1,21,204.77457346211872,610.2062773225923,405.4317038604736,23,213,0.9375180762741682,3.600352999957977,12.501225694298531,31.63578254447873,12,0.75,dynamic_1_5_p12_h1_3_6_12_s0_75,dynamic:1.5,True,True,highs
milp_h1,22,137.2697614341733,408.1954622228699,270.9257007886966,21,219,0.9145638733085939,3.7225609999732114,12.925559027684763,-35.869029483466704,12,0.75,dynamic_1_5_p12_h1_3_6_12_s0_75,dynamic:1.5,True,True,highs
milp_h1,23,164.44012821686084,489.6043929931701,325.16426477630927,24,220,0.9117668258431951,3.523573799728183,12.234631249056191,-8.698662700779153,12,0.75,dynamic_1_5_p12_h1_3_6_12_s0_75,dynamic:1.5,True,True,highs
milp_h1,24,174.460747548531,519.69677256869,345.236025020159,15,222,0.9544406618901664,3.51438359983149,12.202720832748229,1.321956630891009,12,0.75,dynamic_1_5_p12_h1_3_6_12_s0_75,dynamic:1.5,True,True,highs
milp_h1,25,241.37840611416783,719.5474705074577,478.16906439328983,11,231,0.9978314229244916,3.651118599984329,12.677495138834477,68.23961519652784,12,0.75,dynamic_1_5_p12_h1_3_6_12_s0_75,dynamic:1.5,True,True,highs
milp_h1,26,178.95290017606533,533.2921692707629,354.33926909469756,16,194,0.9984241924193737,4.891792200127384,16.98538958377564,5.814109258425333,12,0.75,dynamic_1_5_p12_h1_3_6_12_s0_75,dynamic:1.5,True,True,highs
milp_h1,27,115.78916982206832,345.0040374437285,229.2148676216602,16,240,0.9984236432374545,5.650515400222503,19.619845139661468,-57.34962109557168,12,0.75,dynamic_1_5_p12_h1_3_6_12_s0_75,dynamic:1.5,True,True,highs
milp_h1,28,200.08097969675555,596.1900226980734,396.1090430013179,20,231,0.9776649790358335,5.309632700111251,18.436224653164068,26.942188779115554,12,0.75,dynamic_1_5_p12_h1_3_6_12_s0_75,dynamic:1.5,True,True,highs
milp_h1,29,183.8741809752479,547.9076506402984,364.03346966505046,16,223,0.9971791139215495,4.916989700257545,17.072880903672033,10.735390057607901,12,0.75,dynamic_1_5_p12_h1_3_6_12_s0_75,dynamic:1.5,True,True,highs
milp_h3,0,172.68457334227577,514.364928096056,341.68035475378025,20,204,0.7040880349603953,14.915112499817042,51.78858506880917,-0.45421757536422547,12,0.75,dynamic_1_5_p12_h1_3_6_12_s0_75,dynamic:1.5,True,True,highs
milp_h3,1,168.30878518446605,501.2061006451908,332.89731546072477,15,209,0.8757652571604693,14.200421300163725,49.30701840334627,-4.830005733173948,12,0.75,dynamic_1_5_p12_h1_3_6_12_s0_75,dynamic:1.5,True,True,highs
milp_h3,2,161.7302692577029,481.7625522955673,320.0322830378644,21,211,0.8642028799293896,10.048784500162583,34.891612847786746,-11.408521659937094,12,0.75,dynamic_1_5_p12_h1_3_6_12_s0_75,dynamic:1.5,True,True,highs
milp_h3,3,172.8787370740896,515.0419173168711,342.16318024278155,22,202,0.8454268557189776,12.40168640014599,43.06141111161802,-0.26005384355039496,12,0.75,dynamic_1_5_p12_h1_3_6_12_s0_75,dynamic:1.5,True,True,highs
milp_h3,4,184.5142615493233,549.8507664853428,365.3365049360195,24,209,0.8230020710109037,8.944729300332256,31.058087848375887,11.3754706316833,12,0.75,dynamic_1_5_p12_h1_3_6_12_s0_75,dynamic:1.5,True,True,highs
milp_h3,5,161.4266789032119,480.6010834546368,319.1744045514249,27,219,0.65566164179047,15.788166200043634,54.820021527929285,-11.7121120144281,12,0.75,dynamic_1_5_p12_h1_3_6_12_s0_75,dynamic:1.5,True,True,highs
milp_h3,6,176.52631914362667,525.9212227098742,349.39490356624754,25,245,0.878797340765157,8.98737189953681,31.20615242894726,3.387528225986671,12,0.75,dynamic_1_5_p12_h1_3_6_12_s0_75,dynamic:1.5,True,True,highs
milp_h3,7,133.16027251542658,396.15899653197374,262.99872401654716,21,198,0.8496087523847053,8.77582349977456,30.471609374217223,-39.97851840221341,12,0.75,dynamic_1_5_p12_h1_3_6_12_s0_75,dynamic:1.5,True,True,highs
milp_h3,8,157.97639826292107,470.1885442471415,312.21214598422046,23,214,0.7952539568568728,12.803000599902589,44.45486319410621,-15.162392654718928,12,0.75,dynamic_1_5_p12_h1_3_6_12_s0_75,dynamic:1.5,True,True,highs
milp_h3,9,201.97685359870127,602.0819634233666,400.1051098246653,17,241,0.7646723573912207,29.246523399837315,101.55042847165734,28.838062681061274,12,0.75,dynamic_1_5_p12_h1_3_6_12_s0_75,dynamic:1.5,True,True,highs
milp_h3,10,225.47424684348834,672.1948248212727,446.7205779777844,18,213,0.9974642223770956,24.166580599878216,83.91173819402158,52.33545592584835,12,0.75,dynamic_1_5_p12_h1_3_6_12_s0_75,dynamic:1.5,True,True,highs
milp_h3,11,173.4721449586376,516.5151555676285,343.0430106089909,18,187,0.828054529890978,30.48454240016872,105.8491055561414,0.33335404099761945,12,0.75,dynamic_1_5_p12_h1_3_6_12_s0_75,dynamic:1.5,True,True,highs
milp_h3,12,173.78998925822134,518.1426074131714,344.35261815495005,18,223,0.8188825530613174,31.084472800255753,107.93219722311025,0.6511983405813453,12,0.75,dynamic_1_5_p12_h1_3_6_12_s0_75,dynamic:1.5,True,True,highs
milp_h3,13,172.1265528366951,512.6685888741385,340.54203603744344,16,203,0.8690498979901892,20.978874899825314,72.84331562439345,-1.0122380809448828,12,0.75,dynamic_1_5_p12_h1_3_6_12_s0_75,dynamic:1.5,True,True,highs
milp_h3,14,180.22470715874437,536.9726468761324,356.7479397173881,15,232,0.8656132339014871,29.2311731998052,101.49712916599027,7.085916241104371,12,0.75,dynamic_1_5_p12_h1_3_6_12_s0_75,dynamic:1.5,True,True,highs
milp_h3,15,165.6106700633287,494.02524513843844,328.4145750751097,21,200,0.8104149451033852,30.616241299867397,106.30639340231735,-7.5281208543112825,12,0.75,dynamic_1_5_p12_h1_3_6_12_s0_75,dynamic:1.5,True,True,highs
milp_h3,16,181.2347476926546,540.061843685598,358.8270959929434,18,208,0.9974366012754305,18.030700400064234,62.60659861133414,8.0959567750146,12,0.75,dynamic_1_5_p12_h1_3_6_12_s0_75,dynamic:1.5,True,True,highs
milp_h3,17,199.7696454537898,595.6178857211014,395.8482402673116,23,209,0.7744087474548611,12.863556900381809,44.665128126325726,26.630854536149798,12,0.75,dynamic_1_5_p12_h1_3_6_12_s0_75,dynamic:1.5,True,True,highs
milp_h3,18,117.52074289935766,350.22566133164815,232.7049184322905,26,210,0.9484022075115527,7.498355099844048,26.035955207791833,-55.61804801828234,12,0.75,dynamic_1_5_p12_h1_3_6_12_s0_75,dynamic:1.5,True,True,highs
milp_h3,19,178.18261487478236,530.7484944736144,352.56587959883205,18,180,0.9374135633552575,12.746512700163294,44.25872465334477,5.043823957142365,12,0.75,dynamic_1_5_p12_h1_3_6_12_s0_75,dynamic:1.5,True,True,highs
milp_h3,20,133.54424595547943,397.5345199801495,263.9902740246701,28,211,0.940286481865049,15.550740299979225,53.995626041594534,-39.59454496216057,12,0.75,dynamic_1_5_p12_h1_3_6_12_s0_75,dynamic:1.5,True,True,highs
milp_h3,21,204.3115014482637,608.8170612810273,404.50555983276365,25,211,0.9989070276761421,16.284891299932497,56.54476145809895,31.172710530623704,12,0.75,dynamic_1_5_p12_h1_3_6_12_s0_75,dynamic:1.5,True,True,highs
milp_h3,22,137.33666511944762,408.3962160291416,271.059550909694,20,220,0.9038594078050869,29.89285959972767,103.7946513879433,-35.80212579819238,12,0.75,dynamic_1_5_p12_h1_3_6_12_s0_75,dynamic:1.5,True,True,highs
milp_h3,23,164.44012821686078,489.60439299317005,325.16426477630927,16,227,0.7730539717213755,27.87048130040057,96.77250451527976,-8.69866270077921,12,0.75,dynamic_1_5_p12_h1_3_6_12_s0_75,dynamic:1.5,True,True,highs
milp_h3,24,174.46072002846552,519.6967456127435,345.23602558427797,21,220,0.9970582049269202,22.496140000177547,78.11159722283871,1.321929110825522,12,0.75,dynamic_1_5_p12_h1_3_6_12_s0_75,dynamic:1.5,True,True,highs
milp_h3,25,241.37836815321822,719.5474332487382,478.16906509552,16,226,0.9972201283535798,18.955828700010898,65.81884965281562,68.23957723557822,12,0.75,dynamic_1_5_p12_h1_3_6_12_s0_75,dynamic:1.5,True,True,highs
milp_h3,26,178.95287195342001,533.2921415310424,354.33926957762236,20,192,0.9975438252812817,21.91020650023711,76.07710590360108,5.814081035780021,12,0.75,dynamic_1_5_p12_h1_3_6_12_s0_75,dynamic:1.5,True,True,highs
milp_h3,27,115.78916982206829,345.00403744372846,229.21486762166018,25,236,0.9981538619635963,16.845881599758286,58.49264444360516,-57.349621095571706,12,0.75,dynamic_1_5_p12_h1_3_6_12_s0_75,dynamic:1.5,True,True,highs
milp_h3,28,200.08094805538366,596.1899913907434,396.1090433353598,19,232,0.9965775073565272,23.49120390016469,81.56668020890518,26.942157137743663,12,0.75,dynamic_1_5_p12_h1_3_6_12_s0_75,dynamic:1.5,True,True,highs
milp_h3,29,183.94294967608727,548.1140144702414,364.1710647941541,16,224,0.9990181731234348,18.035394999780692,62.62289930479407,10.804158758447272,12,0.75,dynamic_1_5_p12_h1_3_6_12_s0_75,dynamic:1.5,True,True,highs
milp_h6,0,172.68457321197525,514.364928096056,341.68035488408077,20,204,0.7040880349603953,18.96538419983699,65.85202847165621,-0.45421770566474606,12,0.75,dynamic_1_5_p12_h1_3_6_12_s0_75,dynamic:1.5,True,True,highs
milp_h6,1,168.30878505305452,501.2061006451908,332.8973155921363,15,209,0.8757652571604693,19.067343300179346,66.20605312562273,-4.830005864585473,12,0.75,dynamic_1_5_p12_h1_3_6_12_s0_75,dynamic:1.5,True,True,highs
milp_h6,2,161.73026913660533,481.7625522955673,320.03228315896195,21,212,0.8370963034800993,18.081208599935053,62.781974305330046,-11.408521781034665,12,0.75,dynamic_1_5_p12_h1_3_6_12_s0_75,dynamic:1.5,True,True,highs
milp_h6,3,172.87873694712692,515.0419173168711,342.1631803697442,22,202,0.8454268557189776,20.242219799780287,70.28548541590378,-0.26005397051307,12,0.75,dynamic_1_5_p12_h1_3_6_12_s0_75,dynamic:1.5,True,True,highs
milp_h6,4,184.51426141890835,549.8507664853428,365.3365050664344,25,205,0.8756348764314467,13.527667400223436,46.97106736188693,11.375470501268353,12,0.75,dynamic_1_5_p12_h1_3_6_12_s0_75,dynamic:1.5,True,True,highs
milp_h6,5,161.42667859998954,480.6010834546368,319.17440485464726,28,218,0.6821051454616639,19.371690599713475,67.26281458233845,-11.712112317650451,12,0.75,dynamic_1_5_p12_h1_3_6_12_s0_75,dynamic:1.5,True,True,highs
milp_h6,6,176.52631901442288,525.9212227098742,349.3949036954513,24,246,0.8522099487206571,11.697632399736904,40.61677916575314,3.387528096782887,12,0.75,dynamic_1_5_p12_h1_3_6_12_s0_75,dynamic:1.5,True,True,highs
milp_h6,7,132.96296983015975,395.5671299501558,262.60416011999604,23,195,0.9111951824744798,11.56238439999288,40.147168055530834,-40.175821087480244,12,0.75,dynamic_1_5_p12_h1_3_6_12_s0_75,dynamic:1.5,True,True,highs
milp_h6,8,157.9763981307895,470.1885442471415,312.212146116352,23,215,0.9281334187135204,10.705902499787044,37.173272568705016,-15.16239278685049,12,0.75,dynamic_1_5_p12_h1_3_6_12_s0_75,dynamic:1.5,True,True,highs
milp_h6,9,201.97685328149328,602.0819634233666,400.1051101418733,17,241,0.7646723573912207,19.25359370044316,66.85275590431654,28.838062363853282,12,0.75,dynamic_1_5_p12_h1_3_6_12_s0_75,dynamic:1.5,True,True,highs
milp_h6,10,225.47424669414295,672.1948248212727,446.7205781271298,20,209,0.7514501467770718,15.550952799763763,53.99636388806862,52.335455776502954,12,0.75,dynamic_1_5_p12_h1_3_6_12_s0_75,dynamic:1.5,True,True,highs
milp_h6,11,173.47214482083166,516.5151555676285,343.0430107467969,18,187,0.828054529890978,19.69009430008009,68.36838298638921,0.33335390319166436,12,0.75,dynamic_1_5_p12_h1_3_6_12_s0_75,dynamic:1.5,True,True,highs
milp_h6,12,173.78998914421908,518.1426074131714,344.3526182689523,20,221,0.836811285831662,13.968130600056611,48.50045347241879,0.6511982265790834,12,0.75,dynamic_1_5_p12_h1_3_6_12_s0_75,dynamic:1.5,True,True,highs
milp_h6,13,172.12655253082477,512.6685888741385,340.5420363433138,17,203,0.8557325480323215,10.932242099981522,37.959173958269176,-1.012238386815227,12,0.75,dynamic_1_5_p12_h1_3_6_12_s0_75,dynamic:1.5,True,True,highs
milp_h6,14,180.22470702799563,536.9726468761324,356.7479398481368,15,232,0.8656132339014871,20.067694400262553,69.67949444535608,7.08591611035564,12,0.75,dynamic_1_5_p12_h1_3_6_12_s0_75,dynamic:1.5,True,True,highs
milp_h6,15,165.66262432129247,494.18115939638074,328.51853507508827,23,200,0.8363991733379261,17.97021479974501,62.396579165781276,-7.476166596347525,12,0.75,dynamic_1_5_p12_h1_3_6_12_s0_75,dynamic:1.5,True,True,highs
milp_h6,16,181.2347193416956,540.0618162092776,358.827096867582,17,211,0.9964935020603354,19.45877140003722,67.56517847235146,8.095928424055614,12,0.75,dynamic_1_5_p12_h1_3_6_12_s0_75,dynamic:1.5,True,True,highs
milp_h6,17,199.7696453234082,595.6178857211014,395.8482403976932,23,209,0.774407861728288,22.658865900099045,78.67661770867724,26.63085440576822,12,0.75,dynamic_1_5_p12_h1_3_6_12_s0_75,dynamic:1.5,True,True,highs
milp_h6,18,117.52074270677426,350.22566133164815,232.7049186248739,22,213,0.9289301161198168,12.687348600185942,44.05329375064563,-55.61804821086574,12,0.75,dynamic_1_5_p12_h1_3_6_12_s0_75,dynamic:1.5,True,True,highs
milp_h6,19,178.18261474057653,530.7484944736144,352.5658797330379,16,182,0.927275910162864,22.957891300029587,79.71490034732496,5.043823822936531,12,0.75,dynamic_1_5_p12_h1_3_6_12_s0_75,dynamic:1.5,True,True,highs
milp_h6,20,133.54424570012202,397.5345199801495,263.9902742800275,20,219,0.9970643080397088,16.570367500244174,57.53599826473672,-39.594545217517975,12,0.75,dynamic_1_5_p12_h1_3_6_12_s0_75,dynamic:1.5,True,True,highs
milp_h6,21,205.48269380136122,612.3307024721728,406.84800867081157,27,211,0.8103638326033351,11.063469799963059,38.41482569431618,32.34390288372123,12,0.75,dynamic_1_5_p12_h1_3_6_12_s0_75,dynamic:1.5,True,True,highs
milp_h6,22,137.33666482159924,408.3962160291416,271.05955120754237,20,220,0.9038594078050869,22.748487500095507,78.98780381977606,-35.80212609604075,12,0.75,dynamic_1_5_p12_h1_3_6_12_s0_75,dynamic:1.5,True,True,highs
milp_h6,23,164.50892016748844,489.81082006765615,325.3018999001677,16,227,0.7705578936161439,22.735962400009157,78.94431388892069,-8.629870750151554,12,0.75,dynamic_1_5_p12_h1_3_6_12_s0_75,dynamic:1.5,True,True,highs
milp_h6,24,174.46071989828425,519.6967456127435,345.23602571445923,21,219,0.9971095680747432,20.043030399945565,69.59385555536655,1.321928980644259,12,0.75,dynamic_1_5_p12_h1_3_6_12_s0_75,dynamic:1.5,True,True,highs
milp_h6,25,241.37836799116513,719.5474332487382,478.1690652575731,18,224,0.9980478813703497,15.924799800355686,55.29444375123502,68.23957707352514,12,0.75,dynamic_1_5_p12_h1_3_6_12_s0_75,dynamic:1.5,True,True,highs
milp_h6,26,178.95287182743976,533.2921415310425,354.3392697036027,20,191,0.817489117389577,18.05775529993116,62.70053923587208,5.81408090979977,12,0.75,dynamic_1_5_p12_h1_3_6_12_s0_75,dynamic:1.5,True,True,highs
milp_h6,27,115.83292189267644,345.1353295150137,229.30240762233728,23,233,0.9976648654728686,24.88930919964332,86.42121249876153,-57.305869024963556,12,0.75,dynamic_1_5_p12_h1_3_6_12_s0_75,dynamic:1.5,True,True,highs
milp_h6,28,200.08094791222283,596.1899913907434,396.1090434785206,17,234,0.9971681559228938,20.87646360017243,72.48772083393204,26.94215699458283,12,0.75,dynamic_1_5_p12_h1_3_6_12_s0_75,dynamic:1.5,True,True,highs
milp_h6,29,183.94294936990542,548.1140144702414,364.17106510033597,24,216,0.8603527125008,16.096098100126255,55.889229514327276,10.804158452265426,12,0.75,dynamic_1_5_p12_h1_3_6_12_s0_75,dynamic:1.5,True,True,highs
milp_h12,0,172.68457321197525,514.364928096056,341.68035488408077,20,204,0.7047273202381061,42.65817859972594,148.11867569349286,-0.45421770566474606,12,0.75,dynamic_1_5_p12_h1_3_6_12_s0_75,dynamic:1.5,True,True,highs
milp_h12,1,168.30878505305452,501.2061006451908,332.8973155921363,15,209,0.8756013100967769,45.74014460039325,158.81994652914324,-4.830005864585473,12,0.75,dynamic_1_5_p12_h1_3_6_12_s0_75,dynamic:1.5,True,True,highs
milp_h12,2,161.7302691366054,481.76255229556733,320.03228315896195,24,209,0.8642317771261766,29.97086059980211,104.06548819375732,-11.408521781034608,12,0.75,dynamic_1_5_p12_h1_3_6_12_s0_75,dynamic:1.5,True,True,highs
milp_h12,3,172.87873694712692,515.0419173168711,342.1631803697442,20,204,0.8333738790019692,43.60469509995892,151.4051913193018,-0.26005397051307,12,0.75,dynamic_1_5_p12_h1_3_6_12_s0_75,dynamic:1.5,True,True,highs
milp_h12,4,184.51426141890835,549.8507664853428,365.3365050664344,25,206,0.9659728931375838,25.084979600360384,87.10062361236244,11.375470501268353,12,0.75,dynamic_1_5_p12_h1_3_6_12_s0_75,dynamic:1.5,True,True,highs
milp_h12,5,161.42667859998954,480.6010834546368,319.17440485464726,27,219,0.6973956253543655,45.77324660003069,158.93488402788432,-11.712112317650451,12,0.75,dynamic_1_5_p12_h1_3_6_12_s0_75,dynamic:1.5,True,True,highs
milp_h12,6,176.52631901442288,525.9212227098742,349.3949036954513,21,249,0.9377395190096134,20.557270699559012,71.37941215124657,3.387528096782887,12,0.75,dynamic_1_5_p12_h1_3_6_12_s0_75,dynamic:1.5,True,True,highs
milp_h12,7,133.16156258318546,396.16290820923285,263.0013456260474,26,192,0.9054040291397233,26.432011500088265,91.77781770863982,-39.97722833445454,12,0.75,dynamic_1_5_p12_h1_3_6_12_s0_75,dynamic:1.5,True,True,highs
milp_h12,8,157.9763981307895,470.1885442471415,312.212146116352,21,217,0.9119757210855999,33.50929490002454,116.351718402863,-15.16239278685049,12,0.75,dynamic_1_5_p12_h1_3_6_12_s0_75,dynamic:1.5,True,True,highs
milp_h12,9,201.97685328149328,602.0819634233666,400.1051101418733,17,241,0.7646723573912207,44.820735499990406,155.62755381941113,28.838062363853282,12,0.75,dynamic_1_5_p12_h1_3_6_12_s0_75,dynamic:1.5,True,True,highs
milp_h12,10,225.47424669414295,672.1948248212727,446.7205781271298,19,211,0.937172544822017,31.02325259987265,107.71962708289114,52.335455776502954,12,0.75,dynamic_1_5_p12_h1_3_6_12_s0_75,dynamic:1.5,True,True,highs
milp_h12,11,173.47214482083166,516.5151555676285,343.0430107467969,18,187,0.9128719505518559,37.878487800073344,131.522527083588,0.33335390319166436,12,0.75,dynamic_1_5_p12_h1_3_6_12_s0_75,dynamic:1.5,True,True,highs
milp_h12,12,173.78998914421908,518.1426074131714,344.3526182689523,24,218,0.7749231969627882,24.95202640024945,86.6389805564217,0.6511982265790834,12,0.75,dynamic_1_5_p12_h1_3_6_12_s0_75,dynamic:1.5,True,True,highs
milp_h12,13,172.12655253082477,512.6685888741385,340.5420363433138,19,200,0.8690761356262421,27.45786799993948,95.33981944423431,-1.012238386815227,12,0.75,dynamic_1_5_p12_h1_3_6_12_s0_75,dynamic:1.5,True,True,highs
milp_h12,14,180.22470702799563,536.9726468761324,356.7479398481368,15,232,0.8656132339014871,41.865578200493474,145.36659097393567,7.08591611035564,12,0.75,dynamic_1_5_p12_h1_3_6_12_s0_75,dynamic:1.5,True,True,highs
milp_h12,15,165.66262432129247,494.18115939638074,328.51853507508827,23,198,0.7765214075515291,38.971793900214834,135.3187288201904,-7.476166596347525,12,0.75,dynamic_1_5_p12_h1_3_6_12_s0_75,dynamic:1.5,True,True,highs
milp_h12,16,181.2347194274691,540.0618162092776,358.8270967818085,18,210,0.9968610343486751,36.35419739939971,126.22985208124899,8.095928509829093,12,0.75,dynamic_1_5_p12_h1_3_6_12_s0_75,dynamic:1.5,True,True,highs
milp_h12,17,199.7696453234082,595.6178857211014,395.8482403976932,24,208,0.9183668207219875,28.971192200027872,100.59441736120789,26.63085440576822,12,0.75,dynamic_1_5_p12_h1_3_6_12_s0_75,dynamic:1.5,True,True,highs
milp_h12,18,117.52074270677426,350.22566133164815,232.7049186248739,25,210,0.9988599568704284,22.188745000079507,77.04425347249828,-55.61804821086574,12,0.75,dynamic_1_5_p12_h1_3_6_12_s0_75,dynamic:1.5,True,True,highs
milp_h12,19,178.18261474057653,530.7484944736144,352.5658797330379,16,182,0.9287392359820958,40.110602799628396,139.2729263875986,5.043823822936531,12,0.75,dynamic_1_5_p12_h1_3_6_12_s0_75,dynamic:1.5,True,True,highs
milp_h12,20,133.54424570012202,397.5345199801495,263.9902742800275,21,218,0.9985903996815677,35.60198910004692,123.61801770849625,-39.594545217517975,12,0.75,dynamic_1_5_p12_h1_3_6_12_s0_75,dynamic:1.5,True,True,highs
milp_h12,21,205.4826938013611,612.3307024721727,406.84800867081157,35,201,0.6721555009118066,21.668596300238278,75.23818159804958,32.343902883721114,12,0.75,dynamic_1_5_p12_h1_3_6_12_s0_75,dynamic:1.5,True,True,highs
milp_h12,22,137.33666482159924,408.3962160291416,271.05955120754237,22,218,0.9133593052541269,39.81431809987407,138.2441600690072,-35.80212609604075,12,0.75,dynamic_1_5_p12_h1_3_6_12_s0_75,dynamic:1.5,True,True,highs
milp_h12,23,164.5089202549944,489.81082006765615,325.30189981266176,16,227,0.7705578936161439,42.697336600365816,148.25464097349243,-8.629870662645601,12,0.75,dynamic_1_5_p12_h1_3_6_12_s0_75,dynamic:1.5,True,True,highs
milp_h12,24,174.46071989828425,519.6967456127435,345.23602571445923,19,218,0.9953536413177039,40.391884200362256,140.2495979179245,1.321928980644259,12,0.75,dynamic_1_5_p12_h1_3_6_12_s0_75,dynamic:1.5,True,True,highs
milp_h12,25,241.37836799116513,719.5474332487382,478.1690652575731,21,221,0.9337046963933411,28.397058500093408,98.60089756976878,68.23957707352514,12,0.75,dynamic_1_5_p12_h1_3_6_12_s0_75,dynamic:1.5,True,True,highs
milp_h12,26,178.95287182743965,533.2921415310424,354.3392697036027,19,193,0.997277502866357,29.663550699769985,102.9984399297569,5.814080909799657,12,0.75,dynamic_1_5_p12_h1_3_6_12_s0_75,dynamic:1.5,True,True,highs
milp_h12,27,115.83292183702,345.1353295150137,229.30240767799373,19,237,0.9976900498738505,40.508250299841166,140.6536468744485,-57.30586908062,12,0.75,dynamic_1_5_p12_h1_3_6_12_s0_75,dynamic:1.5,True,True,highs
milp_h12,28,200.08094791222283,596.1899913907434,396.1090434785206,17,234,0.9971681559228938,37.4079496000777,129.88871388915868,26.94215699458283,12,0.75,dynamic_1_5_p12_h1_3_6_12_s0_75,dynamic:1.5,True,True,highs
milp_h12,29,183.94294936990536,548.1140144702414,364.171065100336,20,220,0.9985074683459735,28.925654799939366,100.43630138867836,10.80415845226537,12,0.75,dynamic_1_5_p12_h1_3_6_12_s0_75,dynamic:1.5,True,True,highs
equal_share,0,133.83964698816862,401.5189409645059,267.67929397633725,19,205,0.9204945671246663,0.006863600428914651,0.02383194593373143,-39.29914392947137,12,0.75,dynamic_1_5_p12_h1_3_6_12_s0_75,dynamic:1.5,True,True,highs
equal_share,1,130.34353165862063,391.0305949758619,260.68706331724127,21,202,0.9169399942774159,0.006255899934330955,0.021721874771982484,-42.79525925901936,12,0.75,dynamic_1_5_p12_h1_3_6_12_s0_75,dynamic:1.5,True,True,highs
equal_share,2,105.47115492417993,316.4134647725397,210.9423098483598,14,218,0.8178098040841204,0.005855799885466695,0.0203326384912038,-67.66763599346007,12,0.75,dynamic_1_5_p12_h1_3_6_12_s0_75,dynamic:1.5,True,True,highs
equal_share,3,140.64027442868678,421.92082328606034,281.28054885737356,24,200,0.7799626661902143,0.006516200432088226,0.022625695944750786,-32.498516488953214,12,0.75,dynamic_1_5_p12_h1_3_6_12_s0_75,dynamic:1.5,True,True,highs
equal_share,4,136.46340726320972,409.3902217896292,272.9268145264195,18,212,0.9637431894709789,0.006394800002453849,0.022204166675186973,-36.67538365443028,12,0.75,dynamic_1_5_p12_h1_3_6_12_s0_75,dynamic:1.5,True,True,highs
equal_share,5,124.76164886439761,374.28494659319284,249.52329772879523,28,218,0.84329175256309,0.005454099620692432,0.018937845905182056,-48.37714205324238,12,0.75,dynamic_1_5_p12_h1_3_6_12_s0_75,dynamic:1.5,True,True,highs
equal_share,6,144.79197800822487,434.3759340246746,289.58395601644975,22,248,0.9957413983442732,0.00748279964318499,0.025981943205503438,-28.34681290941512,12,0.75,dynamic_1_5_p12_h1_3_6_12_s0_75,dynamic:1.5,True,True,highs
equal_share,7,110.4091620497802,331.2274861493406,220.8183240995604,24,194,0.7971696675194941,0.005895299924304709,0.020469791403835796,-62.72962886785979,12,0.75,dynamic_1_5_p12_h1_3_6_12_s0_75,dynamic:1.5,True,True,highs
equal_share,8,128.9685237000362,386.9055711001086,257.9370474000724,20,217,0.9188459984136798,0.005056199821410701,0.017556249379898265,-44.170267217603794,12,0.75,dynamic_1_5_p12_h1_3_6_12_s0_75,dynamic:1.5,True,True,highs
equal_share,9,146.4910679794407,439.4732039383221,292.98213595888143,16,242,0.7654218373408141,0.005392500635934994,0.01872396054144095,-26.64772293819931,12,0.75,dynamic_1_5_p12_h1_3_6_12_s0_75,dynamic:1.5,True,True,highs
equal_share,10,206.7585820780359,620.2757462341075,413.5171641560716,27,202,0.8265843219827759,0.005751200136728585,0.019969444919196475,33.61979116039589,12,0.75,dynamic_1_5_p12_h1_3_6_12_s0_75,dynamic:1.5,True,True,highs
equal_share,11,131.53046979811995,394.5914093943599,263.06093959623996,21,184,0.9523864842227748,0.005018699797801673,0.017426040964589145,-41.60832111952004,12,0.75,dynamic_1_5_p12_h1_3_6_12_s0_75,dynamic:1.5,True,True,highs
equal_share,12,118.48500445311367,355.45501335934097,236.9700089062273,27,214,0.8008106325195641,0.005254900053841993,0.01824618074250692,-54.65378646452632,12,0.75,dynamic_1_5_p12_h1_3_6_12_s0_75,dynamic:1.5,True,True,highs
equal_share,13,148.50055777486597,445.501673324598,297.00111554973205,22,197,0.8965693167341102,0.005704799958039075,0.01980833318763568,-24.638233142774027,12,0.75,dynamic_1_5_p12_h1_3_6_12_s0_75,dynamic:1.5,True,True,highs
equal_share,14,127.63414410528577,382.9024323158573,255.26828821057154,13,234,0.9965662563157771,0.005014900176320225,0.017412847834445227,-45.504646812354224,12,0.75,dynamic_1_5_p12_h1_3_6_12_s0_75,dynamic:1.5,True,True,highs
equal_share,15,141.25629140620703,423.7688742186211,282.51258281241405,27,194,0.8303474229900794,0.005425600131275132,0.01883888934470532,-31.882499511432968,12,0.75,dynamic_1_5_p12_h1_3_6_12_s0_75,dynamic:1.5,True,True,highs
equal_share,16,119.77264025719086,359.3179207715726,239.54528051438172,18,208,0.875965520910507,0.0057160998694598675,0.019847568991180096,-53.36615066044914,12,0.75,dynamic_1_5_p12_h1_3_6_12_s0_75,dynamic:1.5,True,True,highs
equal_share,17,132.70339938185447,398.11019814556334,265.4067987637089,14,218,0.8840979929962555,0.004802699782885611,0.01667604091279726,-40.43539153578553,12,0.75,dynamic_1_5_p12_h1_3_6_12_s0_75,dynamic:1.5,True,True,highs
equal_share,18,88.92432905940203,266.7729871782061,177.84865811880408,26,208,0.8444078420709429,0.005668200086802244,0.019681250301396683,-84.21446185823797,12,0.75,dynamic_1_5_p12_h1_3_6_12_s0_75,dynamic:1.5,True,True,highs
equal_share,19,131.4573833176168,394.37214995285046,262.91476663523366,21,177,0.9134109068671725,0.005612299952190369,0.019487152611772116,-41.68140760002319,12,0.75,dynamic_1_5_p12_h1_3_6_12_s0_75,dynamic:1.5,True,True,highs
equal_share,20,118.0485746573718,354.1457239721154,236.09714931474358,34,205,0.8727730325493995,0.004954899719450623,0.017204512914759107,-55.09021626026819,12,0.75,dynamic_1_5_p12_h1_3_6_12_s0_75,dynamic:1.5,True,True,highs
equal_share,21,159.23167075049463,477.6950122514839,318.46334150098926,22,214,0.9971602927791449,0.0054851001186762005,0.019045486523181252,-13.907120167145365,12,0.75,dynamic_1_5_p12_h1_3_6_12_s0_75,dynamic:1.5,True,True,highs
equal_share,22,105.25281668732046,315.7584500619614,210.50563337464095,25,215,0.8922721315056205,0.0053651003108825535,0.018628820523897756,-67.88597423031953,12,0.75,dynamic_1_5_p12_h1_3_6_12_s0_75,dynamic:1.5,True,True,highs
equal_share,23,122.33477274392536,367.0043182317761,244.66954548785074,18,223,0.8375473629011144,0.005291699955705553,0.018373958179533172,-50.80401817371464,12,0.75,dynamic_1_5_p12_h1_3_6_12_s0_75,dynamic:1.5,True,True,highs
equal_share,24,136.2395266199967,408.71857985999003,272.47905323999333,20,217,0.8733523405200805,0.005684399860911071,0.01973749951705233,-36.8992642976433,12,0.75,dynamic_1_5_p12_h1_3_6_12_s0_75,dynamic:1.5,True,True,highs
equal_share,25,178.5214976723202,535.5644930169606,357.04299534464036,19,223,0.8872651676238464,0.005549999652430415,0.019270832126494497,5.382706754680214,12,0.75,dynamic_1_5_p12_h1_3_6_12_s0_75,dynamic:1.5,True,True,highs
equal_share,26,161.1251411191423,483.37542335742694,322.2502822382846,28,182,0.9955520361187293,0.005500199913512915,0.01909791636636429,-12.013649798497681,12,0.75,dynamic_1_5_p12_h1_3_6_12_s0_75,dynamic:1.5,True,True,highs
equal_share,27,105.99218781344874,317.9765634403462,211.98437562689745,24,232,0.9530275580330073,0.005171700118808076,0.017957292079194706,-67.14660310419126,12,0.75,dynamic_1_5_p12_h1_3_6_12_s0_75,dynamic:1.5,True,True,highs
equal_share,28,169.38690912374545,508.1607273712364,338.77381824749096,27,224,0.9822483370263628,0.005223099928116426,0.018135763639293145,-3.7518817938945404,12,0.75,dynamic_1_5_p12_h1_3_6_12_s0_75,dynamic:1.5,True,True,highs
equal_share,29,127.74130447995475,383.2239134398643,255.48260895990956,13,225,0.9956385278178003,0.005575299845077097,0.01935868001762881,-45.397486437685245,12,0.75,dynamic_1_5_p12_h1_3_6_12_s0_75,dynamic:1.5,True,True,highs
max_charge,0,171.45501171946523,514.3650351583957,342.91002343893047,33,192,0.9372056207312521,0.0019243002752773464,0.006681598178046342,-1.6837791981747614,12,0.75,dynamic_1_5_p12_h1_3_6_12_s0_75,dynamic:1.5,True,True,highs
max_charge,1,166.83907683491702,500.5172305047511,333.6781536698341,36,188,0.9480092353473967,0.002123399928677827,0.007372916419020233,-6.299714082722971,12,0.75,dynamic_1_5_p12_h1_3_6_12_s0_75,dynamic:1.5,True,True,highs
max_charge,2,160.5875504647692,481.76265139430757,321.17510092953836,31,201,0.9208841881008961,0.0018596001318655908,0.006456944902311079,-12.551240452870786,12,0.75,dynamic_1_5_p12_h1_3_6_12_s0_75,dynamic:1.5,True,True,highs
max_charge,3,171.45879172186056,514.3763751655816,342.91758344372107,37,187,0.8141426865791697,0.0019428999512456357,0.0067461803862695685,-1.6799991957794305,12,0.75,dynamic_1_5_p12_h1_3_6_12_s0_75,dynamic:1.5,True,True,highs
max_charge,4,183.28362680574259,549.8508804172277,366.5672536114851,36,194,0.920424020305461,0.0019302998553030193,0.0067024300531354835,10.144835888102591,12,0.75,dynamic_1_5_p12_h1_3_6_12_s0_75,dynamic:1.5,True,True,highs
max_charge,5,160.20039457877476,480.60118373632423,320.40078915754947,36,209,0.8542439512467344,0.0020791000861208886,0.007219097521253086,-12.938396338865232,12,0.75,dynamic_1_5_p12_h1_3_6_12_s0_75,dynamic:1.5,True,True,highs
max_charge,6,175.30711051424345,525.9213315427303,350.61422102848684,30,240,0.9961330584634903,0.0021278002532199025,0.007388195323680217,2.168319596603453,12,0.75,dynamic_1_5_p12_h1_3_6_12_s0_75,dynamic:1.5,True,True,highs
max_charge,7,131.90947867085532,395.728436012566,263.8189573417107,31,187,0.8292083159323058,0.0019621999526862055,0.0068131942801604355,-41.22931224678467,12,0.75,dynamic_1_5_p12_h1_3_6_12_s0_75,dynamic:1.5,True,True,highs
max_charge,8,156.72954758852723,470.18864276558156,313.45909517705434,28,209,0.9268154808576604,0.0019102999940514565,0.006632986090456446,-16.40924332911277,12,0.75,dynamic_1_5_p12_h1_3_6_12_s0_75,dynamic:1.5,True,True,highs
max_charge,9,200.6940297603607,602.0820892810821,401.38805952072136,34,224,0.8467614778032683,0.0020459999796003103,0.007104166595834411,27.555238842720712,12,0.75,dynamic_1_5_p12_h1_3_6_12_s0_75,dynamic:1.5,True,True,highs
max_charge,10,224.06498838464415,672.1949651539325,448.1299767692883,32,197,0.8687450431641109,0.0020845000399276614,0.007237847360859935,50.92619746700416,12,0.75,dynamic_1_5_p12_h1_3_6_12_s0_75,dynamic:1.5,True,True,highs
max_charge,11,172.17175448785224,516.5152634635567,344.3435089757045,43,162,0.8513365856845685,0.0022408000950235873,0.0077805558854985675,-0.9670364297877541,12,0.75,dynamic_1_5_p12_h1_3_6_12_s0_75,dynamic:1.5,True,True,highs
max_charge,12,172.71423861458896,518.1427158437668,345.4284772291779,39,202,0.9066771094598539,0.0021146997169125825,0.007342707350390911,-0.42455230305102987,12,0.75,dynamic_1_5_p12_h1_3_6_12_s0_75,dynamic:1.5,True,True,highs
max_charge,13,170.8895652194817,512.6686956584452,341.77913043896353,29,190,0.9279974197517872,0.0018370001635048538,0.006378472789947409,-2.249225698158284,12,0.75,dynamic_1_5_p12_h1_3_6_12_s0_75,dynamic:1.5,True,True,highs
max_charge,14,178.7624197825789,536.2872593477367,357.52483956515783,33,214,0.9376691890230273,0.0018960000306833535,0.006583333439872756,5.623628864938894,12,0.75,dynamic_1_5_p12_h1_3_6_12_s0_75,dynamic:1.5,True,True,highs
max_charge,15,164.46718753750127,493.4015626125037,328.93437507500244,35,186,0.8666843575912276,0.0019460997718852013,0.006757290874601394,-8.67160338013872,12,0.75,dynamic_1_5_p12_h1_3_6_12_s0_75,dynamic:1.5,True,True,highs
max_charge,16,180.0206420381864,540.0619261145591,360.04128407637273,35,192,0.9065311996385378,0.0018080996524076909,0.00627812379308226,6.881851120546401,12,0.75,dynamic_1_5_p12_h1_3_6_12_s0_75,dynamic:1.5,True,True,highs
max_charge,17,198.5393367012341,595.6180101037024,397.0786734024683,33,200,0.8983767106993142,0.0020875998598057777,0.007248610624325617,25.40054578359411,12,0.75,dynamic_1_5_p12_h1_3_6_12_s0_75,dynamic:1.5,True,True,highs
max_charge,18,116.74191159705322,350.2257347911596,233.48382319410638,40,194,0.9978888876883427,0.0017641997837927192,0.00612569369372472,-56.39687932058678,12,0.75,dynamic_1_5_p12_h1_3_6_12_s0_75,dynamic:1.5,True,True,highs
max_charge,19,176.91620190441603,530.7486057132481,353.8324038088321,38,160,0.867745824615629,0.0019374999101273715,0.006727430243497818,3.777410986776033,12,0.75,dynamic_1_5_p12_h1_3_6_12_s0_75,dynamic:1.5,True,True,highs
max_charge,20,132.41590528065956,397.24771584197873,264.8318105613192,38,201,0.898036520834093,0.0023241999733727425,0.008070138796433134,-40.722885636980436,12,0.75,dynamic_1_5_p12_h1_3_6_12_s0_75,dynamic:1.5,True,True,highs
max_charge,21,203.72901425361636,611.187042760849,407.4580285072326,33,203,0.9972465356427807,0.0018685000541154295,0.0064878474101230195,30.59022333597636,12,0.75,dynamic_1_5_p12_h1_3_6_12_s0_75,dynamic:1.5,True,True,highs
max_charge,22,136.02055869996548,408.0616760998964,272.0411173999309,36,204,0.8684234966526763,0.0019874997378792614,0.006901040756525213,-37.11823221767452,12,0.75,dynamic_1_5_p12_h1_3_6_12_s0_75,dynamic:1.5,True,True,highs
max_charge,23,162.92621986965338,488.7786596089601,325.8524397393067,29,212,0.8510640006800418,0.0019600998784881085,0.006805902355861488,-10.212571047986614,12,0.75,dynamic_1_5_p12_h1_3_6_12_s0_75,dynamic:1.5,True,True,highs
max_charge,24,173.23228447884316,519.6968534365295,346.46456895768637,30,207,0.9105346783408214,0.0017810998833738267,0.006184374595048009,0.09349356120316088,12,0.75,dynamic_1_5_p12_h1_3_6_12_s0_75,dynamic:1.5,True,True,highs
max_charge,25,239.84919409453863,719.547582283616,479.6983881890773,29,213,0.9015597038605669,0.001919299509609118,0.0066642344083649935,66.71040317689864,12,0.75,dynamic_1_5_p12_h1_3_6_12_s0_75,dynamic:1.5,True,True,highs
max_charge,26,177.76408416330815,533.2922524899244,355.52816832661625,33,177,0.996397429771886,0.0020515000505838543,0.007123264064527272,4.625293245668161,12,0.75,dynamic_1_5_p12_h1_3_6_12_s0_75,dynamic:1.5,True,True,highs
max_charge,27,114.82628381252286,344.4788514375686,229.65256762504575,28,229,0.9588450385165067,0.0018282001256011426,0.006347917102781746,-58.312507105117135,12,0.75,dynamic_1_5_p12_h1_3_6_12_s0_75,dynamic:1.5,True,True,highs
max_charge,28,198.73003887335454,596.1901166200637,397.46007774670915,32,219,0.9205746883229892,0.001964400027645752,0.0068208334293255275,25.59124795571455,12,0.75,dynamic_1_5_p12_h1_3_6_12_s0_75,dynamic:1.5,True,True,highs
max_charge,29,182.59004732370374,547.7701419711112,365.1800946474075,27,211,0.962649229806778,0.0018609002872835845,0.00646145933084578,9.451256406063749,12,0.75,dynamic_1_5_p12_h1_3_6_12_s0_75,dynamic:1.5,True,True,highs
random,0,169.13948571943615,507.41845715830846,338.2789714388723,31,193,0.9089628923539238,0.022527200053445995,0.07821944463002081,-3.9993051982038423,12,0.75,dynamic_1_5_p12_h1_3_6_12_s0_75,dynamic:1.5,True,True,highs
random,1,164.51772573276827,493.5531771983047,329.0354514655364,30,193,0.9380950870122313,0.023061199724907055,0.08007361015592727,-8.621065184871725,12,0.75,dynamic_1_5_p12_h1_3_6_12_s0_75,dynamic:1.5,True,True,highs
random,2,157.36049200722982,472.08147602168947,314.72098401445965,32,200,0.8648733229896265,0.023300700151594356,0.08090520885970262,-15.778298910410172,12,0.75,dynamic_1_5_p12_h1_3_6_12_s0_75,dynamic:1.5,True,True,highs
random,3,169.7137760166528,509.14132804995836,339.4275520333056,28,196,0.8509204992957993,0.023700800287770107,0.08229444544364621,-3.4250149009872075,12,0.75,dynamic_1_5_p12_h1_3_6_12_s0_75,dynamic:1.5,True,True,highs
random,4,179.93283084217092,539.7984925265126,359.8656616843417,33,197,0.9867353276980071,0.021515600034035742,0.07470694456262411,6.794039924530921,12,0.75,dynamic_1_5_p12_h1_3_6_12_s0_75,dynamic:1.5,True,True,highs
random,5,158.01961124786266,474.058833743588,316.03922249572537,35,210,0.7790912333772061,0.02170049972482957,0.07534895737788044,-15.119179669777338,12,0.75,dynamic_1_5_p12_h1_3_6_12_s0_75,dynamic:1.5,True,True,highs
random,6,172.42900246910204,517.2870074073063,344.85800493820426,27,243,0.9979661870576169,0.02164700024877675,0.0751631953082526,-0.7097884485379495,12,0.75,dynamic_1_5_p12_h1_3_6_12_s0_75,dynamic:1.5,True,True,highs
random,7,128.72883853458825,386.1865156037648,257.45767706917655,28,190,0.8872974131785208,0.02237299975240603,0.0776840269180765,-44.409952383051746,12,0.75,dynamic_1_5_p12_h1_3_6_12_s0_75,dynamic:1.5,True,True,highs
random,8,154.89991815958285,464.6997544787486,309.79983631916576,27,210,0.8622929043958599,0.02249980004853569,0.07812430572408226,-18.23887275805714,12,0.75,dynamic_1_5_p12_h1_3_6_12_s0_75,dynamic:1.5,True,True,highs
random,9,196.07959056509384,588.2387716952815,392.1591811301876,27,231,0.8126623364075497,0.022462199500296265,0.07799374826491759,22.940799647453844,12,0.75,dynamic_1_5_p12_h1_3_6_12_s0_75,dynamic:1.5,True,True,highs
random,10,221.2393461704267,663.7180385112802,442.47869234085346,31,198,0.7995920803029245,0.020660400041379035,0.0717375001436772,48.100555252786705,12,0.75,dynamic_1_5_p12_h1_3_6_12_s0_75,dynamic:1.5,True,True,highs
random,11,168.78760693009576,506.3628207902873,337.5752138601915,29,176,0.9015204308547571,0.023503499978687614,0.08160937492599867,-4.351183987544232,12,0.75,dynamic_1_5_p12_h1_3_6_12_s0_75,dynamic:1.5,True,True,highs
random,12,170.0456507021163,510.1369521063489,340.0913014042326,33,208,0.7929195689791357,0.022059999668272212,0.07659722107038963,-3.0931402155237038,12,0.75,dynamic_1_5_p12_h1_3_6_12_s0_75,dynamic:1.5,True,True,highs
random,13,168.33783509667427,505.0135052900228,336.67567019334854,27,192,0.9367782261747164,0.0206001999322325,0.0715284719869184,-4.800955820965726,12,0.75,dynamic_1_5_p12_h1_3_6_12_s0_75,dynamic:1.5,True,True,highs
random,14,176.66467927980074,529.9940378394023,353.32935855960153,24,223,0.9934183816132636,0.021974500035867095,0.07630034734676075,3.5258883621607424,12,0.75,dynamic_1_5_p12_h1_3_6_12_s0_75,dynamic:1.5,True,True,highs
random,15,161.86240897592086,485.5872269277626,323.7248179518417,33,189,0.8210056992894577,0.02101260022027418,0.07296041743150757,-11.276381941719137,12,0.75,dynamic_1_5_p12_h1_3_6_12_s0_75,dynamic:1.5,True,True,highs
random,16,175.36103322069386,526.0830996620816,350.72206644138777,34,192,0.9098284406625076,0.02174229981028475,0.07549409656348871,2.2222423030538607,12,0.75,dynamic_1_5_p12_h1_3_6_12_s0_75,dynamic:1.5,True,True,highs
random,17,194.88464235953165,584.653927078595,389.7692847190633,26,206,0.903675825899985,0.02190079996944405,0.0760444443383474,21.74585144189166,12,0.75,dynamic_1_5_p12_h1_3_6_12_s0_75,dynamic:1.5,True,True,highs
random,18,114.74930138685119,344.24790416055356,229.49860277370237,34,200,0.8928766236440643,0.02232700039166957,0.07752430691551934,-58.38948953078881,12,0.75,dynamic_1_5_p12_h1_3_6_12_s0_75,dynamic:1.5,True,True,highs
random,19,172.41996536306561,517.2598960891968,344.8399307261312,28,170,0.865786707442903,0.024630399857414886,0.08552222172713503,-0.71882555457438,12,0.75,dynamic_1_5_p12_h1_3_6_12_s0_75,dynamic:1.5,True,True,highs
random,20,130.00633747919,390.01901243757004,260.01267495838005,38,201,0.9331649308271791,0.02006789983715862,0.06968020776791188,-43.13245343845,12,0.75,dynamic_1_5_p12_h1_3_6_12_s0_75,dynamic:1.5,True,True,highs
random,21,200.85266340695568,602.5579902208672,401.7053268139115,29,208,0.9976784447690227,0.022253300150623545,0.0772684033007762,27.71387248931569,12,0.75,dynamic_1_5_p12_h1_3_6_12_s0_75,dynamic:1.5,True,True,highs
random,22,133.46250797919117,400.3875239375735,266.92501595838235,33,207,0.9430787296725566,0.02335859974846244,0.08110624912660569,-39.67628293844882,12,0.75,dynamic_1_5_p12_h1_3_6_12_s0_75,dynamic:1.5,True,True,highs
random,23,160.8410564402924,482.5231693208773,321.6821128805849,30,212,0.8283812535454331,0.022757399827241898,0.07901874940014547,-12.297734477347603,12,0.75,dynamic_1_5_p12_h1_3_6_12_s0_75,dynamic:1.5,True,True,highs
random,24,169.43105060406634,508.2931518121991,338.86210120813274,29,208,0.9957116062720127,0.023158900119597092,0.0804128476374899,-3.7077403135736517,12,0.75,dynamic_1_5_p12_h1_3_6_12_s0_75,dynamic:1.5,True,True,highs
random,25,236.22327785571622,708.6698335671488,472.44655571143255,32,210,0.9973163733906789,0.022668300254736096,0.07870937588450033,63.084486938076225,12,0.75,dynamic_1_5_p12_h1_3_6_12_s0_75,dynamic:1.5,True,True,highs
random,26,174.56824606306765,523.7047381892029,349.13649212613524,32,178,0.842270591408708,0.021091899776365608,0.07323576311238059,1.429455145427653,12,0.75,dynamic_1_5_p12_h1_3_6_12_s0_75,dynamic:1.5,True,True,highs
random,27,113.33887747771831,340.0166324331549,226.67775495543657,24,233,0.9965100005612046,0.019216900022001937,0.06672534729861784,-59.79991343992168,12,0.75,dynamic_1_5_p12_h1_3_6_12_s0_75,dynamic:1.5,True,True,highs
random,28,196.13577004154678,588.4073101246403,392.2715400830935,25,226,0.9548036358240051,0.019187199824955314,0.06662222161442817,22.996979123906783,12,0.75,dynamic_1_5_p12_h1_3_6_12_s0_75,dynamic:1.5,True,True,highs
random,29,178.83070083472018,536.4921025041606,357.6614016694404,29,209,0.9984808629215166,0.020334799657575786,0.07060694325547148,5.6919099170801815,12,0.75,dynamic_1_5_p12_h1_3_6_12_s0_75,dynamic:1.5,True,True,highs
