controller,seed,net_profit,total_revenue,total_cost,served_customers,rejected_customers,mean_soc_fulfillment,total_compute_s,mean_step_ms,gap_to_best,ports,grid_cap_strain,experiment_id,tariff,bess_enabled,v2g_enabled,solver
milp_h1,0,30.69124159749918,88.38487783210051,57.693636234601335,5,228,0.9982737150186118,4.376866000238806,15.197451389718076,-0.03671868531099065,3,0.5,dynamic_1_5_p3_h1_3_6_12_s0_50,dynamic:1.5,True,True,highs
milp_h1,1,29.812882398285318,85.71833962372725,55.90545722544193,4,228,0.8692193757670923,4.178811100209714,14.509760764617063,-0.9150778845248517,3,0.5,dynamic_1_5_p3_h1_3_6_12_s0_50,dynamic:1.5,True,True,highs
milp_h1,2,28.86034744225369,83.15273518902487,54.292387746771176,3,238,0.9993807198347596,4.219906700018328,14.652453819508082,-1.867612840556479,3,0.5,dynamic_1_5_p3_h1_3_6_12_s0_50,dynamic:1.5,True,True,highs
milp_h1,3,30.44612120011454,87.7440155508022,57.29789435068766,4,229,0.9972724439596403,4.172438999972655,14.48763541657172,-0.28183908269562963,3,0.5,dynamic_1_5_p3_h1_3_6_12_s0_50,dynamic:1.5,True,True,highs
milp_h1,4,32.63566083333603,94.21490587166659,61.579245038330555,4,235,0.9970989461652385,4.309356400015531,14.963043055609482,1.9077005505258633,3,0.5,dynamic_1_5_p3_h1_3_6_12_s0_50,dynamic:1.5,True,True,highs
milp_h1,5,28.67053345647963,82.33259658373905,53.662063127259415,7,247,0.9977104654228673,4.189439800204127,14.546665972930997,-2.0574268263305378,3,0.5,dynamic_1_5_p3_h1_3_6_12_s0_50,dynamic:1.5,True,True,highs
milp_h1,6,31.418665980706045,90.59820637395921,59.17954039325317,2,277,0.0,4.208199000029708,14.611802083436487,0.6907056978958757,3,0.5,dynamic_1_5_p3_h1_3_6_12_s0_50,dynamic:1.5,True,True,highs
milp_h1,7,23.774326839904532,68.00115950540756,44.226832665503025,3,224,0.0,4.407413699955214,15.303519791511158,-6.9536334429056375,3,0.5,dynamic_1_5_p3_h1_3_6_12_s0_50,dynamic:1.5,True,True,highs
milp_h1,8,28.13741922505732,80.67155675121184,52.53413752615452,2,244,0.0,4.1119533999299165,14.277615971978877,-2.590541057752848,3,0.5,dynamic_1_5_p3_h1_3_6_12_s0_50,dynamic:1.5,True,True,highs
milp_h1,9,35.48499948654231,102.60633775019303,67.12133826365073,5,263,0.6809168859354748,4.159911399765406,14.444136804740992,4.757039203732138,3,0.5,dynamic_1_5_p3_h1_3_6_12_s0_50,dynamic:1.5,True,True,highs
milp_h1,10,39.67913841310896,114.80942787035065,75.13028945724169,3,235,0.9962812806910147,4.255306000093697,14.775368055880891,8.95117813029879,3,0.5,dynamic_1_5_p3_h1_3_6_12_s0_50,dynamic:1.5,True,True,highs
milp_h1,11,30.833386897567358,88.59882501783316,57.765438120265806,8,206,0.841312629177567,4.294423499930417,14.911192708091725,0.10542661475718873,3,0.5,dynamic_1_5_p3_h1_3_6_12_s0_50,dynamic:1.5,True,True,highs
milp_h1,12,30.570090847544684,88.48285682582141,57.91276597827673,3,247,0.9990944965191934,4.11987840020447,14.3051333340433,-0.1578694352654857,3,0.5,dynamic_1_5_p3_h1_3_6_12_s0_50,dynamic:1.5,True,True,highs
milp_h1,13,30.499047458423277,87.78601875727684,57.28697129885356,2,226,0.999104543799713,4.182395299998461,14.522205902772434,-0.2289128243868923,3,0.5,dynamic_1_5_p3_h1_3_6_12_s0_50,dynamic:1.5,True,True,highs
milp_h1,14,31.789980487358648,91.66841040683993,59.87842991948128,5,251,0.9977465175483153,4.353053800034104,15.114770139007305,1.0620202045484781,3,0.5,dynamic_1_5_p3_h1_3_6_12_s0_50,dynamic:1.5,True,True,highs
milp_h1,15,28.863672670902787,83.78425296116072,54.92058029025793,5,225,0.997760671839505,4.076687000066158,14.155163194674161,-1.8642876119073826,3,0.5,dynamic_1_5_p3_h1_3_6_12_s0_50,dynamic:1.5,True,True,highs
milp_h1,16,32.003400317003,92.36780155864325,60.36440124164025,4,231,0.9987538573677465,4.11696810000285,14.295028125009898,1.2754400341928296,3,0.5,dynamic_1_5_p3_h1_3_6_12_s0_50,dynamic:1.5,True,True,highs
milp_h1,17,35.221659768805736,101.97386458906514,66.75220482025941,1,240,0.0,4.095198999959393,14.219440972081227,4.493699485995567,3,0.5,dynamic_1_5_p3_h1_3_6_12_s0_50,dynamic:1.5,True,True,highs
milp_h1,18,20.614955264546417,59.50826107434227,38.893305809795855,7,236,0.8338560946643087,4.235203099815408,14.705566318803498,-10.113005018263753,3,0.5,dynamic_1_5_p3_h1_3_6_12_s0_50,dynamic:1.5,True,True,highs
milp_h1,19,31.435772662542945,90.50791107632983,59.07213841378689,5,202,0.9973080172164243,4.008557000051951,13.91860069462483,0.7078123797327756,3,0.5,dynamic_1_5_p3_h1_3_6_12_s0_50,dynamic:1.5,True,True,highs
milp_h1,20,23.66689953430975,67.9024388477155,44.23553931340575,6,242,0.997055161398969,4.167957800076692,14.472075694710737,-7.06106074850042,3,0.5,dynamic_1_5_p3_h1_3_6_12_s0_50,dynamic:1.5,True,True,highs
milp_h1,21,36.039492779306954,104.0010347002073,67.96154192090034,7,241,0.9988480569951849,4.164541799982544,14.460214583272723,5.311532496496785,3,0.5,dynamic_1_5_p3_h1_3_6_12_s0_50,dynamic:1.5,True,True,highs
milp_h1,22,24.62200831594643,70.25220286818919,45.630194552242756,2,247,0.0,4.332542100004503,15.043548958348968,-6.1059519668637385,3,0.5,dynamic_1_5_p3_h1_3_6_12_s0_50,dynamic:1.5,True,True,highs
milp_h1,23,29.12629699530021,83.66289932848827,54.53660233318806,4,246,0.8240878643411967,4.083448800054612,14.17864166685629,-1.601663287509961,3,0.5,dynamic_1_5_p3_h1_3_6_12_s0_50,dynamic:1.5,True,True,highs
milp_h1,24,30.920298301927488,89.07542482887928,58.15512652695179,6,240,0.8135573925520898,4.216491699931794,14.64059618031873,0.19233801911731874,3,0.5,dynamic_1_5_p3_h1_3_6_12_s0_50,dynamic:1.5,True,True,highs
milp_h1,25,42.54911585694835,123.05959973579928,80.51048387885093,3,248,0.9993188283049581,4.22027970002091,14.653748958405938,11.821155574138178,3,0.5,dynamic_1_5_p3_h1_3_6_12_s0_50,dynamic:1.5,True,True,highs
milp_h1,26,31.62564243530354,91.3103960484775,59.68475361317396,3,216,0.9994886192213372,4.337264199988567,15.059945138849193,0.8976821524933705,3,0.5,dynamic_1_5_p3_h1_3_6_12_s0_50,dynamic:1.5,True,True,highs
milp_h1,27,20.331121980082287,58.62989391777048,38.298771937688194,3,262,0.0,4.1455758998781675,14.39436076346586,-10.396838302727883,3,0.5,dynamic_1_5_p3_h1_3_6_12_s0_50,dynamic:1.5,True,True,highs
milp_h1,28,35.452531199160234,102.30467720528743,66.8521460061272,7,253,0.9968226403503528,4.075365599972429,14.150574999904267,4.724570916350064,3,0.5,dynamic_1_5_p3_h1_3_6_12_s0_50,dynamic:1.5,True,True,highs
milp_h1,29,32.39384577839524,93.46664504974038,61.07279927134514,2,245,0.9999111804250073,4.212905999927898,14.628145833082979,1.6658854955850693,3,0.5,dynamic_1_5_p3_h1_3_6_12_s0_50,dynamic:1.5,True,True,highs
milp_h3,0,30.69124159749918,88.38487783210051,57.693636234601335,6,227,0.9947629492030393,6.945172499923501,24.115182291401045,-0.03671868531099065,3,0.5,dynamic_1_5_p3_h1_3_6_12_s0_50,dynamic:1.5,True,True,highs
milp_h3,1,29.812882398285318,85.71833962372725,55.90545722544193,3,229,0.8042175236164872,8.084070300028543,28.069688541765775,-0.9150778845248517,3,0.5,dynamic_1_5_p3_h1_3_6_12_s0_50,dynamic:1.5,True,True,highs
milp_h3,2,28.86034744225369,83.15273518902487,54.292387746771176,4,237,0.9995563712714738,7.12847970011353,24.751665625394203,-1.867612840556479,3,0.5,dynamic_1_5_p3_h1_3_6_12_s0_50,dynamic:1.5,True,True,highs
milp_h3,3,30.44612120011454,87.7440155508022,57.29789435068766,6,227,0.9957441561311138,8.6478524999402,30.02726562479236,-0.28183908269562963,3,0.5,dynamic_1_5_p3_h1_3_6_12_s0_50,dynamic:1.5,True,True,highs
milp_h3,4,32.63566083333603,94.21490587166659,61.579245038330555,3,236,0.998567522576172,8.617869000023347,29.923156250081067,1.9077005505258633,3,0.5,dynamic_1_5_p3_h1_3_6_12_s0_50,dynamic:1.5,True,True,highs
milp_h3,5,28.67053345647963,82.33259658373905,53.662063127259415,5,249,0.5970870886350994,8.60058129990648,29.863129513564168,-2.0574268263305378,3,0.5,dynamic_1_5_p3_h1_3_6_12_s0_50,dynamic:1.5,True,True,highs
milp_h3,6,31.47285787366374,90.73368644012992,59.260828566466174,3,276,0.9996866665737066,7.706527900023502,26.75877743063716,0.7448975908535722,3,0.5,dynamic_1_5_p3_h1_3_6_12_s0_50,dynamic:1.5,True,True,highs
milp_h3,7,23.774326839904532,68.00115950540756,44.226832665503025,5,222,0.7252221287139651,8.427717300131917,29.262907292124712,-6.9536334429056375,3,0.5,dynamic_1_5_p3_h1_3_6_12_s0_50,dynamic:1.5,True,True,highs
milp_h3,8,28.13741922505732,80.67155675121184,52.53413752615452,4,242,0.9977479688130817,9.146154399990337,31.757480555522005,-2.590541057752848,3,0.5,dynamic_1_5_p3_h1_3_6_12_s0_50,dynamic:1.5,True,True,highs
milp_h3,9,35.48499948654231,102.60633775019303,67.12133826365073,4,263,0.8379060746431292,8.136048899847083,28.250169791135704,4.757039203732138,3,0.5,dynamic_1_5_p3_h1_3_6_12_s0_50,dynamic:1.5,True,True,highs
milp_h3,10,39.67913841310896,114.80942787035065,75.13028945724169,3,235,0.22037407336559917,14.500728699975298,50.349752430469785,8.95117813029879,3,0.5,dynamic_1_5_p3_h1_3_6_12_s0_50,dynamic:1.5,True,True,highs
milp_h3,11,30.988773809871304,89.06493105586492,58.07615724599361,4,210,0.5448666835527652,14.116021599809756,49.01396388822832,0.2608135270611349,3,0.5,dynamic_1_5_p3_h1_3_6_12_s0_50,dynamic:1.5,True,True,highs
milp_h3,12,30.570090847544684,88.48285682582141,57.91276597827673,4,246,0.0,14.179743099914049,49.23521909692378,-0.1578694352654857,3,0.5,dynamic_1_5_p3_h1_3_6_12_s0_50,dynamic:1.5,True,True,highs
milp_h3,13,30.499047458423277,87.78601875727684,57.28697129885356,4,224,0.9922257503322822,11.690508799787494,40.59204444370658,-0.2289128243868923,3,0.5,dynamic_1_5_p3_h1_3_6_12_s0_50,dynamic:1.5,True,True,highs
milp_h3,14,31.789980487358648,91.66841040683993,59.87842991948128,6,250,0.7622322356530615,10.385042499867268,36.05917534676135,1.0620202045484781,3,0.5,dynamic_1_5_p3_h1_3_6_12_s0_50,dynamic:1.5,True,True,highs
milp_h3,15,28.863672670902787,83.78425296116072,54.92058029025793,2,228,0.9986582395751785,8.430775300046662,29.273525347384243,-1.8642876119073826,3,0.5,dynamic_1_5_p3_h1_3_6_12_s0_50,dynamic:1.5,True,True,highs
milp_h3,16,32.003400317003,92.36780155864325,60.36440124164025,5,230,0.996821436443636,6.982035699824337,24.243179513278946,1.2754400341928296,3,0.5,dynamic_1_5_p3_h1_3_6_12_s0_50,dynamic:1.5,True,True,highs
milp_h3,17,35.264984671765845,102.10377561200606,66.83879094024022,1,240,0.9993864999886296,7.872617699977127,27.33547812492058,4.537024388955675,3,0.5,dynamic_1_5_p3_h1_3_6_12_s0_50,dynamic:1.5,True,True,highs
milp_h3,18,20.6805800756742,59.70513588323488,39.02455580756068,5,238,0.7523961747596976,8.429850900109159,29.270315625379023,-10.04738020713597,3,0.5,dynamic_1_5_p3_h1_3_6_12_s0_50,dynamic:1.5,True,True,highs
milp_h3,19,31.492062551381878,90.64863614512552,59.156573593743644,4,203,0.6396617744663061,7.961210500041489,27.643092014032945,0.7641022685717083,3,0.5,dynamic_1_5_p3_h1_3_6_12_s0_50,dynamic:1.5,True,True,highs
milp_h3,20,23.66689953430975,67.9024388477155,44.23553931340575,4,244,0.9964540140819206,8.72619089987711,30.299273957906635,-7.06106074850042,3,0.5,dynamic_1_5_p3_h1_3_6_12_s0_50,dynamic:1.5,True,True,highs
milp_h3,21,36.1397974870642,104.30194939742883,68.16215191036463,4,241,0.9958675164688735,7.580919600019115,26.32263750006637,5.411837204254031,3,0.5,dynamic_1_5_p3_h1_3_6_12_s0_50,dynamic:1.5,True,True,highs
milp_h3,22,24.62200831594643,70.25220286818919,45.630194552242756,3,246,0.9982997526661497,8.745926700154087,30.36780104220169,-6.1059519668637385,3,0.5,dynamic_1_5_p3_h1_3_6_12_s0_50,dynamic:1.5,True,True,highs
milp_h3,23,29.12629699530021,83.66289932848827,54.53660233318806,4,246,0.8264818277668824,8.303116500101169,28.83026562535128,-1.601663287509961,3,0.5,dynamic_1_5_p3_h1_3_6_12_s0_50,dynamic:1.5,True,True,highs
milp_h3,24,30.920298301927488,89.07542482887928,58.15512652695179,6,240,0.6639640303194608,9.470951400071499,32.88524791691493,0.19233801911731874,3,0.5,dynamic_1_5_p3_h1_3_6_12_s0_50,dynamic:1.5,True,True,highs
milp_h3,25,42.54911585694835,123.05959973579928,80.51048387885093,6,245,0.9872010752257047,9.028388899940182,31.348572569236744,11.821155574138178,3,0.5,dynamic_1_5_p3_h1_3_6_12_s0_50,dynamic:1.5,True,True,highs
milp_h3,26,31.62564243530354,91.3103960484775,59.68475361317396,3,216,0.9958772626385383,7.605466400127625,26.407869444887588,0.8976821524933705,3,0.5,dynamic_1_5_p3_h1_3_6_12_s0_50,dynamic:1.5,True,True,highs
milp_h3,27,20.331121980082287,58.62989391777048,38.298771937688194,2,263,0.0,7.578484799887519,26.314183332942775,-10.396838302727883,3,0.5,dynamic_1_5_p3_h1_3_6_12_s0_50,dynamic:1.5,True,True,highs
milp_h3,28,35.452531199160234,102.30467720528743,66.8521460061272,4,256,0.9983933062442945,7.872285300021758,27.334323958408884,4.724570916350064,3,0.5,dynamic_1_5_p3_h1_3_6_12_s0_50,dynamic:1.5,True,True,highs
milp_h3,29,32.39384577839525,93.46664504974039,61.07279927134514,5,242,0.0,8.344767999908072,28.974888888569694,1.6658854955850835,3,0.5,dynamic_1_5_p3_h1_3_6_12_s0_50,dynamic:1.5,True,True,highs
milp_h6,0,30.745893618689514,88.52150789593472,57.775614277245204,4,229,0.9970903527188895,11.406180200137896,39.604792361589915,0.01793333587934498,3,0.5,dynamic_1_5_p3_h1_3_6_12_s0_50,dynamic:1.5,True,True,highs
milp_h6,1,29.812882398285318,85.71833962372725,55.90545722544193,3,229,0.8042175236164872,10.102104399935342,35.076751388664384,-0.9150778845248517,3,0.5,dynamic_1_5_p3_h1_3_6_12_s0_50,dynamic:1.5,True,True,highs
milp_h6,2,28.86034744225369,83.15273518902487,54.292387746771176,4,237,0.9995563712714738,8.814199399974314,30.60485902768859,-1.867612840556479,3,0.5,dynamic_1_5_p3_h1_3_6_12_s0_50,dynamic:1.5,True,True,highs
milp_h6,3,30.4993732208916,87.87714561332508,57.377772392433485,4,229,0.9968150018396337,10.605596900000819,36.82498923611396,-0.2285870619185708,3,0.5,dynamic_1_5_p3_h1_3_6_12_s0_50,dynamic:1.5,True,True,highs
milp_h6,4,32.63566083333603,94.21490587166659,61.579245038330555,3,236,0.998567522576172,10.730267000064487,37.25787152800169,1.9077005505258633,3,0.5,dynamic_1_5_p3_h1_3_6_12_s0_50,dynamic:1.5,True,True,highs
milp_h6,5,28.67053345647963,82.33259658373905,53.662063127259415,5,249,0.5974911110699772,14.82282979998854,51.46815902773798,-2.0574268263305378,3,0.5,dynamic_1_5_p3_h1_3_6_12_s0_50,dynamic:1.5,True,True,highs
milp_h6,6,31.651240457146407,91.30947702821437,59.65823657106797,2,277,0.0,14.709110100069665,51.07329895857523,0.923280174336238,3,0.5,dynamic_1_5_p3_h1_3_6_12_s0_50,dynamic:1.5,True,True,highs
milp_h6,7,23.774326839904532,68.00115950540756,44.226832665503025,5,222,0.7252221287139651,17.755103599934955,61.649665277551925,-6.9536334429056375,3,0.5,dynamic_1_5_p3_h1_3_6_12_s0_50,dynamic:1.5,True,True,highs
milp_h6,8,28.282896932588372,81.12184454331631,52.83894761072794,3,243,0.9969355617717279,19.598540200051502,68.05048680573438,-2.4450633502217975,3,0.5,dynamic_1_5_p3_h1_3_6_12_s0_50,dynamic:1.5,True,True,highs
milp_h6,9,35.48499948654231,102.60633775019303,67.12133826365073,4,263,0.8379060746431292,16.64594339998439,57.79841458327913,4.757039203732138,3,0.5,dynamic_1_5_p3_h1_3_6_12_s0_50,dynamic:1.5,True,True,highs
milp_h6,10,39.7417784373895,114.96602794349747,75.22424950610797,3,235,0.22037407336559917,17.555787000004784,60.95759375001661,9.01381815457933,3,0.5,dynamic_1_5_p3_h1_3_6_12_s0_50,dynamic:1.5,True,True,highs
milp_h6,11,31.150050936692047,89.60672476344614,58.45667382675409,4,210,0.7657484045587335,17.159556099926704,59.581792013634384,0.4220906538818774,3,0.5,dynamic_1_5_p3_h1_3_6_12_s0_50,dynamic:1.5,True,True,highs
milp_h6,12,30.673692398057803,88.78170707850578,58.10801468044797,3,247,0.0,18.829591300091124,65.38052534753862,-0.05426788475236677,3,0.5,dynamic_1_5_p3_h1_3_6_12_s0_50,dynamic:1.5,True,True,highs
milp_h6,13,30.499047458423277,87.78601875727684,57.28697129885356,4,224,0.9925088646002811,15.091342200015788,52.40049375005482,-0.2289128243868923,3,0.5,dynamic_1_5_p3_h1_3_6_12_s0_50,dynamic:1.5,True,True,highs
milp_h6,14,31.789980487358648,91.66841040683993,59.87842991948128,6,250,0.7622322356530615,18.35507010006404,63.73288229188903,1.0620202045484781,3,0.5,dynamic_1_5_p3_h1_3_6_12_s0_50,dynamic:1.5,True,True,highs
milp_h6,15,28.863672670902787,83.78425296116072,54.92058029025793,2,228,0.9986582395751785,16.118249699982698,55.96614479160659,-1.8642876119073826,3,0.5,dynamic_1_5_p3_h1_3_6_12_s0_50,dynamic:1.5,True,True,highs
milp_h6,16,32.0573643393867,92.50271162532417,60.445347285937466,3,232,0.9981439009452672,16.612121400117758,57.68097708374221,1.3294040565765322,3,0.5,dynamic_1_5_p3_h1_3_6_12_s0_50,dynamic:1.5,True,True,highs
milp_h6,17,35.436849820079544,102.67667141204807,67.23982159196852,2,239,0.9986094575952543,16.880973199906293,58.614490277452404,4.708889537269375,3,0.5,dynamic_1_5_p3_h1_3_6_12_s0_50,dynamic:1.5,True,True,highs
milp_h6,18,20.731064788516697,59.85658981542303,39.12552502690633,5,238,0.75347680967104,16.792555399937555,58.30748402756095,-9.996895494293472,3,0.5,dynamic_1_5_p3_h1_3_6_12_s0_50,dynamic:1.5,True,True,highs
milp_h6,19,31.64917831987566,91.17632766193972,59.527149342064064,4,203,0.7596798292869722,15.579012500005774,54.09379340279783,0.9212180370654899,3,0.5,dynamic_1_5_p3_h1_3_6_12_s0_50,dynamic:1.5,True,True,highs
milp_h6,20,23.766354074968945,68.18932658693755,44.42297251196861,4,244,0.9964540140819206,16.678560900036246,57.91166979179252,-6.961606207841225,3,0.5,dynamic_1_5_p3_h1_3_6_12_s0_50,dynamic:1.5,True,True,highs
milp_h6,21,36.1397974870642,104.30194939742883,68.16215191036463,5,240,0.9970771307912905,16.61161819998233,57.67922986104976,5.411837204254031,3,0.5,dynamic_1_5_p3_h1_3_6_12_s0_50,dynamic:1.5,True,True,highs
milp_h6,22,24.62200831594643,70.25220286818919,45.630194552242756,3,246,0.9982997526661497,18.321768700086977,63.61725243085756,-6.1059519668637385,3,0.5,dynamic_1_5_p3_h1_3_6_12_s0_50,dynamic:1.5,True,True,highs
milp_h6,23,29.12629699530021,83.66289932848827,54.53660233318806,4,246,0.7410259309011308,16.498491300066235,57.28642812522998,-1.601663287509961,3,0.5,dynamic_1_5_p3_h1_3_6_12_s0_50,dynamic:1.5,True,True,highs
milp_h6,24,31.038602878571965,89.41668760389389,58.378084725321926,6,240,0.6665647192707689,18.58345679998456,64.52589166661306,0.3106425957617951,3,0.5,dynamic_1_5_p3_h1_3_6_12_s0_50,dynamic:1.5,True,True,highs
milp_h6,25,42.54911585694835,123.05959973579928,80.51048387885093,6,245,0.9872010752257047,13.585027200111654,47.17023333372102,11.821155574138178,3,0.5,dynamic_1_5_p3_h1_3_6_12_s0_50,dynamic:1.5,True,True,highs
milp_h6,26,31.67848245669127,91.4424961124452,59.76401365575393,4,215,0.9922870826440221,10.147763400018448,35.23528958339739,0.9505221738811009,3,0.5,dynamic_1_5_p3_h1_3_6_12_s0_50,dynamic:1.5,True,True,highs
milp_h6,27,20.331121980082287,58.62989391777048,38.298771937688194,3,262,0.992552638968933,9.402500600015628,32.64757152783204,-10.396838302727883,3,0.5,dynamic_1_5_p3_h1_3_6_12_s0_50,dynamic:1.5,True,True,highs
milp_h6,28,35.452531199160234,102.30467720528743,66.8521460061272,2,258,0.9984694395710928,10.12562480008637,35.15841944474434,4.724570916350064,3,0.5,dynamic_1_5_p3_h1_3_6_12_s0_50,dynamic:1.5,True,True,highs
milp_h6,29,32.448883799418525,93.60424011323364,61.15535631381512,5,242,0.0,10.461043100032839,36.32306631955847,1.7209235166083552,3,0.5,dynamic_1_5_p3_h1_3_6_12_s0_50,dynamic:1.5,True,True,highs
milp_h12,0,30.818736196594415,88.79474109514254,57.976004898548126,6,227,0.9990979214143403,12.306325699872104,42.73029756900036,0.09077591378424543,3,0.5,dynamic_1_5_p3_h1_3_6_12_s0_50,dynamic:1.5,True,True,highs
milp_h12,1,29.87716059786723,85.9250059912865,56.047845393419266,3,229,0.8042175236164872,13.293065400037449,46.156477083463365,-0.8507996849429382,3,0.5,dynamic_1_5_p3_h1_3_6_12_s0_50,dynamic:1.5,True,True,highs
milp_h12,2,28.919579372455374,83.34317979281117,54.4236004203558,2,239,0.0,11.671204199825297,40.525014582726726,-1.8083809103547956,3,0.5,dynamic_1_5_p3_h1_3_6_12_s0_50,dynamic:1.5,True,True,highs
milp_h12,3,30.570349301665416,88.14337898370563,57.573029682040215,6,227,0.9947852467778917,23.889517400006298,82.94971319446631,-0.15761098114475303,3,0.5,dynamic_1_5_p3_h1_3_6_12_s0_50,dynamic:1.5,True,True,highs
milp_h12,4,32.63566083333603,94.21490587166659,61.579245038330555,3,236,0.998567522576172,25.75608939996164,89.43086597208902,1.9077005505258633,3,0.5,dynamic_1_5_p3_h1_3_6_12_s0_50,dynamic:1.5,True,True,highs
milp_h12,5,28.73409871693667,82.53696900542792,53.80287028849125,4,250,0.9986679268508454,24.836185199819738,86.23675416604075,-1.9938615658734982,3,0.5,dynamic_1_5_p3_h1_3_6_12_s0_50,dynamic:1.5,True,True,highs
milp_h12,6,31.734731301377096,91.6142517027357,59.879520401358604,5,274,0.7749977659820624,12.33234389986319,42.820638541191634,1.0067710185669263,3,0.5,dynamic_1_5_p3_h1_3_6_12_s0_50,dynamic:1.5,True,True,highs
milp_h12,7,23.774326839904532,68.00115950540756,44.226832665503025,5,222,0.7252221287139651,14.361678899993422,49.86694062497716,-6.9536334429056375,3,0.5,dynamic_1_5_p3_h1_3_6_12_s0_50,dynamic:1.5,True,True,highs
milp_h12,8,28.33134062425882,81.29498314546139,52.963642521202566,4,242,0.9969180028594473,15.963197399949422,55.42776874982438,-2.396619658551348,3,0.5,dynamic_1_5_p3_h1_3_6_12_s0_50,dynamic:1.5,True,True,highs
milp_h12,9,35.55149135848424,102.82013129552743,67.26863993704319,4,263,0.8903727057719428,14.250722900149412,49.48167673662991,4.823531075674072,3,0.5,dynamic_1_5_p3_h1_3_6_12_s0_50,dynamic:1.5,True,True,highs
milp_h12,10,39.82526347786528,115.27919293195349,75.45392945408821,4,234,0.737183852524466,14.347508299921174,49.81773715250407,9.097303195055108,3,0.5,dynamic_1_5_p3_h1_3_6_12_s0_50,dynamic:1.5,True,True,highs
milp_h12,11,31.268032768730038,90.00407317465913,58.73604040592909,4,210,0.7692201299319659,14.48789720001514,50.30519861116368,0.5400724859198682,3,0.5,dynamic_1_5_p3_h1_3_6_12_s0_50,dynamic:1.5,True,True,highs
milp_h12,12,30.737393029115225,89.02073300265434,58.283339973539114,3,247,0.0,15.01293410010112,52.12824340312889,0.009432746305055417,3,0.5,dynamic_1_5_p3_h1_3_6_12_s0_50,dynamic:1.5,True,True,highs
milp_h12,13,30.563166331385375,87.9921744650948,57.42900813370943,4,224,0.9918686836174846,19.192207999993116,66.6396111110872,-0.16479395142479447,3,0.5,dynamic_1_5_p3_h1_3_6_12_s0_50,dynamic:1.5,True,True,highs
milp_h12,14,31.853932454145053,91.87403236970911,60.02009991556406,6,250,0.7613060102264372,27.701589699994656,96.18607534720367,1.1259721713348831,3,0.5,dynamic_1_5_p3_h1_3_6_12_s0_50,dynamic:1.5,True,True,highs
milp_h12,15,28.863672670902787,83.78425296116072,54.92058029025793,2,228,0.9986582395751785,25.56668820005143,88.77322291684524,-1.8642876119073826,3,0.5,dynamic_1_5_p3_h1_3_6_12_s0_50,dynamic:1.5,True,True,highs
milp_h12,16,32.1292883028801,92.77250354937868,60.643215246498585,6,229,0.9963739914565529,12.053104899998289,41.85105868054961,1.4013280200699292,3,0.5,dynamic_1_5_p3_h1_3_6_12_s0_50,dynamic:1.5,True,True,highs
milp_h12,17,35.517329439909005,102.98045201638415,67.46312257647514,5,236,0.9975154835403032,12.257478000086849,42.560687500301555,4.789369157098836,3,0.5,dynamic_1_5_p3_h1_3_6_12_s0_50,dynamic:1.5,True,True,highs
milp_h12,18,20.801706879587,60.09455218091709,39.29284530133009,3,240,0.507677644005861,13.892651200003456,48.238372222234226,-9.926253403223168,3,0.5,dynamic_1_5_p3_h1_3_6_12_s0_50,dynamic:1.5,True,True,highs
milp_h12,19,31.764076487207248,91.56329407640679,59.79921758919954,5,202,0.7584517828408202,13.076832500009914,45.4056684028122,1.0361162043970786,3,0.5,dynamic_1_5_p3_h1_3_6_12_s0_50,dynamic:1.5,True,True,highs
milp_h12,20,23.77398370165043,68.24668334259006,44.47269964093963,4,244,0.9964540140819206,13.877880000058212,48.18708333353546,-6.95397658115974,3,0.5,dynamic_1_5_p3_h1_3_6_12_s0_50,dynamic:1.5,True,True,highs
milp_h12,21,36.1397974870642,104.30194939742883,68.16215191036463,4,241,0.9958675164688735,13.291534599920851,46.151161805280736,5.411837204254031,3,0.5,dynamic_1_5_p3_h1_3_6_12_s0_50,dynamic:1.5,True,True,highs
milp_h12,22,24.62200831594643,70.25220286818919,45.630194552242756,3,246,0.9982997526661497,14.712339699952281,51.08451284705653,-6.1059519668637385,3,0.5,dynamic_1_5_p3_h1_3_6_12_s0_50,dynamic:1.5,True,True,highs
milp_h12,23,29.12629699530021,83.66289932848827,54.53660233318806,5,245,0.7413321372158084,22.63085409993073,78.57935451364837,-1.601663287509961,3,0.5,dynamic_1_5_p3_h1_3_6_12_s0_50,dynamic:1.5,True,True,highs
milp_h12,24,31.111351445104887,89.68964344986897,58.57829200476408,6,240,0.6652341887467204,26.881498100075987,93.33853506970829,0.3833911622947177,3,0.5,dynamic_1_5_p3_h1_3_6_12_s0_50,dynamic:1.5,True,True,highs
milp_h12,25,42.628376447383374,123.31444949728629,80.68607304990292,6,245,0.9872010752257047,26.7291671999119,92.80960833302743,11.900416164573205,3,0.5,dynamic_1_5_p3_h1_3_6_12_s0_50,dynamic:1.5,True,True,highs
milp_h12,26,31.74890806132383,91.70666834318466,59.95776028186083,4,215,0.9922870826440221,25.6870898000343,89.19128402789687,1.020947778513662,3,0.5,dynamic_1_5_p3_h1_3_6_12_s0_50,dynamic:1.5,True,True,highs
milp_h12,27,20.37195605066789,58.76118598905576,38.38922993838787,2,263,0.0,23.199787999968976,80.55481944433672,-10.35600423214228,3,0.5,dynamic_1_5_p3_h1_3_6_12_s0_50,dynamic:1.5,True,True,highs
milp_h12,28,35.522553557666825,102.52981839528947,67.00726483762264,4,256,0.9984694395710928,23.33249849989079,81.01561979128746,4.7945932748566555,3,0.5,dynamic_1_5_p3_h1_3_6_12_s0_50,dynamic:1.5,True,True,highs
milp_h12,29,32.52223943759006,93.87940170455974,61.35716226696968,3,244,0.9997056701578213,25.476499699885608,88.46006840238059,1.7942791547798898,3,0.5,dynamic_1_5_p3_h1_3_6_12_s0_50,dynamic:1.5,True,True,highs
equal_share,0,20.346176175337007,61.038528526011014,40.69235235067401,8,225,0.9960876579461511,0.005213899989030324,0.01810381940635529,-10.381784107473162,3,0.5,dynamic_1_5_p3_h1_3_6_12_s0_50,dynamic:1.5,True,True,highs
equal_share,1,22.622886114503565,67.86865834351069,45.24577222900712,4,228,0.6818769654695858,0.004658599980757572,0.01617569437763046,-8.105074168306604,3,0.5,dynamic_1_5_p3_h1_3_6_12_s0_50,dynamic:1.5,True,True,highs
equal_share,2,20.0503340768784,60.151002230635214,40.100668153756814,1,240,0.998051127189697,0.005058699942310341,0.01756493035524424,-10.67762620593177,3,0.5,dynamic_1_5_p3_h1_3_6_12_s0_50,dynamic:1.5,True,True,highs
equal_share,3,22.190244242460977,66.57073272738292,44.38048848492194,3,230,0.9964267028440221,0.004723299978650175,0.016400347148090886,-8.537716040349192,3,0.5,dynamic_1_5_p3_h1_3_6_12_s0_50,dynamic:1.5,True,True,highs
equal_share,4,23.433151435988265,70.2994543079648,46.86630287197653,6,233,0.9973293974554162,0.004419699995196424,0.015346180538876474,-7.294808846821905,3,0.5,dynamic_1_5_p3_h1_3_6_12_s0_50,dynamic:1.5,True,True,highs
equal_share,5,26.786766195077448,80.36029858523234,53.573532390154895,12,242,0.8535487458620722,0.004808000070624985,0.016694444689670088,-3.941194087732722,3,0.5,dynamic_1_5_p3_h1_3_6_12_s0_50,dynamic:1.5,True,True,highs
equal_share,6,27.169476409422913,81.50842922826874,54.338952818845826,3,276,0.99683549465922,0.003978700086008757,0.013814930854197074,-3.5584838733872566,3,0.5,dynamic_1_5_p3_h1_3_6_12_s0_50,dynamic:1.5,True,True,highs
equal_share,7,16.964714116521165,50.89414234956348,33.929428233042316,3,224,0.996812818313126,0.0029104999994160607,0.01010590277575021,-13.763246166289004,3,0.5,dynamic_1_5_p3_h1_3_6_12_s0_50,dynamic:1.5,True,True,highs
equal_share,8,22.61976564259698,67.85929692779092,45.23953128519394,2,244,0.9991275975613213,0.002885800087824464,0.010020139193834944,-8.108194640213188,3,0.5,dynamic_1_5_p3_h1_3_6_12_s0_50,dynamic:1.5,True,True,highs
equal_share,9,33.5724331252859,100.71729937585768,67.14486625057178,5,262,0.8378449341041323,0.0030572999676223844,0.010615624887577724,2.844472842475728,3,0.5,dynamic_1_5_p3_h1_3_6_12_s0_50,dynamic:1.5,True,True,highs
equal_share,10,30.057121875559844,90.17136562667952,60.11424375111967,6,232,0.7218088584530546,0.002858100109733641,0.00992395871435292,-0.6708384072503257,3,0.5,dynamic_1_5_p3_h1_3_6_12_s0_50,dynamic:1.5,True,True,highs
equal_share,11,26.029048803521114,78.08714641056335,52.058097607042235,7,207,0.8780721044627817,0.0029809999250574037,0.010350694184227096,-4.698911479289055,3,0.5,dynamic_1_5_p3_h1_3_6_12_s0_50,dynamic:1.5,True,True,highs
equal_share,12,29.06058007819948,87.18174023459844,58.12116015639896,5,245,0.7084790184547529,0.002875299906008877,0.009983680229197489,-1.6673802046106907,3,0.5,dynamic_1_5_p3_h1_3_6_12_s0_50,dynamic:1.5,True,True,highs
equal_share,13,28.616556570000782,85.84966971000235,57.233113140001564,5,223,0.9979125786055844,0.0029422000370686874,0.010215972350932943,-2.1114037128093877,3,0.5,dynamic_1_5_p3_h1_3_6_12_s0_50,dynamic:1.5,True,True,highs
equal_share,14,24.1892783060593,72.56783491817791,48.37855661211861,7,249,0.9945809506420429,0.002837300125975162,0.009851736548524868,-6.538681976750869,3,0.5,dynamic_1_5_p3_h1_3_6_12_s0_50,dynamic:1.5,True,True,highs
equal_share,15,26.045057310974272,78.1351719329228,52.09011462194853,5,225,0.9934837453233059,0.0028705000586342067,0.009967014092479885,-4.682902971835897,3,0.5,dynamic_1_5_p3_h1_3_6_12_s0_50,dynamic:1.5,True,True,highs
equal_share,16,29.82562253065766,89.47686759197298,59.651245061315315,7,228,0.32102942468606405,0.0028144999232608825,0.009772569177989176,-0.9023377521525084,3,0.5,dynamic_1_5_p3_h1_3_6_12_s0_50,dynamic:1.5,True,True,highs
equal_share,17,29.587573028424856,88.76271908527458,59.17514605684973,3,238,0.0,0.0027846999291796237,0.009669096976318138,-1.1403872543853133,3,0.5,dynamic_1_5_p3_h1_3_6_12_s0_50,dynamic:1.5,True,True,highs
equal_share,18,19.61423637737075,58.84270913211225,39.228472754741496,6,237,0.8320749485521847,0.002942900056950748,0.01021840297552343,-11.113723905439418,3,0.5,dynamic_1_5_p3_h1_3_6_12_s0_50,dynamic:1.5,True,True,highs
equal_share,19,29.24310219743448,87.72930659230344,58.48620439486896,4,203,0.0,0.004551800026092678,0.01580486120171069,-1.4848580853756879,3,0.5,dynamic_1_5_p3_h1_3_6_12_s0_50,dynamic:1.5,True,True,highs
equal_share,20,21.741958490740956,65.22587547222288,43.483916981481926,5,243,0.9976851028601977,0.003427099945838563,0.011899652589717234,-8.986001792069214,3,0.5,dynamic_1_5_p3_h1_3_6_12_s0_50,dynamic:1.5,True,True,highs
equal_share,21,34.00754564306747,102.02263692920243,68.01509128613496,7,238,0.9960884066748035,0.002827799864462577,0.009818749529383948,3.279585360257304,3,0.5,dynamic_1_5_p3_h1_3_6_12_s0_50,dynamic:1.5,True,True,highs
equal_share,22,16.673546626711058,50.02063988013318,33.34709325342212,4,245,0.9971431217720248,0.0029078999505145475,0.010096874828175513,-14.054413656099111,3,0.5,dynamic_1_5_p3_h1_3_6_12_s0_50,dynamic:1.5,True,True,highs
equal_share,23,24.292096323135112,72.87628896940532,48.58419264627021,5,245,0.8584962091546401,0.002799599984427914,0.00972083327926359,-6.435863959675057,3,0.5,dynamic_1_5_p3_h1_3_6_12_s0_50,dynamic:1.5,True,True,highs
equal_share,24,21.764111974278464,65.29233592283538,43.528223948556914,5,241,0.8074472098045411,0.0029444999527186155,0.01022395816916186,-8.963848308531706,3,0.5,dynamic_1_5_p3_h1_3_6_12_s0_50,dynamic:1.5,True,True,highs
equal_share,25,40.25949026999301,120.77847080997901,80.518980539986,5,246,0.9965905816667272,0.003133899954264052,0.010881597063416848,9.53152998718284,3,0.5,dynamic_1_5_p3_h1_3_6_12_s0_50,dynamic:1.5,True,True,highs
equal_share,26,29.926055321636852,89.77816596491056,59.852110643273704,5,214,0.7485583624829377,0.0034767000179272145,0.012071875062247273,-0.8019049611733173,3,0.5,dynamic_1_5_p3_h1_3_6_12_s0_50,dynamic:1.5,True,True,highs
equal_share,27,12.286492687770146,36.85947806331044,24.572985375540295,3,262,0.6750971753010975,0.002793900086544454,0.009701041967168244,-18.441467595040024,3,0.5,dynamic_1_5_p3_h1_3_6_12_s0_50,dynamic:1.5,True,True,highs
equal_share,28,30.61415013195429,91.84245039586287,61.22830026390858,5,255,0.9981221168687766,0.003495699929771945,0.012137846978374809,-0.11381015085587975,3,0.5,dynamic_1_5_p3_h1_3_6_12_s0_50,dynamic:1.5,True,True,highs
equal_share,29,30.574128850129775,91.72238655038933,61.148257700259556,5,242,0.9990215601233667,0.0029577001550933346,0.01026979220518519,-0.1538314326803949,3,0.5,dynamic_1_5_p3_h1_3_6_12_s0_50,dynamic:1.5,True,True,highs
max_charge,0,28.98800244927405,86.96400734782216,57.97600489854811,11,222,0.9968973562208718,0.001333200023509562,0.004629166748297091,-1.7399578335361205,3,0.5,dynamic_1_5_p3_h1_3_6_12_s0_50,dynamic:1.5,True,True,highs
max_charge,1,28.02392269670962,84.07176809012887,56.04784539341925,5,227,0.8638359524572164,0.0012289000151213259,0.004267013941393493,-2.704037586100551,3,0.5,dynamic_1_5_p3_h1_3_6_12_s0_50,dynamic:1.5,True,True,highs
max_charge,2,27.211800210177884,81.63540063053367,54.42360042035578,6,235,0.9979934016411912,0.0014681998582091182,0.005097916174337216,-3.5161600726322852,3,0.5,dynamic_1_5_p3_h1_3_6_12_s0_50,dynamic:1.5,True,True,highs
max_charge,3,28.786514841020093,86.3595445230603,57.5730296820402,5,228,0.9976074440319799,0.0020490999741014093,0.007114930465629893,-1.9414454417900764,3,0.5,dynamic_1_5_p3_h1_3_6_12_s0_50,dynamic:1.5,True,True,highs
max_charge,4,30.789622519165263,92.3688675574958,61.57924503833054,6,233,0.9992710506017771,0.002020899861236103,0.007017013407069801,0.061662236355093825,3,0.5,dynamic_1_5_p3_h1_3_6_12_s0_50,dynamic:1.5,True,True,highs
max_charge,5,26.90143514424561,80.70430543273685,53.802870288491235,12,242,0.8535487458620722,0.001983799855224788,0.0068881939417527365,-3.826525138564559,3,0.5,dynamic_1_5_p3_h1_3_6_12_s0_50,dynamic:1.5,True,True,highs
max_charge,6,29.939760200679288,89.81928060203788,59.87952040135859,4,275,0.9980789000744251,0.0021059000137029216,0.007312152825357366,-0.7882000821308814,3,0.5,dynamic_1_5_p3_h1_3_6_12_s0_50,dynamic:1.5,True,True,highs
max_charge,7,22.113416332751513,66.34024899825452,44.22683266550301,5,222,0.9990028621776536,0.002324200395378284,0.008070140261730153,-8.614543950058657,3,0.5,dynamic_1_5_p3_h1_3_6_12_s0_50,dynamic:1.5,True,True,highs
max_charge,8,26.55340542644261,79.66021627932784,53.10681085288523,5,241,0.9994888286954704,0.0021902000735281035,0.007604861366417026,-4.1745548563675605,3,0.5,dynamic_1_5_p3_h1_3_6_12_s0_50,dynamic:1.5,True,True,highs
max_charge,9,33.63431996852158,100.90295990556476,67.26863993704318,5,262,0.8378449341041323,0.0019529998826328665,0.006781249592475231,2.9063596857114113,3,0.5,dynamic_1_5_p3_h1_3_6_12_s0_50,dynamic:1.5,True,True,highs
max_charge,10,37.72696472704409,113.18089418113229,75.4539294540882,9,229,0.8000288185455174,0.002354100040975027,0.008173958475607732,6.999004444233922,3,0.5,dynamic_1_5_p3_h1_3_6_12_s0_50,dynamic:1.5,True,True,highs
max_charge,11,29.36802020296453,88.1040606088936,58.736040405929074,8,206,0.8985512468513289,0.0019215001375414431,0.0066718754775744555,-1.3599400798456394,3,0.5,dynamic_1_5_p3_h1_3_6_12_s0_50,dynamic:1.5,True,True,highs
max_charge,12,29.141669986769543,87.42500996030864,58.2833399735391,5,245,0.7084790184547529,0.0015250998840201646,0.005295485708403349,-1.5862902960406267,3,0.5,dynamic_1_5_p3_h1_3_6_12_s0_50,dynamic:1.5,True,True,highs
max_charge,13,28.7145040668547,86.14351220056412,57.42900813370942,5,223,0.9979125786055844,0.001266699968255125,0.004398263778663629,-2.0134562159554683,3,0.5,dynamic_1_5_p3_h1_3_6_12_s0_50,dynamic:1.5,True,True,highs
max_charge,14,30.010049957782016,90.03014987334606,60.020099915564046,10,246,0.995974899378788,0.001043800264596939,0.0036243064742949274,-0.7179103250281536,3,0.5,dynamic_1_5_p3_h1_3_6_12_s0_50,dynamic:1.5,True,True,highs
max_charge,15,27.46029014512895,82.38087043538687,54.92058029025792,6,224,0.9934837453233059,0.0009139999747276306,0.0031736110233598286,-3.2676701376812183,3,0.5,dynamic_1_5_p3_h1_3_6_12_s0_50,dynamic:1.5,True,True,highs
max_charge,16,30.321607623249278,90.96482286974785,60.64321524649857,9,226,0.547048103822566,0.0009157997119473293,0.0031798601109282267,-0.4063526595608913,3,0.5,dynamic_1_5_p3_h1_3_6_12_s0_50,dynamic:1.5,True,True,highs
max_charge,17,33.73156128823756,101.19468386471269,67.46312257647513,4,237,0.0,0.0008827000565361232,0.0030649307518615387,3.003601005427388,3,0.5,dynamic_1_5_p3_h1_3_6_12_s0_50,dynamic:1.5,True,True,highs
max_charge,18,19.646422650665038,58.93926795199512,39.29284530133008,6,237,0.8320749485521847,0.0009395999659318477,0.0032624998817078043,-11.081537632145132,3,0.5,dynamic_1_5_p3_h1_3_6_12_s0_50,dynamic:1.5,True,True,highs
max_charge,19,29.899608794599757,89.69882638379929,59.79921758919953,5,202,0.0,0.0009834001684794202,0.0034145839183313204,-0.8283514882104122,3,0.5,dynamic_1_5_p3_h1_3_6_12_s0_50,dynamic:1.5,True,True,highs
max_charge,20,22.295639902353287,66.88691970705985,44.59127980470656,5,243,0.9976851028601977,0.0009358999377582222,0.0032496525616604937,-8.432320380456883,3,0.5,dynamic_1_5_p3_h1_3_6_12_s0_50,dynamic:1.5,True,True,highs
max_charge,21,34.0810759551823,102.24322786554691,68.16215191036461,7,238,0.9960884066748035,0.0008891999168554321,0.003087499711303584,3.3531156723721303,3,0.5,dynamic_1_5_p3_h1_3_6_12_s0_50,dynamic:1.5,True,True,highs
max_charge,22,22.815097276121364,68.4452918283641,45.63019455224274,7,242,0.9971431217720248,0.0009100001479964703,0.0031597227360988553,-7.912863006688806,3,0.5,dynamic_1_5_p3_h1_3_6_12_s0_50,dynamic:1.5,True,True,highs
max_charge,23,27.268301166594014,81.80490349978206,54.53660233318804,6,244,0.8584962091546401,0.0009392000501975417,0.003261111285408131,-3.459659116216155,3,0.5,dynamic_1_5_p3_h1_3_6_12_s0_50,dynamic:1.5,True,True,highs
max_charge,24,29.289146002382026,87.86743800714609,58.578292004764066,8,238,0.8553229093017078,0.0009142998605966568,0.0031746522937383917,-1.4388142804281436,3,0.5,dynamic_1_5_p3_h1_3_6_12_s0_50,dynamic:1.5,True,True,highs
max_charge,25,40.34303652495146,121.02910957485435,80.68607304990289,5,246,0.9965905816667272,0.0009611001005396247,0.0033371531268736967,9.615076242141289,3,0.5,dynamic_1_5_p3_h1_3_6_12_s0_50,dynamic:1.5,True,True,highs
max_charge,26,29.9788801409304,89.93664042279121,59.957760281860814,5,214,0.7485583624829377,0.0008826999401208013,0.003064930347641671,-0.7490801418797695,3,0.5,dynamic_1_5_p3_h1_3_6_12_s0_50,dynamic:1.5,True,True,highs
max_charge,27,19.19461496919393,57.58384490758179,38.389229938387864,4,261,0.9974473921868747,0.0008993000810733065,0.003122569725948981,-11.533345313616241,3,0.5,dynamic_1_5_p3_h1_3_6_12_s0_50,dynamic:1.5,True,True,highs
max_charge,28,33.50363241881131,100.51089725643394,67.00726483762263,6,254,0.9981221168687766,0.0009107999067055061,0.003162499676060785,2.7756721360011376,3,0.5,dynamic_1_5_p3_h1_3_6_12_s0_50,dynamic:1.5,True,True,highs
max_charge,29,30.678581133484826,92.03574340045449,61.35716226696967,5,242,0.9990215601233667,0.0008997001277748495,0.0031239587769960053,-0.04937914932534326,3,0.5,dynamic_1_5_p3_h1_3_6_12_s0_50,dynamic:1.5,True,True,highs
random,0,28.522381993027913,85.56714597908373,57.04476398605582,6,227,0.994807267232512,0.009035200084326789,0.03137222251502357,-2.205578289782256,3,0.5,dynamic_1_5_p3_h1_3_6_12_s0_50,dynamic:1.5,True,True,highs
random,1,27.378967291527488,82.13690187458248,54.75793458305499,5,227,0.9161146790980519,0.00869319996854756,0.03018472211301236,-3.3489929912826817,3,0.5,dynamic_1_5_p3_h1_3_6_12_s0_50,dynamic:1.5,True,True,highs
random,2,26.720512208024047,80.16153662407214,53.441024416048094,4,237,0.9983252034008799,0.00855759994010441,0.02971388868091809,-4.007448074786122,3,0.5,dynamic_1_5_p3_h1_3_6_12_s0_50,dynamic:1.5,True,True,highs
random,3,28.456393159638615,85.36917947891585,56.91278631927724,7,226,0.9961633426956877,0.008738900171010755,0.03034340337156512,-2.271567123171554,3,0.5,dynamic_1_5_p3_h1_3_6_12_s0_50,dynamic:1.5,True,True,highs
random,4,30.251919292700023,90.75575787810008,60.50383858540006,5,234,0.9979367791389674,0.008834900028887205,0.030676736211413907,-0.4760409901101461,3,0.5,dynamic_1_5_p3_h1_3_6_12_s0_50,dynamic:1.5,True,True,highs
random,5,26.351406794531158,79.05422038359347,52.702813589062316,7,247,0.0,0.008272400023997761,0.02872361119443667,-4.376553488279011,3,0.5,dynamic_1_5_p3_h1_3_6_12_s0_50,dynamic:1.5,True,True,highs
random,6,29.343747087045116,88.03124126113535,58.68749417409023,7,272,0.7117604657022818,0.008499200077494606,0.029511111380189605,-1.384213195765053,3,0.5,dynamic_1_5_p3_h1_3_6_12_s0_50,dynamic:1.5,True,True,highs
random,7,21.728269975136072,65.1848099254082,43.45653995027213,2,225,0.9969973702989949,0.00850300004822202,0.029524305722993124,-8.999690307674097,3,0.5,dynamic_1_5_p3_h1_3_6_12_s0_50,dynamic:1.5,True,True,highs
random,8,26.118607542986787,78.35582262896037,52.23721508597358,5,241,0.543224090172695,0.008598100015660748,0.029854513943266485,-4.6093527398233824,3,0.5,dynamic_1_5_p3_h1_3_6_12_s0_50,dynamic:1.5,True,True,highs
random,9,33.38387911951247,100.15163735853741,66.76775823902494,5,263,0.8458498737159814,0.008754199996474199,0.030396527765535412,2.655918836702302,3,0.5,dynamic_1_5_p3_h1_3_6_12_s0_50,dynamic:1.5,True,True,highs
random,10,37.151764562028106,111.4552936860843,74.3035291240562,6,232,0.9971763213075433,0.008758399955695495,0.030411110957276024,6.423804279217936,3,0.5,dynamic_1_5_p3_h1_3_6_12_s0_50,dynamic:1.5,True,True,highs
random,11,28.57983609803601,85.73950829410803,57.15967219607202,6,208,0.6959272676425156,0.008429600085946731,0.029269444742870594,-2.148124184774158,3,0.5,dynamic_1_5_p3_h1_3_6_12_s0_50,dynamic:1.5,True,True,highs
random,12,28.729998565737084,86.18999569721123,57.45999713147415,7,243,0.9966657677307028,0.008861000023898669,0.0307673611940926,-1.9979617170730855,3,0.5,dynamic_1_5_p3_h1_3_6_12_s0_50,dynamic:1.5,True,True,highs
random,13,28.111021094484606,84.33306328345382,56.22204218896922,4,224,0.9989835852890477,0.009235099903889932,0.03206631911072893,-2.6169391883255635,3,0.5,dynamic_1_5_p3_h1_3_6_12_s0_50,dynamic:1.5,True,True,highs
random,14,29.78292204792774,89.34876614378321,59.56584409585547,8,248,0.9953367214417108,0.008397000085096806,0.02915625029547502,-0.9450382348824284,3,0.5,dynamic_1_5_p3_h1_3_6_12_s0_50,dynamic:1.5,True,True,highs
random,15,26.751959721581557,80.25587916474466,53.5039194431631,7,223,0.7234069024540489,0.00846100012131501,0.029378472643454896,-3.976000561228613,3,0.5,dynamic_1_5_p3_h1_3_6_12_s0_50,dynamic:1.5,True,True,highs
random,16,29.889550797334188,89.66865239200256,59.77910159466837,8,227,0.5121797235239732,0.008706300039193593,0.030230208469422197,-0.8384094854759816,3,0.5,dynamic_1_5_p3_h1_3_6_12_s0_50,dynamic:1.5,True,True,highs
random,17,33.09587459699334,99.28762379098,66.19174919398667,5,236,0.9995127961593736,0.008796400114079006,0.030543055951663216,2.367914314183171,3,0.5,dynamic_1_5_p3_h1_3_6_12_s0_50,dynamic:1.5,True,True,highs
random,18,19.33208239807861,57.996247194235835,38.66416479615722,5,238,0.7441197838243954,0.009021199977723882,0.03132361103376348,-11.395877884731558,3,0.5,dynamic_1_5_p3_h1_3_6_12_s0_50,dynamic:1.5,True,True,highs
random,19,29.451794427599467,88.35538328279841,58.90358885519895,6,201,0.9980867741902189,0.009352199849672616,0.03247291614469658,-1.276165855210703,3,0.5,dynamic_1_5_p3_h1_3_6_12_s0_50,dynamic:1.5,True,True,highs
random,20,21.76735598441781,65.30206795325343,43.534711968835616,6,242,0.9992873121806753,0.00914699985878542,0.03176041617633826,-8.960604298392358,3,0.5,dynamic_1_5_p3_h1_3_6_12_s0_50,dynamic:1.5,True,True,highs
random,21,33.6772072849642,101.03162185489259,67.3544145699284,7,238,0.7476784503315903,0.009061399949132465,0.03146319426782106,2.949247002154028,3,0.5,dynamic_1_5_p3_h1_3_6_12_s0_50,dynamic:1.5,True,True,highs
random,22,22.49906897765505,67.49720693296513,44.99813795531008,10,239,0.9986556963158445,0.008414599869865924,0.029217360659256682,-8.22889130515512,3,0.5,dynamic_1_5_p3_h1_3_6_12_s0_50,dynamic:1.5,True,True,highs
random,23,27.115694812318722,81.34708443695617,54.231389624637444,7,243,0.8587508581238342,0.0077974998857825994,0.02707465238118958,-3.6122654704914474,3,0.5,dynamic_1_5_p3_h1_3_6_12_s0_50,dynamic:1.5,True,True,highs
random,24,28.915229687578012,86.74568906273402,57.830459375156,9,237,0.7139243040970706,0.008995700045488775,0.03123506960239158,-1.812730595232157,3,0.5,dynamic_1_5_p3_h1_3_6_12_s0_50,dynamic:1.5,True,True,highs
random,25,39.80154784342625,119.40464353027873,79.60309568685248,6,245,0.9964966408459383,0.008173400201485492,0.028379861810713516,9.07358756061608,3,0.5,dynamic_1_5_p3_h1_3_6_12_s0_50,dynamic:1.5,True,True,highs
random,26,29.490497174528223,88.47149152358467,58.98099434905645,5,214,0.9996334727327199,0.00835280011233408,0.029002778167826666,-1.237463108281947,3,0.5,dynamic_1_5_p3_h1_3_6_12_s0_50,dynamic:1.5,True,True,highs
random,27,18.956751550950734,56.87025465285221,37.913503101901476,4,261,0.99848751594635,0.008487599916406907,0.02947083304307954,-11.771208731859435,3,0.5,dynamic_1_5_p3_h1_3_6_12_s0_50,dynamic:1.5,True,True,highs
random,28,33.07396385138446,99.2218915541534,66.14792770276894,6,254,0.9974063840001974,0.008257499997853301,0.028671874992546184,2.346003568574293,3,0.5,dynamic_1_5_p3_h1_3_6_12_s0_50,dynamic:1.5,True,True,highs
random,29,29.91586103557512,89.74758310672537,59.83172207115025,8,239,0.8188617811308939,0.008937800012063235,0.03103402781966401,-0.8120992472350501,3,0.5,dynamic_1_5_p3_h1_3_6_12_s0_50,dynamic:1.5,True,True,highs
milp_h1,0,59.39232104953699,174.48811618821395,115.09579513867696,5,225,0.703671483402828,3.159328900190303,10.969892014549664,0.04609050890353927,6,0.5,dynamic_1_5_p6_h1_3_6_12_s0_50,dynamic:1.5,True,True,highs
milp_h1,1,57.678340843536304,169.3147149594802,111.6363741159439,10,219,0.9261185014883369,3.204741900175577,11.12757604227631,-1.667889697097145,6,0.5,dynamic_1_5_p6_h1_3_6_12_s0_50,dynamic:1.5,True,True,highs
milp_h1,2,55.87532864205467,164.19767878842777,108.3223501463731,9,229,0.9983159102987529,3.192440100479871,11.084861459999551,-3.4709018985787807,6,0.5,dynamic_1_5_p6_h1_3_6_12_s0_50,dynamic:1.5,True,True,highs
milp_h1,3,59.00631504276399,173.42459707875057,114.41828203598658,9,221,0.8533832736734855,3.328983800020069,11.558971527847461,-0.3399154978694625,6,0.5,dynamic_1_5_p6_h1_3_6_12_s0_50,dynamic:1.5,True,True,highs
milp_h1,4,63.3432333538603,186.33762343323937,122.99439007937907,7,229,0.998739787914772,3.146747300197603,10.9262059034639,3.9970028132268496,6,0.5,dynamic_1_5_p6_h1_3_6_12_s0_50,dynamic:1.5,True,True,highs
milp_h1,5,55.442516855721806,162.64854678146554,107.20602992574374,8,243,0.6934002227859838,3.1475817001773976,10.929103125615963,-3.9037136849116436,6,0.5,dynamic_1_5_p6_h1_3_6_12_s0_50,dynamic:1.5,True,True,highs
milp_h1,6,60.850376175502376,178.8933369583482,118.04296078284581,5,271,0.9983060250946576,3.2004348003538325,11.112620834561918,1.5041456348689266,6,0.5,dynamic_1_5_p6_h1_3_6_12_s0_50,dynamic:1.5,True,True,highs
milp_h1,7,45.83852917314624,134.19376650513266,88.35523733198642,8,216,0.9985488125167536,3.3394735998881515,11.595394444056081,-13.507701367487208,6,0.5,dynamic_1_5_p6_h1_3_6_12_s0_50,dynamic:1.5,True,True,highs
milp_h1,8,54.24746465661164,159.0016930458748,104.75422838926315,11,233,0.9986733456908382,3.180953700619284,11.044978127150292,-5.098765884021809,6,0.5,dynamic_1_5_p6_h1_3_6_12_s0_50,dynamic:1.5,True,True,highs
milp_h1,9,69.01240695018228,203.18856014111296,134.17615319093068,12,252,0.7424485684297013,3.2332694001379423,11.226629861590077,9.666176409548832,6,0.5,dynamic_1_5_p6_h1_3_6_12_s0_50,dynamic:1.5,True,True,highs
milp_h1,10,77.0772431433574,227.00374206109598,149.92649891773857,11,224,0.8884746110315401,3.20568919996731,11.13086527766427,17.731012602723958,6,0.5,dynamic_1_5_p6_h1_3_6_12_s0_50,dynamic:1.5,True,True,highs
milp_h1,11,59.59814146425508,174.89308934503975,115.29494788078468,7,204,0.7021771909665361,3.150185699632857,10.938144790391865,0.2519109236216295,6,0.5,dynamic_1_5_p6_h1_3_6_12_s0_50,dynamic:1.5,True,True,highs
milp_h1,12,59.39497983836414,174.95752379827977,115.56254395991563,7,240,0.613838712359977,3.3117371997213922,11.499087499032612,0.04874929773068715,6,0.5,dynamic_1_5_p6_h1_3_6_12_s0_50,dynamic:1.5,True,True,highs
milp_h1,13,59.05547827358356,173.45531120275766,114.3998329291741,6,219,0.7805991534369764,3.159321299986914,10.969865624954561,-0.2907522670498892,6,0.5,dynamic_1_5_p6_h1_3_6_12_s0_50,dynamic:1.5,True,True,highs
milp_h1,14,61.64236544950015,181.22556529326445,119.5831998437643,7,246,0.9974288302877798,3.164974700019229,10.98949548617788,2.296134908866698,6,0.5,dynamic_1_5_p6_h1_3_6_12_s0_50,dynamic:1.5,True,True,highs
milp_h1,15,56.30317081603606,166.1027473965605,109.79957658052443,12,215,0.847048340081556,3.1672017002128996,10.997228125739234,-3.0430597245973914,6,0.5,dynamic_1_5_p6_h1_3_6_12_s0_50,dynamic:1.5,True,True,highs
milp_h1,16,62.12264293672608,182.72552941781248,120.6028864810864,8,224,0.9989774174113775,3.3191650000517257,11.524878472401825,2.7764123960926312,6,0.5,dynamic_1_5_p6_h1_3_6_12_s0_50,dynamic:1.5,True,True,highs
milp_h1,17,68.21951744661274,200.96743762248613,132.7479201758734,8,230,0.7354393533409904,3.168855399941094,11.002970138684354,8.873286905979292,6,0.5,dynamic_1_5_p6_h1_3_6_12_s0_50,dynamic:1.5,True,True,highs
milp_h1,18,40.11496748126342,118.00829810000255,77.89333061873913,6,234,0.8937378518363353,3.1344393998151645,10.883470138247098,-19.23126305937003,6,0.5,dynamic_1_5_p6_h1_3_6_12_s0_50,dynamic:1.5,True,True,highs
milp_h1,19,60.80766270079482,178.62358119108546,117.81591849029064,6,198,0.6942491640513109,3.1963160003360827,11.098319445611398,1.4614321601613725,6,0.5,dynamic_1_5_p6_h1_3_6_12_s0_50,dynamic:1.5,True,True,highs
milp_h1,20,45.704340692976956,134.01476232371712,88.31042163074017,9,236,0.9983112979059655,3.1901273999828845,11.076831249940572,-13.641889847656493,6,0.5,dynamic_1_5_p6_h1_3_6_12_s0_50,dynamic:1.5,True,True,highs
milp_h1,21,70.19037244315345,206.45367426569658,136.26330182254313,5,237,0.9990043266933621,3.2892182001669426,11.420896528357439,10.84414190252,6,0.5,dynamic_1_5_p6_h1_3_6_12_s0_50,dynamic:1.5,True,True,highs
milp_h1,22,47.41033559339819,138.61718470054444,91.20684910714625,10,236,0.9978151482900424,3.185814600001322,11.06185625000459,-11.935894947235262,6,0.5,dynamic_1_5_p6_h1_3_6_12_s0_50,dynamic:1.5,True,True,highs
milp_h1,23,56.339544164854445,165.30264083715096,108.96309667229652,9,238,0.7382087072849458,3.1502348002395593,10.938315278609581,-3.0066863757790045,6,0.5,dynamic_1_5_p6_h1_3_6_12_s0_50,dynamic:1.5,True,True,highs
milp_h1,24,59.87500707184496,175.9395511386317,116.06454406678675,7,236,0.9978511246387927,3.148357099998975,10.931795486107553,0.5287765312115127,6,0.5,dynamic_1_5_p6_h1_3_6_12_s0_50,dynamic:1.5,True,True,highs
milp_h1,25,82.73072362786814,243.60442304855866,160.8736994206905,6,242,0.7978799669108333,3.168771800090326,11.002679861424744,23.384493087234695,6,0.5,dynamic_1_5_p6_h1_3_6_12_s0_50,dynamic:1.5,True,True,highs
milp_h1,26,61.37995257457217,180.5733264662834,119.19337389171122,7,209,0.9983659527279422,3.313174100301694,11.50407673715866,2.033722033938723,6,0.5,dynamic_1_5_p6_h1_3_6_12_s0_50,dynamic:1.5,True,True,highs
milp_h1,27,39.46008194876839,116.01677382382879,76.5566918750604,17,245,0.7214980403440685,3.1598902998375706,10.971841318880454,-19.88614859186506,6,0.5,dynamic_1_5_p6_h1_3_6_12_s0_50,dynamic:1.5,True,True,highs
milp_h1,28,68.72348537072838,202.11753971999187,133.39405434926348,5,252,0.9399822205142433,3.126169699797174,10.85475590207352,9.377254830094934,6,0.5,dynamic_1_5_p6_h1_3_6_12_s0_50,dynamic:1.5,True,True,highs
milp_h1,29,62.838515415479264,184.8006539609924,121.96213854551314,7,237,0.817598087155574,3.1212145000172313,10.837550347282054,3.492284874845815,6,0.5,dynamic_1_5_p6_h1_3_6_12_s0_50,dynamic:1.5,True,True,highs
milp_h3,0,59.41284257552553,174.59061584371335,115.17777326818782,6,224,0.7038910657264887,7.215676599909784,25.05443263857564,0.06661203489208134,6,0.5,dynamic_1_5_p6_h1_3_6_12_s0_50,dynamic:1.5,True,True,highs
milp_h3,1,57.678340843536276,169.31471495948017,111.6363741159439,7,222,0.9970758046658829,7.666507299814839,26.619817013245967,-1.6678896970971735,6,0.5,dynamic_1_5_p6_h1_3_6_12_s0_50,dynamic:1.5,True,True,highs
milp_h3,2,55.89440101904039,164.29293929052793,108.39853827148754,9,229,0.9952481872055639,6.380224800057476,22.153558333532903,-3.451829521593062,6,0.5,dynamic_1_5_p6_h1_3_6_12_s0_50,dynamic:1.5,True,True,highs
milp_h3,3,59.00631504276397,173.42459707875054,114.41828203598656,12,218,0.9972140911756222,6.9907830002193805,24.273552084095073,-0.3399154978694767,6,0.5,dynamic_1_5_p6_h1_3_6_12_s0_50,dynamic:1.5,True,True,highs
milp_h3,4,63.343233353860285,186.33762343323934,122.99439007937906,8,228,0.9990145233491138,6.5486649998347275,22.738420138315025,3.9970028132268354,6,0.5,dynamic_1_5_p6_h1_3_6_12_s0_50,dynamic:1.5,True,True,highs
milp_h3,5,55.44251685572179,162.6485467814655,107.20602992574372,8,243,0.814851996770327,6.630103199946461,23.021191666480767,-3.903713684911658,6,0.5,dynamic_1_5_p6_h1_3_6_12_s0_50,dynamic:1.5,True,True,highs
milp_h3,6,60.85037617550236,178.89333695834816,118.0429607828458,5,271,0.9970975663664705,6.5482202002895065,22.736875695449676,1.5041456348689124,6,0.5,dynamic_1_5_p6_h1_3_6_12_s0_50,dynamic:1.5,True,True,highs
milp_h3,7,45.83852917314621,134.19376650513263,88.35523733198642,5,219,0.9971042446714935,6.651260299870046,23.094653818993216,-13.507701367487236,6,0.5,dynamic_1_5_p6_h1_3_6_12_s0_50,dynamic:1.5,True,True,highs
milp_h3,8,54.330594886883446,159.27879340604179,104.94819851915834,8,235,0.9958037656846528,7.7636522999964654,26.957126041654394,-5.015635653750003,6,0.5,dynamic_1_5_p6_h1_3_6_12_s0_50,dynamic:1.5,True,True,highs
milp_h3,9,69.01240695018225,203.18856014111293,134.17615319093068,10,254,0.7432385040960379,7.186618999927305,24.95353819419203,9.666176409548804,6,0.5,dynamic_1_5_p6_h1_3_6_12_s0_50,dynamic:1.5,True,True,highs
milp_h3,10,77.10076841297519,227.1212274791436,150.02045906616843,6,229,0.7262860290838477,6.529200700082583,22.670835764175635,17.754537872341736,6,0.5,dynamic_1_5_p6_h1_3_6_12_s0_50,dynamic:1.5,True,True,highs
milp_h3,11,59.59814146425509,174.89308934503975,115.29494788078466,9,202,0.803195348181465,7.61671980007668,26.44694375026625,0.2519109236216437,6,0.5,dynamic_1_5_p6_h1_3_6_12_s0_50,dynamic:1.5,True,True,highs
milp_h3,12,59.41293808828654,175.04720616128742,115.63426807300088,9,238,0.6132479609771302,7.271386300359154,25.247869098469284,0.06670754765308828,6,0.5,dynamic_1_5_p6_h1_3_6_12_s0_50,dynamic:1.5,True,True,highs
milp_h3,13,59.055478273583546,173.45531120275763,114.39983292917408,6,219,0.12508336676440557,7.674041799706174,26.645978471201992,-0.2907522670499034,6,0.5,dynamic_1_5_p6_h1_3_6_12_s0_50,dynamic:1.5,True,True,highs
milp_h3,14,61.64236544950016,181.22556529326445,119.58319984376429,5,248,0.9972641413733649,5.946571300068172,20.647817014125597,2.296134908866712,6,0.5,dynamic_1_5_p6_h1_3_6_12_s0_50,dynamic:1.5,True,True,highs
milp_h3,15,56.30317081603603,166.10274739656046,109.79957658052443,6,221,0.9979604401003599,6.761031899863156,23.47580520785818,-3.04305972459742,6,0.5,dynamic_1_5_p6_h1_3_6_12_s0_50,dynamic:1.5,True,True,highs
milp_h3,16,62.122642936726095,182.72552941781248,120.60288648108639,6,226,0.5954287995597144,6.69973629998276,23.26297326382903,2.7764123960926455,6,0.5,dynamic_1_5_p6_h1_3_6_12_s0_50,dynamic:1.5,True,True,highs
milp_h3,17,68.21948579921539,200.96740623585194,132.74792043663655,9,229,0.8937377287681976,6.433077800000319,22.337075694445552,8.873255258581942,6,0.5,dynamic_1_5_p6_h1_3_6_12_s0_50,dynamic:1.5,True,True,highs
milp_h3,18,40.11929468989506,118.02993439076793,77.91063970087288,7,233,0.9462204157274741,7.481053299998166,25.97587951388252,-19.226935850738393,6,0.5,dynamic_1_5_p6_h1_3_6_12_s0_50,dynamic:1.5,True,True,highs
milp_h3,19,60.877997156872595,178.83464078306181,117.95664362618922,7,197,0.40740218267595846,6.557070299924817,22.767605208072283,1.5317666162391461,6,0.5,dynamic_1_5_p6_h1_3_6_12_s0_50,dynamic:1.5,True,True,highs
milp_h3,20,45.70434069297697,134.01476232371712,88.31042163074015,9,236,0.9987994293028866,6.58776640027645,22.874188889848785,-13.64188984765648,6,0.5,dynamic_1_5_p6_h1_3_6_12_s0_50,dynamic:1.5,True,True,highs
milp_h3,21,70.19037244315345,206.45367426569658,136.26330182254313,6,236,0.9985262796123995,7.035607699828688,24.429193402182946,10.84414190252,6,0.5,dynamic_1_5_p6_h1_3_6_12_s0_50,dynamic:1.5,True,True,highs
milp_h3,22,47.41033559339819,138.61718470054444,91.20684910714625,11,235,0.9970301742788825,6.115477500192355,21.2342968756679,-11.935894947235262,6,0.5,dynamic_1_5_p6_h1_3_6_12_s0_50,dynamic:1.5,True,True,highs
milp_h3,23,56.339544164854445,165.30264083715096,108.96309667229652,8,240,0.8036465751596473,6.55860360013321,22.772929167129202,-3.0066863757790045,6,0.5,dynamic_1_5_p6_h1_3_6_12_s0_50,dynamic:1.5,True,True,highs
milp_h3,24,59.881832256396464,175.97367745193304,116.09184519553658,7,236,0.9972523025480213,7.330728499800898,25.45391840208645,0.5356017157630149,6,0.5,dynamic_1_5_p6_h1_3_6_12_s0_50,dynamic:1.5,True,True,highs
milp_h3,25,82.73072362786812,243.60442304855863,160.8736994206905,4,244,0.9997392891355312,7.698047200246947,26.72933055641301,23.384493087234667,6,0.5,dynamic_1_5_p6_h1_3_6_12_s0_50,dynamic:1.5,True,True,highs
milp_h3,26,61.379952574572144,180.57332646628336,119.19337389171122,8,208,0.9983055220236985,7.6843744996294845,26.681855901491264,2.0337220339386946,6,0.5,dynamic_1_5_p6_h1_3_6_12_s0_50,dynamic:1.5,True,True,highs
milp_h3,27,39.46008194876839,116.01677382382877,76.55669187506038,10,252,0.9984926497791297,7.649812600167934,26.561849306138658,-19.88614859186506,6,0.5,dynamic_1_5_p6_h1_3_6_12_s0_50,dynamic:1.5,True,True,highs
milp_h3,28,68.74603389200144,202.23015738335857,133.48412349135714,6,251,0.8436715871538499,7.843780100054573,27.235347569633934,9.399803351367986,6,0.5,dynamic_1_5_p6_h1_3_6_12_s0_50,dynamic:1.5,True,True,highs
milp_h3,29,62.83851541547925,184.80065396099238,121.96213854551313,6,238,0.35009745886788096,7.628707500261953,26.488567709242893,3.492284874845801,6,0.5,dynamic_1_5_p6_h1_3_6_12_s0_50,dynamic:1.5,True,True,highs
milp_h6,0,59.43339151860158,174.69314265569923,115.25975113709765,6,224,0.7779026959850323,9.896067200432299,34.361344445945484,0.08716097796813216,6,0.5,dynamic_1_5_p6_h1_3_6_12_s0_50,dynamic:1.5,True,True,highs
milp_h6,1,57.70595237529973,169.45256249225832,111.74661011695859,7,222,0.9970758046658829,10.208429799909936,35.44593680524284,-1.6402781653337186,6,0.5,dynamic_1_5_p6_h1_3_6_12_s0_50,dynamic:1.5,True,True,highs
milp_h6,2,55.913549947812115,164.43906810489688,108.52551815708476,5,233,0.9992649685219903,8.639342299837153,29.997716318879004,-3.4326805928213346,6,0.5,dynamic_1_5_p6_h1_3_6_12_s0_50,dynamic:1.5,True,True,highs
milp_h6,3,59.019655051258695,173.49118908686188,114.47153403560318,9,221,0.9990802241104341,9.416452200181084,32.696014583962096,-0.3265754893747541,6,0.5,dynamic_1_5_p6_h1_3_6_12_s0_50,dynamic:1.5,True,True,highs
milp_h6,4,63.37064116704698,186.47443124461407,123.10379007756708,8,228,0.9990145233491138,9.097993200091878,31.590254166985687,4.024410626413534,6,0.5,dynamic_1_5_p6_h1_3_6_12_s0_50,dynamic:1.5,True,True,highs
milp_h6,5,55.45616855557013,162.71670447921005,107.26053592363992,8,243,0.814851996770327,9.225074099871563,32.031507291220706,-3.890061985063319,6,0.5,dynamic_1_5_p6_h1_3_6_12_s0_50,dynamic:1.5,True,True,highs
milp_h6,6,60.90454030166947,179.08298134449166,118.17844104282219,5,271,0.9970975663664705,9.126271099812584,31.688441318793693,1.5583097610360213,6,0.5,dynamic_1_5_p6_h1_3_6_12_s0_50,dynamic:1.5,True,True,highs
milp_h6,7,45.85085335134728,134.2553046828435,88.40445133149622,6,218,0.9969315510725988,9.379410300258314,32.567396875896925,-13.495377189286167,6,0.5,dynamic_1_5_p6_h1_3_6_12_s0_50,dynamic:1.5,True,True,highs
milp_h6,8,54.26131968948479,159.07096807810896,104.80964838862417,8,235,0.9958037656846528,10.680340599879855,37.084515971805054,-5.084910851148656,6,0.5,dynamic_1_5_p6_h1_3_6_12_s0_50,dynamic:1.5,True,True,highs
milp_h6,9,69.01240695018225,203.18856014111293,134.17615319093068,10,254,0.7432385040960379,9.783900200010976,33.971875694482556,9.666176409548804,6,0.5,dynamic_1_5_p6_h1_3_6_12_s0_50,dynamic:1.5,True,True,highs
milp_h6,10,77.1243294004758,227.23874831638332,150.11441891590752,9,226,0.8616718915166418,9.089926200016635,31.56224375005776,17.778098859842352,6,0.5,dynamic_1_5_p6_h1_3_6_12_s0_50,dynamic:1.5,True,True,highs
milp_h6,11,59.59816870236517,174.89311662908514,115.29494792671997,9,202,0.803195348181465,10.525155000417726,36.54567708478377,0.25193816173172223,6,0.5,dynamic_1_5_p6_h1_3_6_12_s0_50,dynamic:1.5,True,True,highs
milp_h6,12,59.41891525921345,175.07709121790646,115.65817595869301,9,238,0.6132479609771302,9.855371499812463,34.22003992990439,0.0726847185799997,6,0.5,dynamic_1_5_p6_h1_3_6_12_s0_50,dynamic:1.5,True,True,highs
milp_h6,13,59.08302312483718,173.59282005519,114.50979693035282,6,219,0.12834975547264652,10.208410099818138,35.44586840214632,-0.2632074157962663,6,0.5,dynamic_1_5_p6_h1_3_6_12_s0_50,dynamic:1.5,True,True,highs
milp_h6,14,61.66984177312854,181.36272161386015,119.6928798407316,4,249,0.9972236032879382,8.183096199994907,28.413528472204536,2.3236112324950895,6,0.5,dynamic_1_5_p6_h1_3_6_12_s0_50,dynamic:1.5,True,True,highs
milp_h6,15,56.30317081603603,166.10274739656046,109.79957658052443,6,221,0.9979604401003599,9.120681800151942,31.669034028305354,-3.04305972459742,6,0.5,dynamic_1_5_p6_h1_3_6_12_s0_50,dynamic:1.5,True,True,highs
milp_h6,16,62.122642936726095,182.72552941781248,120.60288648108639,6,226,0.5954287995597144,9.315864099859027,32.34675034673273,2.7764123960926455,6,0.5,dynamic_1_5_p6_h1_3_6_12_s0_50,dynamic:1.5,True,True,highs
milp_h6,17,68.21954885497715,200.9674690091203,132.74792015414315,9,229,0.8674206207046029,8.860451200191164,30.765455556219322,8.873318314343699,6,0.5,dynamic_1_5_p6_h1_3_6_12_s0_50,dynamic:1.5,True,True,highs
milp_h6,18,40.12364042847602,118.0515890464112,77.92794861793517,7,233,0.9462204157274741,10.344424200215144,35.918139584080365,-19.222590112157427,6,0.5,dynamic_1_5_p6_h1_3_6_12_s0_50,dynamic:1.5,True,True,highs
milp_h6,19,60.878053033917254,178.83469670484175,117.95664367092449,9,195,0.8160825874507459,8.749748600122984,30.381071528204806,1.531822493283805,6,0.5,dynamic_1_5_p6_h1_3_6_12_s0_50,dynamic:1.5,True,True,highs
milp_h6,20,45.70434069297697,134.01476232371712,88.31042163074015,6,239,0.9964165685914749,9.276792599848704,32.21108541614134,-13.64188984765648,6,0.5,dynamic_1_5_p6_h1_3_6_12_s0_50,dynamic:1.5,True,True,highs
milp_h6,21,70.19037244315345,206.45367426569658,136.26330182254313,6,236,0.9985262796123995,9.692893399886088,33.65587986071559,10.84414190252,6,0.5,dynamic_1_5_p6_h1_3_6_12_s0_50,dynamic:1.5,True,True,highs
milp_h6,22,47.41033559339819,138.61718470054444,91.20684910714625,7,239,0.9971175486982404,9.28959759999998,32.25554722222215,-11.935894947235262,6,0.5,dynamic_1_5_p6_h1_3_6_12_s0_50,dynamic:1.5,True,True,highs
milp_h6,23,56.35333320978651,165.37148387912282,109.01815066933631,8,240,0.8036465751596473,9.400019899971085,32.63895798601071,-2.9928973308469367,6,0.5,dynamic_1_5_p6_h1_3_6_12_s0_50,dynamic:1.5,True,True,highs
milp_h6,24,59.888685047800976,176.00783111172478,116.11914606392381,7,236,0.997379322095747,10.077779399813153,34.992289582684556,0.5424545071675269,6,0.5,dynamic_1_5_p6_h1_3_6_12_s0_50,dynamic:1.5,True,True,highs
milp_h6,25,82.7477540352244,243.68942345761246,160.94166942238806,4,244,0.9997392891355312,10.880586499988567,37.77981423607142,23.401523494590954,6,0.5,dynamic_1_5_p6_h1_3_6_12_s0_50,dynamic:1.5,True,True,highs
milp_h6,26,61.39319072382662,180.63940461592884,119.24621389210222,8,208,0.9983877790177283,10.801138700102456,37.503953819800195,2.046960183193171,6,0.5,dynamic_1_5_p6_h1_3_6_12_s0_50,dynamic:1.5,True,True,highs
milp_h6,27,39.46008194876839,116.01677382382877,76.55669187506038,10,252,0.9984926497791297,10.599997499812162,36.80554687434778,-19.88614859186506,6,0.5,dynamic_1_5_p6_h1_3_6_12_s0_50,dynamic:1.5,True,True,highs
milp_h6,28,68.76867672895693,202.40291507537466,133.63423834641773,6,251,0.8413746387386096,10.828371199750109,37.598511110243436,9.422446188323484,6,0.5,dynamic_1_5_p6_h1_3_6_12_s0_50,dynamic:1.5,True,True,highs
milp_h6,29,62.85230371336955,184.86948025803582,122.01717654466627,6,238,0.35009745886788096,10.374365700146882,36.02210312551001,3.5060731727361016,6,0.5,dynamic_1_5_p6_h1_3_6_12_s0_50,dynamic:1.5,True,True,highs
milp_h12,0,59.43339151860158,174.69314265569923,115.25975113709765,8,222,0.7774633895251186,15.02763760011294,52.17929722261437,0.08716097796813216,6,0.5,dynamic_1_5_p6_h1_3_6_12_s0_50,dynamic:1.5,True,True,highs
milp_h12,1,57.70595237529973,169.45256249225832,111.74661011695859,10,219,0.8652824048253355,15.606649900204502,54.1897565979323,-1.6402781653337186,6,0.5,dynamic_1_5_p6_h1_3_6_12_s0_50,dynamic:1.5,True,True,highs
milp_h12,2,55.913549947812115,164.43906810489688,108.52551815708476,7,231,0.6438850966954773,13.063637799437856,45.35985347027034,-3.4326805928213346,6,0.5,dynamic_1_5_p6_h1_3_6_12_s0_50,dynamic:1.5,True,True,highs
milp_h12,3,59.019655051258695,173.49118908686188,114.47153403560318,7,223,0.9997659005988189,14.71311339980457,51.087199304876975,-0.3265754893747541,6,0.5,dynamic_1_5_p6_h1_3_6_12_s0_50,dynamic:1.5,True,True,highs
milp_h12,4,63.38434500843286,186.54283508509394,123.15849007666108,9,227,0.999761987251108,13.8527765001636,48.09991840334583,4.03811446779941,6,0.5,dynamic_1_5_p6_h1_3_6_12_s0_50,dynamic:1.5,True,True,highs
milp_h12,5,55.45616855557013,162.71670447921005,107.26053592363992,8,243,0.7700858490811205,13.836117999948328,48.042076388709475,-3.890061985063319,6,0.5,dynamic_1_5_p6_h1_3_6_12_s0_50,dynamic:1.5,True,True,highs
milp_h12,6,60.9045403447374,179.08298134449166,118.17844099975426,5,271,0.9970975663664705,14.221281100035412,49.37944826401185,1.5583098041039491,6,0.5,dynamic_1_5_p6_h1_3_6_12_s0_50,dynamic:1.5,True,True,highs
milp_h12,7,45.86317752954831,134.31684286055435,88.45366533100604,7,217,0.9969904459570406,14.220292899990454,49.376017013855744,-13.48305301108514,6,0.5,dynamic_1_5_p6_h1_3_6_12_s0_50,dynamic:1.5,True,True,highs
milp_h12,8,54.330594886883446,159.27879340604179,104.94819851915834,8,235,0.9958037656846528,16.10415509980521,55.917205207656984,-5.015635653750003,6,0.5,dynamic_1_5_p6_h1_3_6_12_s0_50,dynamic:1.5,True,True,highs
milp_h12,9,69.01240695018225,203.18856014111293,134.17615319093068,10,254,0.7432385040960379,15.431237099925056,53.580684374739775,9.666176409548804,6,0.5,dynamic_1_5_p6_h1_3_6_12_s0_50,dynamic:1.5,True,True,highs
milp_h12,10,77.1243294004758,227.23874831638332,150.11441891590752,10,225,0.88879936140337,14.14779829987674,49.12429965234979,17.778098859842352,6,0.5,dynamic_1_5_p6_h1_3_6_12_s0_50,dynamic:1.5,True,True,highs
milp_h12,11,59.59811388163014,174.89306206099434,115.2949481793642,9,202,0.807725956400446,15.885891799873207,55.159346527337526,0.25188334099669163,6,0.5,dynamic_1_5_p6_h1_3_6_12_s0_50,dynamic:1.5,True,True,highs
milp_h12,12,59.41891525921345,175.07709121790646,115.65817595869301,9,238,0.6132479609771302,15.37725630030036,53.39325104270958,0.0726847185799997,6,0.5,dynamic_1_5_p6_h1_3_6_12_s0_50,dynamic:1.5,True,True,highs
milp_h12,13,59.08302312483718,173.59282005519,114.50979693035282,6,219,0.12834975547264652,15.937519400118617,55.338609028189644,-0.2632074157962663,6,0.5,dynamic_1_5_p6_h1_3_6_12_s0_50,dynamic:1.5,True,True,highs
milp_h12,14,61.66984177312854,181.36272161386015,119.6928798407316,5,248,0.996343589248297,12.245593899919186,42.51942326360828,2.3236112324950895,6,0.5,dynamic_1_5_p6_h1_3_6_12_s0_50,dynamic:1.5,True,True,highs
milp_h12,15,56.31359265720339,166.15475323771923,109.84116058051585,8,219,0.9984131533896361,13.928071500005899,48.361359375020484,-3.0326378834300627,6,0.5,dynamic_1_5_p6_h1_3_6_12_s0_50,dynamic:1.5,True,True,highs
milp_h12,16,62.12264293672608,182.72552941781248,120.6028864810864,6,226,0.5954287995597144,13.646805900294567,47.38474270935613,2.7764123960926312,6,0.5,dynamic_1_5_p6_h1_3_6_12_s0_50,dynamic:1.5,True,True,highs
milp_h12,17,68.2194856253733,200.96740623585197,132.74792061047867,7,231,0.8677756319925477,13.512960900348844,46.92000312621126,8.873255084739846,6,0.5,dynamic_1_5_p6_h1_3_6_12_s0_50,dynamic:1.5,True,True,highs
milp_h12,18,40.12364042847602,118.0515890464112,77.92794861793517,7,233,0.9462204157274741,15.494022600032622,53.7986895834466,-19.222590112157427,6,0.5,dynamic_1_5_p6_h1_3_6_12_s0_50,dynamic:1.5,True,True,highs
milp_h12,19,60.8779969779315,178.83464078306181,117.95664380513031,7,197,0.40740218267595846,13.49366879981244,46.853016666015414,1.531766437298053,6,0.5,dynamic_1_5_p6_h1_3_6_12_s0_50,dynamic:1.5,True,True,highs
milp_h12,20,45.70434069297697,134.01476232371712,88.31042163074015,10,235,0.9975682069937736,13.806879999785451,47.940555554810594,-13.64188984765648,6,0.5,dynamic_1_5_p6_h1_3_6_12_s0_50,dynamic:1.5,True,True,highs
milp_h12,21,70.20565493590647,206.5299587566357,136.32430382072923,6,236,0.9999075391359762,15.070458299975144,52.32798020824703,10.859424395273017,6,0.5,dynamic_1_5_p6_h1_3_6_12_s0_50,dynamic:1.5,True,True,highs
milp_h12,22,47.42374190413274,138.68413100861824,91.2603891044855,8,238,0.7986955309477978,13.661836499872152,47.436932291222746,-11.92248863650071,6,0.5,dynamic_1_5_p6_h1_3_6_12_s0_50,dynamic:1.5,True,True,highs
milp_h12,23,56.36712225471858,165.44032692109468,109.0732046663761,10,238,0.8412454014662314,14.17984480020823,49.235572222945244,-2.9791082859148688,6,0.5,dynamic_1_5_p6_h1_3_6_12_s0_50,dynamic:1.5,True,True,highs
milp_h12,24,59.888685047800976,176.00783111172478,116.11914606392381,6,237,0.9955116443528533,14.867686000245158,51.62390972307347,0.5424545071675269,6,0.5,dynamic_1_5_p6_h1_3_6_12_s0_50,dynamic:1.5,True,True,highs
milp_h12,25,82.7477540352244,243.68942345761246,160.94166942238806,4,244,0.9997392891355312,16.71437539975159,58.036025693581905,23.401523494590954,6,0.5,dynamic_1_5_p6_h1_3_6_12_s0_50,dynamic:1.5,True,True,highs
milp_h12,26,61.39319072382662,180.63940461592884,119.24621389210222,7,209,0.9983815033152442,16.458775500010233,57.1485260417022,2.046960183193171,6,0.5,dynamic_1_5_p6_h1_3_6_12_s0_50,dynamic:1.5,True,True,highs
milp_h12,27,39.46008194876839,116.01677382382877,76.55669187506038,9,253,0.9984844994395411,16.031020700116642,55.66326631984945,-19.88614859186506,6,0.5,dynamic_1_5_p6_h1_3_6_12_s0_50,dynamic:1.5,True,True,highs
milp_h12,28,68.76867672895696,202.40291507537466,133.6342383464177,6,251,0.8017029331048819,16.679536300100153,57.91505659756998,9.422446188323512,6,0.5,dynamic_1_5_p6_h1_3_6_12_s0_50,dynamic:1.5,True,True,highs
milp_h12,29,62.85230371336955,184.86948025803582,122.01717654466627,5,239,0.21413384325715762,15.916426400071941,55.265369444694244,3.5060731727361016,6,0.5,dynamic_1_5_p6_h1_3_6_12_s0_50,dynamic:1.5,True,True,highs
equal_share,0,47.65702910429819,142.9710873128946,95.31405820859642,8,222,0.6864167376730882,0.0027864997973665595,0.009675346518633887,-11.68920143633526,6,0.5,dynamic_1_5_p6_h1_3_6_12_s0_50,dynamic:1.5,True,True,highs
equal_share,1,36.776411054233904,110.3292331627017,73.5528221084678,10,219,0.9588865341017225,0.002664900035597384,0.009253125123602027,-22.569819486399545,6,0.5,dynamic_1_5_p6_h1_3_6_12_s0_50,dynamic:1.5,True,True,highs
equal_share,2,41.916256337402615,125.74876901220787,83.83251267480526,6,232,0.9984367258722767,0.0028002001345157623,0.009722917133735286,-17.429974203230834,6,0.5,dynamic_1_5_p6_h1_3_6_12_s0_50,dynamic:1.5,True,True,highs
equal_share,3,50.964009976288935,152.89202992886683,101.9280199525779,12,218,0.7932367861420353,0.0026713997358456254,0.009275693527241755,-8.382220564344514,6,0.5,dynamic_1_5_p6_h1_3_6_12_s0_50,dynamic:1.5,True,True,highs
equal_share,4,59.01897823702035,177.05693471106102,118.03795647404067,10,226,0.9987471404929406,0.0025981998769566417,0.009021527350543894,-0.32725230361310054,6,0.5,dynamic_1_5_p6_h1_3_6_12_s0_50,dynamic:1.5,True,True,highs
equal_share,5,49.79024380503648,149.37073141510947,99.58048761007299,12,239,0.7690415232881626,0.0025867999356705695,0.008981944221078366,-9.555986735596967,6,0.5,dynamic_1_5_p6_h1_3_6_12_s0_50,dynamic:1.5,True,True,highs
equal_share,6,52.13103312820249,156.3930993846075,104.262066256405,7,269,0.9976550014975332,0.0026242004823870957,0.009111807230510749,-7.21519741243096,6,0.5,dynamic_1_5_p6_h1_3_6_12_s0_50,dynamic:1.5,True,True,highs
equal_share,7,40.331081216617534,120.99324364985259,80.66216243323505,13,211,0.9959546693427163,0.002666199899977073,0.009257638541587059,-19.015149324015916,6,0.5,dynamic_1_5_p6_h1_3_6_12_s0_50,dynamic:1.5,True,True,highs
equal_share,8,39.40365207006822,118.21095621020464,78.80730414013642,7,236,0.9977752631242811,0.002876300161005929,0.009987153336826142,-19.94257847056523,6,0.5,dynamic_1_5_p6_h1_3_6_12_s0_50,dynamic:1.5,True,True,highs
equal_share,9,46.49628295262366,139.48884885787098,92.99256590524732,10,254,0.739651377926017,0.0030554999539162964,0.01060937483998714,-12.84994758800979,6,0.5,dynamic_1_5_p6_h1_3_6_12_s0_50,dynamic:1.5,True,True,highs
equal_share,10,65.14632948343967,195.438988450319,130.29265896687932,11,224,0.8862843457655408,0.002818799839587882,0.00978749944301348,5.800098942806223,6,0.5,dynamic_1_5_p6_h1_3_6_12_s0_50,dynamic:1.5,True,True,highs
equal_share,11,40.65131654754887,121.9539496426466,81.30263309509773,8,204,0.8482198862917391,0.002657199773238972,0.009226388101524208,-18.694913993084576,6,0.5,dynamic_1_5_p6_h1_3_6_12_s0_50,dynamic:1.5,True,True,highs
equal_share,12,57.95909928125755,173.87729784377265,115.9181985625151,13,234,0.6900016633149197,0.0026061001408379525,0.009048958822354002,-1.3871312593758987,6,0.5,dynamic_1_5_p6_h1_3_6_12_s0_50,dynamic:1.5,True,True,highs
equal_share,13,51.55318657238276,154.65955971714823,103.10637314476547,7,218,0.7746339537571107,0.002565099624916911,0.008906595919850387,-7.793043968250693,6,0.5,dynamic_1_5_p6_h1_3_6_12_s0_50,dynamic:1.5,True,True,highs
equal_share,14,51.53739419007516,154.61218257022549,103.07478838015032,8,245,0.9960358201351717,0.002582600020105019,0.008967361180920206,-7.808836350558288,6,0.5,dynamic_1_5_p6_h1_3_6_12_s0_50,dynamic:1.5,True,True,highs
equal_share,15,42.91596136139539,128.74788408418615,85.83192272279076,12,215,0.9974210907204676,0.002709200110984966,0.00940694482980891,-16.43026917923806,6,0.5,dynamic_1_5_p6_h1_3_6_12_s0_50,dynamic:1.5,True,True,highs
equal_share,16,59.045984327956205,177.13795298386862,118.09196865591241,7,225,0.994970310595731,0.002597700135083869,0.00901979213570788,-0.3002462126772443,6,0.5,dynamic_1_5_p6_h1_3_6_12_s0_50,dynamic:1.5,True,True,highs
equal_share,17,63.2170785019684,189.65123550590522,126.43415700393682,12,226,0.8228910161038611,0.0027764000406023115,0.009640277918758025,3.8708479613349525,6,0.5,dynamic_1_5_p6_h1_3_6_12_s0_50,dynamic:1.5,True,True,highs
equal_share,18,39.06371669568654,117.19115008705961,78.12743339137307,12,228,0.845536380299853,0.0027891002828255296,0.009684375982033089,-20.282513844946912,6,0.5,dynamic_1_5_p6_h1_3_6_12_s0_50,dynamic:1.5,True,True,highs
equal_share,19,49.18411578049502,147.55234734148505,98.36823156099003,6,198,0.8153409974039363,0.0025554001331329346,0.0088729171289338,-10.16211476013843,6,0.5,dynamic_1_5_p6_h1_3_6_12_s0_50,dynamic:1.5,True,True,highs
equal_share,20,36.09615657244535,108.28846971733603,72.19231314489068,11,234,0.9952034866122155,0.0028191999590490013,0.009788888746697921,-23.250073968188097,6,0.5,dynamic_1_5_p6_h1_3_6_12_s0_50,dynamic:1.5,True,True,highs
equal_share,21,67.48209605274047,202.44628815822145,134.96419210548098,18,224,0.8889465788742507,0.0025700001569930464,0.008923611656225856,8.135865512107024,6,0.5,dynamic_1_5_p6_h1_3_6_12_s0_50,dynamic:1.5,True,True,highs
equal_share,22,28.778067976255258,86.33420392876576,57.5561359525105,4,242,0.9964314575369636,0.0026563999708741903,0.009223611009979827,-30.56816256437819,6,0.5,dynamic_1_5_p6_h1_3_6_12_s0_50,dynamic:1.5,True,True,highs
equal_share,23,42.26500091869957,126.79500275609873,84.53000183739915,8,239,0.6066415557757773,0.0026529002643655986,0.00921145925126944,-17.08122962193388,6,0.5,dynamic_1_5_p6_h1_3_6_12_s0_50,dynamic:1.5,True,True,highs
equal_share,24,33.2787635253479,99.8362905760437,66.5575270506958,5,238,0.9761270538831909,0.0025859004526864737,0.008978821016272478,-26.06746701528555,6,0.5,dynamic_1_5_p6_h1_3_6_12_s0_50,dynamic:1.5,True,True,highs
equal_share,25,64.52597373693456,193.57792121080368,129.05194747386912,7,241,0.9961502971453604,0.0026231003284920007,0.009107987251708336,5.179743196301111,6,0.5,dynamic_1_5_p6_h1_3_6_12_s0_50,dynamic:1.5,True,True,highs
equal_share,26,47.03084051860786,141.0925215558236,94.06168103721573,7,209,0.9964267730928892,0.002623600244987756,0.009109723072874153,-12.31539002202559,6,0.5,dynamic_1_5_p6_h1_3_6_12_s0_50,dynamic:1.5,True,True,highs
equal_share,27,28.102816404991266,84.3084492149738,56.20563280998254,6,256,0.9966687661732805,0.0027062999724876136,0.00939687490447088,-31.243414135642183,6,0.5,dynamic_1_5_p6_h1_3_6_12_s0_50,dynamic:1.5,True,True,highs
equal_share,28,46.05084700710405,138.15254102131215,92.10169401420809,6,251,0.9686502761292071,0.0026883002719841897,0.009334375944389548,-13.295383533529396,6,0.5,dynamic_1_5_p6_h1_3_6_12_s0_50,dynamic:1.5,True,True,highs
equal_share,29,38.395625220372594,115.18687566111777,76.79125044074517,4,240,0.9976243307077874,0.0026941001415252686,0.009354514380296072,-20.950605320260856,6,0.5,dynamic_1_5_p6_h1_3_6_12_s0_50,dynamic:1.5,True,True,highs
max_charge,0,57.85759223302205,173.57277669906614,115.7151844660441,14,216,0.8031627756527048,0.0011084000288974494,0.003848611211449477,-1.488638307611403,6,0.5,dynamic_1_5_p6_h1_3_6_12_s0_50,dynamic:1.5,True,True,highs
max_charge,1,55.98813422620296,167.96440267860888,111.97626845240592,16,213,0.9748668915246601,0.0010856998560484499,0.0037697911668348955,-3.3580963144304903,6,0.5,dynamic_1_5_p6_h1_3_6_12_s0_50,dynamic:1.5,True,True,highs
max_charge,2,54.368575750788025,163.10572725236412,108.7371515015761,14,225,0.9977283505365762,0.001079399895388633,0.0037479163034327533,-4.977654789845424,6,0.5,dynamic_1_5_p6_h1_3_6_12_s0_50,dynamic:1.5,True,True,highs
max_charge,3,57.45765034953753,172.37295104861258,114.91530069907505,17,213,0.861929493478579,0.0010821002069860697,0.0037572923853682974,-1.8885801910959188,6,0.5,dynamic_1_5_p6_h1_3_6_12_s0_50,dynamic:1.5,True,True,highs
max_charge,4,61.57924503833054,184.73773511499164,123.1584900766611,12,224,0.9987471404929406,0.001052900159265846,0.0036559033307841876,2.2330144976970914,6,0.5,dynamic_1_5_p6_h1_3_6_12_s0_50,dynamic:1.5,True,True,highs
max_charge,5,53.74382212410369,161.23146637231108,107.48764424820739,14,238,0.8451232237825478,0.001074600120773539,0.003731250419352566,-5.602408416529762,6,0.5,dynamic_1_5_p6_h1_3_6_12_s0_50,dynamic:1.5,True,True,highs
max_charge,6,59.58598039795953,178.75794119387862,119.17196079591909,10,266,0.998044610654277,0.0010857998568098992,0.003770138391701039,0.2397498573260819,6,0.5,dynamic_1_5_p6_h1_3_6_12_s0_50,dynamic:1.5,True,True,highs
max_charge,7,44.22683266550301,132.68049799650905,88.45366533100604,15,209,0.9959546693427163,0.001084199990145862,0.003764583299117577,-15.119397875130439,6,0.5,dynamic_1_5_p6_h1_3_6_12_s0_50,dynamic:1.5,True,True,highs
max_charge,8,52.86665752232072,158.5999725669622,105.73331504464149,11,232,0.9985014376069694,0.0010799002484418452,0.0037496536404230734,-6.479573018312728,6,0.5,dynamic_1_5_p6_h1_3_6_12_s0_50,dynamic:1.5,True,True,highs
max_charge,9,67.20686826755602,201.62060480266805,134.41373653511204,18,246,0.8633118556949667,0.0010971000010613352,0.0038093750036851917,7.860637726922569,6,0.5,dynamic_1_5_p6_h1_3_6_12_s0_50,dynamic:1.5,True,True,highs
max_charge,10,75.31820945541065,225.9546283662319,150.63641891082125,17,218,0.9288146802794287,0.0010693999356590211,0.003713194221038268,15.971978914777203,6,0.5,dynamic_1_5_p6_h1_3_6_12_s0_50,dynamic:1.5,True,True,highs
max_charge,11,58.29772373239197,174.89317119717595,116.59544746478397,17,196,0.9092728166762496,0.0010972000018227845,0.003809722228551335,-1.048506808241477,6,0.5,dynamic_1_5_p6_h1_3_6_12_s0_50,dynamic:1.5,True,True,highs
max_charge,12,58.12793797552585,174.38381392657755,116.25587595105169,13,234,0.6900016633149197,0.001056000095559284,0.0036666669984697364,-1.2182925651075962,6,0.5,dynamic_1_5_p6_h1_3_6_12_s0_50,dynamic:1.5,True,True,highs
max_charge,13,57.369444299737594,172.1083328992128,114.7388885994752,9,216,0.819668653301985,0.0011200000008102506,0.003888888891702259,-1.976786240895855,6,0.5,dynamic_1_5_p6_h1_3_6_12_s0_50,dynamic:1.5,True,True,highs
max_charge,14,59.96068991720675,179.88206975162026,119.92137983441351,13,240,0.9980093232251362,0.0010502001096028835,0.0036465281583433454,0.6144593765733006,6,0.5,dynamic_1_5_p6_h1_3_6_12_s0_50,dynamic:1.5,True,True,highs
max_charge,15,54.92058029025792,164.76174087077376,109.84116058051585,15,212,0.9974210907204676,0.0010892999998759478,0.00378229166623593,-4.425650250375533,6,0.5,dynamic_1_5_p6_h1_3_6_12_s0_50,dynamic:1.5,True,True,highs
max_charge,16,60.5262932444612,181.57887973338362,121.05258648892242,9,223,0.9971502486141006,0.0010427999950479716,0.0036208333161387904,1.1800627038277511,6,0.5,dynamic_1_5_p6_h1_3_6_12_s0_50,dynamic:1.5,True,True,highs
max_charge,17,66.9891772607962,200.96753178238865,133.97835452159245,14,225,0.8665851546199221,0.0010750997753348202,0.003732985331023681,7.6429467201627475,6,0.5,dynamic_1_5_p6_h1_3_6_12_s0_50,dynamic:1.5,True,True,highs
max_charge,18,39.18033680394291,117.54101041182874,78.36067360788583,12,228,0.845536380299853,0.001116199913667515,0.003875694144678871,-20.165893736690542,6,0.5,dynamic_1_5_p6_h1_3_6_12_s0_50,dynamic:1.5,True,True,highs
max_charge,19,59.49431341886519,178.48294025659558,118.9886268377304,11,193,0.8836988082288583,0.0012161998020019382,0.004222915979173397,0.14808287823174027,6,0.5,dynamic_1_5_p6_h1_3_6_12_s0_50,dynamic:1.5,True,True,highs
max_charge,20,44.4420983083546,133.32629492506382,88.88419661670922,14,231,0.9961305717861324,0.0010620998800732195,0.0036878468058097903,-14.904132232278847,6,0.5,dynamic_1_5_p6_h1_3_6_12_s0_50,dynamic:1.5,True,True,highs
max_charge,21,68.16215191036463,204.48645573109386,136.32430382072923,19,223,0.9011545658274918,0.0010657000239007175,0.0037003473052108246,8.815921369731178,6,0.5,dynamic_1_5_p6_h1_3_6_12_s0_50,dynamic:1.5,True,True,highs
max_charge,22,45.63019455224274,136.89058365672824,91.2603891044855,11,235,0.9979178602813771,0.0010866000957321376,0.003772916999069922,-13.716035988390708,6,0.5,dynamic_1_5_p6_h1_3_6_12_s0_50,dynamic:1.5,True,True,highs
max_charge,23,54.53660233318804,163.60980699956414,109.0732046663761,13,234,0.8422442516551195,0.0011140999558847398,0.0038684026245997907,-4.809628207445407,6,0.5,dynamic_1_5_p6_h1_3_6_12_s0_50,dynamic:1.5,True,True,highs
max_charge,24,58.40083551406859,175.20250654220578,116.80167102813719,18,226,0.9934613079713733,0.0012042000598739833,0.004181250207895775,-0.9453950265648601,6,0.5,dynamic_1_5_p6_h1_3_6_12_s0_50,dynamic:1.5,True,True,highs
max_charge,25,80.61243888139722,241.8373166441917,161.22487776279448,11,237,0.9968676738785159,0.0011528998438734561,0.004003124457893945,21.266208340763775,6,0.5,dynamic_1_5_p6_h1_3_6_12_s0_50,dynamic:1.5,True,True,highs
max_charge,26,59.84327361434697,179.5298208430409,119.68654722869394,12,204,0.9974741477045284,0.0010560998925939202,0.003667013515951112,0.4970430737135203,6,0.5,dynamic_1_5_p6_h1_3_6_12_s0_50,dynamic:1.5,True,True,highs
max_charge,27,38.35129593809445,115.05388781428336,76.7025918761889,13,249,0.9978128116636528,0.001106599869672209,0.003842360658584059,-20.994934602538997,6,0.5,dynamic_1_5_p6_h1_3_6_12_s0_50,dynamic:1.5,True,True,highs
max_charge,28,66.94221500506,200.82664501518008,133.88443001012007,13,244,0.9818717870915108,0.0011521999258548021,0.004000694186995841,7.595984464426557,6,0.5,dynamic_1_5_p6_h1_3_6_12_s0_50,dynamic:1.5,True,True,highs
max_charge,29,61.23791326880455,183.71373980641363,122.47582653760908,11,233,0.9489817892211596,0.0010960001091007143,0.0038055559343774803,1.891682728171098,6,0.5,dynamic_1_5_p6_h1_3_6_12_s0_50,dynamic:1.5,True,True,highs
random,0,57.269371715610035,171.80811514683012,114.53874343122008,10,220,0.7195534258167506,0.010654799902113155,0.036995832993448455,-2.0768588250234146,6,0.5,dynamic_1_5_p6_h1_3_6_12_s0_50,dynamic:1.5,True,True,highs
random,1,55.54293160901436,166.62879482704307,111.0858632180287,12,217,0.9353700841463725,0.010608899756334722,0.03683645748727334,-3.8032989316190893,6,0.5,dynamic_1_5_p6_h1_3_6_12_s0_50,dynamic:1.5,True,True,highs
random,2,53.93249591605769,161.7974877481731,107.86499183211541,11,227,0.997444951445749,0.010253199929138646,0.03560138864284252,-5.41373462457576,6,0.5,dynamic_1_5_p6_h1_3_6_12_s0_50,dynamic:1.5,True,True,highs
random,3,57.120892712167716,171.36267813650315,114.24178542433543,11,219,0.8813762542383707,0.010430499562062323,0.036217012368271954,-2.225337828465733,6,0.5,dynamic_1_5_p6_h1_3_6_12_s0_50,dynamic:1.5,True,True,highs
random,4,61.227225344070305,183.6816760322109,122.4544506881406,8,228,0.9971927021805317,0.010884900140808895,0.03779479215558644,1.880994803436856,6,0.5,dynamic_1_5_p6_h1_3_6_12_s0_50,dynamic:1.5,True,True,highs
random,5,53.533872744307516,160.60161823292253,107.06774548861502,14,237,0.7692297897616539,0.01075459981802851,0.03734236047926566,-5.812357796325934,6,0.5,dynamic_1_5_p6_h1_3_6_12_s0_50,dynamic:1.5,True,True,highs
random,6,58.86550825537982,176.5965247661395,117.73101651075969,11,265,0.9976146578683559,0.01033129999996163,0.03587256944431121,-0.48072228525362704,6,0.5,dynamic_1_5_p6_h1_3_6_12_s0_50,dynamic:1.5,True,True,highs
random,7,44.003861882300384,132.01158564690115,88.00772376460077,11,213,0.997691281663578,0.010413700045319274,0.03615868071291414,-15.342368658333065,6,0.5,dynamic_1_5_p6_h1_3_6_12_s0_50,dynamic:1.5,True,True,highs
random,8,52.27016609906116,156.81049829718344,104.54033219812229,13,230,0.9983982847079726,0.010416099714348093,0.03616701289704199,-7.076064441572292,6,0.5,dynamic_1_5_p6_h1_3_6_12_s0_50,dynamic:1.5,True,True,highs
random,9,67.12161152274692,201.36483456824072,134.2432230454938,15,249,0.7840726042112148,0.010256500128889456,0.03561284766975506,7.775380982113468,6,0.5,dynamic_1_5_p6_h1_3_6_12_s0_50,dynamic:1.5,True,True,highs
random,10,74.66580127674246,223.9974038302274,149.33160255348494,14,221,0.90444167390974,0.010633599711582065,0.03692222122077106,15.319570736109007,6,0.5,dynamic_1_5_p6_h1_3_6_12_s0_50,dynamic:1.5,True,True,highs
random,11,57.82281307762872,173.46843923288617,115.64562615525745,14,197,0.8116708199849415,0.010618099913699552,0.036868402478123445,-1.5234174630047264,6,0.5,dynamic_1_5_p6_h1_3_6_12_s0_50,dynamic:1.5,True,True,highs
random,12,57.70689913806619,173.12069741419856,115.41379827613237,12,235,0.6104585998414301,0.010245900106383488,0.03557604203605377,-1.639331402567258,6,0.5,dynamic_1_5_p6_h1_3_6_12_s0_50,dynamic:1.5,True,True,highs
random,13,56.87507936735719,170.62523810207153,113.75015873471435,8,217,0.6994050836094448,0.010168699809582904,0.03530798544994064,-2.4711511732762617,6,0.5,dynamic_1_5_p6_h1_3_6_12_s0_50,dynamic:1.5,True,True,highs
random,14,59.4744282867013,178.42328486010388,118.94885657340258,11,242,0.7747283392565532,0.010273699997924268,0.03567256943723704,0.12819774606784762,6,0.5,dynamic_1_5_p6_h1_3_6_12_s0_50,dynamic:1.5,True,True,highs
random,15,54.69185902209992,164.07557706629973,109.38371804419981,11,216,0.9985317545699519,0.010486399900401011,0.036411110765281286,-4.65437151853353,6,0.5,dynamic_1_5_p6_h1_3_6_12_s0_50,dynamic:1.5,True,True,highs
random,16,60.21404596243241,180.64213788729722,120.42809192486482,9,223,0.9993106985021564,0.010309199889888987,0.03579583295100343,0.8678154217989587,6,0.5,dynamic_1_5_p6_h1_3_6_12_s0_50,dynamic:1.5,True,True,highs
random,17,66.43450147370572,199.3035044211171,132.8690029474114,15,223,0.6352427710094667,0.01026099969749339,0.03562847117185205,7.088270933072273,6,0.5,dynamic_1_5_p6_h1_3_6_12_s0_50,dynamic:1.5,True,True,highs
random,18,38.864187634229964,116.59256290268988,77.72837526845991,13,227,0.964192576273457,0.010319300083210692,0.03583090306670379,-20.482042906403485,6,0.5,dynamic_1_5_p6_h1_3_6_12_s0_50,dynamic:1.5,True,True,highs
random,19,58.98804302647552,176.9641290794266,117.97608605295109,9,195,0.8130835751135248,0.010590200254227966,0.03677152866051377,-0.35818751415792605,6,0.5,dynamic_1_5_p6_h1_3_6_12_s0_50,dynamic:1.5,True,True,highs
random,20,44.09628352198527,132.2888505659558,88.19256704397054,11,234,0.8467216366900566,0.010444999759783968,0.03626736027702767,-15.249947018648179,6,0.5,dynamic_1_5_p6_h1_3_6_12_s0_50,dynamic:1.5,True,True,highs
random,21,67.89612480957757,203.6883744287327,135.79224961915511,11,231,0.8700506378894591,0.010485599719686434,0.03640833236002234,8.549894268944122,6,0.5,dynamic_1_5_p6_h1_3_6_12_s0_50,dynamic:1.5,True,True,highs
random,22,45.4779181945497,136.4337545836491,90.95583638909939,12,234,0.997268064835335,0.010297500033630058,0.03575520845010437,-13.868312346083748,6,0.5,dynamic_1_5_p6_h1_3_6_12_s0_50,dynamic:1.5,True,True,highs
random,23,54.29139160369965,162.87417481109892,108.58278320739927,10,237,0.8661620142933799,0.010199700016528368,0.03541562505739017,-5.054838936933798,6,0.5,dynamic_1_5_p6_h1_3_6_12_s0_50,dynamic:1.5,True,True,highs
random,24,57.976013615005655,173.928040845017,115.95202723001134,9,234,0.9988694590516581,0.010483199584996328,0.036399998559015025,-1.370216925627794,6,0.5,dynamic_1_5_p6_h1_3_6_12_s0_50,dynamic:1.5,True,True,highs
random,25,80.10311331816436,240.3093399544931,160.20622663632875,8,240,0.0,0.010322199843358248,0.035840971678327255,20.75688277753091,6,0.5,dynamic_1_5_p6_h1_3_6_12_s0_50,dynamic:1.5,True,True,highs
random,26,59.41670404351774,178.25011213055322,118.83340808703548,15,201,0.897848349117187,0.010271400213241577,0.03566458407375547,0.07047350288429044,6,0.5,dynamic_1_5_p6_h1_3_6_12_s0_50,dynamic:1.5,True,True,highs
random,27,38.203209120426905,114.60962736128072,76.40641824085381,12,250,0.9950947998807281,0.010239800089038908,0.03555486142027399,-21.143021420206544,6,0.5,dynamic_1_5_p6_h1_3_6_12_s0_50,dynamic:1.5,True,True,highs
random,28,66.42910258494456,199.28730775483362,132.85820516988906,9,248,0.9651789170567289,0.010339500149711967,0.035901042186499886,7.0828720443111095,6,0.5,dynamic_1_5_p6_h1_3_6_12_s0_50,dynamic:1.5,True,True,highs
random,29,60.929432554101155,182.78829766230348,121.85886510820232,10,234,0.9950339046153468,0.010350999684305862,0.03594097112606202,1.5832020134677052,6,0.5,dynamic_1_5_p6_h1_3_6_12_s0_50,dynamic:1.5,True,True,highs
milp_h1,0,116.32538373338153,345.2873042397476,228.96192050636606,13,211,0.8504470901352398,6.473226599860936,22.47648124951714,-0.19524461930532766,12,0.5,dynamic_1_5_p12_h1_3_6_12_s0_50,dynamic:1.5,True,True,highs
milp_h1,1,113.01883856377782,335.3362081202048,222.31736955642697,17,206,0.9871764552712147,5.9674083999416325,20.72016805535289,-3.5017897889090364,12,0.5,dynamic_1_5_p12_h1_3_6_12_s0_50,dynamic:1.5,True,True,highs
milp_h1,2,109.19420310508039,324.1543021775049,214.96009907242453,13,219,0.8908384703570064,6.323298799892655,21.955898610738384,-7.3264252476064655,12,0.5,dynamic_1_5_p12_h1_3_6_12_s0_50,dynamic:1.5,True,True,highs
milp_h1,3,115.98025972911717,344.3464311378101,228.36617140869294,17,207,0.9191334183437223,5.770724099769723,20.03723645753376,-0.540368623569691,12,0.5,dynamic_1_5_p12_h1_3_6_12_s0_50,dynamic:1.5,True,True,highs
milp_h1,4,124.13388673858552,368.70958358741507,244.57569684882955,16,215,0.8938537190712341,6.041096399887465,20.97602916627592,7.613258385898661,12,0.5,dynamic_1_5_p12_h1_3_6_12_s0_50,dynamic:1.5,True,True,highs
milp_h1,5,108.66398983332027,322.312965714261,213.64897588094072,15,230,0.6742418763179646,6.225059200020041,21.614788888958476,-7.856638519366584,12,0.5,dynamic_1_5_p12_h1_3_6_12_s0_50,dynamic:1.5,True,True,highs
milp_h1,6,119.0815570530552,353.58687959100666,234.50532253795146,13,257,0.9985411521682309,5.756307000061497,19.987177083546865,2.5609287003683505,12,0.5,dynamic_1_5_p12_h1_3_6_12_s0_50,dynamic:1.5,True,True,highs
milp_h1,7,89.61833467643513,265.53318301499934,175.9148483385642,21,197,0.8850022338934475,5.9097639998362865,20.520013888320438,-26.90229367625173,12,0.5,dynamic_1_5_p12_h1_3_6_12_s0_50,dynamic:1.5,True,True,highs
milp_h1,8,106.29667729846668,315.14933097143995,208.85265367297328,7,230,0.10593232129409828,4.920824999921024,17.086197916392443,-10.22395105422018,12,0.5,dynamic_1_5_p12_h1_3_6_12_s0_50,dynamic:1.5,True,True,highs
milp_h1,9,135.7963768650954,403.5404698858524,267.744093020757,14,244,0.4760025468639671,5.980153999902541,20.76442361077271,19.27574851240854,12,0.5,dynamic_1_5_p12_h1_3_6_12_s0_50,dynamic:1.5,True,True,highs
milp_h1,10,151.35667260888965,449.84203045769283,298.4853578488032,10,219,0.996970315224544,4.918602899706457,17.07848229064742,34.8360442562028,12,0.5,dynamic_1_5_p12_h1_3_6_12_s0_50,dynamic:1.5,True,True,highs
milp_h1,11,116.69169861446005,346.17376079565463,229.48206218119458,11,194,0.8200502703938202,4.836004099750426,16.7916809019112,0.1710702617731954,12,0.5,dynamic_1_5_p12_h1_3_6_12_s0_50,dynamic:1.5,True,True,highs
milp_h1,12,116.76583125190416,347.07007803889985,230.3042467869957,15,226,0.869166786489391,5.502803199953632,19.106955555394556,0.2452028992173041,12,0.5,dynamic_1_5_p12_h1_3_6_12_s0_50,dynamic:1.5,True,True,highs
milp_h1,13,115.77888406639605,343.6255285811951,227.84664451479907,9,210,0.759077759061659,5.76296179991914,20.01028402749701,-0.7417442862908104,12,0.5,dynamic_1_5_p12_h1_3_6_12_s0_50,dynamic:1.5,True,True,highs
milp_h1,14,120.9586853845239,359.1745250983357,238.21583971381182,13,234,0.9862633201216312,6.43542709981557,22.34523298547073,4.438057031837047,12,0.5,dynamic_1_5_p12_h1_3_6_12_s0_50,dynamic:1.5,True,True,highs
milp_h1,15,111.06781110632619,330.3966682674308,219.32885716110462,12,209,0.6800280513029345,6.257415000145556,21.72713541717207,-5.452817246360667,12,0.5,dynamic_1_5_p12_h1_3_6_12_s0_50,dynamic:1.5,True,True,highs
milp_h1,16,122.36112817617223,363.4409851361509,241.07985695997868,16,210,0.846450320972166,5.323454799945466,18.484218055366203,5.8404998234853736,12,0.5,dynamic_1_5_p12_h1_3_6_12_s0_50,dynamic:1.5,True,True,highs
milp_h1,17,134.0420600841993,398.4350655352459,264.3930054510466,14,218,0.8646093993147915,5.06839689987828,17.598600346799586,17.52143173151245,12,0.5,dynamic_1_5_p12_h1_3_6_12_s0_50,dynamic:1.5,True,True,highs
milp_h1,18,78.88854279465272,234.32902404017042,155.4404812455177,10,224,0.9982777940515032,4.771533100254601,16.56782326477292,-37.632085558034134,12,0.5,dynamic_1_5_p12_h1_3_6_12_s0_50,dynamic:1.5,True,True,highs
milp_h1,19,119.55144277729858,354.85492142059667,235.3034786432981,12,186,0.8921855912244564,5.350022500148043,18.576467014402926,3.0308144246117195,12,0.5,dynamic_1_5_p12_h1_3_6_12_s0_50,dynamic:1.5,True,True,highs
milp_h1,20,89.70654484542194,266.0213747810521,176.31482993563014,11,228,0.9979248241302052,5.622205099760322,19.521545485278896,-26.81408350726491,12,0.5,dynamic_1_5_p12_h1_3_6_12_s0_50,dynamic:1.5,True,True,highs
milp_h1,21,137.93059386606416,409.6743385344286,271.74374466836446,12,224,0.700018625115291,6.061065399931977,21.04536597198603,21.4099655133773,12,0.5,dynamic_1_5_p12_h1_3_6_12_s0_50,dynamic:1.5,True,True,highs
milp_h1,22,91.40337070554074,270.59629003697205,179.1929193314313,19,227,0.9272628401970384,5.3731500996800605,18.656771179444654,-25.11725764714612,12,0.5,dynamic_1_5_p12_h1_3_6_12_s0_50,dynamic:1.5,True,True,highs
milp_h1,23,110.463241520244,327.67373290331966,217.21049138307566,12,229,0.7851344905167491,5.53616510037682,19.222795487419514,-6.057386832442859,12,0.5,dynamic_1_5_p12_h1_3_6_12_s0_50,dynamic:1.5,True,True,highs
milp_h1,24,117.52961540019137,348.9033761236709,231.37376072347953,9,229,0.9981217664132109,5.5020113999489695,19.10420624982281,1.0089870475045188,12,0.5,dynamic_1_5_p12_h1_3_6_12_s0_50,dynamic:1.5,True,True,highs
milp_h1,25,162.56150762478785,483.09677503931795,320.5352674145301,11,231,0.9979304715648681,5.839899700076785,20.277429514155504,46.040879272100995,12,0.5,dynamic_1_5_p12_h1_3_6_12_s0_50,dynamic:1.5,True,True,highs
milp_h1,26,120.55832295564929,358.10843760951474,237.55011465386545,11,199,0.8309007701011636,5.2024061997944955,18.06391041595311,4.037694602962432,12,0.5,dynamic_1_5_p12_h1_3_6_12_s0_50,dynamic:1.5,True,True,highs
milp_h1,27,77.7180018861406,230.7905336359454,153.0725317498048,14,242,0.9986604495407129,5.478817400056869,19.02367152797524,-38.80262646654626,12,0.5,dynamic_1_5_p12_h1_3_6_12_s0_50,dynamic:1.5,True,True,highs
milp_h1,28,134.42474984312554,399.2213331371833,264.79658329405777,11,240,0.9983308613164747,5.646309699921403,19.60524201361598,17.904121490438683,12,0.5,dynamic_1_5_p12_h1_3_6_12_s0_50,dynamic:1.5,True,True,highs
milp_h1,29,123.48935669331695,366.7531777945056,243.26382110118863,22,219,0.9555241227517586,6.12257490036427,21.258940626264828,6.9687283406300935,12,0.5,dynamic_1_5_p12_h1_3_6_12_s0_50,dynamic:1.5,True,True,highs
milp_h3,0,116.41416661895843,345.4853914283062,229.07122480934774,12,212,0.8520409896673485,14.741231800289825,51.18483263989523,-0.10646173372842327,12,0.5,dynamic_1_5_p12_h1_3_6_12_s0_50,dynamic:1.5,True,True,highs
milp_h3,1,113.01883856377782,335.3362081202048,222.31736955642697,12,211,0.877455057951377,21.31248119979864,74.00167083263416,-3.5017897889090364,12,0.5,dynamic_1_5_p12_h1_3_6_12_s0_50,dynamic:1.5,True,True,highs
milp_h3,2,109.1941774162635,324.15427677124904,214.96009935498554,13,220,0.9192867349718068,18.19497510016663,63.176996875578574,-7.326450936423356,12,0.5,dynamic_1_5_p12_h1_3_6_12_s0_50,dynamic:1.5,True,True,highs
milp_h3,3,115.98025972911722,344.34643113781016,228.36617140869294,16,208,0.8161492144455655,15.33238750018063,53.23745659784941,-0.5403686235696341,12,0.5,dynamic_1_5_p12_h1_3_6_12_s0_50,dynamic:1.5,True,True,highs
milp_h3,4,124.14984079630881,368.7437711520563,244.5939303557475,11,219,0.9589878018924946,17.136791399825597,59.502747916061104,7.629212443621952,12,0.5,dynamic_1_5_p12_h1_3_6_12_s0_50,dynamic:1.5,True,True,highs
milp_h3,5,108.66398983332027,322.312965714261,213.64897588094072,19,226,0.7831836280376734,15.992394299799344,55.52914687430328,-7.856638519366584,12,0.5,dynamic_1_5_p12_h1_3_6_12_s0_50,dynamic:1.5,True,True,highs
milp_h3,6,119.08152890942023,353.5868520072548,234.50532309783455,11,259,0.9984930936407043,14.53815260034753,50.479696528984476,2.5609005567333725,12,0.5,dynamic_1_5_p12_h1_3_6_12_s0_50,dynamic:1.5,True,True,highs
milp_h3,7,89.61833467643513,265.53318301499934,175.9148483385642,11,207,0.7275918925080025,16.541034700203454,57.43414826459533,-26.90229367625173,12,0.5,dynamic_1_5_p12_h1_3_6_12_s0_50,dynamic:1.5,True,True,highs
milp_h3,8,106.37285515696715,315.3363491369695,208.96349398000234,16,221,0.8525592194720866,13.429302000062307,46.62952083354968,-10.147773195719708,12,0.5,dynamic_1_5_p12_h1_3_6_12_s0_50,dynamic:1.5,True,True,highs
milp_h3,9,135.79637686509545,403.5404698858524,267.74409302075696,14,244,0.7542280408633689,14.476262600132031,50.26480069490289,19.275748512408597,12,0.5,dynamic_1_5_p12_h1_3_6_12_s0_50,dynamic:1.5,True,True,highs
milp_h3,10,151.43493695247116,450.076895148221,298.64195819574985,12,217,0.8017202761175929,14.029160700010834,48.712363541704285,34.914308599784306,12,0.5,dynamic_1_5_p12_h1_3_6_12_s0_50,dynamic:1.5,True,True,highs
milp_h3,11,116.69167097441596,346.1737336149637,229.48206264054772,9,196,0.8204689857466464,14.697565500158817,51.033213542218114,0.17104262172910012,12,0.5,dynamic_1_5_p12_h1_3_6_12_s0_50,dynamic:1.5,True,True,highs
milp_h3,12,116.8315510484129,347.2314301001912,230.39987905177827,13,228,0.8606696405724376,14.791098000045167,51.3579791668235,0.3109226957260489,12,0.5,dynamic_1_5_p12_h1_3_6_12_s0_50,dynamic:1.5,True,True,highs
milp_h3,13,115.77888406639605,343.6255285811951,227.84664451479907,11,208,0.6782965871357943,13.40343970010872,46.53972118093306,-0.7417442862908104,12,0.5,dynamic_1_5_p12_h1_3_6_12_s0_50,dynamic:1.5,True,True,highs
milp_h3,14,120.95868538452396,359.1745250983358,238.21583971381182,11,236,0.9979831117584046,13.734084599622292,47.68779374868851,4.438057031837104,12,0.5,dynamic_1_5_p12_h1_3_6_12_s0_50,dynamic:1.5,True,True,highs
milp_h3,15,111.06781110632616,330.3966682674308,219.32885716110465,15,206,0.7588522561968513,14.881079800165026,51.670415972795226,-5.452817246360695,12,0.5,dynamic_1_5_p12_h1_3_6_12_s0_50,dynamic:1.5,True,True,highs
milp_h3,16,122.36112817617223,363.4409851361509,241.07985695997868,14,212,0.66825447759613,13.332579200068722,46.293677778016395,5.8404998234853736,12,0.5,dynamic_1_5_p12_h1_3_6_12_s0_50,dynamic:1.5,True,True,highs
milp_h3,17,134.0420282629599,398.4350341486117,264.3930058856518,13,219,0.7835647560633195,15.377244199771667,53.393209026984955,17.521399910273033,12,0.5,dynamic_1_5_p12_h1_3_6_12_s0_50,dynamic:1.5,True,True,highs
milp_h3,18,78.93179684623419,234.45882317227776,155.52702632604357,11,223,0.9966329494335441,12.846838299912633,44.6070774302522,-37.588831506452664,12,0.5,dynamic_1_5_p12_h1_3_6_12_s0_50,dynamic:1.5,True,True,highs
milp_h3,19,119.62177705443526,355.06598101257305,235.4442039581378,10,188,0.8562676470557585,13.585939699754817,47.17340173525978,3.1011487017484,12,0.5,dynamic_1_5_p12_h1_3_6_12_s0_50,dynamic:1.5,True,True,highs
milp_h3,20,89.70654484542194,266.0213747810521,176.31482993563014,15,224,0.9359363178723047,12.215954499843065,42.416508680010644,-26.81408350726491,12,0.5,dynamic_1_5_p12_h1_3_6_12_s0_50,dynamic:1.5,True,True,highs
milp_h3,21,137.93059386606416,409.6743385344286,271.74374466836446,18,219,0.8937830989357165,10.653719900117721,36.99208298651987,21.4099655133773,12,0.5,dynamic_1_5_p12_h1_3_6_12_s0_50,dynamic:1.5,True,True,highs
milp_h3,22,92.58544016825729,274.1424984251218,181.5570582568645,14,226,0.8545389480168267,13.814233899844112,47.96608993001428,-23.935188184429563,12,0.5,dynamic_1_5_p12_h1_3_6_12_s0_50,dynamic:1.5,True,True,highs
milp_h3,23,110.46324152024405,327.6737329033197,217.21049138307566,15,226,0.7140724455487507,19.53115430017351,67.81650798671359,-6.057386832442802,12,0.5,dynamic_1_5_p12_h1_3_6_12_s0_50,dynamic:1.5,True,True,highs
milp_h3,24,117.61831691740991,349.1012817653449,231.48296484793497,9,228,0.9976875138953604,29.846250900562154,103.63281562695192,1.0976885647230574,12,0.5,dynamic_1_5_p12_h1_3_6_12_s0_50,dynamic:1.5,True,True,highs
milp_h3,25,162.6379742548216,483.24121161703147,320.6032373622099,11,231,0.9971591399210781,30.28215749989613,105.14638020797267,46.11734590213473,12,0.5,dynamic_1_5_p12_h1_3_6_12_s0_50,dynamic:1.5,True,True,highs
milp_h3,26,120.61776825004338,358.2207228623064,237.602954612263,15,195,0.7829590663697504,31.470761299598962,109.27347673471861,4.097139897356527,12,0.5,dynamic_1_5_p12_h1_3_6_12_s0_50,dynamic:1.5,True,True,highs
milp_h3,27,77.71800188614057,230.79053363594537,153.0725317498048,12,244,0.9921910010606112,31.170898799638962,108.2322874987464,-38.802626466546286,12,0.5,dynamic_1_5_p12_h1_3_6_12_s0_50,dynamic:1.5,True,True,highs
milp_h3,28,134.42471820175354,399.22130182985325,264.7965836280997,10,241,0.997018353663389,29.368601899885107,101.97431215237884,17.90408984906668,12,0.5,dynamic_1_5_p12_h1_3_6_12_s0_50,dynamic:1.5,True,True,highs
milp_h3,29,123.48935669331698,366.7531777945056,243.2638211011886,11,227,0.9983421028697005,29.04429859961965,100.84825902645713,6.968728340630122,12,0.5,dynamic_1_5_p12_h1_3_6_12_s0_50,dynamic:1.5,True,True,highs
milp_h6,0,116.45287853878591,345.5878639273191,229.1349853885332,12,212,0.8520409896673485,45.67849459973513,158.6058840268581,-0.06774981390094581,12,0.5,dynamic_1_5_p12_h1_3_6_12_s0_50,dynamic:1.5,True,True,highs
milp_h6,1,113.08770979865713,335.54287448776404,222.4551646891069,12,211,0.877455057951377,46.111666000128025,160.10995138933342,-3.432918554029726,12,0.5,dynamic_1_5_p12_h1_3_6_12_s0_50,dynamic:1.5,True,True,highs
milp_h6,2,109.19417729516593,324.15427677124904,214.96009947608312,12,220,0.8360718828691456,25.173210999986622,87.40698263884244,-7.326451057520927,12,0.5,dynamic_1_5_p12_h1_3_6_12_s0_50,dynamic:1.5,True,True,highs
milp_h6,3,116.04679772004744,344.5460992547446,228.49930153469717,16,208,0.8161492123290744,21.314515799778746,74.00873541589843,-0.4738306326394195,12,0.5,dynamic_1_5_p12_h1_3_6_12_s0_50,dynamic:1.5,True,True,highs
milp_h6,4,124.3025452973516,369.1882089381288,244.8856636407772,11,219,0.9657898640290442,21.478099599626148,74.57673472092412,7.781916944664744,12,0.5,dynamic_1_5_p12_h1_3_6_12_s0_50,dynamic:1.5,True,True,highs
milp_h6,5,108.8933947014126,322.9602500295099,214.0668553280973,19,226,0.7627548271076141,21.56830800010357,74.88995833369296,-7.627233651274253,12,0.5,dynamic_1_5_p12_h1_3_6_12_s0_50,dynamic:1.5,True,True,highs
milp_h6,6,119.08152878021642,353.5868520072548,234.50532322703836,11,259,0.9984930936407043,20.55234710033983,71.36231632062442,2.5609004275295604,12,0.5,dynamic_1_5_p12_h1_3_6_12_s0_50,dynamic:1.5,True,True,highs
milp_h6,7,89.73521813060773,265.8715295843014,176.13631145369368,16,202,0.8033012942443187,22.181248700100696,77.01822465312742,-26.785410222079122,12,0.5,dynamic_1_5_p12_h1_3_6_12_s0_50,dynamic:1.5,True,True,highs
milp_h6,8,106.41211107793558,315.44026163577144,209.02815055783586,16,221,0.8527621547970803,20.738298900105292,72.00798229203227,-10.108517274751279,12,0.5,dynamic_1_5_p12_h1_3_6_12_s0_50,dynamic:1.5,True,True,highs
milp_h6,9,135.86762040392102,403.7542634311868,267.8866430272658,14,244,0.7547227542183547,22.62405989988474,78.55576354126646,19.346992051234167,12,0.5,dynamic_1_5_p12_h1_3_6_12_s0_50,dynamic:1.5,True,True,highs
milp_h6,10,151.43493680312577,450.076895148221,298.64195834509525,12,217,0.8017202761175929,23.051557300350396,80.04012951510555,34.91430845043891,12,0.5,dynamic_1_5_p12_h1_3_6_12_s0_50,dynamic:1.5,True,True,highs
milp_h6,11,116.69167083661003,346.1737336149637,229.48206277835365,9,196,0.8204689857466464,22.000085199892055,76.38918472184741,0.17104248392317345,12,0.5,dynamic_1_5_p12_h1_3_6_12_s0_50,dynamic:1.5,True,True,highs
milp_h6,12,116.86542079064805,347.321085099045,230.45566430839693,15,226,0.8801980268547497,23.311191099724965,80.94163576293391,0.3447924379611891,12,0.5,dynamic_1_5_p12_h1_3_6_12_s0_50,dynamic:1.5,True,True,highs
milp_h6,13,115.84758464165327,343.8316842890131,227.9840996473598,11,208,0.6782965871357943,21.559045200090623,74.857795833648,-0.6730437110335856,12,0.5,dynamic_1_5_p12_h1_3_6_12_s0_50,dynamic:1.5,True,True,highs
milp_h6,14,121.0272072204352,359.3801470612049,238.35293984076972,11,236,0.9979831117584046,21.010575599968433,72.9533874998904,4.506578867748345,12,0.5,dynamic_1_5_p12_h1_3_6_12_s0_50,dynamic:1.5,True,True,highs
milp_h6,15,111.11976536428992,330.5525825253731,219.4328171610832,15,206,0.7592658253483704,20.855473700066796,72.41483923634304,-5.400862988396938,12,0.5,dynamic_1_5_p12_h1_3_6_12_s0_50,dynamic:1.5,True,True,highs
milp_h6,16,122.42855479649342,363.64332180170965,241.21476700521623,12,214,0.9981765685220064,20.591509300196776,71.4982961812388,5.907926443806559,12,0.5,dynamic_1_5_p12_h1_3_6_12_s0_50,dynamic:1.5,True,True,highs
milp_h6,17,134.0420281325783,398.4350341486117,264.3930060160334,13,219,0.7835647560633195,21.421133900003042,74.37893715278834,17.521399779891453,12,0.5,dynamic_1_5_p12_h1_3_6_12_s0_50,dynamic:1.5,True,True,highs
milp_h6,18,78.93179676369846,234.45882317227776,155.5270264085793,12,222,0.9979323907717659,22.667188999883365,78.70551736070612,-37.5888315889884,12,0.5,dynamic_1_5_p12_h1_3_6_12_s0_50,dynamic:1.5,True,True,highs
milp_h6,19,119.62177692022945,355.06598101257305,235.4442040923436,10,188,0.8562676470557585,21.65013720022398,75.17408750077772,3.1011485675425945,12,0.5,dynamic_1_5_p12_h1_3_6_12_s0_50,dynamic:1.5,True,True,highs
milp_h6,20,89.76390146427582,266.19348650653865,176.42958504226283,17,223,0.9984025396142835,14.058716700063087,48.81498854188572,-26.756726888411038,12,0.5,dynamic_1_5_p12_h1_3_6_12_s0_50,dynamic:1.5,True,True,highs
milp_h6,21,138.00681451603037,409.9030641798601,271.89624966382974,13,223,0.7871715931060407,15.431657200184418,53.582143056195896,21.48618616334352,12,0.5,dynamic_1_5_p12_h1_3_6_12_s0_50,dynamic:1.5,True,True,highs
milp_h6,22,92.81077593297474,274.77830758787303,181.9675316548983,14,226,0.8545389480168267,18.414713699778076,63.939978124229434,-23.70985241971212,12,0.5,dynamic_1_5_p12_h1_3_6_12_s0_50,dynamic:1.5,True,True,highs
milp_h6,23,110.5320335583776,327.88015997780576,217.34812641942816,15,226,0.7140724455487507,16.483240799803752,57.23347499931859,-5.98859479430925,12,0.5,dynamic_1_5_p12_h1_3_6_12_s0_50,dynamic:1.5,True,True,highs
milp_h6,24,117.75717869663615,349.4767521120442,231.71957341540806,9,228,0.9964150199040575,20.355572200205643,70.67907013960293,1.2365503439492898,12,0.5,dynamic_1_5_p12_h1_3_6_12_s0_50,dynamic:1.5,True,True,highs
milp_h6,25,162.82779937316468,483.7935432490417,320.965743875877,11,231,0.9971826439388674,22.482726999936858,78.06502430533631,46.307171020477824,12,0.5,dynamic_1_5_p12_h1_3_6_12_s0_50,dynamic:1.5,True,True,highs
milp_h6,26,120.77854606923566,358.6633139749239,237.88476790568822,15,195,0.7829590663697504,23.156470699963393,80.40441215265066,4.257917716548803,12,0.5,dynamic_1_5_p12_h1_3_6_12_s0_50,dynamic:1.5,True,True,highs
milp_h6,27,77.76175395674875,230.92182570723065,153.1600717504819,11,245,0.994004712865018,22.647594199719606,78.63747986013752,-38.75887439593811,12,0.5,dynamic_1_5_p12_h1_3_6_12_s0_50,dynamic:1.5,True,True,highs
milp_h6,28,134.4247180585927,399.22130182985325,264.79658377126054,10,241,0.997018353663389,20.918442900117952,72.63348229207622,17.904089705905847,12,0.5,dynamic_1_5_p12_h1_3_6_12_s0_50,dynamic:1.5,True,True,highs
milp_h6,29,123.55812539415635,366.9595416244486,243.40141623029226,11,227,0.9983421028697005,22.607762399624335,78.49917499869561,7.037497041469493,12,0.5,dynamic_1_5_p12_h1_3_6_12_s0_50,dynamic:1.5,True,True,highs
milp_h12,0,116.45287853878591,345.5878639273191,229.1349853885332,12,212,0.8503139394125011,37.01897720026318,128.5381152786916,-0.06774981390094581,12,0.5,dynamic_1_5_p12_h1_3_6_12_s0_50,dynamic:1.5,True,True,highs
milp_h12,1,113.18878596197902,335.8184909860259,222.62970502404687,12,211,0.8781502605675474,40.01168050005799,138.9294461807569,-3.331842390707834,12,0.5,dynamic_1_5_p12_h1_3_6_12_s0_50,dynamic:1.5,True,True,highs
milp_h12,2,109.19417729516596,324.15427677124904,214.9600994760831,12,220,0.8360991401441025,37.48938180011464,130.1714645837314,-7.326451057520899,12,0.5,dynamic_1_5_p12_h1_3_6_12_s0_50,dynamic:1.5,True,True,highs
milp_h12,3,116.04679772004744,344.5460992547446,228.49930153469717,14,210,0.8568928709548991,39.02767239988316,135.5127513884832,-0.4738306326394195,12,0.5,dynamic_1_5_p12_h1_3_6_12_s0_50,dynamic:1.5,True,True,highs
milp_h12,4,124.30941132368122,369.2224251813637,244.91301385768247,11,219,0.9594611869226535,39.25981140026124,136.31878958424042,7.788782970994362,12,0.5,dynamic_1_5_p12_h1_3_6_12_s0_50,dynamic:1.5,True,True,highs
milp_h12,5,108.86387048926636,322.85805115350206,213.9941806642357,19,226,0.7628431391291569,37.20709829989937,129.19131354131727,-7.656757863420495,12,0.5,dynamic_1_5_p12_h1_3_6_12_s0_50,dynamic:1.5,True,True,highs
milp_h12,6,119.08152878021642,353.5868520072548,234.50532322703836,11,259,0.9985089036763907,35.49519859961583,123.2472173597772,2.5609004275295604,12,0.5,dynamic_1_5_p12_h1_3_6_12_s0_50,dynamic:1.5,True,True,highs
milp_h12,7,89.67983157572235,265.71771495217286,176.0378833764505,13,205,0.7310728605231795,39.36993750045076,136.70117187656513,-26.84079677696451,12,0.5,dynamic_1_5_p12_h1_3_6_12_s0_50,dynamic:1.5,True,True,highs
milp_h12,8,106.41211107793558,315.44026163577144,209.02815055783586,14,223,0.8531119103315543,36.48327079942101,126.67802360910072,-10.108517274751279,12,0.5,dynamic_1_5_p12_h1_3_6_12_s0_50,dynamic:1.5,True,True,highs
milp_h12,9,136.0054820349273,404.1107017841554,268.1052197492281,15,243,0.7151435045582609,39.79313720023492,138.1706152785935,19.48485368224044,12,0.5,dynamic_1_5_p12_h1_3_6_12_s0_50,dynamic:1.5,True,True,highs
milp_h12,10,151.43493680312577,450.076895148221,298.64195834509525,12,217,0.8017202761175929,41.20139230022323,143.06038993133066,34.91430845043891,12,0.5,dynamic_1_5_p12_h1_3_6_12_s0_50,dynamic:1.5,True,True,highs
milp_h12,11,116.69167083661,346.1737336149637,229.48206277835368,11,194,0.8794185825363363,39.10475099962787,135.78038541537455,0.17104248392314503,12,0.5,dynamic_1_5_p12_h1_3_6_12_s0_50,dynamic:1.5,True,True,highs
milp_h12,12,116.86542079064805,347.321085099045,230.45566430839693,12,229,0.7887440384946321,37.89053309976589,131.56435104085378,0.3447924379611891,12,0.5,dynamic_1_5_p12_h1_3_6_12_s0_50,dynamic:1.5,True,True,highs
milp_h12,13,115.87968449912537,343.90043894463207,228.0207544455067,11,208,0.6795306071383034,36.26525440014666,125.92102222273145,-0.6409438535614811,12,0.5,dynamic_1_5_p12_h1_3_6_12_s0_50,dynamic:1.5,True,True,highs
milp_h12,14,121.12777560865882,359.6543754446268,238.52659983596797,11,236,0.9979831117584046,34.20787550031673,118.77734548721088,4.607147255971967,12,0.5,dynamic_1_5_p12_h1_3_6_12_s0_50,dynamic:1.5,True,True,highs
milp_h12,15,111.11976536428995,330.5525825253731,219.43281716108316,15,206,0.7592658253483704,36.83801469995524,127.90977326373347,-5.400862988396909,12,0.5,dynamic_1_5_p12_h1_3_6_12_s0_50,dynamic:1.5,True,True,highs
milp_h12,16,122.42855479649342,363.64332180170965,241.21476700521623,10,216,0.9978888709498476,34.24561380018713,118.90838125064975,5.907926443806559,12,0.5,dynamic_1_5_p12_h1_3_6_12_s0_50,dynamic:1.5,True,True,highs
milp_h12,17,134.0420281325783,398.4350341486117,264.3930060160334,13,219,0.7282364213583905,35.36987960000988,122.81208194447875,17.521399779891453,12,0.5,dynamic_1_5_p12_h1_3_6_12_s0_50,dynamic:1.5,True,True,highs
milp_h12,18,78.93179676369843,234.45882317227776,155.52702640857933,11,223,0.9974267820047003,33.65135669990559,116.84498854133886,-37.58883158898843,12,0.5,dynamic_1_5_p12_h1_3_6_12_s0_50,dynamic:1.5,True,True,highs
milp_h12,19,119.62177692022945,355.06598101257305,235.4442040923436,10,188,0.8562676470557585,37.40897030002088,129.8922579861836,3.1011485675425945,12,0.5,dynamic_1_5_p12_h1_3_6_12_s0_50,dynamic:1.5,True,True,highs
milp_h12,20,89.84807620014567,266.42301757218735,176.57494137204168,14,225,0.9968384007090029,35.51891419957974,123.3295631929852,-26.672552152541186,12,0.5,dynamic_1_5_p12_h1_3_6_12_s0_50,dynamic:1.5,True,True,highs
milp_h12,21,138.00681451603037,409.9030641798601,271.89624966382974,15,221,0.8936953157034792,33.18621090007946,115.22989895860923,21.48618616334352,12,0.5,dynamic_1_5_p12_h1_3_6_12_s0_50,dynamic:1.5,True,True,highs
milp_h12,22,92.68359705343224,274.41019876285367,181.72660170942143,10,230,0.8245344415568574,39.053748600155814,135.603293750541,-23.83703129925462,12,0.5,dynamic_1_5_p12_h1_3_6_12_s0_50,dynamic:1.5,True,True,highs
milp_h12,23,110.5320335583776,327.88015997780576,217.34812641942816,14,227,0.7608165273024227,36.21246190002421,125.73771493063961,-5.98859479430925,12,0.5,dynamic_1_5_p12_h1_3_6_12_s0_50,dynamic:1.5,True,True,highs
milp_h12,24,117.75717869663615,349.4767521120442,231.71957341540806,9,228,0.9964150199040575,36.0162127999065,125.05629444411979,1.2365503439492898,12,0.5,dynamic_1_5_p12_h1_3_6_12_s0_50,dynamic:1.5,True,True,highs
milp_h12,25,162.8108066566695,483.7935432490417,320.9827365923722,11,231,0.9971826439388674,36.644189999846276,127.23677083279956,46.29017830398266,12,0.5,dynamic_1_5_p12_h1_3_6_12_s0_50,dynamic:1.5,True,True,highs
milp_h12,26,120.75652915044532,358.6633139749239,237.90678482447856,15,195,0.7829590663697504,38.0006034996768,131.94653992943333,4.235900797758461,12,0.5,dynamic_1_5_p12_h1_3_6_12_s0_50,dynamic:1.5,True,True,highs
milp_h12,27,77.76175395674875,230.92182570723065,153.1600717504819,11,245,0.992792317363115,41.60045359955984,144.4460194429161,-38.75887439593811,12,0.5,dynamic_1_5_p12_h1_3_6_12_s0_50,dynamic:1.5,True,True,highs
milp_h12,28,134.4247180585927,399.22130182985325,264.79658377126054,10,241,0.997018353663389,35.65582730024471,123.80495590362746,17.904089705905847,12,0.5,dynamic_1_5_p12_h1_3_6_12_s0_50,dynamic:1.5,True,True,highs
milp_h12,29,123.65905742034224,367.2347606479528,243.57570322761055,11,227,0.9983421028697005,36.018862499680836,125.06549479055846,7.13842906765538,12,0.5,dynamic_1_5_p12_h1_3_6_12_s0_50,dynamic:1.5,True,True,highs
equal_share,0,104.89579575415573,314.68738726246715,209.79159150831143,16,208,0.7749278736482391,0.004772100015543401,0.01656979172063681,-11.624832598531128,12,0.5,dynamic_1_5_p12_h1_3_6_12_s0_50,dynamic:1.5,True,True,highs
equal_share,1,102.39047701878945,307.17143105636836,204.7809540375789,18,205,0.9967377222511606,0.005032400047639385,0.017473611276525643,-14.130151333897402,12,0.5,dynamic_1_5_p12_h1_3_6_12_s0_50,dynamic:1.5,True,True,highs
equal_share,2,88.06475853237714,264.1942755971314,176.12951706475428,20,212,0.8451574622175271,0.004764799930853769,0.016544444204353366,-28.455869820309715,12,0.5,dynamic_1_5_p12_h1_3_6_12_s0_50,dynamic:1.5,True,True,highs
equal_share,3,104.53188498484135,313.5956549545241,209.06376996968274,14,210,0.8220899128523484,0.005217000289121643,0.018114584337227926,-11.988743367845501,12,0.5,dynamic_1_5_p12_h1_3_6_12_s0_50,dynamic:1.5,True,True,highs
equal_share,4,105.8687119169133,317.60613575073995,211.73742383382665,24,206,0.8912928990932072,0.005055700254160911,0.01755451477139205,-10.651916435773558,12,0.5,dynamic_1_5_p12_h1_3_6_12_s0_50,dynamic:1.5,True,True,highs
equal_share,5,88.88187325259224,266.6456197577768,177.76374650518454,20,225,0.7911861538948869,0.005084100092062727,0.017653125319662247,-27.638755100094613,12,0.5,dynamic_1_5_p12_h1_3_6_12_s0_50,dynamic:1.5,True,True,highs
equal_share,6,87.51873523170283,262.5562056951085,175.03747046340564,18,252,0.9980245068446297,0.0048409002483822405,0.016808681417993892,-29.001893120984022,12,0.5,dynamic_1_5_p12_h1_3_6_12_s0_50,dynamic:1.5,True,True,highs
equal_share,7,68.6989280513543,206.09678415406287,137.39785610270857,14,204,0.7697506005225584,0.004766399710206315,0.016549998993771926,-47.821700301332555,12,0.5,dynamic_1_5_p12_h1_3_6_12_s0_50,dynamic:1.5,True,True,highs
equal_share,8,78.64809164042546,235.9442749212764,157.29618328085093,17,220,0.7409181759087659,0.005012400011764839,0.017404166707516804,-37.87253671226139,12,0.5,dynamic_1_5_p12_h1_3_6_12_s0_50,dynamic:1.5,True,True,highs
equal_share,9,114.6452978483565,343.9358935450695,229.290595696713,20,238,0.8281829415570516,0.004936700366670266,0.017141320717605088,-1.8753305043303499,12,0.5,dynamic_1_5_p12_h1_3_6_12_s0_50,dynamic:1.5,True,True,highs
equal_share,10,134.51254622108019,403.5376386632406,269.0250924421604,21,208,0.9968549578675641,0.004614699835656211,0.01602326331825073,17.99191786839333,12,0.5,dynamic_1_5_p12_h1_3_6_12_s0_50,dynamic:1.5,True,True,highs
equal_share,11,95.13746723407979,285.4124017022393,190.27493446815953,19,186,0.842753931000585,0.004590400087181479,0.015938889191602357,-21.383161118607063,12,0.5,dynamic_1_5_p12_h1_3_6_12_s0_50,dynamic:1.5,True,True,highs
equal_share,12,86.64671690662968,259.9401507198891,173.29343381325944,20,221,0.6959407818782828,0.00458600019919686,0.015923611802766875,-29.87391144605718,12,0.5,dynamic_1_5_p12_h1_3_6_12_s0_50,dynamic:1.5,True,True,highs
equal_share,13,99.58355594288872,298.7506678286661,199.1671118857774,18,201,0.8916325696668655,0.004733800305984914,0.016436806618003175,-16.937072409798134,12,0.5,dynamic_1_5_p12_h1_3_6_12_s0_50,dynamic:1.5,True,True,highs
equal_share,14,99.18198124362627,297.54594373087883,198.36396248725256,9,238,0.9974324586151112,0.004938899917760864,0.017148958047780778,-17.338647109060588,12,0.5,dynamic_1_5_p12_h1_3_6_12_s0_50,dynamic:1.5,True,True,highs
equal_share,15,99.59394439064505,298.7818331719351,199.18788878129004,22,199,0.5970886764486387,0.004710399924078956,0.01635555529194082,-16.926683962041807,12,0.5,dynamic_1_5_p12_h1_3_6_12_s0_50,dynamic:1.5,True,True,highs
equal_share,16,94.55481171161264,283.6644351348379,189.10962342322526,14,212,0.8759569600074869,0.0044835998269263655,0.015568054954605436,-21.965816641074213,12,0.5,dynamic_1_5_p12_h1_3_6_12_s0_50,dynamic:1.5,True,True,highs
equal_share,17,110.09756885953959,330.29270657861883,220.19513771907924,16,217,0.8446850868286626,0.00460360012948513,0.015984722671823368,-6.423059493147264,12,0.5,dynamic_1_5_p12_h1_3_6_12_s0_50,dynamic:1.5,True,True,highs
equal_share,18,64.4732190573809,193.41965717214273,128.94643811476183,19,215,0.9969110702283229,0.004871899844147265,0.016916318903289113,-52.047409295305954,12,0.5,dynamic_1_5_p12_h1_3_6_12_s0_50,dynamic:1.5,True,True,highs
equal_share,19,103.72214356937829,311.16643070813484,207.44428713875655,20,178,0.8487763456187386,0.004728400061139837,0.016418055767846655,-12.798484783308567,12,0.5,dynamic_1_5_p12_h1_3_6_12_s0_50,dynamic:1.5,True,True,highs
equal_share,20,85.13779472322341,255.4133841696702,170.2755894464468,26,213,0.816651553106265,0.004626800218829885,0.01606527853760377,-31.38283362946345,12,0.5,dynamic_1_5_p12_h1_3_6_12_s0_50,dynamic:1.5,True,True,highs
equal_share,21,129.98364161641382,389.9509248492415,259.9672832328277,24,212,0.827082113279954,0.00510549996397458,0.017727430430467293,13.463013263726964,12,0.5,dynamic_1_5_p12_h1_3_6_12_s0_50,dynamic:1.5,True,True,highs
equal_share,22,73.06259766008685,219.18779298026055,146.1251953201737,19,221,0.8700362054472872,0.0046502999030053616,0.01614687466321306,-43.458030692600005,12,0.5,dynamic_1_5_p12_h1_3_6_12_s0_50,dynamic:1.5,True,True,highs
equal_share,23,93.1212482762229,279.3637448286687,186.2424965524458,19,222,0.8659395434452511,0.004162099940003827,0.014451735902791066,-23.399380076463956,12,0.5,dynamic_1_5_p12_h1_3_6_12_s0_50,dynamic:1.5,True,True,highs
equal_share,24,112.1223789854221,336.36713695626634,224.24475797084423,22,215,0.9074645043705052,0.00501479982631281,0.01741249939691948,-4.398249367264754,12,0.5,dynamic_1_5_p12_h1_3_6_12_s0_50,dynamic:1.5,True,True,highs
equal_share,25,149.19307197058447,447.5792159117534,298.38614394116894,28,214,0.9182622161289569,0.0048019999521784484,0.016673610945064057,32.67244361789761,12,0.5,dynamic_1_5_p12_h1_3_6_12_s0_50,dynamic:1.5,True,True,highs
equal_share,26,114.00928802827315,342.02786408481944,228.0185760565463,22,188,0.9635349610541001,0.005046899983426556,0.017523958275786653,-2.511340324413709,12,0.5,dynamic_1_5_p12_h1_3_6_12_s0_50,dynamic:1.5,True,True,highs
equal_share,27,66.4305672118617,199.29170163558513,132.86113442372343,16,240,0.9979109381741154,0.005283800215693191,0.018346528526712466,-50.090061140825156,12,0.5,dynamic_1_5_p12_h1_3_6_12_s0_50,dynamic:1.5,True,True,highs
equal_share,28,122.00488133226187,366.0146439967856,244.00976266452372,22,229,0.9953773702808207,0.005027399893151596,0.017456249628998596,5.484252979575018,12,0.5,dynamic_1_5_p12_h1_3_6_12_s0_50,dynamic:1.5,True,True,highs
equal_share,29,104.31419178154744,312.9425753446423,208.62838356309487,15,223,0.9960728075374945,0.005067399906693026,0.01759513856490634,-12.20643657113942,12,0.5,dynamic_1_5_p12_h1_3_6_12_s0_50,dynamic:1.5,True,True,highs
max_charge,0,115.06846913894017,345.2054074168205,230.13693827788032,24,200,0.8299836472030725,0.0018655004969332367,0.006477432281018183,-1.4521592137466826,12,0.5,dynamic_1_5_p12_h1_3_6_12_s0_50,dynamic:1.5,True,True,highs
max_charge,1,111.59044244885442,334.7713273465633,223.18088489770886,24,199,0.9970255844942523,0.0021045999601483345,0.00730763875051505,-4.930185903832438,12,0.5,dynamic_1_5_p12_h1_3_6_12_s0_50,dynamic:1.5,True,True,highs
max_charge,2,108.05145946542419,324.1543783962726,216.1029189308484,23,209,0.9120603709971556,0.0018433001823723316,0.006400347855459485,-8.469168887262668,12,0.5,dynamic_1_5_p12_h1_3_6_12_s0_50,dynamic:1.5,True,True,highs
max_charge,3,114.51591070195039,343.54773210585114,229.03182140390075,21,203,0.851653090955573,0.0017961000557988882,0.006236458527079473,-2.004717650736467,12,0.5,dynamic_1_5_p12_h1_3_6_12_s0_50,dynamic:1.5,True,True,highs
max_charge,4,122.80294008255004,368.4088202476501,245.60588016510007,29,201,0.92045735337269,0.0018176999583374709,0.006311458188671774,6.282311729863181,12,0.5,dynamic_1_5_p12_h1_3_6_12_s0_50,dynamic:1.5,True,True,highs
max_charge,5,107.22419859170913,321.6725957751274,214.44839718341825,34,212,0.8459930953158737,0.0018008998595178127,0.006253124512214627,-9.29642976097773,12,0.5,dynamic_1_5_p12_h1_3_6_12_s0_50,dynamic:1.5,True,True,highs
max_charge,6,117.86232078075406,353.5869623422622,235.72464156150815,32,238,0.9988369113424453,0.0018414999649394304,0.006394097100484133,1.341692428067205,12,0.5,dynamic_1_5_p12_h1_3_6_12_s0_50,dynamic:1.5,True,True,highs
max_charge,7,88.24040466646352,264.72121399939056,176.48080933292704,23,195,0.8527054138329299,0.0017607999907340854,0.006113888856715575,-28.280223686223337,12,0.5,dynamic_1_5_p12_h1_3_6_12_s0_50,dynamic:1.5,True,True,highs
max_charge,8,105.02209171950818,315.0662751585245,210.0441834390163,30,207,0.8879388537654905,0.0017692998226266354,0.006143402161898039,-11.498536633178674,12,0.5,dynamic_1_5_p12_h1_3_6_12_s0_50,dynamic:1.5,True,True,highs
max_charge,9,134.26168319483594,402.7850495845079,268.52336638967193,29,229,0.8675047482338802,0.0017472000035922974,0.0060666666791399215,17.741054842149083,12,0.5,dynamic_1_5_p12_h1_3_6_12_s0_50,dynamic:1.5,True,True,highs
max_charge,10,149.89517891804377,449.68553675413125,299.7903578360875,24,205,0.9972655300332973,0.0017237996798940003,0.005985415555187501,33.37455056535691,12,0.5,dynamic_1_5_p12_h1_3_6_12_s0_50,dynamic:1.5,True,True,highs
max_charge,11,115.39128077924249,346.1738423377275,230.78256155848499,31,174,0.8830937587856698,0.0017868000431917608,0.006204166816638058,-1.1293475734443632,12,0.5,dynamic_1_5_p12_h1_3_6_12_s0_50,dynamic:1.5,True,True,highs
max_charge,12,115.66614529192447,346.9984358757734,231.33229058384893,30,211,0.8581624666173342,0.0018853000365197659,0.006546180682360298,-0.8544830607623908,12,0.5,dynamic_1_5_p12_h1_3_6_12_s0_50,dynamic:1.5,True,True,highs
max_charge,13,114.35401459534961,343.06204378604883,228.70802919069922,24,196,0.9107638127884237,0.0018571997643448412,0.006448610292864032,-2.1666137573372453,12,0.5,dynamic_1_5_p12_h1_3_6_12_s0_50,dynamic:1.5,True,True,highs
max_charge,14,119.5374998450279,358.6124995350837,239.07499969005582,19,228,0.9126886028352281,0.002022199594648555,0.007021526370307483,3.016871492341039,12,0.5,dynamic_1_5_p12_h1_3_6_12_s0_50,dynamic:1.5,True,True,highs
max_charge,15,109.75106191386777,329.2531857416033,219.50212382773555,26,195,0.6864040403914947,0.0020389000710565597,0.007079514135613054,-6.7695664388190835,12,0.5,dynamic_1_5_p12_h1_3_6_12_s0_50,dynamic:1.5,True,True,highs
max_charge,16,120.76477848390735,362.2943354517221,241.52955696781473,22,204,0.8646152301322652,0.0018419002008158714,0.006395486808388442,4.2441501312204934,12,0.5,dynamic_1_5_p12_h1_3_6_12_s0_50,dynamic:1.5,True,True,highs
max_charge,17,132.81171989838276,398.4351596951484,265.62343979676564,31,202,0.7915338642299228,0.0019871002878062427,0.006899653777105009,16.291091545695906,12,0.5,dynamic_1_5_p12_h1_3_6_12_s0_50,dynamic:1.5,True,True,highs
max_charge,18,78.00872394939265,234.02617184817788,156.01744789878524,33,201,0.9840488025402924,0.0019602001702878624,0.0068062505912773,-38.51190440329421,12,0.5,dynamic_1_5_p12_h1_3_6_12_s0_50,dynamic:1.5,True,True,highs
max_charge,19,118.23809349536893,354.7142804861068,236.4761869907379,27,171,0.8834818871602278,0.0019029998511541635,0.006607638372063068,1.717465142682073,12,0.5,dynamic_1_5_p12_h1_3_6_12_s0_50,dynamic:1.5,True,True,highs
max_charge,20,88.516980625689,265.55094187706703,177.03396125137803,28,211,0.816651553106265,0.0017998998810071498,0.006249652364608159,-28.003647726997855,12,0.5,dynamic_1_5_p12_h1_3_6_12_s0_50,dynamic:1.5,True,True,highs
max_charge,21,136.19213282465932,408.576398473978,272.38426564931865,28,209,0.7838592524519844,0.001720400177873671,0.005973611728728024,19.67150447197247,12,0.5,dynamic_1_5_p12_h1_3_6_12_s0_50,dynamic:1.5,True,True,highs
max_charge,22,91.14438577691712,273.4331573307514,182.28877155383427,28,212,0.8534518558170154,0.0017798997578211129,0.00618020749243442,-25.376242575769737,12,0.5,dynamic_1_5_p12_h1_3_6_12_s0_50,dynamic:1.5,True,True,highs
max_charge,23,108.83463734587033,326.503912037611,217.66927469174064,27,215,0.8924809902380224,0.001770200178725645,0.006146528398352934,-7.685991006816522,12,0.5,dynamic_1_5_p12_h1_3_6_12_s0_50,dynamic:1.5,True,True,highs
max_charge,24,116.2465507239103,348.73965217173094,232.49310144782064,24,213,0.9167180094609728,0.0017621001752559096,0.006118403386305242,-0.27407762877655273,12,0.5,dynamic_1_5_p12_h1_3_6_12_s0_50,dynamic:1.5,True,True,highs
max_charge,25,160.89635608792304,482.6890682637691,321.7927121758461,31,211,0.9256206628915364,0.001873299916042015,0.006504513597368107,44.37572773523618,12,0.5,dynamic_1_5_p12_h1_3_6_12_s0_50,dynamic:1.5,True,True,highs
max_charge,26,119.29024722576139,357.8707416772842,238.58049445152278,24,186,0.9635349610541001,0.0019336997356731445,0.00671423519330953,2.769618873074535,12,0.5,dynamic_1_5_p12_h1_3_6_12_s0_50,dynamic:1.5,True,True,highs
max_charge,27,76.60921587546667,229.82764762639997,153.2184317509333,26,231,0.9985789295482018,0.0017257996369153261,0.005992359850400438,-39.91141247722018,12,0.5,dynamic_1_5_p12_h1_3_6_12_s0_50,dynamic:1.5,True,True,highs
max_charge,28,133.07380901972454,399.22142705917355,266.147618039449,31,220,0.9967700871081865,0.0016423999040853232,0.005702777444740705,16.55318066703768,12,0.5,dynamic_1_5_p12_h1_3_6_12_s0_50,dynamic:1.5,True,True,highs
max_charge,29,122.06304154396057,366.18912463188167,244.1260830879211,23,215,0.9971550209241686,0.0016472998831886798,0.005719791261071805,5.54241319127371,12,0.5,dynamic_1_5_p12_h1_3_6_12_s0_50,dynamic:1.5,True,True,highs
random,0,113.691530387948,341.074591163844,227.38306077589598,24,200,0.7915313036075391,0.020784200256457552,0.07216736200158873,-2.8290979647388497,12,0.5,dynamic_1_5_p12_h1_3_6_12_s0_50,dynamic:1.5,True,True,highs
random,1,110.9285606533918,332.7856819601754,221.8571213067836,24,199,0.9324821694819053,0.019638999714516103,0.06819097123095869,-5.5920676992950575,12,0.5,dynamic_1_5_p12_h1_3_6_12_s0_50,dynamic:1.5,True,True,highs
random,2,106.59254984072109,319.7776495221633,213.1850996814422,21,211,0.8427003902744169,0.0204383997770492,0.07096666589253194,-9.928078511965765,12,0.5,dynamic_1_5_p12_h1_3_6_12_s0_50,dynamic:1.5,True,True,highs
random,3,114.06052444501543,342.1815733350463,228.1210488900309,22,202,0.7402925109631859,0.01914329986902885,0.06646979121190573,-2.4601039076714244,12,0.5,dynamic_1_5_p12_h1_3_6_12_s0_50,dynamic:1.5,True,True,highs
random,4,121.45293088898072,364.3587926669422,242.90586177796146,31,199,0.9015414992241534,0.020136000151978806,0.06991666719437085,4.932302536293861,12,0.5,dynamic_1_5_p12_h1_3_6_12_s0_50,dynamic:1.5,True,True,highs
random,5,106.14693763011448,318.44081289034347,212.293875260229,28,217,0.8347737649600484,0.02074760023970157,0.07204027861007489,-10.373690722572377,12,0.5,dynamic_1_5_p12_h1_3_6_12_s0_50,dynamic:1.5,True,True,highs
random,6,116.47067838119168,349.41203514357505,232.94135676238338,21,249,0.994301346950683,0.020388799952343106,0.07079444427896912,-0.04994997149518099,12,0.5,dynamic_1_5_p12_h1_3_6_12_s0_50,dynamic:1.5,True,True,highs
random,7,87.41446979317399,262.24340937952206,174.82893958634807,23,195,0.7504893651752157,0.0212685001315549,0.07384895879012118,-29.106158559512863,12,0.5,dynamic_1_5_p12_h1_3_6_12_s0_50,dynamic:1.5,True,True,highs
random,8,104.20680501693144,312.6204150507943,208.41361003386285,23,215,0.8726867395710631,0.02046689996495843,0.07106562487832788,-12.313823335755416,12,0.5,dynamic_1_5_p12_h1_3_6_12_s0_50,dynamic:1.5,True,True,highs
random,9,132.44008348051608,397.3202504415482,264.8801669610321,21,237,0.803013386657274,0.01996500010136515,0.06932291701862899,15.919455127829224,12,0.5,dynamic_1_5_p12_h1_3_6_12_s0_50,dynamic:1.5,True,True,highs
random,10,148.9701281679467,446.91038450384013,297.9402563358934,24,205,0.8118259867791859,0.020110200013732538,0.06982708338101576,32.449499815259855,12,0.5,dynamic_1_5_p12_h1_3_6_12_s0_50,dynamic:1.5,True,True,highs
random,11,113.74188143822133,341.22564431466395,227.48376287644263,25,181,0.796148122659505,0.019160200230544433,0.06652847302272373,-2.778746914465529,12,0.5,dynamic_1_5_p12_h1_3_6_12_s0_50,dynamic:1.5,True,True,highs
random,12,114.64403884744323,343.9321165423296,229.28807769488637,28,213,0.7825666561715564,0.02011239976854995,0.06983472141857622,-1.8765895052436292,12,0.5,dynamic_1_5_p12_h1_3_6_12_s0_50,dynamic:1.5,True,True,highs
random,13,113.68570429557965,341.05711288673893,227.37140859115928,22,198,0.9178542444122199,0.01941149987396784,0.067401041229055,-2.8349240571072016,12,0.5,dynamic_1_5_p12_h1_3_6_12_s0_50,dynamic:1.5,True,True,highs
random,14,118.8197272257693,356.459181677308,237.63945445153868,25,222,0.6979157058690606,0.019556299870600924,0.0679038189951421,2.2990988730824427,12,0.5,dynamic_1_5_p12_h1_3_6_12_s0_50,dynamic:1.5,True,True,highs
random,15,109.31028011098292,327.9308403329487,218.6205602219658,27,194,0.7737407132866347,0.01990159958950244,0.06910277635243903,-7.21034824170394,12,0.5,dynamic_1_5_p12_h1_3_6_12_s0_50,dynamic:1.5,True,True,highs
random,16,118.97807491487902,356.9342247446371,237.9561498297581,23,203,0.9972755897684153,0.019090899993898347,0.06628784720103592,2.4574465621921604,12,0.5,dynamic_1_5_p12_h1_3_6_12_s0_50,dynamic:1.5,True,True,highs
random,17,131.6320148577508,394.89604457325237,263.2640297155016,32,200,0.8934714613896566,0.02347979971091263,0.08152708232955774,15.111386505063933,12,0.5,dynamic_1_5_p12_h1_3_6_12_s0_50,dynamic:1.5,True,True,highs
random,18,77.4833239714873,232.44997191446186,154.96664794297456,26,208,0.9359745565352714,0.023010000004433095,0.07989583334872602,-39.03730438119956,12,0.5,dynamic_1_5_p12_h1_3_6_12_s0_50,dynamic:1.5,True,True,highs
random,19,116.67513899869707,350.0254169960912,233.35027799739416,21,177,0.9433234780888945,0.01955809985520318,0.06791006894167771,0.15451064601020903,12,0.5,dynamic_1_5_p12_h1_3_6_12_s0_50,dynamic:1.5,True,True,highs
random,20,88.01365328620184,264.04095985860556,176.02730657240372,25,214,0.8397644423119295,0.021088700159452856,0.07322465333143352,-28.506975066485012,12,0.5,dynamic_1_5_p12_h1_3_6_12_s0_50,dynamic:1.5,True,True,highs
random,21,135.4718052513793,406.4154157541378,270.94361050275853,21,216,0.998528151081544,0.02140490015153773,0.07432256997061712,18.951176898692438,12,0.5,dynamic_1_5_p12_h1_3_6_12_s0_50,dynamic:1.5,True,True,highs
random,22,90.07963110308864,270.2388933092659,180.15926220617726,23,217,0.8972829804742466,0.022118100081570446,0.07679895861656405,-26.44099724959821,12,0.5,dynamic_1_5_p12_h1_3_6_12_s0_50,dynamic:1.5,True,True,highs
random,23,108.50426328849301,325.512789865479,217.00852657698601,20,223,0.8801022362038777,0.022240999853238463,0.07722569393485577,-8.016365064193849,12,0.5,dynamic_1_5_p12_h1_3_6_12_s0_50,dynamic:1.5,True,True,highs
random,24,114.41647046006935,343.249411380208,228.83294092013867,17,220,0.9957068130387353,0.021975799900246784,0.07630486076474578,-2.1041578926175077,12,0.5,dynamic_1_5_p12_h1_3_6_12_s0_50,dynamic:1.5,True,True,highs
random,25,158.8094272556051,476.4282817668152,317.6188545112101,22,220,0.7002707614061086,0.02139880007598549,0.0743013891527274,42.288798902918245,12,0.5,dynamic_1_5_p12_h1_3_6_12_s0_50,dynamic:1.5,True,True,highs
random,26,117.84618815552298,353.538564466569,235.69237631104605,24,186,0.9294112284679288,0.020932299608830363,0.07268159586399431,1.3255598028361248,12,0.5,dynamic_1_5_p12_h1_3_6_12_s0_50,dynamic:1.5,True,True,highs
random,27,76.41280872252884,229.23842616758648,152.82561744505765,20,236,0.9060967097078964,0.021353199903387576,0.07414305522009575,-40.10781963015802,12,0.5,dynamic_1_5_p12_h1_3_6_12_s0_50,dynamic:1.5,True,True,highs
random,28,131.8880917039014,395.66427511170417,263.77618340780276,21,230,0.996876659250159,0.02214470022590831,0.0768913202288483,15.367463351214553,12,0.5,dynamic_1_5_p12_h1_3_6_12_s0_50,dynamic:1.5,True,True,highs
random,29,121.41118022131468,364.23354066394404,242.82236044262936,23,215,0.9126446007181013,0.02160100039327517,0.07500347358776101,4.890551868627824,12,0.5,dynamic_1_5_p12_h1_3_6_12_s0_50,dynamic:1.5,True,True,highs
