controller,seed,net_profit,total_revenue,total_cost,served_customers,rejected_customers,mean_soc_fulfillment,total_compute_s,mean_step_ms,gap_to_best,ports,experiment_id,tariff,bess_enabled,v2g_enabled,solver
milp_h1,0,58.80996534623078,172.74104907829533,113.93108373206455,9,224,0.9966674304666521,4.377737700182479,15.200478125633607,-0.48913334385914453,3,dynamic_1_5_p3_6_12_h1_3_6_12,dynamic:1.5,True,True,highs
milp_h1,1,57.61509811560137,169.12498677567544,111.50988866007407,9,223,0.7795695473590564,3.8480127996881492,13.36115555447274,-1.6840005744885573,3,dynamic_1_5_p3_6_12_h1_3_6_12,dynamic:1.5,True,True,highs
milp_h1,2,55.571330753310804,163.28568457094858,107.71435381763777,6,235,0.9983711705837773,3.8554492996190675,13.386976734788428,-3.7277679367791237,3,dynamic_1_5_p3_6_12_h1_3_6_12,dynamic:1.5,True,True,highs
milp_h1,3,59.00631504276399,173.42459707875057,114.41828203598658,8,225,0.9988173624404765,4.175468900008127,14.498155902805998,-0.2927836473259404,3,dynamic_1_5_p3_6_12_h1_3_6_12,dynamic:1.5,True,True,highs
milp_h1,4,63.059196823244804,185.4855138413929,122.4263170181481,7,232,0.9985805703405464,3.8982635006541386,13.535637155049093,3.7600981331548766,3,dynamic_1_5_p3_6_12_h1_3_6_12,dynamic:1.5,True,True,highs
milp_h1,5,55.379434459049634,162.45929959144902,107.07986513239939,9,245,0.9986918062025767,3.9308063003700227,13.648632987395912,-3.9196642310402936,3,dynamic_1_5_p3_6_12_h1_3_6_12,dynamic:1.5,True,True,highs
milp_h1,6,60.850376175502376,178.8933369583482,118.04296078284581,9,270,0.7968468199094542,3.9012098011444323,13.545867365084835,1.5512774854124487,3,dynamic_1_5_p3_6_12_h1_3_6_12,dynamic:1.5,True,True,highs
milp_h1,7,45.7134628749523,133.81856761055087,88.10510473559857,8,219,0.9970233026422637,4.032924799830653,14.0032111105231,-13.585635815137628,3,dynamic_1_5_p3_6_12_h1_3_6_12,dynamic:1.5,True,True,highs
milp_h1,8,54.24746465661164,159.0016930458748,104.75422838926315,7,239,0.8042142756700751,3.787505499960389,13.151060763751351,-5.051634033478287,3,dynamic_1_5_p3_6_12_h1_3_6_12,dynamic:1.5,True,True,highs
milp_h1,9,68.94342473109896,202.98161348386301,134.03818875276406,9,259,0.7258890959602696,3.8802521993638948,13.473097914457968,9.64432604100903,3,dynamic_1_5_p3_6_12_h1_3_6_12,dynamic:1.5,True,True,highs
milp_h1,10,76.84057853446956,226.29374823443248,149.45316969996293,9,229,0.8638596251223897,3.8763523006928153,13.459556599627831,17.54147984437963,3,dynamic_1_5_p3_6_12_h1_3_6_12,dynamic:1.5,True,True,highs
milp_h1,11,59.3759631562434,174.22655442100472,114.85059126476132,8,207,0.998632730522574,4.109158099803608,14.267910068762527,0.07686446615347364,3,dynamic_1_5_p3_6_12_h1_3_6_12,dynamic:1.5,True,True,highs
milp_h1,12,59.33880910094858,174.7890115860331,115.45020248508452,7,243,0.997985801950094,3.85833989927778,13.397013539158959,0.03971041085865323,3,dynamic_1_5_p3_6_12_h1_3_6_12,dynamic:1.5,True,True,highs
milp_h1,13,58.9885868826468,173.25463702994736,114.26605014730056,7,221,0.9969233610040176,3.9723161010770127,13.792764239850738,-0.31051180744312745,3,dynamic_1_5_p3_6_12_h1_3_6_12,dynamic:1.5,True,True,highs
milp_h1,14,61.46996406444319,180.70836113809355,119.23839707365036,12,244,0.9246322476637214,4.143040599941742,14.385557638686603,2.170865374353262,3,dynamic_1_5_p3_6_12_h1_3_6_12,dynamic:1.5,True,True,highs
milp_h1,15,56.15334606480795,165.6532731428762,109.49992707806825,6,224,0.997693578897724,4.025055000791326,13.975885419414327,-3.145752625281979,3,dynamic_1_5_p3_6_12_h1_3_6_12,dynamic:1.5,True,True,highs
milp_h1,16,62.12264293672608,182.72552941781248,120.6028864810864,7,228,0.9973861224501605,4.0498072997434065,14.061830901886829,2.8235442466361533,3,dynamic_1_5_p3_6_12_h1_3_6_12,dynamic:1.5,True,True,highs
milp_h1,17,68.21951744661271,200.96743762248613,132.74792017587342,7,234,0.9988404486839312,3.937987399753183,13.673567360254108,8.920418756522785,3,dynamic_1_5_p3_6_12_h1_3_6_12,dynamic:1.5,True,True,highs
milp_h1,18,40.11496748126342,118.00829810000255,77.89333061873913,8,235,0.7669653578677006,4.078487900085747,14.161416319742179,-19.184131208826507,3,dynamic_1_5_p3_6_12_h1_3_6_12,dynamic:1.5,True,True,highs
milp_h1,19,60.80766270079482,178.62358119108546,117.81591849029064,7,200,0.9952246366467055,3.872647299838718,13.446692013328882,1.5085640107048945,3,dynamic_1_5_p3_6_12_h1_3_6_12,dynamic:1.5,True,True,highs
milp_h1,20,45.390391204515936,133.0729138583341,87.68252265381815,8,240,0.9987069177820255,4.0411534999730065,14.031782986017383,-13.908707485573991,3,dynamic_1_5_p3_6_12_h1_3_6_12,dynamic:1.5,True,True,highs
milp_h1,21,70.19037244315348,206.4536742656966,136.26330182254313,7,238,0.99843217513287,3.8334594001062214,13.310622917035491,10.891273753063551,3,dynamic_1_5_p3_6_12_h1_3_6_12,dynamic:1.5,True,True,highs
milp_h1,22,47.38958329429883,138.55492780324636,91.16534450894753,14,235,0.805686793928608,3.921751700108871,13.617193403155802,-11.909515395791097,3,dynamic_1_5_p3_6_12_h1_3_6_12,dynamic:1.5,True,True,highs
milp_h1,23,56.339544164854445,165.30264083715096,108.96309667229652,9,241,0.8359233813936192,3.867279000231065,13.428052084135642,-2.9595545252354825,3,dynamic_1_5_p3_6_12_h1_3_6_12,dynamic:1.5,True,True,highs
milp_h1,24,59.689113878827726,175.38187155958,115.69275768075227,12,234,0.9132923403274047,3.9140217007952742,13.590353127761368,0.3900151887377987,3,dynamic_1_5_p3_6_12_h1_3_6_12,dynamic:1.5,True,True,highs
milp_h1,25,82.63864044394379,243.3281734967856,160.68953305284182,6,245,0.9965903122330529,4.63745480007492,16.10227361137125,23.339541753853858,3,dynamic_1_5_p3_6_12_h1_3_6_12,dynamic:1.5,True,True,highs
milp_h1,26,61.31417268027582,180.3759867833944,119.06181410311859,5,214,0.9994728645041572,5.70130150008481,19.796185764183367,2.01507399018589,3,dynamic_1_5_p3_6_12_h1_3_6_12,dynamic:1.5,True,True,highs
milp_h1,27,39.27043392413785,115.44782974993717,76.17739582579932,9,256,0.9987100004084294,6.161265600414481,21.393283334772505,-20.02866476595208,3,dynamic_1_5_p3_6_12_h1_3_6_12,dynamic:1.5,True,True,highs
milp_h1,28,68.59229391786755,201.7239653614094,133.13167144354185,7,253,0.9978816482621602,5.880748299648985,20.419264929336755,9.293195227777623,3,dynamic_1_5_p3_6_12_h1_3_6_12,dynamic:1.5,True,True,highs
milp_h1,29,62.838515415479264,184.8006539609924,121.96213854551314,6,241,0.0,5.838656599342357,20.273113192160963,3.539416725389337,3,dynamic_1_5_p3_6_12_h1_3_6_12,dynamic:1.5,True,True,highs
milp_h3,0,59.02305967219202,173.42126713371283,114.39820746152081,9,224,0.9966581834038105,8.330742500140332,28.926189236598375,-0.27603901789790797,3,dynamic_1_5_p3_6_12_h1_3_6_12,dynamic:1.5,True,True,highs
milp_h3,1,57.678340843536304,169.3147149594802,111.6363741159439,6,226,0.881176477339384,8.916006200597622,30.958354863186187,-1.620757846553623,3,dynamic_1_5_p3_6_12_h1_3_6_12,dynamic:1.5,True,True,highs
milp_h3,2,55.8387394109166,164.1259544661566,108.28721505524,9,232,0.880207950475335,7.077766599832103,24.575578471639247,-3.460359279173325,3,dynamic_1_5_p3_6_12_h1_3_6_12,dynamic:1.5,True,True,highs
milp_h3,3,58.77881108939371,172.74208521863977,113.96327412924606,9,224,0.9990898519002801,7.281325000105426,25.282378472588285,-0.5202876006962143,3,dynamic_1_5_p3_6_12_h1_3_6_12,dynamic:1.5,True,True,highs
milp_h3,4,63.3432333538603,186.33762343323937,122.99439007937907,9,230,0.996916037900582,5.840327299549244,20.278914234545987,4.044134663770372,3,dynamic_1_5_p3_6_12_h1_3_6_12,dynamic:1.5,True,True,highs
milp_h3,5,55.44251685572179,162.6485467814655,107.20602992574372,7,247,0.9682909955940991,7.090434499783441,24.61956423535917,-3.8565818343681357,3,dynamic_1_5_p3_6_12_h1_3_6_12,dynamic:1.5,True,True,highs
milp_h3,6,60.90454043087328,179.08298134449169,118.1784409136184,9,270,0.9985416208245869,7.6033049999387,26.40036458312049,1.6054417407833554,3,dynamic_1_5_p3_6_12_h1_3_6_12,dynamic:1.5,True,True,highs
milp_h3,7,45.67177410888766,133.69350131235694,88.02172720346928,7,220,0.9976654642346119,6.637026699667331,23.045231596067122,-13.627324581202267,3,dynamic_1_5_p3_6_12_h1_3_6_12,dynamic:1.5,True,True,highs
milp_h3,8,54.20500378221628,158.9020203563034,104.69701657408713,10,236,0.9983476799088206,6.93919869948877,24.094439928780453,-5.094094907873647,3,dynamic_1_5_p3_6_12_h1_3_6_12,dynamic:1.5,True,True,highs
milp_h3,9,69.01240695018228,203.18856014111296,134.17615319093068,10,258,0.9262035644310641,10.03841690038098,34.85561423743396,9.713308260092354,3,dynamic_1_5_p3_6_12_h1_3_6_12,dynamic:1.5,True,True,highs
milp_h3,10,77.10076841297516,227.1212274791436,150.02045906616846,13,225,0.5508484791732206,14.440592599625234,50.140946526476505,17.80166972288523,3,dynamic_1_5_p3_6_12_h1_3_6_12,dynamic:1.5,True,True,highs
milp_h3,11,59.487488549590964,174.5611857892649,115.07369723967393,9,206,0.9979188639153578,12.315527600294445,42.76224861213349,0.18838985950103648,3,dynamic_1_5_p3_6_12_h1_3_6_12,dynamic:1.5,True,True,highs
milp_h3,12,59.296718211814394,174.698546531871,115.4018283200566,8,242,0.7509324063518168,12.443936300638597,43.20811215499513,-0.0023804782755334486,3,dynamic_1_5_p3_6_12_h1_3_6_12,dynamic:1.5,True,True,highs
milp_h3,13,59.05547827358356,173.45531120275766,114.3998329291741,8,220,0.7495755532655637,14.703542900562752,51.053968404731776,-0.24362041650636712,3,dynamic_1_5_p3_6_12_h1_3_6_12,dynamic:1.5,True,True,highs
milp_h3,14,61.64236544950015,181.22556529326445,119.5831998437643,11,245,0.9453543717242703,10.981707500468474,38.13092882107109,2.34326675941022,3,dynamic_1_5_p3_6_12_h1_3_6_12,dynamic:1.5,True,True,highs
milp_h3,15,56.30317081603606,166.1027473965605,109.79957658052443,11,219,0.8568161443645091,12.327950000879355,42.80538194749776,-2.9959278740538693,3,dynamic_1_5_p3_6_12_h1_3_6_12,dynamic:1.5,True,True,highs
milp_h3,16,62.05278538514261,182.51595676306212,120.46317137791951,10,226,0.8488203479793164,14.986187400121707,52.03537291708926,2.7536866950526857,3,dynamic_1_5_p3_6_12_h1_3_6_12,dynamic:1.5,True,True,highs
milp_h3,17,68.21948579921539,200.96740623585197,132.74792043663658,9,232,0.9985834359324169,10.577514299890026,36.72748020795148,8.920387109125464,3,dynamic_1_5_p3_6_12_h1_3_6_12,dynamic:1.5,True,True,highs
milp_h3,18,40.11929468989506,118.02993439076795,77.91063970087289,8,236,0.8415078303988807,7.223600700846873,25.08194687794053,-19.17980400019487,3,dynamic_1_5_p3_6_12_h1_3_6_12,dynamic:1.5,True,True,highs
milp_h3,19,60.877997156872595,178.83464078306181,117.95664362618922,7,200,0.9985977255323746,6.446383599715773,22.38327638790199,1.5788984667826682,3,dynamic_1_5_p3_6_12_h1_3_6_12,dynamic:1.5,True,True,highs
milp_h3,20,45.65254661160495,133.85938007960107,88.20683346799612,9,239,0.8881519035747351,5.586202400038019,19.396536111243122,-13.64655207848498,3,dynamic_1_5_p3_6_12_h1_3_6_12,dynamic:1.5,True,True,highs
milp_h3,21,70.19037244315348,206.4536742656966,136.26330182254313,5,240,0.9980077701538494,3.7171208001091145,12.906669444823315,10.891273753063551,3,dynamic_1_5_p3_6_12_h1_3_6_12,dynamic:1.5,True,True,highs
milp_h3,22,47.41033559339819,138.61718470054444,91.20684910714625,11,238,0.9885632723183588,4.8160643997834995,16.722445832581595,-11.88876309669174,3,dynamic_1_5_p3_6_12_h1_3_6_12,dynamic:1.5,True,True,highs
milp_h3,23,56.339544164854445,165.30264083715096,108.96309667229652,9,241,0.7531867628327673,4.966065100161359,17.243281597782495,-2.9595545252354825,3,dynamic_1_5_p3_6_12_h1_3_6_12,dynamic:1.5,True,True,highs
milp_h3,24,59.881832256396436,175.97367745193304,116.0918451955366,11,235,0.8699757103105904,3.4390806998708285,11.941252430107044,0.5827335663065085,3,dynamic_1_5_p3_6_12_h1_3_6_12,dynamic:1.5,True,True,highs
milp_h3,25,82.73072362786814,243.60442304855866,160.8736994206905,7,244,0.9974378933264136,5.200197200349066,18.056240278989815,23.431624937778217,3,dynamic_1_5_p3_6_12_h1_3_6_12,dynamic:1.5,True,True,highs
milp_h3,26,61.37995257457217,180.5733264662834,119.19337389171122,7,212,0.0,4.485295499442145,15.573942706396338,2.080853884482245,3,dynamic_1_5_p3_6_12_h1_3_6_12,dynamic:1.5,True,True,highs
milp_h3,27,39.4230796758454,115.90576700505981,76.48268732921441,9,257,0.9986423509664005,3.1571597002330236,10.962360070253554,-19.876019014244527,3,dynamic_1_5_p3_6_12_h1_3_6_12,dynamic:1.5,True,True,highs
milp_h3,28,68.74603389200144,202.2301573833586,133.48412349135717,8,252,0.8219475780758198,4.465309700812213,15.504547572264629,9.446935201911508,3,dynamic_1_5_p3_6_12_h1_3_6_12,dynamic:1.5,True,True,highs
milp_h3,29,62.838515415479264,184.8006539609924,121.96213854551314,9,238,0.9985836744433817,3.6692175997886807,12.740338888155142,3.539416725389337,3,dynamic_1_5_p3_6_12_h1_3_6_12,dynamic:1.5,True,True,highs
milp_h6,0,59.19540917894125,173.97919563671826,114.78378645777701,10,223,0.9978187500920603,6.43625829933444,22.34811909491125,-0.10368951114867997,3,dynamic_1_5_p3_6_12_h1_3_6_12,dynamic:1.5,True,True,highs
milp_h6,1,57.705952375299745,169.45256249225835,111.7466101169586,6,226,0.8816206355165409,5.115237099817023,17.76123992992022,-1.5931463147901823,3,dynamic_1_5_p3_6_12_h1_3_6_12,dynamic:1.5,True,True,highs
milp_h6,2,55.85788821718886,164.27208291302713,108.41419469583828,6,235,0.9968463421072966,4.5266956997220404,15.71769340181264,-3.4412104729010693,3,dynamic_1_5_p3_6_12_h1_3_6_12,dynamic:1.5,True,True,highs
milp_h6,3,59.01965505125871,173.4911890868619,114.4715340356032,7,226,0.999042904248258,4.945118500094395,17.170550347549984,-0.2794436388312178,3,dynamic_1_5_p3_6_12_h1_3_6_12,dynamic:1.5,True,True,highs
milp_h6,4,63.311231201376884,186.29620134760376,122.98497014622687,11,228,0.8617249634326378,4.284289700270165,14.87600590371585,4.012132511286957,3,dynamic_1_5_p3_6_12_h1_3_6_12,dynamic:1.5,True,True,highs
milp_h6,5,55.45616855557013,162.71670447921005,107.26053592363992,7,247,0.9984964369157551,5.950947800010908,20.66301319448232,-3.842930134519797,3,dynamic_1_5_p3_6_12_h1_3_6_12,dynamic:1.5,True,True,highs
milp_h6,6,60.90456835916862,179.08300931585495,118.17844095668633,6,273,0.9971638858664607,4.609648999699857,16.005725693402283,1.605469669078694,3,dynamic_1_5_p3_6_12_h1_3_6_12,dynamic:1.5,True,True,highs
milp_h6,7,45.85085335134727,134.2553046828435,88.40445133149623,10,217,0.7120413902201955,4.900468799460214,17.015516664792408,-13.448245338742659,3,dynamic_1_5_p3_6_12_h1_3_6_12,dynamic:1.5,True,True,highs
milp_h6,8,54.26131968948478,159.07096807810896,104.80964838862418,11,235,0.9980239987469536,4.567740700149443,15.860210764407789,-5.037779000605148,3,dynamic_1_5_p3_6_12_h1_3_6_12,dynamic:1.5,True,True,highs
milp_h6,9,69.01240695018225,203.18856014111293,134.17615319093068,9,258,0.7801863104901497,5.468888999719638,18.98919791569319,9.713308260092326,3,dynamic_1_5_p3_6_12_h1_3_6_12,dynamic:1.5,True,True,highs
milp_h6,10,77.12432940047583,227.23874831638335,150.11441891590752,8,230,0.9487598494120469,5.223808500042651,18.138223958481426,17.825230710385902,3,dynamic_1_5_p3_6_12_h1_3_6_12,dynamic:1.5,True,True,highs
milp_h6,11,59.49417748464309,174.58114297591888,115.08696549127579,9,206,0.998906749922942,4.2300922003923915,14.68782014025136,0.19507879455316157,3,dynamic_1_5_p3_6_12_h1_3_6_12,dynamic:1.5,True,True,highs
milp_h6,12,59.41891525921346,175.07709121790649,115.65817595869302,6,244,0.9958416005962027,4.792757499788422,16.641519096487578,0.119816569123536,3,dynamic_1_5_p3_6_12_h1_3_6_12,dynamic:1.5,True,True,highs
milp_h6,13,59.08302312483717,173.59282005519,114.50979693035283,8,220,0.9986844343065409,4.727382700366434,16.41452326516123,-0.2160755652527584,3,dynamic_1_5_p3_6_12_h1_3_6_12,dynamic:1.5,True,True,highs
milp_h6,14,61.60459697639111,181.16698722364785,119.56239024725674,16,240,0.8548176072918358,4.661521699046716,16.185839232801097,2.30549828630118,3,dynamic_1_5_p3_6_12_h1_3_6_12,dynamic:1.5,True,True,highs
milp_h6,15,56.30317081603606,166.1027473965605,109.79957658052443,7,223,0.9341081820108786,4.913641599181574,17.0612555527138,-2.9959278740538693,3,dynamic_1_5_p3_6_12_h1_3_6_12,dynamic:1.5,True,True,highs
milp_h6,16,61.994729647986944,182.3417895515951,120.34705990360816,13,222,0.900201183413276,4.882595499744639,16.953456596335553,2.6956309578970163,3,dynamic_1_5_p3_6_12_h1_3_6_12,dynamic:1.5,True,True,highs
milp_h6,17,68.21954885497718,200.96746900912032,132.74792015414315,7,235,0.9978952071615089,4.064232299569994,14.111917706840257,8.92045016488725,3,dynamic_1_5_p3_6_12_h1_3_6_12,dynamic:1.5,True,True,highs
milp_h6,18,40.12364042847604,118.05158904641121,77.92794861793517,9,234,0.8387971724671873,5.35341529926518,18.588247566892985,-19.17545826161389,3,dynamic_1_5_p3_6_12_h1_3_6_12,dynamic:1.5,True,True,highs
milp_h6,19,60.87805303391728,178.83469670484178,117.95664367092449,8,199,0.9979884225216472,4.675976099970285,16.236028124896823,1.5789543438273554,3,dynamic_1_5_p3_6_12_h1_3_6_12,dynamic:1.5,True,True,highs
milp_h6,20,45.76169734831048,134.1868740492037,88.42517670089323,10,238,0.964343990672219,4.859388499404304,16.87287673404272,-13.53740134177945,3,dynamic_1_5_p3_6_12_h1_3_6_12,dynamic:1.5,True,True,highs
milp_h6,21,70.19037244315345,206.45367426569658,136.26330182254313,10,235,0.9973673108141686,5.417074199009221,18.809285413226462,10.891273753063523,3,dynamic_1_5_p3_6_12_h1_3_6_12,dynamic:1.5,True,True,highs
milp_h6,22,47.41033559339819,138.61718470054444,91.20684910714625,9,240,0.9822830746068476,5.599581600283273,19.44299166765025,-11.88876309669174,3,dynamic_1_5_p3_6_12_h1_3_6_12,dynamic:1.5,True,True,highs
milp_h6,23,56.02322022417955,164.38114492230193,108.35792469812237,10,241,0.876477832139316,4.036200201022439,14.014584031327912,-3.275878465910374,3,dynamic_1_5_p3_6_12_h1_3_6_12,dynamic:1.5,True,True,highs
milp_h6,24,59.95691033876163,176.21256148231566,116.25565114355403,8,238,0.8711722732178178,5.819548100116663,20.20676423651619,0.6578116486717036,3,dynamic_1_5_p3_6_12_h1_3_6_12,dynamic:1.5,True,True,highs
milp_h6,25,82.74775403522443,243.6894234576125,160.94166942238806,6,245,0.9983181888998832,4.9448703997186385,17.16968888791194,23.448655345134505,3,dynamic_1_5_p3_6_12_h1_3_6_12,dynamic:1.5,True,True,highs
milp_h6,26,61.393190723826606,180.63940461592884,119.24621389210223,8,211,0.9987962101513237,4.926751799124759,17.1067770802943,2.094092033736679,3,dynamic_1_5_p3_6_12_h1_3_6_12,dynamic:1.5,True,True,highs
milp_h6,27,39.46008194876839,116.01677382382879,76.5566918750604,8,257,0.9987383218372654,3.902996900025755,13.552072569533872,-19.839016741321537,3,dynamic_1_5_p3_6_12_h1_3_6_12,dynamic:1.5,True,True,highs
milp_h6,28,68.55554149932172,201.763509386469,133.20796788714728,11,249,0.998074255502593,4.79951929935487,16.66499756720441,9.256442809231793,3,dynamic_1_5_p3_6_12_h1_3_6_12,dynamic:1.5,True,True,highs
milp_h6,29,62.65421859098059,184.27522489086888,121.6210062998883,9,238,0.9979715945163851,5.346063099859748,18.562719096735236,3.3551199008906636,3,dynamic_1_5_p3_6_12_h1_3_6_12,dynamic:1.5,True,True,highs
milp_h12,0,59.19540917894125,173.97919563671826,114.78378645777701,10,223,0.9963768303565406,7.571820599550847,26.29104374844044,-0.10368951114867997,3,dynamic_1_5_p3_6_12_h1_3_6_12,dynamic:1.5,True,True,highs
milp_h12,1,57.705952375299745,169.45256249225835,111.7466101169586,6,226,0.8256903283853899,7.2276305998675525,25.095939582873445,-1.5931463147901823,3,dynamic_1_5_p3_6_12_h1_3_6_12,dynamic:1.5,True,True,highs
milp_h12,2,55.54860487364486,163.34423288239512,107.79562800875026,8,233,0.9971658125573828,5.751762799976859,19.97139861103076,-3.750493816445065,3,dynamic_1_5_p3_6_12_h1_3_6_12,dynamic:1.5,True,True,highs
milp_h12,3,58.9650984444812,173.32751926652938,114.36242082204818,9,224,0.9965594509962554,7.2817010001163,25.283684028181597,-0.33400024560872765,3,dynamic_1_5_p3_6_12_h1_3_6_12,dynamic:1.5,True,True,highs
milp_h12,4,63.25537851204474,186.1559355959296,122.90055708388486,9,230,0.9140793179341863,6.257440499553923,21.727223956784453,3.9562798219548156,3,dynamic_1_5_p3_6_12_h1_3_6_12,dynamic:1.5,True,True,highs
milp_h12,5,55.40209078292459,162.5544711612734,107.15238037834881,7,247,0.9741979716215119,7.441770299396012,25.839480206236153,-3.8970079071653387,3,dynamic_1_5_p3_6_12_h1_3_6_12,dynamic:1.5,True,True,highs
milp_h12,6,60.90454025860156,179.08298134449169,118.17844108589013,11,268,0.9978670514969769,6.32447710033739,21.959989931727048,1.6054415685116297,3,dynamic_1_5_p3_6_12_h1_3_6_12,dynamic:1.5,True,True,highs
milp_h12,7,45.863177529548324,134.31684286055437,88.45366533100605,10,217,0.8658555587327035,6.750192700419575,23.43816909867908,-13.435921160541604,3,dynamic_1_5_p3_6_12_h1_3_6_12,dynamic:1.5,True,True,highs
milp_h12,8,54.33059497497116,159.27879340604179,104.94819843107062,7,239,0.8749189787954059,10.142089699860662,35.2155892356273,-4.968503715118764,3,dynamic_1_5_p3_6_12_h1_3_6_12,dynamic:1.5,True,True,highs
milp_h12,9,68.9323704167908,202.94845054093852,134.01608012414772,9,258,0.7802145272870259,8.614065900270361,29.90995104260542,9.633271726700876,3,dynamic_1_5_p3_6_12_h1_3_6_12,dynamic:1.5,True,True,highs
milp_h12,10,77.12432940047583,227.23874831638335,150.11441891590752,8,230,0.8341894879631842,8.514394399593584,29.56386944303328,17.825230710385902,3,dynamic_1_5_p3_6_12_h1_3_6_12,dynamic:1.5,True,True,highs
milp_h12,11,59.540309416414956,174.71964894096064,115.17933952454568,7,208,0.9982573010971827,6.345456999959424,22.032836805414668,0.24121072632502916,3,dynamic_1_5_p3_6_12_h1_3_6_12,dynamic:1.5,True,True,highs
milp_h12,12,59.41891525921346,175.07709121790649,115.65817595869302,7,243,0.997000700995891,7.555192100000568,26.233305902779747,0.119816569123536,3,dynamic_1_5_p3_6_12_h1_3_6_12,dynamic:1.5,True,True,highs
milp_h12,13,59.08302312483717,173.59282005519,114.50979693035283,8,220,0.9966746802153711,8.381948299356736,29.103987150544224,-0.2160755652527584,3,dynamic_1_5_p3_6_12_h1_3_6_12,dynamic:1.5,True,True,highs
milp_h12,14,61.54577850652538,180.99053181405068,119.4447533075253,12,244,0.9973149974931198,6.7836856009671465,23.554463892247036,2.246679816435453,3,dynamic_1_5_p3_6_12_h1_3_6_12,dynamic:1.5,True,True,highs
milp_h12,15,56.3135926572034,166.15475323771926,109.84116058051586,7,223,0.799829902554594,6.29614920046879,21.86162916829441,-2.9855060328865264,3,dynamic_1_5_p3_6_12_h1_3_6_12,dynamic:1.5,True,True,highs
milp_h12,16,62.12264293672608,182.72552941781248,120.6028864810864,10,225,0.9982229355705611,6.5929200001992285,22.8920833340251,2.8235442466361533,3,dynamic_1_5_p3_6_12_h1_3_6_12,dynamic:1.5,True,True,highs
milp_h12,17,68.2194856253733,200.96740623585197,132.74792061047867,8,233,0.9974246666767745,6.661688899970613,23.130864236009074,8.920386935283368,3,dynamic_1_5_p3_6_12_h1_3_6_12,dynamic:1.5,True,True,highs
milp_h12,18,40.08570863630304,117.93779366989224,77.8520850335892,8,235,0.8804308346317191,7.35888170049293,25.551672571156004,-19.21339005378689,3,dynamic_1_5_p3_6_12_h1_3_6_12,dynamic:1.5,True,True,highs
milp_h12,19,60.8779969779315,178.83464078306181,117.95664380513031,7,200,0.9976150574581576,7.144934899813961,24.808801735465142,1.5788982878415752,3,dynamic_1_5_p3_6_12_h1_3_6_12,dynamic:1.5,True,True,highs
milp_h12,20,45.76169738479011,134.1868740492037,88.4251766644136,9,239,0.9583987243749126,6.716141300101299,23.319935069796177,-13.537401305299817,3,dynamic_1_5_p3_6_12_h1_3_6_12,dynamic:1.5,True,True,highs
milp_h12,21,70.20565493590644,206.5299587566357,136.32430382072926,11,235,0.9995490575523204,6.058281900477596,21.035701043324984,10.90655624581651,3,dynamic_1_5_p3_6_12_h1_3_6_12,dynamic:1.5,True,True,highs
milp_h12,22,47.39700093354183,138.60390809684552,91.20690716330368,10,239,0.9982513987244692,7.22670819965424,25.092736804355,-11.902097756548095,3,dynamic_1_5_p3_6_12_h1_3_6_12,dynamic:1.5,True,True,highs
milp_h12,23,56.36712225471858,165.44032692109468,109.0732046663761,6,244,0.7556128164150011,8.709314700041432,30.240676041810527,-2.9319764353713467,3,dynamic_1_5_p3_6_12_h1_3_6_12,dynamic:1.5,True,True,highs
milp_h12,24,59.9569103821554,176.21256148231566,116.25565110016026,8,238,0.8706242305557785,8.230994999816176,28.57984374936172,0.6578116920654722,3,dynamic_1_5_p3_6_12_h1_3_6_12,dynamic:1.5,True,True,highs
milp_h12,25,82.7477540352244,243.68942345761246,160.94166942238806,9,242,0.8281275361031758,7.237403900129721,25.129874653228196,23.448655345134476,3,dynamic_1_5_p3_6_12_h1_3_6_12,dynamic:1.5,True,True,highs
milp_h12,26,61.393190723826606,180.63940461592884,119.24621389210223,8,211,0.7391129608189231,7.58038129954366,26.320768401193263,2.094092033736679,3,dynamic_1_5_p3_6_12_h1_3_6_12,dynamic:1.5,True,True,highs
milp_h12,27,39.46008194876839,116.01677382382879,76.5566918750604,8,257,0.995206049216981,8.351604100025725,28.998625347311545,-19.839016741321537,3,dynamic_1_5_p3_6_12_h1_3_6_12,dynamic:1.5,True,True,highs
milp_h12,28,68.76867672895696,202.4029150753747,133.63423834641773,8,252,0.9966275718269193,6.615496200334746,22.97047291782898,9.469578038867034,3,dynamic_1_5_p3_6_12_h1_3_6_12,dynamic:1.5,True,True,highs
milp_h12,29,62.44996281015736,183.6624575483992,121.21249473824184,9,238,0.9986519681711311,8.38613030052511,29.11850798793441,3.150864120067432,3,dynamic_1_5_p3_6_12_h1_3_6_12,dynamic:1.5,True,True,highs
equal_share,0,36.21209018153475,108.63627054460426,72.42418036306951,8,225,0.9945230821795376,0.002016200392972678,0.00700069580893291,-23.08700850855518,3,dynamic_1_5_p3_6_12_h1_3_6_12,dynamic:1.5,True,True,highs
equal_share,1,29.216701542464314,87.65010462739293,58.43340308492862,2,230,0.6406227845783328,0.0019889003015123308,0.006905903824695593,-30.082397147625613,3,dynamic_1_5_p3_6_12_h1_3_6_12,dynamic:1.5,True,True,highs
equal_share,2,30.04053384238904,90.12160152716712,60.08106768477808,3,238,0.9982376239275677,0.002055099990684539,0.007135763856543538,-29.25856484770089,3,dynamic_1_5_p3_6_12_h1_3_6_12,dynamic:1.5,True,True,highs
equal_share,3,47.51630971269633,142.54892913808897,95.03261942539264,7,226,0.9978373259501343,0.0023154005175456405,0.008039585130366808,-11.7827889773936,3,dynamic_1_5_p3_6_12_h1_3_6_12,dynamic:1.5,True,True,highs
equal_share,4,28.91539885875276,86.74619657625827,57.83079771750551,2,237,0.9966434284727544,0.001961199683137238,0.0068097211220042985,-30.383699831337168,3,dynamic_1_5_p3_6_12_h1_3_6_12,dynamic:1.5,True,True,highs
equal_share,5,37.413372788978805,112.24011836693641,74.82674557795761,6,248,0.9980665270160616,0.0019225996802560985,0.0066756933342225645,-21.885725901111122,3,dynamic_1_5_p3_6_12_h1_3_6_12,dynamic:1.5,True,True,highs
equal_share,6,43.50953911165625,130.52861733496871,87.01907822331246,6,273,0.9969955671913019,0.0020728003582917154,0.007197223466290679,-15.789559578433675,3,dynamic_1_5_p3_6_12_h1_3_6_12,dynamic:1.5,True,True,highs
equal_share,7,43.79914782802213,131.39744348406643,87.5982956560443,9,218,0.8816116535195606,0.0019982997910119593,0.006938540941013748,-15.499950862067799,3,dynamic_1_5_p3_6_12_h1_3_6_12,dynamic:1.5,True,True,highs
equal_share,8,45.10349733424307,135.31049200272923,90.20699466848616,8,238,0.9980808153807884,0.002018099301494658,0.007007289241300896,-14.195601355846854,3,dynamic_1_5_p3_6_12_h1_3_6_12,dynamic:1.5,True,True,highs
equal_share,9,66.63734262457584,199.91202787372748,133.27468524915164,10,257,0.7846772939730045,0.0021006999886594713,0.007294097182845387,7.338243934485909,3,dynamic_1_5_p3_6_12_h1_3_6_12,dynamic:1.5,True,True,highs
equal_share,10,65.2329518459598,195.6988555378794,130.4659036919196,11,227,0.9338356262441522,0.001942499482538551,0.006744789869925525,5.933853155869876,3,dynamic_1_5_p3_6_12_h1_3_6_12,dynamic:1.5,True,True,highs
equal_share,11,42.083415740630684,126.25024722189207,84.16683148126138,6,208,0.9947447065166739,0.0021061001461930573,0.007312847729837004,-17.215682949459243,3,dynamic_1_5_p3_6_12_h1_3_6_12,dynamic:1.5,True,True,highs
equal_share,12,44.74185305417603,134.2255591625281,89.48370610835207,8,242,0.9959151943420026,0.001946600095834583,0.006759028110536747,-14.557245635913894,3,dynamic_1_5_p3_6_12_h1_3_6_12,dynamic:1.5,True,True,highs
equal_share,13,56.63504745870944,169.9051423761283,113.27009491741887,6,222,0.9952220450507673,0.0019116001785732806,0.006637500620046113,-2.6640512313804905,3,dynamic_1_5_p3_6_12_h1_3_6_12,dynamic:1.5,True,True,highs
equal_share,14,59.36439716045639,178.09319148136916,118.72879432091277,12,244,0.8404143834755303,0.0019799003493972123,0.006874653990962543,0.0652984703664643,3,dynamic_1_5_p3_6_12_h1_3_6_12,dynamic:1.5,True,True,highs
equal_share,15,50.44325604800579,151.32976814401738,100.88651209601159,10,220,0.9970108480290975,0.0018368000746704638,0.006377778037050221,-8.855842642084134,3,dynamic_1_5_p3_6_12_h1_3_6_12,dynamic:1.5,True,True,highs
equal_share,16,51.81306556646035,155.43919669938103,103.62613113292068,6,229,0.9986632602846172,0.0018691002042032778,0.006489931264594715,-7.486033123629575,3,dynamic_1_5_p3_6_12_h1_3_6_12,dynamic:1.5,True,True,highs
equal_share,17,55.07035947938155,165.21107843814465,110.1407189587631,7,234,0.9964993002256387,0.0018815004732459784,0.006532987754326314,-4.228739210708376,3,dynamic_1_5_p3_6_12_h1_3_6_12,dynamic:1.5,True,True,highs
equal_share,18,38.80904082869094,116.42712248607283,77.6180816573819,11,232,0.8795763167792285,0.0020147996838204563,0.006995832235487696,-20.490057861398988,3,dynamic_1_5_p3_6_12_h1_3_6_12,dynamic:1.5,True,True,highs
equal_share,19,32.56087652575751,97.68262957727252,65.12175305151501,1,206,0.0,0.0019670004840008914,0.006829862791669762,-26.73822216433242,3,dynamic_1_5_p3_6_12_h1_3_6_12,dynamic:1.5,True,True,highs
equal_share,20,42.5977909270988,127.7933727812964,85.1955818541976,12,236,0.9700005454800573,0.0018812001217156649,0.0065319448670682805,-16.701307762991128,3,dynamic_1_5_p3_6_12_h1_3_6_12,dynamic:1.5,True,True,highs
equal_share,21,67.3565128286636,202.06953848599082,134.71302565732722,9,236,0.9963342618647122,0.001907399797346443,0.006622915963008482,8.05741413857367,3,dynamic_1_5_p3_6_12_h1_3_6_12,dynamic:1.5,True,True,highs
equal_share,22,33.88288255490241,101.64864766470724,67.76576510980483,9,240,0.8663495446143976,0.0018175996956415474,0.006311110054310929,-25.41621613518752,3,dynamic_1_5_p3_6_12_h1_3_6_12,dynamic:1.5,True,True,highs
equal_share,23,47.31986783338972,141.95960350016918,94.63973566677946,10,241,0.868617803573245,0.0017980008851736784,0.006243058629075272,-11.979230856700205,3,dynamic_1_5_p3_6_12_h1_3_6_12,dynamic:1.5,True,True,highs
equal_share,24,21.91168484773504,65.73505454320511,43.82336969547007,3,243,0.7330111660717463,0.0019079995690844953,0.006624998503765609,-37.38741384235489,3,dynamic_1_5_p3_6_12_h1_3_6_12,dynamic:1.5,True,True,highs
equal_share,25,79.89742902314472,239.6922870694342,159.79485804628948,9,242,0.997987757976848,0.0018461003201082349,0.006410070555931371,20.598330333054797,3,dynamic_1_5_p3_6_12_h1_3_6_12,dynamic:1.5,True,True,highs
equal_share,26,37.28162325467545,111.84486976402634,74.56324650935089,3,216,0.9981162002262349,0.0017764988006092608,0.0061683986132266,-22.017475435414475,3,dynamic_1_5_p3_6_12_h1_3_6_12,dynamic:1.5,True,True,highs
equal_share,27,28.186165622504795,84.5584968675144,56.37233124500961,6,259,0.9984190544786145,0.0019178001093678176,0.006659028157527145,-31.112933067585132,3,dynamic_1_5_p3_6_12_h1_3_6_12,dynamic:1.5,True,True,highs
equal_share,28,51.59700719217736,154.7910215765321,103.19401438435474,7,253,0.9971599368230762,0.0018604000215418637,0.00645972229702036,-7.702091497912569,3,dynamic_1_5_p3_6_12_h1_3_6_12,dynamic:1.5,True,True,highs
equal_share,29,58.595677874030045,175.78703362209015,117.1913557480601,8,239,0.9973436027659769,0.0017745996010489762,0.006161804170308945,-0.7034208160598823,3,dynamic_1_5_p3_6_12_h1_3_6_12,dynamic:1.5,True,True,highs
max_charge,0,57.85759223302203,173.5727766990661,115.71518446604408,13,220,0.9954488652558668,0.000916200689971447,0.003181252395734191,-1.441506457067895,3,dynamic_1_5_p3_6_12_h1_3_6_12,dynamic:1.5,True,True,highs
max_charge,1,55.988134226202945,167.96440267860885,111.9762684524059,11,221,0.9268824374094706,0.0008688002708368003,0.0030166676070722234,-3.3109644638869824,3,dynamic_1_5_p3_6_12_h1_3_6_12,dynamic:1.5,True,True,highs
max_charge,2,54.31291408141452,162.93874224424357,108.62582816282905,7,234,0.9984183928156549,0.00103570002829656,0.0035961806538075004,-4.9861846086754085,3,dynamic_1_5_p3_6_12_h1_3_6_12,dynamic:1.5,True,True,highs
max_charge,3,57.3485370159149,172.0456110477447,114.6970740318298,11,222,0.7782526646569141,0.0010043999063782394,0.0034874996749244425,-1.9505616741750273,3,dynamic_1_5_p3_6_12_h1_3_6_12,dynamic:1.5,True,True,highs
max_charge,4,61.57924503833053,184.7377351149916,123.15849007666108,7,232,0.9969857748375461,0.000889300019480288,0.003087847289862111,2.2801463482405993,3,dynamic_1_5_p3_6_12_h1_3_6_12,dynamic:1.5,True,True,highs
max_charge,5,53.7438221241037,161.23146637231108,107.48764424820737,10,244,0.998378414143515,0.0008415007614530623,0.0029218776439342443,-5.555276565986226,3,dynamic_1_5_p3_6_12_h1_3_6_12,dynamic:1.5,True,True,highs
max_charge,6,59.58598039795952,178.7579411938786,119.17196079591908,13,266,0.997153332064982,0.0008787005208432674,0.003051043475150234,0.2868817078695898,3,dynamic_1_5_p3_6_12_h1_3_6_12,dynamic:1.5,True,True,highs
max_charge,7,44.226832665503025,132.68049799650905,88.45366533100602,9,218,0.8816116535195606,0.0010488000116311014,0.0036416667070524353,-15.072266024586902,3,dynamic_1_5_p3_6_12_h1_3_6_12,dynamic:1.5,True,True,highs
max_charge,8,52.86665752232071,158.59997256696218,105.73331504464147,11,235,0.8586881228052153,0.0009999002213589847,0.0034718757686075857,-6.43244116776922,3,dynamic_1_5_p3_6_12_h1_3_6_12,dynamic:1.5,True,True,highs
max_charge,9,67.20686826755599,201.62060480266803,134.41373653511204,10,257,0.7846772939730045,0.0011125998571515083,0.003863193948442737,7.907769577466063,3,dynamic_1_5_p3_6_12_h1_3_6_12,dynamic:1.5,True,True,highs
max_charge,10,75.3182094554106,225.95462836623184,150.63641891082125,13,225,0.9338356262441522,0.0009463994647376239,0.0032861092525611943,16.01911076532067,3,dynamic_1_5_p3_6_12_h1_3_6_12,dynamic:1.5,True,True,highs
max_charge,11,58.29772373239196,174.89317119717592,116.59544746478396,10,204,0.902288624440168,0.0008901998517103493,0.003090971707327602,-1.0013749576979691,3,dynamic_1_5_p3_6_12_h1_3_6_12,dynamic:1.5,True,True,highs
max_charge,12,58.12793797552584,174.38381392657752,116.25587595105168,12,238,0.9971551239712794,0.0010691004572436213,0.0037121543654292407,-1.1711607145640883,3,dynamic_1_5_p3_6_12_h1_3_6_12,dynamic:1.5,True,True,highs
max_charge,13,57.36944429973758,172.10833289921277,114.73888859947519,7,221,0.9952220450507673,0.0011844996479339898,0.004112845999770798,-1.929654390352347,3,dynamic_1_5_p3_6_12_h1_3_6_12,dynamic:1.5,True,True,highs
max_charge,14,59.845072250564854,179.5352167516946,119.69014450112975,12,244,0.8404143834755303,0.0008451998583041131,0.002934721730222615,0.545973560474927,3,dynamic_1_5_p3_6_12_h1_3_6_12,dynamic:1.5,True,True,highs
max_charge,15,54.9205802902579,164.76174087077374,109.84116058051583,11,219,0.9974426545316666,0.0008227993967011571,0.0028569423496567956,-4.378518399832025,3,dynamic_1_5_p3_6_12_h1_3_6_12,dynamic:1.5,True,True,highs
max_charge,16,60.526293244461186,181.5788797333836,121.0525864889224,8,227,0.9980612067033654,0.0008854001061990857,0.003074305924302381,1.227194554371259,3,dynamic_1_5_p3_6_12_h1_3_6_12,dynamic:1.5,True,True,highs
max_charge,17,66.9891772607962,200.96753178238862,133.97835452159242,10,232,0.996737490798618,0.0008681996841914952,0.003014582236776025,7.6900785707062695,3,dynamic_1_5_p3_6_12_h1_3_6_12,dynamic:1.5,True,True,highs
max_charge,18,39.18033680394291,117.54101041182872,78.36067360788581,12,232,0.8795763167792285,0.0008255001157522202,0.0028663198463618755,-20.11876188614702,3,dynamic_1_5_p3_6_12_h1_3_6_12,dynamic:1.5,True,True,highs
max_charge,19,59.494313418865175,178.48294025659555,118.98862683773038,11,196,0.9985683377144811,0.0008406000561080873,0.0029187501948197475,0.19521472877524815,3,dynamic_1_5_p3_6_12_h1_3_6_12,dynamic:1.5,True,True,highs
max_charge,20,44.442098308354616,133.32629492506382,88.8841966167092,13,235,0.9736623266616763,0.0007782000466249883,0.002702083495225654,-14.857000381735311,3,dynamic_1_5_p3_6_12_h1_3_6_12,dynamic:1.5,True,True,highs
max_charge,21,68.1621519103646,204.48645573109383,136.32430382072923,9,236,0.9963342618647122,0.0007917002076283097,0.0027489590542649645,8.863053220274672,3,dynamic_1_5_p3_6_12_h1_3_6_12,dynamic:1.5,True,True,highs
max_charge,22,45.63019455224273,136.8905836567282,91.26038910448548,13,236,0.8884118050608579,0.0007643997087143362,0.0026541656552581117,-13.6689041378472,3,dynamic_1_5_p3_6_12_h1_3_6_12,dynamic:1.5,True,True,highs
max_charge,23,54.53660233318803,163.6098069995641,109.07320466637609,12,239,0.8948335093799965,0.0008051001932471991,0.00279548678210833,-4.762496356901899,3,dynamic_1_5_p3_6_12_h1_3_6_12,dynamic:1.5,True,True,highs
max_charge,24,58.34349901626504,175.03049704879516,116.68699803253011,10,236,0.9098346035409576,0.0008437001961283386,0.0029295145698900646,-0.9555996738248851,3,dynamic_1_5_p3_6_12_h1_3_6_12,dynamic:1.5,True,True,highs
max_charge,25,80.61243888139722,241.83731664419167,161.22487776279445,9,242,0.997987757976848,0.0008199004223570228,0.00284687646651744,21.313340191307297,3,dynamic_1_5_p3_6_12_h1_3_6_12,dynamic:1.5,True,True,highs
max_charge,26,59.843273614346955,179.52982084304088,119.68654722869393,9,210,0.9978946464489683,0.0008120007696561515,0.0028194471168616372,0.5441749242570282,3,dynamic_1_5_p3_6_12_h1_3_6_12,dynamic:1.5,True,True,highs
max_charge,27,38.35129593809445,115.05388781428334,76.70259187618889,10,255,0.9985811031767753,0.0007703001610934734,0.0026746533371301163,-20.947802751995475,3,dynamic_1_5_p3_6_12_h1_3_6_12,dynamic:1.5,True,True,highs
max_charge,28,66.94221500506,200.82664501518005,133.88443001012004,10,250,0.9971599368230762,0.0007814007112756371,0.0027131969141515177,7.643116314970079,3,dynamic_1_5_p3_6_12_h1_3_6_12,dynamic:1.5,True,True,highs
max_charge,29,61.23791326880453,183.7137398064136,122.47582653760907,9,238,0.9979836472733054,0.0007787001086398959,0.0027038198216663054,1.9388145787146058,3,dynamic_1_5_p3_6_12_h1_3_6_12,dynamic:1.5,True,True,highs
random,0,51.743829207800246,155.23148762340074,103.48765841560049,13,220,0.9974609166744965,0.008718099619727582,0.030271179235165216,-7.555269482289681,3,dynamic_1_5_p3_6_12_h1_3_6_12,dynamic:1.5,True,True,highs
random,1,48.36359109716106,145.09077329148317,96.72718219432211,8,224,0.9364387223217784,0.008471900364384055,0.02941632070966686,-10.935507592928865,3,dynamic_1_5_p3_6_12_h1_3_6_12,dynamic:1.5,True,True,highs
random,2,47.42447667217195,142.27343001651585,94.8489533443439,7,235,0.9974805827809454,0.007502899970859289,0.02605173600992809,-11.874622017917979,3,dynamic_1_5_p3_6_12_h1_3_6_12,dynamic:1.5,True,True,highs
random,3,50.93788663630298,152.8136599089089,101.87577327260593,9,224,0.9969770175034935,0.007265998923685402,0.0252291629294632,-8.36121205378695,3,dynamic_1_5_p3_6_12_h1_3_6_12,dynamic:1.5,True,True,highs
random,4,53.43634728611127,160.30904185833384,106.87269457222257,7,232,0.9980684761952595,0.007291299989446998,0.02531701385224652,-5.862751403978656,3,dynamic_1_5_p3_6_12_h1_3_6_12,dynamic:1.5,True,True,highs
random,5,47.46317141343286,142.38951424029855,94.92634282686569,10,244,0.98678410191979,0.0072307008667849,0.025106600231892016,-11.835927276657067,3,dynamic_1_5_p3_6_12_h1_3_6_12,dynamic:1.5,True,True,highs
random,6,52.61842954055294,157.85528862165881,105.23685908110588,6,273,0.9995824738348882,0.007731600373517722,0.026845834630269867,-6.680669149536989,3,dynamic_1_5_p3_6_12_h1_3_6_12,dynamic:1.5,True,True,highs
random,7,38.322614499431054,114.96784349829316,76.64522899886211,6,221,0.9978819240477697,0.007356199610512704,0.025542359758724667,-20.976484190658873,3,dynamic_1_5_p3_6_12_h1_3_6_12,dynamic:1.5,True,True,highs
random,8,46.178953567567405,138.5368607027022,92.3579071351348,9,237,0.8350203009821946,0.007409899786580354,0.025728818703404006,-13.120145122522523,3,dynamic_1_5_p3_6_12_h1_3_6_12,dynamic:1.5,True,True,highs
random,9,60.45188576477193,181.3556572943158,120.90377152954386,10,257,0.9028904306784731,0.007265100721269846,0.025226044171075854,1.1527870746820028,3,dynamic_1_5_p3_6_12_h1_3_6_12,dynamic:1.5,True,True,highs
random,10,67.29339915400413,201.8801974620124,134.58679830800827,10,228,0.9980021724913601,0.007500500010792166,0.026043402815250576,7.9943004639142075,3,dynamic_1_5_p3_6_12_h1_3_6_12,dynamic:1.5,True,True,highs
random,11,50.442835173570415,151.32850552071125,100.88567034714083,9,205,0.9379207291016766,0.007947499922011048,0.02759548584031614,-8.856263516519512,3,dynamic_1_5_p3_6_12_h1_3_6_12,dynamic:1.5,True,True,highs
random,12,50.791526948174024,152.37458084452206,101.58305389634803,8,242,0.9175867815843173,0.007875300012528896,0.027344791710169777,-8.507571741915903,3,dynamic_1_5_p3_6_12_h1_3_6_12,dynamic:1.5,True,True,highs
random,13,50.507216398837244,151.52164919651173,101.01443279767449,7,221,0.9973435892985427,0.007886700273957103,0.027384375951239943,-8.791882291252684,3,dynamic_1_5_p3_6_12_h1_3_6_12,dynamic:1.5,True,True,highs
random,14,53.76020039418009,161.2806011825403,107.5204007883602,11,245,0.9971015025233205,0.007685299846343696,0.026685068910915613,-5.5388982959098385,3,dynamic_1_5_p3_6_12_h1_3_6_12,dynamic:1.5,True,True,highs
random,15,47.391704984256336,142.17511495276898,94.78340996851264,9,221,0.997079835728616,0.007905599544756114,0.027449998419292063,-11.907393705833591,3,dynamic_1_5_p3_6_12_h1_3_6_12,dynamic:1.5,True,True,highs
random,16,54.979419219210385,164.9382576576311,109.95883843842073,9,226,0.9955813135415035,0.008750800509005785,0.03038472398960342,-4.319679470879542,3,dynamic_1_5_p3_6_12_h1_3_6_12,dynamic:1.5,True,True,highs
random,17,59.849305951061055,179.54791785318318,119.69861190212212,8,233,0.9968305079663529,0.007943199307192117,0.02758055314997263,0.5502072609711277,3,dynamic_1_5_p3_6_12_h1_3_6_12,dynamic:1.5,True,True,highs
random,18,34.395264653822295,103.1857939614669,68.7905293076446,7,236,0.7517311664703754,0.007780799933243543,0.027016666434873413,-24.903834036267632,3,dynamic_1_5_p3_6_12_h1_3_6_12,dynamic:1.5,True,True,highs
random,19,53.01113473556602,159.03340420669807,106.02226947113205,8,199,0.9970319280578718,0.00800830009393394,0.027806597548381735,-6.28796395452391,3,dynamic_1_5_p3_6_12_h1_3_6_12,dynamic:1.5,True,True,highs
random,20,38.79786036444213,116.39358109332642,77.59572072888429,9,239,0.9980805081781396,0.007563900377135724,0.026263542976165708,-20.501238325647797,3,dynamic_1_5_p3_6_12_h1_3_6_12,dynamic:1.5,True,True,highs
random,21,60.253415839268996,180.760247517807,120.50683167853799,8,238,0.9965509216569964,0.007149299490265548,0.024823956563422043,0.9543171491790687,3,dynamic_1_5_p3_6_12_h1_3_6_12,dynamic:1.5,True,True,highs
random,22,40.89051764734174,122.67155294202523,81.78103529468349,9,240,0.9960407264129894,0.007403499563224614,0.02570659570564102,-18.40858104274819,3,dynamic_1_5_p3_6_12_h1_3_6_12,dynamic:1.5,True,True,highs
random,23,48.069020552799955,144.20706165839985,96.1380411055999,9,242,0.6815005746905909,0.007518199388869107,0.026104858989128843,-11.230078137289972,3,dynamic_1_5_p3_6_12_h1_3_6_12,dynamic:1.5,True,True,highs
random,24,52.126910566705945,156.38073170011785,104.2538211334119,10,236,0.8945386702551363,0.008078800630755723,0.028051391079012927,-7.172188123383982,3,dynamic_1_5_p3_6_12_h1_3_6_12,dynamic:1.5,True,True,highs
random,25,70.44232130010701,211.32696390032103,140.88464260021402,10,241,0.9945691825643436,0.008367000438738614,0.0290520848567313,11.143222610017084,3,dynamic_1_5_p3_6_12_h1_3_6_12,dynamic:1.5,True,True,highs
random,26,51.467083358308855,154.4012500749266,102.93416671661774,8,211,0.9978423992775878,0.007721300586126745,0.02681007147960675,-7.832015331781072,3,dynamic_1_5_p3_6_12_h1_3_6_12,dynamic:1.5,True,True,highs
random,27,33.39460738391777,100.18382215175332,66.78921476783555,10,255,0.9941577743473855,0.007864700397476554,0.027307987491238035,-25.904491306172154,3,dynamic_1_5_p3_6_12_h1_3_6_12,dynamic:1.5,True,True,highs
random,28,59.45922942016263,178.37768826048787,118.91845884032524,10,250,0.9967545478931227,0.0078116002841852605,0.02712361209786549,0.1601307300727015,3,dynamic_1_5_p3_6_12_h1_3_6_12,dynamic:1.5,True,True,highs
random,29,54.106001313180045,162.31800393954012,108.21200262636007,7,240,0.8230841267743687,0.008193499990738928,0.02844965274562128,-5.193097376909883,3,dynamic_1_5_p3_6_12_h1_3_6_12,dynamic:1.5,True,True,highs
milp_h1,0,116.32538373338153,345.2873042397476,228.96192050636606,15,215,0.8017615748281814,2.7967356995213777,9.71088784556034,-0.19527443894057228,6,dynamic_1_5_p3_6_12_h1_3_6_12,dynamic:1.5,True,True,highs
milp_h1,1,113.01883856377782,335.3362081202048,222.31736955642697,16,214,0.9987245676375259,2.7027703999192454,9.384619444164047,-3.501819608544281,6,dynamic_1_5_p3_6_12_h1_3_6_12,dynamic:1.5,True,True,highs
milp_h1,2,109.19420310508036,324.1543021775049,214.96009907242455,15,223,0.997975326701361,2.718311099917628,9.43858020804732,-7.326455067241739,6,dynamic_1_5_p3_6_12_h1_3_6_12,dynamic:1.5,True,True,highs
milp_h1,3,115.9802597291172,344.34643113781016,228.36617140869296,11,219,0.7952736384620245,2.779701500199735,9.651741320137969,-0.5403984432049072,6,dynamic_1_5_p3_6_12_h1_3_6_12,dynamic:1.5,True,True,highs
milp_h1,4,124.13388673858552,368.70958358741507,244.57569684882955,12,224,0.9969081448444731,2.783968999807257,9.666559027108532,7.613228566263416,6,dynamic_1_5_p3_6_12_h1_3_6_12,dynamic:1.5,True,True,highs
milp_h1,5,108.66398983332027,322.312965714261,213.64897588094072,16,235,0.7069343633179429,2.786641699320171,9.675839233750594,-7.856668339001828,6,dynamic_1_5_p3_6_12_h1_3_6_12,dynamic:1.5,True,True,highs
milp_h1,6,118.95762381621782,353.2150798804945,234.25745606427668,15,261,0.9523389279105362,2.718367600638885,9.43877639110724,2.436965643895718,6,dynamic_1_5_p3_6_12_h1_3_6_12,dynamic:1.5,True,True,highs
milp_h1,7,89.61833467643513,265.53318301499934,175.9148483385642,13,211,0.9969758136435166,2.722118199977558,9.451799305477632,-26.902323495886975,6,dynamic_1_5_p3_6_12_h1_3_6_12,dynamic:1.5,True,True,highs
milp_h1,8,106.04145283416224,314.38365757852665,208.3422047443644,19,224,0.8354817401636357,2.5820038999663666,8.965291319327662,-10.479205338159858,6,dynamic_1_5_p3_6_12_h1_3_6_12,dynamic:1.5,True,True,highs
milp_h1,9,135.7963768650954,403.5404698858524,267.744093020757,22,242,0.7434280033344504,2.761388700280804,9.588155209308347,19.275718692773296,6,dynamic_1_5_p3_6_12_h1_3_6_12,dynamic:1.5,True,True,highs
milp_h1,10,150.86225701350287,448.3587836715324,297.49652665802955,19,216,0.900660316407046,2.8165941000916064,9.779840625318078,34.34159884118077,6,dynamic_1_5_p3_6_12_h1_3_6_12,dynamic:1.5,True,True,highs
milp_h1,11,116.69169861446008,346.1737607956547,229.4820621811946,19,192,0.8240330573523016,2.738290200184565,9.507952083974184,0.1710404421379792,6,dynamic_1_5_p3_6_12_h1_3_6_12,dynamic:1.5,True,True,highs
milp_h1,12,116.76583125190416,347.07007803889985,230.3042467869957,14,233,0.6393109044020862,3.0117930003325455,10.457614584488006,0.24517307958205947,6,dynamic_1_5_p3_6_12_h1_3_6_12,dynamic:1.5,True,True,highs
milp_h1,13,115.77888406639602,343.6255285811951,227.8466445147991,13,212,0.7575139112401427,2.9292530998354778,10.171017707762076,-0.7417741059260834,6,dynamic_1_5_p3_6_12_h1_3_6_12,dynamic:1.5,True,True,highs
milp_h1,14,120.95868538452393,359.1745250983358,238.21583971381185,7,246,0.9979399457659412,2.9203589997487143,10.140135415794147,4.438027212201831,6,dynamic_1_5_p3_6_12_h1_3_6_12,dynamic:1.5,True,True,highs
milp_h1,15,111.06781110632616,330.3966682674308,219.32885716110465,14,213,0.8575939747535276,2.8358863995526917,9.846827776224623,-5.45284706599594,6,dynamic_1_5_p3_6_12_h1_3_6_12,dynamic:1.5,True,True,highs
milp_h1,16,122.36112817617226,363.44098513615097,241.0798569599787,11,221,0.3042237815302345,2.765280199586414,9.601667359675048,5.840470003850157,6,dynamic_1_5_p3_6_12_h1_3_6_12,dynamic:1.5,True,True,highs
milp_h1,17,133.90989786272428,398.03857887082074,264.12868100809646,15,225,0.9343883326923713,2.89959439978702,10.068036110371597,17.389239690402178,6,dynamic_1_5_p3_6_12_h1_3_6_12,dynamic:1.5,True,True,highs
milp_h1,18,78.88854279465272,234.32902404017042,155.4404812455177,13,227,0.972439664617858,2.6435725004412234,9.179071182087581,-37.63211537766938,6,dynamic_1_5_p3_6_12_h1_3_6_12,dynamic:1.5,True,True,highs
milp_h1,19,119.55144277729855,354.85492142059667,235.30347864329812,14,190,0.8551349272104797,2.673848600592464,9.284196529834945,3.0307846049764464,6,dynamic_1_5_p3_6_12_h1_3_6_12,dynamic:1.5,True,True,highs
milp_h1,20,89.70654484542194,266.0213747810521,176.31482993563014,11,234,0.998227515415436,2.6620663000503555,9.243285764063735,-26.814113326900156,6,dynamic_1_5_p3_6_12_h1_3_6_12,dynamic:1.5,True,True,highs
milp_h1,21,137.5085882033344,408.4083215462394,270.899733342905,16,226,0.874083105946285,2.743595299893059,9.526372569073121,20.987930031012297,6,dynamic_1_5_p3_6_12_h1_3_6_12,dynamic:1.5,True,True,highs
milp_h1,22,92.58544016825732,274.14249842512186,181.55705825686454,15,231,0.9972957591436481,2.7753126992611215,9.636502427990004,-23.93521800406478,6,dynamic_1_5_p3_6_12_h1_3_6_12,dynamic:1.5,True,True,highs
milp_h1,23,110.24567368971003,327.0210294117178,216.77535572200776,17,230,0.9238100105498498,2.697102700069081,9.36493993079542,-6.274984482612069,6,dynamic_1_5_p3_6_12_h1_3_6_12,dynamic:1.5,True,True,highs
milp_h1,24,117.52961540019137,348.9033761236709,231.37376072347953,17,226,0.8378834988356821,2.651714699459262,9.207342706455771,1.0089572278692742,6,dynamic_1_5_p3_6_12_h1_3_6_12,dynamic:1.5,True,True,highs
milp_h1,25,162.5615076247879,483.096775039318,320.5352674145301,12,236,0.8847206072700624,2.7049422003910877,9.39216041802461,46.04084945246581,6,dynamic_1_5_p3_6_12_h1_3_6_12,dynamic:1.5,True,True,highs
milp_h1,26,120.55832295564926,358.10843760951474,237.55011465386548,19,197,0.9683609664952485,2.8872142999316566,10.025049652540474,4.037664783327159,6,dynamic_1_5_p3_6_12_h1_3_6_12,dynamic:1.5,True,True,highs
milp_h1,27,77.7180018861406,230.7905336359454,153.0725317498048,13,250,0.9981208250281504,2.9142192995059304,10.11881701217337,-38.8026562861815,6,dynamic_1_5_p3_6_12_h1_3_6_12,dynamic:1.5,True,True,highs
milp_h1,28,134.42474984312548,399.2213331371833,264.7965832940578,12,245,0.9724383290678231,2.7026472993311472,9.384192011566483,17.904091670803382,6,dynamic_1_5_p3_6_12_h1_3_6_12,dynamic:1.5,True,True,highs
milp_h1,29,123.489356693317,366.75317779450563,243.26382110118863,11,234,0.8417073236823688,2.624786400294397,9.11384166768888,6.968698520994906,6,dynamic_1_5_p3_6_12_h1_3_6_12,dynamic:1.5,True,True,highs
milp_h3,0,116.41416661895849,345.48539142830623,229.07122480934774,14,216,0.8414681154980403,6.218926400062628,21.593494444661903,-0.10649155336361105,6,dynamic_1_5_p3_6_12_h1_3_6_12,dynamic:1.5,True,True,highs
milp_h3,1,113.01883856377782,335.3362081202048,222.31736955642697,18,212,0.9132011526820122,3.662932199833449,12.71851458275503,-3.501819608544281,6,dynamic_1_5_p3_6_12_h1_3_6_12,dynamic:1.5,True,True,highs
milp_h3,2,109.1941774162635,324.15427677124904,214.96009935498554,16,223,0.9959933131628386,3.5895504996879026,12.463717012805217,-7.326480756058601,6,dynamic_1_5_p3_6_12_h1_3_6_12,dynamic:1.5,True,True,highs
milp_h3,3,115.9802597291172,344.34643113781016,228.36617140869296,12,218,0.9982341880888763,4.002478500420693,13.897494793127407,-0.5403984432049072,6,dynamic_1_5_p3_6_12_h1_3_6_12,dynamic:1.5,True,True,highs
milp_h3,4,124.14984079630881,368.7437711520563,244.5939303557475,11,225,0.8560227533652697,4.627493799722288,16.067686804591276,7.629182623986708,6,dynamic_1_5_p3_6_12_h1_3_6_12,dynamic:1.5,True,True,highs
milp_h3,5,108.66398983332027,322.312965714261,213.64897588094072,17,235,0.8734102276811714,3.8420867995009758,13.340579164933944,-7.856668339001828,6,dynamic_1_5_p3_6_12_h1_3_6_12,dynamic:1.5,True,True,highs
milp_h3,6,119.0815289094202,353.5868520072548,234.50532309783458,15,261,0.8700768677206782,3.4397134999744594,11.943449652689095,2.5608707370980994,6,dynamic_1_5_p3_6_12_h1_3_6_12,dynamic:1.5,True,True,highs
milp_h3,7,89.61833467643513,265.53318301499934,175.9148483385642,12,212,0.9983966576044341,5.692429899761919,19.765381596395553,-26.902323495886975,6,dynamic_1_5_p3_6_12_h1_3_6_12,dynamic:1.5,True,True,highs
milp_h3,8,106.37285515696718,315.33634913696955,208.96349398000237,18,225,0.9964372530799737,4.357711799792014,15.130943749277826,-10.147803015354924,6,dynamic_1_5_p3_6_12_h1_3_6_12,dynamic:1.5,True,True,highs
milp_h3,9,135.79637686509545,403.5404698858524,267.74409302075696,16,248,0.802092992679165,6.473460000590421,22.47729166871674,19.275718692773353,6,dynamic_1_5_p3_6_12_h1_3_6_12,dynamic:1.5,True,True,highs
milp_h3,10,151.43493695247116,450.076895148221,298.64195819574985,14,221,0.9104923130427874,3.6471980995265767,12.663882290022835,34.91427878014906,6,dynamic_1_5_p3_6_12_h1_3_6_12,dynamic:1.5,True,True,highs
milp_h3,11,116.69167097441598,346.17373361496374,229.48206264054775,13,198,0.8452850462241496,4.250801399641205,14.759727082087515,0.17101280209388392,6,dynamic_1_5_p3_6_12_h1_3_6_12,dynamic:1.5,True,True,highs
milp_h3,12,116.83155104841296,347.23143010019123,230.39987905177827,18,229,0.8156363119650809,4.319814899703488,14.99935729063711,0.31089287609086114,6,dynamic_1_5_p3_6_12_h1_3_6_12,dynamic:1.5,True,True,highs
milp_h3,13,115.65459983100959,343.2526758750358,227.5980760440262,14,211,0.9062165953909265,4.611860700009856,16.01340520836756,-0.8660583413125096,6,dynamic_1_5_p3_6_12_h1_3_6_12,dynamic:1.5,True,True,highs
milp_h3,14,120.84558547466202,358.8352253687501,237.9896398940881,12,241,0.9984161667285495,4.483194100030232,15.566646180660529,4.3249273023399155,6,dynamic_1_5_p3_6_12_h1_3_6_12,dynamic:1.5,True,True,highs
milp_h3,15,111.06781110632616,330.3966682674308,219.32885716110465,15,213,0.996971471559953,3.9052472997573204,13.559886457490697,-5.45284706599594,6,dynamic_1_5_p3_6_12_h1_3_6_12,dynamic:1.5,True,True,highs
milp_h3,16,122.3611281761722,363.4409851361509,241.0798569599787,9,225,0.9984907816079918,4.320318499929272,15.001105902532194,5.8404700038501005,6,dynamic_1_5_p3_6_12_h1_3_6_12,dynamic:1.5,True,True,highs
milp_h3,17,134.0420282629599,398.4350341486117,264.3930058856518,13,225,0.9264890705367058,3.4827627002377994,12.092926042492358,17.521370090637788,6,dynamic_1_5_p3_6_12_h1_3_6_12,dynamic:1.5,True,True,highs
milp_h3,18,78.93179684623416,234.45882317227776,155.5270263260436,13,228,0.9637468899989704,3.689104200224392,12.809389584112473,-37.58886132608794,6,dynamic_1_5_p3_6_12_h1_3_6_12,dynamic:1.5,True,True,highs
milp_h3,19,119.62177705443526,355.06598101257305,235.4442039581378,11,193,0.855176156962663,3.554587799764704,12.342318749183,3.1011188821131555,6,dynamic_1_5_p3_6_12_h1_3_6_12,dynamic:1.5,True,True,highs
milp_h3,20,89.70654484542194,266.0213747810521,176.31482993563014,16,229,0.9971065864929641,4.2297625000355765,14.686675347345751,-26.814113326900156,6,dynamic_1_5_p3_6_12_h1_3_6_12,dynamic:1.5,True,True,highs
milp_h3,21,137.93059386606416,409.6743385344286,271.74374466836446,16,226,0.8422504177700119,4.297673599736299,14.92247777686215,21.409935693742057,6,dynamic_1_5_p3_6_12_h1_3_6_12,dynamic:1.5,True,True,highs
milp_h3,22,92.58544016825732,274.14249842512186,181.55705825686454,16,230,0.9100434886121281,3.5380853997776285,12.285018749227877,-23.93521800406478,6,dynamic_1_5_p3_6_12_h1_3_6_12,dynamic:1.5,True,True,highs
milp_h3,23,110.46324152024403,327.6737329033197,217.2104913830757,14,233,0.9254558138543174,3.586628700082656,12.453571875287,-6.057416652078075,6,dynamic_1_5_p3_6_12_h1_3_6_12,dynamic:1.5,True,True,highs
milp_h3,24,117.11411681601365,347.5886814611561,230.47456464514246,20,224,0.8182530488862962,3.462468599609565,12.02246041531099,0.5934586436915481,6,dynamic_1_5_p3_6_12_h1_3_6_12,dynamic:1.5,True,True,highs
milp_h3,25,162.6379742548216,483.2412116170315,320.60323736220994,10,238,0.9977506826935203,3.7455506009282544,13.005384031000883,46.117316082499485,6,dynamic_1_5_p3_6_12_h1_3_6_12,dynamic:1.5,True,True,highs
milp_h3,26,120.49860167914153,357.8632231496008,237.36462147045927,14,202,0.9986145450274653,4.6227930001332425,16.05136458379598,3.977943506819429,6,dynamic_1_5_p3_6_12_h1_3_6_12,dynamic:1.5,True,True,highs
milp_h3,27,77.71800188614057,230.79053363594537,153.0725317498048,18,244,0.848855406160404,3.4685149001306854,12.043454514342658,-38.80265628618153,6,dynamic_1_5_p3_6_12_h1_3_6_12,dynamic:1.5,True,True,highs
milp_h3,28,134.4247182017536,399.2213018298533,264.7965836280997,17,240,0.9822822399270115,3.920106600562576,13.61148125195339,17.90406002943149,6,dynamic_1_5_p3_6_12_h1_3_6_12,dynamic:1.5,True,True,highs
milp_h3,29,123.489356693317,366.75317779450563,243.26382110118863,13,232,0.9976332957326491,3.7261089996318333,12.937878470943865,6.968698520994906,6,dynamic_1_5_p3_6_12_h1_3_6_12,dynamic:1.5,True,True,highs
milp_h6,0,116.45287853878594,345.5878639273192,229.13498538853324,16,214,0.5544874289478077,5.345672200317495,18.561361806657967,-0.06777963353616201,6,dynamic_1_5_p3_6_12_h1_3_6_12,dynamic:1.5,True,True,highs
milp_h6,1,112.14517263032602,332.7152629827707,220.57009035244468,19,210,0.8778125587561744,5.330232699459884,18.507752428680153,-4.375485541996085,6,dynamic_1_5_p3_6_12_h1_3_6_12,dynamic:1.5,True,True,highs
milp_h6,2,109.19417729516593,324.15427677124904,214.96009947608312,15,224,0.9702228279693383,5.6372960996231996,19.573944790358333,-7.326480877156172,6,dynamic_1_5_p3_6_12_h1_3_6_12,dynamic:1.5,True,True,highs
milp_h6,3,116.04679772004744,344.5460992547446,228.49930153469717,12,218,0.997767056383321,5.434946100926027,18.87134062821537,-0.4738604522746641,6,dynamic_1_5_p3_6_12_h1_3_6_12,dynamic:1.5,True,True,highs
milp_h6,4,124.30254529735157,369.1882089381288,244.88566364077724,13,223,0.9977608714934608,5.443137699912768,18.899783680252668,7.7818871250294706,6,dynamic_1_5_p3_6_12_h1_3_6_12,dynamic:1.5,True,True,highs
milp_h6,5,108.89339470141257,322.9602500295099,214.06685532809732,15,238,0.8734227564521715,6.262432999385055,21.744559025642552,-7.627263470909526,6,dynamic_1_5_p3_6_12_h1_3_6_12,dynamic:1.5,True,True,highs
milp_h6,6,119.08152878021642,353.5868520072548,234.50532322703836,12,264,0.9988588355499787,4.90371889952803,17.02680173447233,2.5608706078943158,6,dynamic_1_5_p3_6_12_h1_3_6_12,dynamic:1.5,True,True,highs
milp_h6,7,89.73521813060773,265.8715295843014,176.13631145369368,13,211,0.9965057053808996,7.736822099774145,26.86396562421578,-26.785440041714367,6,dynamic_1_5_p3_6_12_h1_3_6_12,dynamic:1.5,True,True,highs
milp_h6,8,106.41211107793563,315.4402616357715,209.02815055783586,14,230,0.873868676701767,5.562255399359856,19.313386803332833,-10.108547094386466,6,dynamic_1_5_p3_6_12_h1_3_6_12,dynamic:1.5,True,True,highs
milp_h6,9,135.86762040392102,403.7542634311868,267.8866430272658,16,248,0.802092992679165,8.934169800078962,31.02142291694084,19.346962231598923,6,dynamic_1_5_p3_6_12_h1_3_6_12,dynamic:1.5,True,True,highs
milp_h6,10,151.4349368031257,450.076895148221,298.6419583450953,17,218,0.9465582685843847,5.10996870015515,17.742946875538717,34.91427863080361,6,dynamic_1_5_p3_6_12_h1_3_6_12,dynamic:1.5,True,True,highs
milp_h6,11,116.69167083661,346.1737336149637,229.48206277835368,14,198,0.9274611397870859,5.420382000389509,18.820770834685796,0.1710126642879004,6,dynamic_1_5_p3_6_12_h1_3_6_12,dynamic:1.5,True,True,highs
milp_h6,12,116.8654207906481,347.32108509904504,230.45566430839693,15,232,0.709204963497349,5.992220900079701,20.806322569721186,0.3447626183260013,6,dynamic_1_5_p3_6_12_h1_3_6_12,dynamic:1.5,True,True,highs
milp_h6,13,115.84758464165327,343.8316842890131,227.9840996473598,12,213,0.8797315022449147,6.49882509931922,22.565364928191734,-0.6730735306688302,6,dynamic_1_5_p3_6_12_h1_3_6_12,dynamic:1.5,True,True,highs
milp_h6,14,121.02720722043526,359.380147061205,238.35293984076972,16,237,0.9983247343146429,5.632836099946871,19.558458680371082,4.506549048113158,6,dynamic_1_5_p3_6_12_h1_3_6_12,dynamic:1.5,True,True,highs
milp_h6,15,111.11976536428992,330.5525825253731,219.4328171610832,15,212,0.8293166171282823,5.2863133000792,18.35525451416389,-5.400892808032182,6,dynamic_1_5_p3_6_12_h1_3_6_12,dynamic:1.5,True,True,highs
milp_h6,16,122.42855479649339,363.64332180170965,241.21476700521626,11,222,0.996890389563861,5.289893400855362,18.367685419636675,5.907896624171286,6,dynamic_1_5_p3_6_12_h1_3_6_12,dynamic:1.5,True,True,highs
milp_h6,17,134.0420281325783,398.4350341486117,264.3930060160334,15,224,0.9253041869000901,5.163526100572199,17.928910071431247,17.52136996025621,6,dynamic_1_5_p3_6_12_h1_3_6_12,dynamic:1.5,True,True,highs
milp_h6,18,78.93179676369843,234.45882317227776,155.52702640857933,11,229,0.9400447000399446,5.738153500540648,19.924144099099472,-37.58886140862367,6,dynamic_1_5_p3_6_12_h1_3_6_12,dynamic:1.5,True,True,highs
milp_h6,19,119.62177692022942,355.06598101257305,235.44420409234363,9,195,0.7830014384052828,5.51310939952964,19.142740970589028,3.1011187479073214,6,dynamic_1_5_p3_6_12_h1_3_6_12,dynamic:1.5,True,True,highs
milp_h6,20,89.76390146427585,266.1934865065387,176.42958504226286,13,232,0.9975378752788118,5.303636500495486,18.415404515609325,-26.756756708046254,6,dynamic_1_5_p3_6_12_h1_3_6_12,dynamic:1.5,True,True,highs
milp_h6,21,138.00681451603043,409.90306417986017,271.89624966382974,14,228,0.9976362208173164,6.149066198908258,21.350924301764785,21.48615634370833,6,dynamic_1_5_p3_6_12_h1_3_6_12,dynamic:1.5,True,True,highs
milp_h6,22,92.09603635386941,272.6340888505569,180.5380524966875,18,228,0.9977326924989388,5.195032700197771,18.038307986797818,-24.424621818452692,6,dynamic_1_5_p3_6_12_h1_3_6_12,dynamic:1.5,True,True,highs
milp_h6,23,110.53203355837766,327.8801599778058,217.34812641942816,17,231,0.8763730381723903,4.8502024001209065,16.84098055597537,-5.988624613944438,6,dynamic_1_5_p3_6_12_h1_3_6_12,dynamic:1.5,True,True,highs
milp_h6,24,116.9932729196419,347.1850347810615,230.19176186141962,12,231,0.9980528184855307,5.147621100419201,17.873684376455557,0.47261474731979547,6,dynamic_1_5_p3_6_12_h1_3_6_12,dynamic:1.5,True,True,highs
milp_h6,25,162.82779937316468,483.7935432490417,320.965743875877,12,236,0.767498168291923,5.565900800342206,19.32604444563266,46.30714120084258,6,dynamic_1_5_p3_6_12_h1_3_6_12,dynamic:1.5,True,True,highs
milp_h6,26,120.77854606923563,358.6633139749239,237.88476790568825,13,204,0.9987280901943496,6.8209883000236005,23.683987152859725,4.25788789691353,6,dynamic_1_5_p3_6_12_h1_3_6_12,dynamic:1.5,True,True,highs
milp_h6,27,77.76175395674875,230.92182570723065,153.1600717504819,18,244,0.9983217529756172,5.511996100016404,19.138875347279182,-38.75890421557335,6,dynamic_1_5_p3_6_12_h1_3_6_12,dynamic:1.5,True,True,highs
milp_h6,28,134.42471805859276,399.2213018298533,264.79658377126054,14,244,0.8955834197941385,5.940807800157927,20.62780486165947,17.90405988627066,6,dynamic_1_5_p3_6_12_h1_3_6_12,dynamic:1.5,True,True,highs
milp_h6,29,123.55812539415638,366.95954162444866,243.40141623029228,9,236,0.9986838893977783,5.916825400257949,20.544532639784546,7.037467221834277,6,dynamic_1_5_p3_6_12_h1_3_6_12,dynamic:1.5,True,True,highs
milp_h12,0,116.45287853878594,345.5878639273192,229.13498538853324,15,215,0.7420446457171734,8.718459699302912,30.272429511468445,-0.06777963353616201,6,dynamic_1_5_p3_6_12_h1_3_6_12,dynamic:1.5,True,True,highs
milp_h12,1,113.11988832993333,335.61179848412337,222.49191015419004,13,216,0.997920568814376,12.414214999706019,43.10491319342368,-3.400769842388769,6,dynamic_1_5_p3_6_12_h1_3_6_12,dynamic:1.5,True,True,highs
milp_h12,2,109.19417729516593,324.15427677124904,214.96009947608312,15,223,0.9979461700834621,7.774632399668917,26.995251387739295,-7.326480877156172,6,dynamic_1_5_p3_6_12_h1_3_6_12,dynamic:1.5,True,True,highs
milp_h12,3,116.04679772004741,344.5460992547446,228.4993015346972,16,214,0.9979880098562001,9.39951019990258,32.63718819410618,-0.47386045227469253,6,dynamic_1_5_p3_6_12_h1_3_6_12,dynamic:1.5,True,True,highs
milp_h12,4,124.40285756844753,369.46173787302246,245.05888030457493,13,224,0.998282128830435,8.792490000429098,30.529479168156588,7.882199396125429,6,dynamic_1_5_p3_6_12_h1_3_6_12,dynamic:1.5,True,True,highs
milp_h12,5,108.86387048926642,322.8580511535021,213.9941806642357,16,235,0.8969298149063083,8.221319000411313,28.54624652920595,-7.656787683055683,6,dynamic_1_5_p3_6_12_h1_3_6_12,dynamic:1.5,True,True,highs
milp_h12,6,119.08152878021642,353.5868520072548,234.50532322703836,10,266,0.9990479237389844,7.991159599332605,27.7470819421271,2.5608706078943158,6,dynamic_1_5_p3_6_12_h1_3_6_12,dynamic:1.5,True,True,highs
milp_h12,7,89.70856054753992,265.7792533352205,176.0706927876806,16,208,0.9975551637809609,9.32815309963189,32.389420484832954,-26.812097624782183,6,dynamic_1_5_p3_6_12_h1_3_6_12,dynamic:1.5,True,True,highs
milp_h12,8,106.41211107793563,315.4402616357715,209.02815055783586,16,227,0.9979755938051283,9.207198600575794,31.969439585332616,-10.108547094386466,6,dynamic_1_5_p3_6_12_h1_3_6_12,dynamic:1.5,True,True,highs
milp_h12,9,136.0054820349273,404.1107017841554,268.1052197492281,16,248,0.8043641933003784,14.120011500199325,49.027817709025435,19.484823862605197,6,dynamic_1_5_p3_6_12_h1_3_6_12,dynamic:1.5,True,True,highs
milp_h12,10,151.4349368031257,450.076895148221,298.6419583450953,16,219,0.8669682889576655,8.127964900631923,28.2221003494164,34.91427863080361,6,dynamic_1_5_p3_6_12_h1_3_6_12,dynamic:1.5,True,True,highs
milp_h12,11,116.69167083661006,346.17373361496374,229.48206277835368,15,196,0.9376267408570287,8.392031300114468,29.1389975698419,0.17101266428795725,6,dynamic_1_5_p3_6_12_h1_3_6_12,dynamic:1.5,True,True,highs
milp_h12,12,116.8654207906481,347.32108509904504,230.45566430839693,16,231,0.793207225429197,9.199508500227239,31.942737848011248,0.3447626183260013,6,dynamic_1_5_p3_6_12_h1_3_6_12,dynamic:1.5,True,True,highs
milp_h12,13,115.94841213094938,344.1066214468422,228.15820931589283,12,213,0.8939957730432311,9.618713200266939,33.39830972314909,-0.572246041372722,6,dynamic_1_5_p3_6_12_h1_3_6_12,dynamic:1.5,True,True,highs
milp_h12,14,121.12777560865888,359.65437544462685,238.52659983596797,13,240,0.8812614250697314,7.300465199921746,25.348837499728283,4.607117436336779,6,dynamic_1_5_p3_6_12_h1_3_6_12,dynamic:1.5,True,True,highs
milp_h12,15,111.00551715663337,330.2098379024035,219.2043207457701,20,207,0.9579333772369932,7.229599500074983,25.102776041927022,-5.515141015688727,6,dynamic_1_5_p3_6_12_h1_3_6_12,dynamic:1.5,True,True,highs
milp_h12,16,122.42855479649339,363.64332180170965,241.21476700521626,14,219,0.99730093874492,7.698607699887361,26.731276735720005,5.907896624171286,6,dynamic_1_5_p3_6_12_h1_3_6_12,dynamic:1.5,True,True,highs
milp_h12,17,134.0420281325783,398.43503414861175,264.39300601603344,15,223,0.935173192463985,7.40470969985472,25.710797568940002,17.52136996025621,6,dynamic_1_5_p3_6_12_h1_3_6_12,dynamic:1.5,True,True,highs
milp_h12,18,78.93179676369843,234.45882317227776,155.52702640857933,16,224,0.8446530061804829,8.359046599711291,29.024467360108652,-37.58886140862367,6,dynamic_1_5_p3_6_12_h1_3_6_12,dynamic:1.5,True,True,highs
milp_h12,19,119.62177692022942,355.06598101257305,235.44420409234363,13,191,0.8753687542525913,7.694718600483611,26.717772918345872,3.1011187479073214,6,dynamic_1_5_p3_6_12_h1_3_6_12,dynamic:1.5,True,True,highs
milp_h12,20,89.84807620014573,266.4230175721874,176.57494137204168,15,230,0.9982894026804585,7.5193887995556,26.10898888734583,-26.672581972176374,6,dynamic_1_5_p3_6_12_h1_3_6_12,dynamic:1.5,True,True,highs
milp_h12,21,138.04243121421888,409.9793489253194,271.93691771110053,13,230,0.7694478730989923,8.815898100088816,30.610757291975055,21.52177304189678,6,dynamic_1_5_p3_6_12_h1_3_6_12,dynamic:1.5,True,True,highs
milp_h12,22,92.78177501598313,274.67791996521265,181.89614494922952,13,233,0.9965080103687042,7.304145599715412,25.36161666567851,-23.73888315633897,6,dynamic_1_5_p3_6_12_h1_3_6_12,dynamic:1.5,True,True,highs
milp_h12,23,110.5320335583776,327.88015997780576,217.34812641942816,18,229,0.9066729455169883,7.180403499864042,24.931956596750144,-5.988624613944495,6,dynamic_1_5_p3_6_12_h1_3_6_12,dynamic:1.5,True,True,highs
milp_h12,24,117.75717869663612,349.4767521120442,231.7195734154081,14,230,0.9184393998018324,9.60298670019256,33.343703820113056,1.2365205243140167,6,dynamic_1_5_p3_6_12_h1_3_6_12,dynamic:1.5,True,True,highs
milp_h12,25,162.73894708046333,483.5385804554848,320.7996333750215,17,231,0.9980968185550438,7.504545300325844,26.057448959464736,46.21828890814123,6,dynamic_1_5_p3_6_12_h1_3_6_12,dynamic:1.5,True,True,highs
milp_h12,26,120.75652927642568,358.6633139749239,237.9067846984982,13,203,0.915302682184149,8.87557659985032,30.817974305035833,4.23587110410358,6,dynamic_1_5_p3_6_12_h1_3_6_12,dynamic:1.5,True,True,highs
milp_h12,27,77.76175395674878,230.92182570723068,153.1600717504819,20,243,0.998546629653476,8.09536479919916,28.10890555277486,-38.758904215573324,6,dynamic_1_5_p3_6_12_h1_3_6_12,dynamic:1.5,True,True,highs
milp_h12,28,134.42471805859276,399.2213018298533,264.79658377126054,15,242,0.9501911777531081,8.487492199987173,29.47045902773324,17.90405988627066,6,dynamic_1_5_p3_6_12_h1_3_6_12,dynamic:1.5,True,True,highs
milp_h12,29,123.59025979018,367.0283681511285,243.43810836094852,11,234,0.9987452367150045,8.233130700071342,28.587259375247715,7.069601617857899,6,dynamic_1_5_p3_6_12_h1_3_6_12,dynamic:1.5,True,True,highs
equal_share,0,89.883520754508,269.650562263524,179.76704150901602,19,211,0.47239527559058797,0.002639900310896337,0.009166320523945615,-26.637137417814102,6,dynamic_1_5_p3_6_12_h1_3_6_12,dynamic:1.5,True,True,highs
equal_share,1,89.9130792071393,269.739237621418,179.8261584142787,19,210,0.9240221560737132,0.002509399375412613,0.00871319227573824,-26.607578965182796,6,dynamic_1_5_p3_6_12_h1_3_6_12,dynamic:1.5,True,True,highs
equal_share,2,90.94819232561142,272.8445769768342,181.8963846512228,15,223,0.9968673428093261,0.002336599980480969,0.008113194376670031,-25.572465846710685,6,dynamic_1_5_p3_6_12_h1_3_6_12,dynamic:1.5,True,True,highs
equal_share,3,100.89665668296232,302.689970048887,201.7933133659247,19,211,0.8872156023162154,0.0023610995267517865,0.008198262245665925,-15.624001489359785,6,dynamic_1_5_p3_6_12_h1_3_6_12,dynamic:1.5,True,True,highs
equal_share,4,83.39190105255057,250.17570315765167,166.7838021051011,8,228,0.9972995497434946,0.002346399996895343,0.008147222211442163,-33.128757119771535,6,dynamic_1_5_p3_6_12_h1_3_6_12,dynamic:1.5,True,True,highs
equal_share,5,83.63904617476484,250.91713852429456,167.27809234952971,12,239,0.7289236974547028,0.0024739995133131742,0.008590276087892966,-32.88161199755726,6,dynamic_1_5_p3_6_12_h1_3_6_12,dynamic:1.5,True,True,highs
equal_share,6,75.30934680232363,225.9280404069709,150.61869360464726,6,270,0.9933597209196346,0.002321999694686383,0.008062498939883275,-41.21131136999847,6,dynamic_1_5_p3_6_12_h1_3_6_12,dynamic:1.5,True,True,highs
equal_share,7,68.87768289561643,206.6330486868493,137.75536579123286,18,206,0.900275997239176,0.0026388002443127334,0.009162500848308101,-47.64297527670567,6,dynamic_1_5_p3_6_12_h1_3_6_12,dynamic:1.5,True,True,highs
equal_share,8,90.06665491152046,270.19996473456143,180.13330982304097,15,228,0.997682670197846,0.002414099930319935,0.008382291424721997,-26.45400326080164,6,dynamic_1_5_p3_6_12_h1_3_6_12,dynamic:1.5,True,True,highs
equal_share,9,104.0159412626611,312.04782378798325,208.03188252532215,17,247,0.8298865514320928,0.0023313998826779425,0.008095138481520634,-12.504716909661,6,dynamic_1_5_p3_6_12_h1_3_6_12,dynamic:1.5,True,True,highs
equal_share,10,94.41144125575809,283.23432376727425,188.82288251151616,12,223,0.6839349494818774,0.002457899914588779,0.00853437470343326,-22.10921691656401,6,dynamic_1_5_p3_6_12_h1_3_6_12,dynamic:1.5,True,True,highs
equal_share,11,80.27115551848513,240.81346655545542,160.5423110369703,10,201,0.7414838379050295,0.0024733002646826208,0.0085878481412591,-36.24950265383697,6,dynamic_1_5_p3_6_12_h1_3_6_12,dynamic:1.5,True,True,highs
equal_share,12,104.30757322241834,312.92271966725497,208.61514644483663,16,231,0.8162461790737547,0.0023490002495236695,0.00815625086640163,-12.21308494990376,6,dynamic_1_5_p3_6_12_h1_3_6_12,dynamic:1.5,True,True,highs
equal_share,13,94.02694130284829,282.0808239085449,188.05388260569663,12,213,0.665142169231352,0.0023145999875850976,0.008036805512448255,-22.493716869473815,6,dynamic_1_5_p3_6_12_h1_3_6_12,dynamic:1.5,True,True,highs
equal_share,14,91.51890986588066,274.55672959764195,183.0378197317613,9,244,0.9977500592226989,0.002440000360365957,0.008472223473492906,-25.001748306441442,6,dynamic_1_5_p3_6_12_h1_3_6_12,dynamic:1.5,True,True,highs
equal_share,15,56.80779223248064,170.42337669744188,113.61558446496124,7,220,0.9931384947049453,0.0024520002771168947,0.00851388985110033,-59.712865939841464,6,dynamic_1_5_p3_6_12_h1_3_6_12,dynamic:1.5,True,True,highs
equal_share,16,91.47910091988658,274.43730275965976,182.95820183977318,14,218,0.8957565309865806,0.002372800139710307,0.008238889373994121,-25.041557252435524,6,dynamic_1_5_p3_6_12_h1_3_6_12,dynamic:1.5,True,True,highs
equal_share,17,98.16548987405821,294.49646962217463,196.33097974811642,10,228,0.8964236815303417,0.002616100071463734,0.00908368080369352,-18.35516829826389,6,dynamic_1_5_p3_6_12_h1_3_6_12,dynamic:1.5,True,True,highs
equal_share,18,54.14703854387814,162.4411156316344,108.29407708775626,11,229,0.8690877766611955,0.002604299981612712,0.009042708269488584,-62.37361962844396,6,dynamic_1_5_p3_6_12_h1_3_6_12,dynamic:1.5,True,True,highs
equal_share,19,106.12996993836109,318.3899098150832,212.2599398767221,16,188,0.8069381870592136,0.0027786000282503664,0.009647916764758216,-10.390688233961015,6,dynamic_1_5_p3_6_12_h1_3_6_12,dynamic:1.5,True,True,highs
equal_share,20,81.0389578798665,243.11687363959953,162.07791575973303,17,228,0.8763727610437968,0.0023750000400468707,0.008246527916829413,-35.4817002924556,6,dynamic_1_5_p3_6_12_h1_3_6_12,dynamic:1.5,True,True,highs
equal_share,21,109.57323230289953,328.7196969086985,219.14646460579897,18,224,0.863058266183899,0.002582199580501765,0.008965970765631128,-6.947425869422574,6,dynamic_1_5_p3_6_12_h1_3_6_12,dynamic:1.5,True,True,highs
equal_share,22,55.066902017691035,165.20070605307308,110.13380403538204,11,235,0.9969006041665981,0.0028786999755539,0.009995486026228819,-61.453756154631066,6,dynamic_1_5_p3_6_12_h1_3_6_12,dynamic:1.5,True,True,highs
equal_share,23,66.44959365287141,199.3487809586142,132.8991873057428,9,238,0.8492869738762175,0.002416299539618194,0.008389928957007619,-50.07106451945069,6,dynamic_1_5_p3_6_12_h1_3_6_12,dynamic:1.5,True,True,highs
equal_share,24,97.5043265521835,292.51297965655056,195.00865310436706,20,223,0.8492621679727926,0.0021991003886796534,0.007635765238471019,-19.0163316201386,6,dynamic_1_5_p3_6_12_h1_3_6_12,dynamic:1.5,True,True,highs
equal_share,25,105.15678667383526,315.47036002150577,210.3135733476705,7,241,0.9970874256858044,0.00255530042340979,0.008872570914617326,-11.363871498486844,6,dynamic_1_5_p3_6_12_h1_3_6_12,dynamic:1.5,True,True,highs
equal_share,26,59.06041717293961,177.18125151881884,118.12083434587923,7,209,0.9929623231533972,0.002272500074468553,0.007890625258571364,-57.46024099938249,6,dynamic_1_5_p3_6_12_h1_3_6_12,dynamic:1.5,True,True,highs
equal_share,27,55.14857675873057,165.4457302761917,110.29715351746114,17,245,0.8942395017207712,0.0024653003783896565,0.00856007075829742,-61.37208141359153,6,dynamic_1_5_p3_6_12_h1_3_6_12,dynamic:1.5,True,True,highs
equal_share,28,96.58220630603378,289.74661891810143,193.16441261206765,10,247,0.9719802276266827,0.0022308003390207887,0.007745834510488849,-19.938451866288318,6,dynamic_1_5_p3_6_12_h1_3_6_12,dynamic:1.5,True,True,highs
equal_share,29,103.23813692571088,309.71441077713257,206.4762738514217,19,225,0.995895875882578,0.002132999710738659,0.007406248995620344,-13.282521246611225,6,dynamic_1_5_p3_6_12_h1_3_6_12,dynamic:1.5,True,True,highs
max_charge,0,115.06846913894017,345.2054074168205,230.13693827788032,27,203,0.6793857851814975,0.0009699992369860411,0.0033680529062015316,-1.4521890333819272,6,dynamic_1_5_p3_6_12_h1_3_6_12,dynamic:1.5,True,True,highs
max_charge,1,111.59044244885442,334.7713273465633,223.18088489770886,25,204,0.937884020538042,0.0009836004464887083,0.0034152793280857927,-4.930215723467683,6,dynamic_1_5_p3_6_12_h1_3_6_12,dynamic:1.5,True,True,highs
max_charge,2,108.05145946542419,324.1543783962726,216.1029189308484,18,220,0.997653273212586,0.0009914995753206313,0.003442706858752192,-8.469198706897913,6,dynamic_1_5_p3_6_12_h1_3_6_12,dynamic:1.5,True,True,highs
max_charge,3,114.51591070195039,343.54773210585114,229.03182140390075,23,207,0.8872156023162154,0.0009404006996192038,0.003265280207011124,-2.0047474703717114,6,dynamic_1_5_p3_6_12_h1_3_6_12,dynamic:1.5,True,True,highs
max_charge,4,122.80294008255004,368.4088202476501,245.60588016510007,18,218,0.9960543472322695,0.0009974997956305742,0.0034635409570506048,6.282281910227937,6,dynamic_1_5_p3_6_12_h1_3_6_12,dynamic:1.5,True,True,highs
max_charge,5,107.22419859170913,321.6725957751274,214.44839718341825,16,235,0.7793579642651576,0.0010178998345509171,0.0035343744255240178,-9.296459580612975,6,dynamic_1_5_p3_6_12_h1_3_6_12,dynamic:1.5,True,True,highs
max_charge,6,117.86232078075406,353.5869623422622,235.72464156150815,17,259,0.9969510615758187,0.0009407001780346036,0.0032663200626201513,1.3416626084319603,6,dynamic_1_5_p3_6_12_h1_3_6_12,dynamic:1.5,True,True,highs
max_charge,7,88.24040466646352,264.72121399939056,176.48080933292704,28,196,0.9250619163612622,0.0009511996759101748,0.003302776652465885,-28.28025350585858,6,dynamic_1_5_p3_6_12_h1_3_6_12,dynamic:1.5,True,True,highs
max_charge,8,105.02209171950813,315.06627515852443,210.0441834390163,22,221,0.9348185469870951,0.0009393995278514922,0.0032618039161510146,-11.498566452813975,6,dynamic_1_5_p3_6_12_h1_3_6_12,dynamic:1.5,True,True,highs
max_charge,9,134.26168319483594,402.7850495845079,268.52336638967193,25,239,0.8679675299143553,0.0009371003834530711,0.003253820775878719,17.74102502251384,6,dynamic_1_5_p3_6_12_h1_3_6_12,dynamic:1.5,True,True,highs
max_charge,10,149.89517891804377,449.68553675413125,299.7903578360875,21,214,0.8193242502421872,0.0009503992041572928,0.003299997236657267,33.37452074572167,6,dynamic_1_5_p3_6_12_h1_3_6_12,dynamic:1.5,True,True,highs
max_charge,11,115.39128077924249,346.1738423377275,230.78256155848499,20,191,0.9255589421781848,0.0009342001867480576,0.0032437506484307554,-1.1293773930796078,6,dynamic_1_5_p3_6_12_h1_3_6_12,dynamic:1.5,True,True,highs
max_charge,12,115.66614529192447,346.9984358757734,231.33229058384893,18,229,0.8526564386110251,0.0010602999245747924,0.00368159696032914,-0.8545128803976354,6,dynamic_1_5_p3_6_12_h1_3_6_12,dynamic:1.5,True,True,highs
max_charge,13,114.35401459534961,343.06204378604883,228.70802919069922,20,205,0.6152733474573994,0.0010755991097539663,0.003734719131090161,-2.16664357697249,6,dynamic_1_5_p3_6_12_h1_3_6_12,dynamic:1.5,True,True,highs
max_charge,14,119.5374998450279,358.6124995350837,239.07499969005582,16,237,0.9028865100303556,0.0009332997724413872,0.0032406242098659277,3.0168416727057945,6,dynamic_1_5_p3_6_12_h1_3_6_12,dynamic:1.5,True,True,highs
max_charge,15,109.75106191386777,329.2531857416033,219.50212382773555,20,207,0.996475033305462,0.0009528993396088481,0.0033086782625307226,-6.769596258454328,6,dynamic_1_5_p3_6_12_h1_3_6_12,dynamic:1.5,True,True,highs
max_charge,16,120.76477848390735,362.2943354517221,241.52955696781473,17,215,0.8818620503607922,0.0009259005892090499,0.003214932601420312,4.244120311585249,6,dynamic_1_5_p3_6_12_h1_3_6_12,dynamic:1.5,True,True,highs
max_charge,17,132.81171989838282,398.4351596951484,265.6234397967656,18,220,0.9257087726860759,0.0010382001055404544,0.0036048614775710222,16.29106172606072,6,dynamic_1_5_p3_6_12_h1_3_6_12,dynamic:1.5,True,True,highs
max_charge,18,78.00872394939265,234.02617184817788,156.01744789878524,20,220,0.8980431635606939,0.0010375002166256309,0.003602431307727885,-38.511934222929455,6,dynamic_1_5_p3_6_12_h1_3_6_12,dynamic:1.5,True,True,highs
max_charge,19,118.23809349536893,354.7142804861068,236.4761869907379,18,186,0.8262705542205481,0.0009496004786342382,0.0032972238841466606,1.7174353230468284,6,dynamic_1_5_p3_6_12_h1_3_6_12,dynamic:1.5,True,True,highs
max_charge,20,88.516980625689,265.55094187706703,177.03396125137803,19,226,0.9008868673694345,0.0009844994056038558,0.0034184007139022774,-28.0036775466331,6,dynamic_1_5_p3_6_12_h1_3_6_12,dynamic:1.5,True,True,highs
max_charge,21,136.19213282465932,408.576398473978,272.38426564931865,25,218,0.8688335128930876,0.0008925994043238461,0.003099303487235577,19.671474652337224,6,dynamic_1_5_p3_6_12_h1_3_6_12,dynamic:1.5,True,True,highs
max_charge,22,91.14438577691712,273.4331573307514,182.28877155383427,20,226,0.9966900351945464,0.0008920002728700638,0.0030972231696877214,-25.376272395404982,6,dynamic_1_5_p3_6_12_h1_3_6_12,dynamic:1.5,True,True,highs
max_charge,23,108.83463734587033,326.503912037611,217.66927469174064,19,229,0.9058810113123421,0.0010890004341490567,0.0037812515074620023,-7.686020826451767,6,dynamic_1_5_p3_6_12_h1_3_6_12,dynamic:1.5,True,True,highs
max_charge,24,116.2465507239103,348.73965217173094,232.49310144782064,24,219,0.8620215009395036,0.000945800100453198,0.003284028126573604,-0.27410744841179735,6,dynamic_1_5_p3_6_12_h1_3_6_12,dynamic:1.5,True,True,highs
max_charge,25,160.8963560879231,482.6890682637691,321.792712175846,14,234,0.9989613394224574,0.0010874999570660293,0.0037760415175903794,44.375697915600995,6,dynamic_1_5_p3_6_12_h1_3_6_12,dynamic:1.5,True,True,highs
max_charge,26,119.29024722576136,357.8707416772842,238.5804944515228,21,195,0.9976059685783607,0.0009402997093275189,0.0032649295462761074,2.7695890534392618,6,dynamic_1_5_p3_6_12_h1_3_6_12,dynamic:1.5,True,True,highs
max_charge,27,76.60921587546667,229.82764762639997,153.2184317509333,24,238,0.855508679946329,0.0010729996138252318,0.0037256931035598326,-39.91144229685543,6,dynamic_1_5_p3_6_12_h1_3_6_12,dynamic:1.5,True,True,highs
max_charge,28,133.07380901972454,399.22142705917355,266.147618039449,23,234,0.899826019269114,0.0009413002408109605,0.003268403613926946,16.553150847402435,6,dynamic_1_5_p3_6_12_h1_3_6_12,dynamic:1.5,True,True,highs
max_charge,29,122.06304154396057,366.18912463188167,244.1260830879211,24,220,0.997025777503453,0.0009299997473135591,0.0032291657892831913,5.542383371638465,6,dynamic_1_5_p3_6_12_h1_3_6_12,dynamic:1.5,True,True,highs
random,0,106.03989462208739,318.11968386626216,212.07978924417478,16,214,0.7880842132382497,0.008348899835254997,0.028989235539079852,-10.480763550234713,6,dynamic_1_5_p3_6_12_h1_3_6_12,dynamic:1.5,True,True,highs
random,1,101.83145558733759,305.49436676201276,203.66291117467517,23,206,0.8855886189259965,0.008330299169756472,0.02892464989498775,-14.689202584984514,6,dynamic_1_5_p3_6_12_h1_3_6_12,dynamic:1.5,True,True,highs
random,2,98.44079398900573,295.32238196701724,196.8815879780115,21,217,0.8978772836237309,0.008888899465091527,0.03086423425379002,-18.079864183316374,6,dynamic_1_5_p3_6_12_h1_3_6_12,dynamic:1.5,True,True,highs
random,3,104.3711775416538,313.1135326249613,208.7423550833075,18,212,0.806364429391967,0.008292599231936038,0.02879374733311124,-12.149480630668307,6,dynamic_1_5_p3_6_12_h1_3_6_12,dynamic:1.5,True,True,highs
random,4,113.16585877695326,339.4975763308597,226.33171755390646,13,223,0.9981599133732412,0.008219099836423993,0.02853854109869442,-3.3547993953688433,6,dynamic_1_5_p3_6_12_h1_3_6_12,dynamic:1.5,True,True,highs
random,5,99.11145131497571,297.33435394492705,198.22290262995134,21,231,0.8688070120090714,0.008486499369610101,0.029467011700035073,-17.40920685734639,6,dynamic_1_5_p3_6_12_h1_3_6_12,dynamic:1.5,True,True,highs
random,6,107.82970906888573,323.48912720665714,215.6594181377714,17,259,0.9977133012325274,0.008253199746832252,0.028656943565389763,-8.690949103436367,6,dynamic_1_5_p3_6_12_h1_3_6_12,dynamic:1.5,True,True,highs
random,7,81.57250523608005,244.7175157082402,163.14501047216015,20,204,0.8336833100626214,0.008629500574897975,0.02996354366284019,-34.94815293624205,6,dynamic_1_5_p3_6_12_h1_3_6_12,dynamic:1.5,True,True,highs
random,8,97.38442135364409,292.1532640609323,194.76884270728823,17,226,0.9970029220740679,0.00843379955040291,0.029284026216676768,-19.136236818678015,6,dynamic_1_5_p3_6_12_h1_3_6_12,dynamic:1.5,True,True,highs
random,9,124.90966431129308,374.7289929338792,249.81932862258614,24,241,0.8254615646974995,0.008736499876249582,0.03033506901475549,8.389006138970984,6,dynamic_1_5_p3_6_12_h1_3_6_12,dynamic:1.5,True,True,highs
random,10,136.80032112714292,410.40096338142877,273.60064225428584,20,215,0.9469812144809219,0.008440700243227184,0.029307986955649942,20.27966295482082,6,dynamic_1_5_p3_6_12_h1_3_6_12,dynamic:1.5,True,True,highs
random,11,107.46405983380217,322.3921795014065,214.9281196676043,24,187,0.7742465159238227,0.007807700254488736,0.027110070328085892,-9.056598338519933,6,dynamic_1_5_p3_6_12_h1_3_6_12,dynamic:1.5,True,True,highs
random,12,106.15116313455789,318.45348940367376,212.30232626911587,19,228,0.7369737428932377,0.008499400049913675,0.029511805728866927,-10.36949503776421,6,dynamic_1_5_p3_6_12_h1_3_6_12,dynamic:1.5,True,True,highs
random,13,103.33396379745068,310.001891392352,206.6679275949013,17,208,0.7857028726990317,0.008618100138846785,0.029923958815440226,-13.186694374871422,6,dynamic_1_5_p3_6_12_h1_3_6_12,dynamic:1.5,True,True,highs
random,14,110.17334429406918,330.52003288220754,220.34668858813836,11,242,0.9092216684760791,0.008830900362227112,0.03066284847995525,-6.347313878252919,6,dynamic_1_5_p3_6_12_h1_3_6_12,dynamic:1.5,True,True,highs
random,15,100.49298000450696,301.47894001352086,200.9859600090139,17,210,0.9973461816462591,0.009130099613685161,0.03170173476974014,-16.02767816781514,6,dynamic_1_5_p3_6_12_h1_3_6_12,dynamic:1.5,True,True,highs
random,16,110.1653967937514,330.4961903812542,220.33079358750282,17,215,0.9407168832305063,0.009033599810209125,0.031366666007670574,-6.355261378570702,6,dynamic_1_5_p3_6_12_h1_3_6_12,dynamic:1.5,True,True,highs
random,17,120.67634669801055,362.02904009403164,241.3526933960211,18,220,0.822809955429193,0.008724199957214296,0.030292360962549638,4.155688525688447,6,dynamic_1_5_p3_6_12_h1_3_6_12,dynamic:1.5,True,True,highs
random,18,71.345505812136,214.036517436408,142.691011624272,20,221,0.892963399775689,0.009024599741678685,0.031335415769717656,-45.175152360186104,6,dynamic_1_5_p3_6_12_h1_3_6_12,dynamic:1.5,True,True,highs
random,19,109.28567997931899,327.857039937957,218.571359958638,15,189,0.8694078661597701,0.009001900616567582,0.03125659936308188,-7.234978193003116,6,dynamic_1_5_p3_6_12_h1_3_6_12,dynamic:1.5,True,True,highs
random,20,81.72032644433858,245.16097933301572,163.44065288867714,17,228,0.8711404126679086,0.008900000480934978,0.030902779447690893,-34.80033172798352,6,dynamic_1_5_p3_6_12_h1_3_6_12,dynamic:1.5,True,True,highs
random,21,125.93562000778448,377.80686002335347,251.871240015569,19,223,0.9978341658696367,0.008933000674005598,0.031017363451408327,9.414961835462378,6,dynamic_1_5_p3_6_12_h1_3_6_12,dynamic:1.5,True,True,highs
random,22,84.88068162392068,254.642044871762,169.76136324784133,20,226,0.9981644176157219,0.00943250028649345,0.03275173710588004,-31.63997654840142,6,dynamic_1_5_p3_6_12_h1_3_6_12,dynamic:1.5,True,True,highs
random,23,100.45947728216086,301.37843184648256,200.9189545643217,20,228,0.9133295647744661,0.008547899487894028,0.029680206555187598,-16.06118089016124,6,dynamic_1_5_p3_6_12_h1_3_6_12,dynamic:1.5,True,True,highs
random,24,105.94379062509194,317.83137187527575,211.8875812501838,21,222,0.9162924594123376,0.008643299399409443,0.030011456247949455,-10.576867547230165,6,dynamic_1_5_p3_6_12_h1_3_6_12,dynamic:1.5,True,True,highs
random,25,148.49183017217325,445.47549051651976,296.9836603443465,16,232,0.99940515759073,0.008492200227919966,0.029486806346944325,31.97117199985115,6,dynamic_1_5_p3_6_12_h1_3_6_12,dynamic:1.5,True,True,highs
random,26,107.23317376207027,321.6995212862107,214.46634752414045,18,198,0.999215122935251,0.008531899366062135,0.029624650576604634,-9.287484410251835,6,dynamic_1_5_p3_6_12_h1_3_6_12,dynamic:1.5,True,True,highs
random,27,69.91618026784153,209.74854080352458,139.83236053568305,23,240,0.9879649380665034,0.009325899824034423,0.032381596611230634,-46.604477904480575,6,dynamic_1_5_p3_6_12_h1_3_6_12,dynamic:1.5,True,True,highs
random,28,120.88837792498879,362.6651337749664,241.77675584997763,19,238,0.9858391801770665,0.008832500141579658,0.030668403269373812,4.367719752666687,6,dynamic_1_5_p3_6_12_h1_3_6_12,dynamic:1.5,True,True,highs
random,29,112.28392511004603,336.85177533013814,224.5678502200921,17,227,0.8549976523181574,0.009536499972455204,0.033112847126580566,-4.236733062276073,6,dynamic_1_5_p3_6_12_h1_3_6_12,dynamic:1.5,True,True,highs
milp_h1,0,228.7250139555971,682.4861949063944,453.7611809507973,27,197,0.7614741961393285,3.0970946002053097,10.753800695157326,-0.692573791093281,12,dynamic_1_5_p3_6_12_h1_3_6_12,dynamic:1.5,True,True,highs
milp_h1,1,223.40127816817943,666.4835269334095,443.0822487652301,23,200,0.9343648261965195,3.106934000039473,10.787965277914838,-6.016309578510942,12,dynamic_1_5_p3_6_12_h1_3_6_12,dynamic:1.5,True,True,highs
milp_h1,2,213.60387513894273,637.3833182790918,423.77944314014906,23,209,0.8466661931196366,3.425017699948512,11.892422569265667,-15.813712607747647,12,dynamic_1_5_p3_6_12_h1_3_6_12,dynamic:1.5,True,True,highs
milp_h1,3,229.5864487709502,685.1649982633093,455.57854949235906,24,200,0.8540206487927201,3.353783600090537,11.64508194475881,0.16886102425982585,12,dynamic_1_5_p3_6_12_h1_3_6_12,dynamic:1.5,True,True,highs
milp_h1,4,244.24741060112626,729.0501551750372,484.8027445739109,22,208,0.9768260191803735,3.3141545992693864,11.507481247463147,14.82982285443589,12,dynamic_1_5_p3_6_12_h1_3_6_12,dynamic:1.5,True,True,highs
milp_h1,5,213.73036307045805,637.5120854256743,423.78172235521623,31,214,0.8397502273736426,3.102576500037685,10.772835069575295,-15.687224676232319,12,dynamic_1_5_p3_6_12_h1_3_6_12,dynamic:1.5,True,True,highs
milp_h1,6,233.58610758359686,697.1005311826317,463.51442359903484,28,242,0.9394916378367747,3.2852386003360152,11.407078473388943,4.1685198369064835,12,dynamic_1_5_p3_6_12_h1_3_6_12,dynamic:1.5,True,True,highs
milp_h1,7,176.09523805558098,524.9638931524369,348.8686550968559,27,191,0.8289741770584006,3.2682740995660424,11.348173956826535,-53.322349691109395,12,dynamic_1_5_p3_6_12_h1_3_6_12,dynamic:1.5,True,True,highs
milp_h1,8,209.53609257005883,624.8675767862163,415.3314842161575,25,212,0.8331616860775617,3.216124200145714,11.167097917172619,-19.881495176631546,12,dynamic_1_5_p3_6_12_h1_3_6_12,dynamic:1.5,True,True,highs
milp_h1,9,267.77250860611446,799.4688651089097,531.6963565027952,27,231,0.7941206576722386,3.2903458004584536,11.424811807147409,38.354920859424084,12,dynamic_1_5_p3_6_12_h1_3_6_12,dynamic:1.5,True,True,highs
milp_h1,10,298.94461200989633,892.6058486607128,593.6612366508165,26,203,0.9478851069752358,4.302785099949688,14.940226041491972,69.52702426320596,12,dynamic_1_5_p3_6_12_h1_3_6_12,dynamic:1.5,True,True,highs
milp_h1,11,230.04071290173312,686.2208036574739,456.18009075574076,21,184,0.9433232740824998,5.888194400060456,20.445119444654363,0.623125155042743,12,dynamic_1_5_p3_6_12_h1_3_6_12,dynamic:1.5,True,True,highs
milp_h1,12,230.5591834909431,688.4501347560166,457.8909512650735,25,216,0.8414134186524272,5.73830449936213,19.92466840056295,1.1415957442527258,12,dynamic_1_5_p3_6_12_h1_3_6_12,dynamic:1.5,True,True,highs
milp_h1,13,228.11231034764114,680.6258074249305,452.51349707728934,25,194,0.9065038035133813,3.9524104995653033,13.723647567935082,-1.3052773990492312,12,dynamic_1_5_p3_6_12_h1_3_6_12,dynamic:1.5,True,True,highs
milp_h1,14,239.14803526682857,713.7425747452497,474.59453947842115,18,229,0.9975718045201055,3.4302290997002274,11.910517707292456,9.730447520138199,12,dynamic_1_5_p3_6_12_h1_3_6_12,dynamic:1.5,True,True,highs
milp_h1,15,219.7766652401109,656.523230668785,436.7465654286741,31,190,0.8756210291356157,3.3188705996144563,11.523856248661307,-9.640922506579471,12,dynamic_1_5_p3_6_12_h1_3_6_12,dynamic:1.5,True,True,highs
milp_h1,16,238.76841463658377,712.6628445173856,473.8944298808018,31,196,0.9480941843280247,3.452402899914887,11.987510069148913,9.350826889893398,12,dynamic_1_5_p3_6_12_h1_3_6_12,dynamic:1.5,True,True,highs
milp_h1,17,264.8019091590727,790.7146127598663,525.9127036007936,23,209,0.8879082575266596,3.1401777997380123,10.90339513797921,35.38432141238232,12,dynamic_1_5_p3_6_12_h1_3_6_12,dynamic:1.5,True,True,highs
milp_h1,18,155.91930845934024,465.421321034233,309.5020125748928,23,211,0.9369835022187876,3.0946825997089036,10.745425693433694,-73.49827928735013,12,dynamic_1_5_p3_6_12_h1_3_6_12,dynamic:1.5,True,True,highs
milp_h1,19,235.739455640377,703.4189600098321,467.67950436945506,24,174,0.9604881590807526,3.0606374001363292,10.62721319491781,6.32186789368663,12,dynamic_1_5_p3_6_12_h1_3_6_12,dynamic:1.5,True,True,highs
milp_h1,20,177.02624850700045,527.9804857657875,350.9542372587871,29,210,0.7947219561047644,3.0830494010588154,10.705032642565332,-52.39133923968993,12,dynamic_1_5_p3_6_12_h1_3_6_12,dynamic:1.5,True,True,highs
milp_h1,21,272.5875097363729,813.6450861453551,541.0575764089822,32,204,0.7562809008613885,3.0533233995665796,10.60181735960618,43.169921989682535,12,dynamic_1_5_p3_6_12_h1_3_6_12,dynamic:1.5,True,True,highs
milp_h1,22,180.4793651221591,537.8242732868271,357.34490816466797,32,211,0.9568294126270189,3.122609399841167,10.842393749448497,-48.93822262453128,12,dynamic_1_5_p3_6_12_h1_3_6_12,dynamic:1.5,True,True,highs
milp_h1,23,218.09127876432552,650.5578446355642,432.46656587123863,24,217,0.9056301717268597,3.182310700241942,11.049689931395632,-11.32630898236485,12,dynamic_1_5_p3_6_12_h1_3_6_12,dynamic:1.5,True,True,highs
milp_h1,24,230.81225152774743,688.7512845063392,457.93903297859174,25,212,0.8824152393926497,3.2808243995532393,11.391751387337637,1.3946637810570621,12,dynamic_1_5_p3_6_12_h1_3_6_12,dynamic:1.5,True,True,highs
milp_h1,25,319.1789544675437,952.9491155675855,633.7701611000418,22,220,0.8817105004001863,3.134965000732336,10.885295141431722,89.76136672085332,12,dynamic_1_5_p3_6_12_h1_3_6_12,dynamic:1.5,True,True,highs
milp_h1,26,237.1273104447297,707.815400076756,470.6880896320263,23,188,0.8739420043173264,3.0976288994424976,10.755655900842006,7.7097226980393145,12,dynamic_1_5_p3_6_12_h1_3_6_12,dynamic:1.5,True,True,highs
milp_h1,27,153.52184975537784,458.20207724365713,304.6802274882793,22,234,0.9976344289290565,3.168706900149118,11.00245451440666,-75.89573799131253,12,dynamic_1_5_p3_6_12_h1_3_6_12,dynamic:1.5,True,True,highs
milp_h1,28,265.4277565539426,792.2303532696343,526.8025967156917,22,229,0.9810485295331177,3.314492699864786,11.50865520786384,36.0101688072522,12,dynamic_1_5_p3_6_12_h1_3_6_12,dynamic:1.5,True,True,highs
milp_h1,29,243.97005596939118,728.1952756227281,484.2252196533369,19,219,0.9975511946995257,3.229770099685993,11.214479512798587,14.55246822270081,12,dynamic_1_5_p3_6_12_h1_3_6_12,dynamic:1.5,True,True,highs
milp_h3,0,228.64528016826955,682.2470485740375,453.601768405768,30,196,0.8587509272078304,5.412561899574939,18.79361770685743,-0.772307578420822,12,dynamic_1_5_p3_6_12_h1_3_6_12,dynamic:1.5,True,True,highs
milp_h3,1,223.4701494030587,666.6901933009688,443.22004389791005,28,196,0.9313327825770106,5.055551000172272,17.553996528375947,-5.94743834363166,12,dynamic_1_5_p3_6_12_h1_3_6_12,dynamic:1.5,True,True,highs
milp_h3,2,213.60384969022516,637.3832935931341,423.77944390290895,27,207,0.9161202469786037,5.520805299980566,19.169462847154744,-15.813738056465212,12,dynamic_1_5_p3_6_12_h1_3_6_12,dynamic:1.5,True,True,highs
milp_h3,3,229.65298676188047,685.3646663802438,455.7116796183633,30,194,0.9336005464947045,4.977647700172383,17.283498958931887,0.23539901519009732,12,dynamic_1_5_p3_6_12_h1_3_6_12,dynamic:1.5,True,True,highs
milp_h3,4,243.81934224266513,727.7660085653683,483.9466663227032,32,198,0.9859315946960855,5.0295881000347435,17.463847569565083,14.401754495974757,12,dynamic_1_5_p3_6_12_h1_3_6_12,dynamic:1.5,True,True,highs
milp_h3,5,213.7303377943843,637.5120606479637,423.7817228535794,27,219,0.7565256360969953,7.0831898003816605,24.594409029102987,-15.687249952306075,12,dynamic_1_5_p3_6_12_h1_3_6_12,dynamic:1.5,True,True,highs
milp_h3,6,233.58607956514118,697.1005039744177,463.51442440927656,25,245,0.9767212799392726,5.091294200043194,17.67810486126109,4.1684918184508035,12,dynamic_1_5_p3_6_12_h1_3_6_12,dynamic:1.5,True,True,highs
milp_h3,7,176.00895092201358,524.7050732257171,348.69612230370353,27,191,0.9022500682329065,4.9717382995877415,17.26298020690188,-53.40863682467679,12,dynamic_1_5_p3_6_12_h1_3_6_12,dynamic:1.5,True,True,highs
milp_h3,8,209.24461801721566,623.9932035100252,414.7485854928095,28,211,0.9229840252238911,4.637147700006608,16.10120729168961,-20.172969729474715,12,dynamic_1_5_p3_6_12_h1_3_6_12,dynamic:1.5,True,True,highs
milp_h3,9,267.6585770595027,799.1271343495561,531.4685572900534,38,221,0.9220014810331165,5.067679399508052,17.596109026069623,38.24098931281233,12,dynamic_1_5_p3_6_12_h1_3_6_12,dynamic:1.5,True,True,highs
milp_h3,10,298.9445764662498,892.605813689557,593.6612372233071,28,202,0.9986814613461666,4.671434599789791,16.220259027047884,69.52698871955945,12,dynamic_1_5_p3_6_12_h1_3_6_12,dynamic:1.5,True,True,highs
milp_h3,11,230.04068533059205,686.2207766834919,456.1800913528998,39,169,0.9700365710931836,4.991999300313182,17.333330903865217,0.6230975839016821,12,dynamic_1_5_p3_6_12_h1_3_6_12,dynamic:1.5,True,True,highs
milp_h3,12,230.55915603178738,688.4501077338695,457.8909517020821,25,216,0.9299964797783411,5.493396300182212,19.074292708966013,1.1415682850970086,12,dynamic_1_5_p3_6_12_h1_3_6_12,dynamic:1.5,True,True,highs
milp_h3,13,228.1122832801504,680.6257807288538,452.5134974487034,23,196,0.8797254285462898,5.359720599895809,18.610140971860446,-1.3053044665399796,12,dynamic_1_5_p3_6_12_h1_3_6_12,dynamic:1.5,True,True,highs
milp_h3,14,239.20284782223706,713.9344874276161,474.73163960537903,16,231,0.9986694226602238,5.748088300577365,19.958639932560295,9.785260075546688,12,dynamic_1_5_p3_6_12_h1_3_6_12,dynamic:1.5,True,True,highs
milp_h3,15,220.00798524343526,657.2379822326059,437.2299969891706,29,194,0.8713224313681127,4.767697200761177,16.55450416930964,-9.409602503255115,12,dynamic_1_5_p3_6_12_h1_3_6_12,dynamic:1.5,True,True,highs
milp_h3,16,238.76838631722245,712.6628171358581,473.8944308186356,29,199,0.9361305363319902,5.131044299283531,17.816126039178926,9.350798570532078,12,dynamic_1_5_p3_6_12_h1_3_6_12,dynamic:1.5,True,True,highs
milp_h3,17,264.8018774992273,790.7145818574139,525.9127043581866,28,205,0.9244507056343582,5.560721399728209,19.30806041572295,35.384289752536944,12,dynamic_1_5_p3_6_12_h1_3_6_12,dynamic:1.5,True,True,highs
milp_h3,18,155.91928994314685,465.42130279315876,309.5020128500119,27,208,0.9524430540899427,4.974112000491004,17.271222223927097,-73.49829780354352,12,dynamic_1_5_p3_6_12_h1_3_6_12,dynamic:1.5,True,True,highs
milp_h3,19,235.95005408420383,704.0508121018788,468.100758017675,26,172,0.9666364551162829,4.735923400614411,16.444178474355592,6.532466337513455,12,dynamic_1_5_p3_6_12_h1_3_6_12,dynamic:1.5,True,True,highs
milp_h3,20,177.02622750869864,527.9804650775626,350.95423756886396,27,212,0.9626691537947762,4.864885700168088,16.89196423669475,-52.391360237991734,12,dynamic_1_5_p3_6_12_h1_3_6_12,dynamic:1.5,True,True,highs
milp_h3,21,272.6459700209946,813.8357174260467,541.1897474050521,26,212,0.9986047989923171,4.863066699705087,16.885648262864883,43.22838227430421,12,dynamic_1_5_p3_6_12_h1_3_6_12,dynamic:1.5,True,True,highs
milp_h3,22,181.76220966773263,541.6728501845938,359.9106405168612,30,210,0.9157908080769497,5.843691600312013,20.290595834416713,-47.65537807895774,12,dynamic_1_5_p3_6_12_h1_3_6_12,dynamic:1.5,True,True,highs
milp_h3,23,218.13715739052458,650.7230069220161,432.58584953149153,25,219,0.9054625247073861,5.3503767004585825,18.5776968765923,-11.280430356165795,12,dynamic_1_5_p3_6_12_h1_3_6_12,dynamic:1.5,True,True,highs
milp_h3,24,230.8122240717737,688.7512577426678,457.9390336708941,22,217,0.9978935848873048,5.391027400095481,18.71884513922042,1.3946363250833258,12,dynamic_1_5_p3_6_12_h1_3_6_12,dynamic:1.5,True,True,highs
milp_h3,25,319.1789166269896,952.9490786700524,633.7701620430628,21,221,0.9991049284525566,5.912176799844019,20.528391666125067,89.7613288802992,12,dynamic_1_5_p3_6_12_h1_3_6_12,dynamic:1.5,True,True,highs
milp_h3,26,237.12728222208438,707.8153723370355,470.6880901149511,20,192,0.9976436067377193,6.5758799003087915,22.832916320516638,7.709694475394002,12,dynamic_1_5_p3_6_12_h1_3_6_12,dynamic:1.5,True,True,highs
milp_h3,27,153.52184975537784,458.20207724365713,304.6802274882793,28,229,0.9983734640225703,5.115640599105973,17.76264096911796,-75.89573799131253,12,dynamic_1_5_p3_6_12_h1_3_6_12,dynamic:1.5,True,True,highs
milp_h3,28,262.5827934729275,783.6955276433753,521.1127341704478,33,218,0.9531565933614327,4.718475400237367,16.38359513971308,33.16520572623713,12,dynamic_1_5_p3_6_12_h1_3_6_12,dynamic:1.5,True,True,highs
milp_h3,29,243.97002702913318,728.1952470542624,484.2252200251292,27,213,0.9796254854206295,5.5785897999303415,19.370103471980354,14.552439282442805,12,dynamic_1_5_p3_6_12_h1_3_6_12,dynamic:1.5,True,True,highs
milp_h6,0,228.72498659280149,682.4861682385349,453.7611816457334,25,200,0.8619950503955818,8.119428199832328,28.192459027195582,-0.6926011538888872,12,dynamic_1_5_p3_6_12_h1_3_6_12,dynamic:1.5,True,True,highs
milp_h6,1,223.5229971845252,666.8624635482794,443.3394663637542,26,198,0.9365737269459437,7.818400400341488,27.147223612296834,-5.8945905621651775,12,dynamic_1_5_p3_6_12_h1_3_6_12,dynamic:1.5,True,True,highs
milp_h6,2,213.6038495691276,637.3832935931341,423.7794440240065,25,209,0.918958320617085,7.835100099153351,27.2052086776158,-15.813738177562783,12,dynamic_1_5_p3_6_12_h1_3_6_12,dynamic:1.5,True,True,highs
milp_h6,3,229.6529866349178,685.3646663802438,455.71167974532597,28,197,0.9353229479467542,7.686034599842969,26.687620138343643,0.23539888822742228,12,dynamic_1_5_p3_6_12_h1_3_6_12,dynamic:1.5,True,True,highs
milp_h6,4,244.24738148781609,729.050126692066,484.8027452042499,28,203,0.8939364606515179,7.150343900488224,24.827582987806334,14.829793741125712,12,dynamic_1_5_p3_6_12_h1_3_6_12,dynamic:1.5,True,True,highs
milp_h6,5,213.7303376644319,637.5120606479637,423.78172298353184,34,212,0.8517011189358953,6.927847299957648,24.055025347075166,-15.687250082258487,12,dynamic_1_5_p3_6_12_h1_3_6_12,dynamic:1.5,True,True,highs
milp_h6,6,233.5860794359374,697.1005039744177,463.51442453848034,24,246,0.9987257245592132,7.76529420010047,26.96282708368219,4.16849168924702,12,dynamic_1_5_p3_6_12_h1_3_6_12,dynamic:1.5,True,True,highs
milp_h6,7,176.09521719147642,524.963872855453,348.8686556639766,25,193,0.8865697903769738,7.8351806998834945,27.205488541262135,-53.32237055521395,12,dynamic_1_5_p3_6_12_h1_3_6_12,dynamic:1.5,True,True,highs
milp_h6,8,209.53606746697739,624.867552255705,415.33148478872766,31,208,0.93861790259586,7.2370819001225755,25.128756597647833,-19.881520279712987,12,dynamic_1_5_p3_6_12_h1_3_6_12,dynamic:1.5,True,True,highs
milp_h6,9,267.7724767565045,799.4688338484002,531.6963570918957,29,230,0.7863234286756053,8.177194300282281,28.39303576486903,38.354889009814116,12,dynamic_1_5_p3_6_12_h1_3_6_12,dynamic:1.5,True,True,highs
milp_h6,10,298.94457631690443,892.605813689557,593.6612373726525,29,200,0.998009335288265,7.465201299753971,25.920837846367956,69.52698857021406,12,dynamic_1_5_p3_6_12_h1_3_6_12,dynamic:1.5,True,True,highs
milp_h6,11,230.0406851927861,686.2207766834919,456.18009149070576,34,177,0.9460336950790219,7.557014399731997,26.239633332402768,0.623097446095727,12,dynamic_1_5_p3_6_12_h1_3_6_12,dynamic:1.5,True,True,highs
milp_h6,12,230.31640272842805,687.7218481657981,457.40544543737,27,214,0.9502124160747376,8.784769900084939,30.502673264183816,0.8988149817376723,12,dynamic_1_5_p3_6_12_h1_3_6_12,dynamic:1.5,True,True,highs
milp_h6,13,228.1122831490631,680.6257807288538,452.5134975797907,19,200,0.8712746249084677,8.063433300354518,27.998032292897634,-1.30530459762727,12,dynamic_1_5_p3_6_12_h1_3_6_12,dynamic:1.5,True,True,highs
milp_h6,14,239.20284751715667,713.9344874276161,474.7316399104594,21,226,0.9989334285441167,7.761151299928315,26.948442013639983,9.785259770466297,12,dynamic_1_5_p3_6_12_h1_3_6_12,dynamic:1.5,True,True,highs
milp_h6,15,220.0998680855867,657.5239238405279,437.4240557549412,32,190,0.8798659835855382,7.350228399969637,25.521626388783464,-9.317719661103666,12,dynamic_1_5_p3_6_12_h1_3_6_12,dynamic:1.5,True,True,highs
milp_h6,16,238.76838618856226,712.6628171358581,473.8944309472958,27,200,0.9418354218958199,7.247573299391661,25.165185067332157,9.350798441871888,12,dynamic_1_5_p3_6_12_h1_3_6_12,dynamic:1.5,True,True,highs
milp_h6,17,264.80187736884557,790.7145818574138,525.9127044885682,22,212,0.8831832201824846,7.134061299671885,24.771046179416267,35.384289622155194,12,dynamic_1_5_p3_6_12_h1_3_6_12,dynamic:1.5,True,True,highs
milp_h6,18,155.91928986061112,465.42130279315876,309.50201293254764,25,209,0.9451973216097566,6.7542359997169115,23.452208332350388,-73.49829788607926,12,dynamic_1_5_p3_6_12_h1_3_6_12,dynamic:1.5,True,True,highs
milp_h6,19,235.95005394999805,704.0508121018788,468.10075815188077,27,171,0.9660158981093008,6.361447799776215,22.088360415889635,6.532466203307678,12,dynamic_1_5_p3_6_12_h1_3_6_12,dynamic:1.5,True,True,highs
milp_h6,20,177.02622739925977,527.9804650775626,350.95423767830283,29,210,0.9984158433431966,6.392465199693106,22.19605972115662,-52.391360347430606,12,dynamic_1_5_p3_6_12_h1_3_6_12,dynamic:1.5,True,True,highs
milp_h6,21,272.7222227368875,814.0644752828449,541.3422525459574,33,207,0.904783005564295,6.301111199543811,21.878858331749345,43.304634990197115,12,dynamic_1_5_p3_6_12_h1_3_6_12,dynamic:1.5,True,True,highs
milp_h6,22,181.76220954008335,541.6728501845938,359.91064064451047,25,215,0.9161704793332002,8.15495600050781,28.31581944620767,-47.655378206607026,12,dynamic_1_5_p3_6_12_h1_3_6_12,dynamic:1.5,True,True,highs
milp_h6,23,218.2060001699786,650.9294848253286,432.72348465535,23,220,0.914923292401473,8.171031200385187,28.371636112448567,-11.211587576711764,12,dynamic_1_5_p3_6_12_h1_3_6_12,dynamic:1.5,True,True,highs
milp_h6,24,230.81222394159238,688.7512577426678,457.9390338010754,22,216,0.8767170380272947,8.395511199370958,29.151080553371383,1.3946361949020059,12,dynamic_1_5_p3_6_12_h1_3_6_12,dynamic:1.5,True,True,highs
milp_h6,25,319.1789164649365,952.9490786700524,633.7701622051159,26,216,0.9896632859480273,8.917158199939877,30.96235486090235,89.76132871824612,12,dynamic_1_5_p3_6_12_h1_3_6_12,dynamic:1.5,True,True,highs
milp_h6,26,237.127282096104,707.8153723370355,470.68809024093144,25,188,0.936200140268229,9.327106300042942,32.38578576403799,7.709694349413638,12,dynamic_1_5_p3_6_12_h1_3_6_12,dynamic:1.5,True,True,highs
milp_h6,27,153.5568480902864,458.3246157740403,304.7677676837539,30,227,0.9666805724401389,7.5323537001386285,26.154005903259126,-75.86073965640398,12,dynamic_1_5_p3_6_12_h1_3_6_12,dynamic:1.5,True,True,highs
milp_h6,28,265.5370247212127,792.5582218177129,527.0211970965003,30,222,0.9485844628511929,7.494294500094838,26.021855903107078,36.1194369745223,12,dynamic_1_5_p3_6_12_h1_3_6_12,dynamic:1.5,True,True,highs
milp_h6,29,243.97002689791236,728.1952470542624,484.22522015635,20,220,0.9969337222224802,8.735089499910828,30.330171874690375,14.55243915122199,12,dynamic_1_5_p3_6_12_h1_3_6_12,dynamic:1.5,True,True,highs
milp_h12,0,228.72498659280149,682.4861682385349,453.7611816457334,24,201,0.8409024103337254,13.590591199696064,47.189552776722444,-0.6926011538888872,12,dynamic_1_5_p3_6_12_h1_3_6_12,dynamic:1.5,True,True,highs
milp_h12,1,223.03056771134794,665.3851751287477,442.3546074173998,34,189,0.9291390799452028,13.371707299607806,46.42953923474933,-6.387020035342431,12,dynamic_1_5_p3_6_12_h1_3_6_12,dynamic:1.5,True,True,highs
milp_h12,2,213.6038495691276,637.3832935931341,423.7794440240065,27,207,0.8924636542827948,13.660606699879281,47.43266215235862,-15.813738177562783,12,dynamic_1_5_p3_6_12_h1_3_6_12,dynamic:1.5,True,True,highs
milp_h12,3,229.6529866349178,685.3646663802438,455.71167974532597,25,199,0.7896081303646586,12.478354700491764,43.32762048781862,0.23539888822742228,12,dynamic_1_5_p3_6_12_h1_3_6_12,dynamic:1.5,True,True,highs
milp_h12,4,244.24738148781609,729.050126692066,484.8027452042499,32,199,0.9749781287055427,11.51262690051226,39.97439896011201,14.829793741125712,12,dynamic_1_5_p3_6_12_h1_3_6_12,dynamic:1.5,True,True,highs
milp_h12,5,213.7303376644319,637.5120606479637,423.78172298353184,40,207,0.876917821433626,11.936460100172553,41.44604201448803,-15.687250082258487,12,dynamic_1_5_p3_6_12_h1_3_6_12,dynamic:1.5,True,True,highs
milp_h12,6,233.5860794359374,697.1005039744177,463.51442453848034,32,238,0.9731110700583391,12.631465399696026,43.85925486005564,4.16849168924702,12,dynamic_1_5_p3_6_12_h1_3_6_12,dynamic:1.5,True,True,highs
milp_h12,7,176.09521719147642,524.963872855453,348.8686556639766,30,188,0.8348920243152802,12.587801800225861,43.70764513967313,-53.32237055521395,12,dynamic_1_5_p3_6_12_h1_3_6_12,dynamic:1.5,True,True,highs
milp_h12,8,209.53606746697739,624.867552255705,415.33148478872766,28,211,0.8974504997680816,11.378558200318366,39.508882639994326,-19.881520279712987,12,dynamic_1_5_p3_6_12_h1_3_6_12,dynamic:1.5,True,True,highs
milp_h12,9,267.7724767565045,799.4688338484002,531.6963570918957,26,234,0.8754990726592914,13.12140759988688,45.56044305516278,38.354889009814116,12,dynamic_1_5_p3_6_12_h1_3_6_12,dynamic:1.5,True,True,highs
milp_h12,10,298.94457631690443,892.605813689557,593.6612373726525,32,197,0.9869421829209959,12.325373700179625,42.79643645895703,69.52698857021406,12,dynamic_1_5_p3_6_12_h1_3_6_12,dynamic:1.5,True,True,highs
milp_h12,11,230.04068519278604,686.2207766834917,456.1800914907057,27,179,0.9535868213731876,12.110369300178718,42.04989340339833,0.6230974460956702,12,dynamic_1_5_p3_6_12_h1_3_6_12,dynamic:1.5,True,True,highs
milp_h12,12,230.55915591778518,688.4501077338695,457.8909518160843,26,216,0.8355223265990499,14.213597100460902,49.35276770993369,1.1415681710948036,12,dynamic_1_5_p3_6_12_h1_3_6_12,dynamic:1.5,True,True,highs
milp_h12,13,228.1122831490631,680.6257807288538,452.5134975797907,25,196,0.935288997200973,13.968641300452873,48.502226737683586,-1.30530459762727,12,dynamic_1_5_p3_6_12_h1_3_6_12,dynamic:1.5,True,True,highs
milp_h12,14,239.20284751715667,713.9344874276161,474.7316399104594,32,215,0.9424082172636405,13.270809200010262,46.079198611146744,9.785259770466297,12,dynamic_1_5_p3_6_12_h1_3_6_12,dynamic:1.5,True,True,highs
milp_h12,15,220.0998680855867,657.5239238405279,437.4240557549412,31,191,0.8858857831489122,12.174579700629693,42.272846182741986,-9.317719661103666,12,dynamic_1_5_p3_6_12_h1_3_6_12,dynamic:1.5,True,True,highs
milp_h12,16,238.76838618856226,712.6628171358581,473.8944309472958,27,200,0.997834700304426,12.9366941000917,44.91907673642951,9.350798441871888,12,dynamic_1_5_p3_6_12_h1_3_6_12,dynamic:1.5,True,True,highs
milp_h12,17,264.80187736884557,790.7145818574138,525.9127044885682,28,205,0.9146221715808159,12.864130399480928,44.66711944264211,35.384289622155194,12,dynamic_1_5_p3_6_12_h1_3_6_12,dynamic:1.5,True,True,highs
milp_h12,18,155.85774995098762,465.23668306428834,309.3789331133007,31,203,0.9967541688933126,12.730788099812344,44.204125346570635,-73.55983779570275,12,dynamic_1_5_p3_6_12_h1_3_6_12,dynamic:1.5,True,True,highs
milp_h12,19,235.95005394999805,704.0508121018788,468.10075815188077,24,174,0.9716146913355569,12.127574299578555,42.10963298464776,6.532466203307678,12,dynamic_1_5_p3_6_12_h1_3_6_12,dynamic:1.5,True,True,highs
milp_h12,20,177.02622739925977,527.9804650775626,350.95423767830283,30,209,0.9734685224904468,12.251370199606754,42.539479859745676,-52.391360347430606,12,dynamic_1_5_p3_6_12_h1_3_6_12,dynamic:1.5,True,True,highs
milp_h12,21,272.7196806439879,814.0619331899453,541.3422525459574,33,208,0.9194453674167592,12.445277100196108,43.212767709014265,43.30209289729751,12,dynamic_1_5_p3_6_12_h1_3_6_12,dynamic:1.5,True,True,highs
milp_h12,22,181.7622095400833,541.6728501845938,359.9106406445105,28,212,0.934200721422116,15.08679580054013,52.38470764076434,-47.65537820660708,12,dynamic_1_5_p3_6_12_h1_3_6_12,dynamic:1.5,True,True,highs
milp_h12,23,218.2060001699786,650.9294848253286,432.72348465535,24,220,0.8932000408212389,12.911998200695962,44.833327085749865,-11.211587576711764,12,dynamic_1_5_p3_6_12_h1_3_6_12,dynamic:1.5,True,True,highs
milp_h12,24,230.81222394159244,688.7512577426678,457.93903380107537,25,213,0.8897020876462656,13.578305499511771,47.14689409552698,1.3946361949020627,12,dynamic_1_5_p3_6_12_h1_3_6_12,dynamic:1.5,True,True,highs
milp_h12,25,319.1789164649365,952.9490786700524,633.7701622051159,26,216,0.9069191581049232,14.39688670070609,49.98918993300726,89.76132871824612,12,dynamic_1_5_p3_6_12_h1_3_6_12,dynamic:1.5,True,True,highs
milp_h12,26,237.127282096104,707.8153723370355,470.68809024093144,27,185,0.997764181456788,15.574092700204346,54.076710764598424,7.709694349413638,12,dynamic_1_5_p3_6_12_h1_3_6_12,dynamic:1.5,True,True,highs
milp_h12,27,153.5568480902864,458.3246157740403,304.7677676837539,29,230,0.9982161310654549,12.628226799191907,43.848009719416346,-75.86073965640398,12,dynamic_1_5_p3_6_12_h1_3_6_12,dynamic:1.5,True,True,highs
milp_h12,28,265.5370247212127,792.5582218177129,527.0211970965003,40,211,0.8791607662311843,12.121135399967898,42.08727569433298,36.1194369745223,12,dynamic_1_5_p3_6_12_h1_3_6_12,dynamic:1.5,True,True,highs
milp_h12,29,243.97002689791236,728.1952470542624,484.22522015635,23,216,0.9978672009086724,13.62411080050515,47.30594027953177,14.55243915122199,12,dynamic_1_5_p3_6_12_h1_3_6_12,dynamic:1.5,True,True,highs
equal_share,0,195.89308570597439,587.6792571179232,391.78617141194877,35,191,0.8946870983562462,0.002987600222695619,0.010373611884359788,-33.52450204071599,12,dynamic_1_5_p3_6_12_h1_3_6_12,dynamic:1.5,True,True,highs
equal_share,1,150.56613136594137,451.69839409782406,301.1322627318827,20,203,0.9319321660757488,0.003004200872965157,0.010431253031129017,-78.851456380749,12,dynamic_1_5_p3_6_12_h1_3_6_12,dynamic:1.5,True,True,highs
equal_share,2,166.16563823904931,498.49691471714806,332.33127647809874,29,203,0.926687188566079,0.0031088011455722153,0.010794448422125747,-63.25194950764106,12,dynamic_1_5_p3_6_12_h1_3_6_12,dynamic:1.5,True,True,highs
equal_share,3,177.8135122446697,533.440536734009,355.6270244893393,27,197,0.9150407010732791,0.0031546001555398107,0.010953472762291009,-51.60407550202066,12,dynamic_1_5_p3_6_12_h1_3_6_12,dynamic:1.5,True,True,highs
equal_share,4,200.07062510473344,600.2118753142001,400.1412502094667,33,197,0.9854542398761454,0.0030401995754800737,0.010556248525972478,-29.346962641956935,12,dynamic_1_5_p3_6_12_h1_3_6_12,dynamic:1.5,True,True,highs
equal_share,5,173.85206161576224,521.5561848472867,347.7041232315244,30,215,0.762118317022892,0.002936199598480016,0.010195137494722277,-55.565526130928134,12,dynamic_1_5_p3_6_12_h1_3_6_12,dynamic:1.5,True,True,highs
equal_share,6,179.32453624873222,537.9736087461966,358.64907249746443,30,240,0.9956255765621396,0.003098000306636095,0.010756945509153107,-50.09305149795816,12,dynamic_1_5_p3_6_12_h1_3_6_12,dynamic:1.5,True,True,highs
equal_share,7,151.0845952420009,453.2537857260026,302.1691904840017,28,190,0.8678885014045212,0.0030583999468944967,0.010619444260050336,-78.33299250468949,12,dynamic_1_5_p3_6_12_h1_3_6_12,dynamic:1.5,True,True,highs
equal_share,8,178.15703351666355,534.4711005499908,356.3140670333272,30,207,0.9274483617068574,0.003032400389201939,0.010529168018062288,-51.26055423002683,12,dynamic_1_5_p3_6_12_h1_3_6_12,dynamic:1.5,True,True,highs
equal_share,9,211.6975950021564,635.0927850064693,423.3951900043129,24,234,0.8304089562161278,0.0030201999470591545,0.010486805371733176,-17.719992744533982,12,dynamic_1_5_p3_6_12_h1_3_6_12,dynamic:1.5,True,True,highs
equal_share,10,221.05566403341265,663.1669921002378,442.1113280668252,24,205,0.9041634282583332,0.0029387997346930206,0.010204165745461877,-8.361923713277719,12,dynamic_1_5_p3_6_12_h1_3_6_12,dynamic:1.5,True,True,highs
equal_share,11,183.31912018427465,549.9573605528241,366.6382403685494,30,176,0.9559099698911505,0.0029955008067190647,0.01040104446777453,-46.09846756241572,12,dynamic_1_5_p3_6_12_h1_3_6_12,dynamic:1.5,True,True,highs
equal_share,12,163.93299261088595,491.79897783265784,327.8659852217719,29,212,0.8334043719038571,0.0029665010515600443,0.010300350873472376,-65.48459513580443,12,dynamic_1_5_p3_6_12_h1_3_6_12,dynamic:1.5,True,True,highs
equal_share,13,169.40683280539383,508.2204984161814,338.81366561078755,23,196,0.8422212706703087,0.002940799866337329,0.010211110647004615,-60.01075494129654,12,dynamic_1_5_p3_6_12_h1_3_6_12,dynamic:1.5,True,True,highs
equal_share,14,195.4548809939967,586.3646429819901,390.90976198799336,20,227,0.9972766288996553,0.00294740020763129,0.010234028498719757,-33.96270675269366,12,dynamic_1_5_p3_6_12_h1_3_6_12,dynamic:1.5,True,True,highs
equal_share,15,210.92979632635928,632.7893889790778,421.8595926527185,38,184,0.9080208403578149,0.0032025002292357385,0.011119792462624092,-18.487791420331092,12,dynamic_1_5_p3_6_12_h1_3_6_12,dynamic:1.5,True,True,highs
equal_share,16,165.5930500544216,496.77915016326483,331.1861001088432,22,204,0.99532066228776,0.0029828998958691955,0.010357291305101372,-63.82453769226876,12,dynamic_1_5_p3_6_12_h1_3_6_12,dynamic:1.5,True,True,highs
equal_share,17,200.8537390110559,602.5612170331677,401.70747802211184,29,203,0.8083373434987687,0.0028751995996572077,0.009983331943254193,-28.56384873563448,12,dynamic_1_5_p3_6_12_h1_3_6_12,dynamic:1.5,True,True,highs
equal_share,18,81.48860156742916,244.46580470228747,162.9772031348583,12,222,0.8259337529688471,0.003090600250288844,0.010731250869058486,-147.92898617926122,12,dynamic_1_5_p3_6_12_h1_3_6_12,dynamic:1.5,True,True,highs
equal_share,19,154.99194521634064,464.975835649022,309.98389043268133,17,181,0.7272352412282536,0.0030006004963070154,0.010418751723288247,-74.42564253034973,12,dynamic_1_5_p3_6_12_h1_3_6_12,dynamic:1.5,True,True,highs
equal_share,20,143.6297974574017,430.8893923722051,287.2595949148034,32,207,0.8850261335675446,0.0029016000917181373,0.010075000318465754,-85.78779028928867,12,dynamic_1_5_p3_6_12_h1_3_6_12,dynamic:1.5,True,True,highs
equal_share,21,204.18081056880436,612.542431706413,408.36162113760867,25,213,0.9013141396735597,0.0029774002032354474,0.010338195150123082,-25.23677717788601,12,dynamic_1_5_p3_6_12_h1_3_6_12,dynamic:1.5,True,True,highs
equal_share,22,150.33346579944867,451.00039739834597,300.6669315988973,29,211,0.9150544482960141,0.003160000080242753,0.010972222500842892,-79.0841219472417,12,dynamic_1_5_p3_6_12_h1_3_6_12,dynamic:1.5,True,True,highs
equal_share,23,174.33489178417904,523.004675352537,348.66978356835796,23,218,0.8658201471759512,0.0030005000880919397,0.010418403083652569,-55.08269596251134,12,dynamic_1_5_p3_6_12_h1_3_6_12,dynamic:1.5,True,True,highs
equal_share,24,147.36767132081252,442.1030139624376,294.7353426416251,15,222,0.9950126580129999,0.002834200276993215,0.00984097318400422,-82.04991642587785,12,dynamic_1_5_p3_6_12_h1_3_6_12,dynamic:1.5,True,True,highs
equal_share,25,232.3723577486724,697.1170732460171,464.74471549734466,24,218,0.9953704856256378,0.00297890038928017,0.010343404129445035,2.954770001982041,12,dynamic_1_5_p3_6_12_h1_3_6_12,dynamic:1.5,True,True,highs
equal_share,26,203.3847294123596,610.1541882370788,406.76945882471915,27,183,0.9418129556027798,0.0028744000010192394,0.009980555559094582,-26.03285833433077,12,dynamic_1_5_p3_6_12_h1_3_6_12,dynamic:1.5,True,True,highs
equal_share,27,112.3820000170812,337.1460000512436,224.76400003416242,20,236,0.9610642644465255,0.002962100086733699,0.010285069745603122,-117.03558772960918,12,dynamic_1_5_p3_6_12_h1_3_6_12,dynamic:1.5,True,True,highs
equal_share,28,182.36439166032739,547.0931749809822,364.7287833206548,23,228,0.6285576849865616,0.003144900198094547,0.010919792354494954,-47.05319608636299,12,dynamic_1_5_p3_6_12_h1_3_6_12,dynamic:1.5,True,True,highs
equal_share,29,161.1447806159333,483.43434184779994,322.2895612318666,21,217,0.9889455470763381,0.0030188995879143476,0.010482290235813707,-68.27280713075706,12,dynamic_1_5_p3_6_12_h1_3_6_12,dynamic:1.5,True,True,highs
max_charge,0,227.49542496999106,682.4862749099731,454.990849939982,39,187,0.8955688183530749,0.0012492004898376763,0.004337501700825265,-1.9221627766993095,12,dynamic_1_5_p3_6_12_h1_3_6_12,dynamic:1.5,True,True,highs
max_charge,1,222.0601522207259,666.1804566621779,444.120304441452,41,182,0.964782600386167,0.0012092992546968162,0.0041989557454750566,-7.357435525964462,12,dynamic_1_5_p3_6_12_h1_3_6_12,dynamic:1.5,True,True,highs
max_charge,2,212.4611307789881,637.3833923369644,424.92226155797636,35,197,0.9057877148929259,0.001184400636702776,0.004112502210773528,-16.95645696770228,12,dynamic_1_5_p3_6_12_h1_3_6_12,dynamic:1.5,True,True,highs
max_charge,3,228.23304140965143,684.6991242289542,456.4660828193028,37,187,0.9389401162033668,0.0011208007927052677,0.0038916694191155126,-1.1845463370389382,12,dynamic_1_5_p3_6_12_h1_3_6_12,dynamic:1.5,True,True,highs
max_charge,4,243.0167468746502,729.0502406239508,486.0334937493006,43,187,0.9089711971686169,0.0011618001735769212,0.0040340283804754205,13.599159127959837,12,dynamic_1_5_p3_6_12_h1_3_6_12,dynamic:1.5,True,True,highs
max_charge,5,212.5040532529353,637.5121597588061,425.0081065058708,43,203,0.8495210074102768,0.0011211010860279202,0.003892712104263612,-16.913534493755066,12,dynamic_1_5_p3_6_12_h1_3_6_12,dynamic:1.5,True,True,highs
max_charge,6,232.36687093575785,697.1006128072737,464.73374187151586,41,229,0.9961480287547907,0.001146600057836622,0.0039812502008216046,2.949283189067472,12,dynamic_1_5_p3_6_12_h1_3_6_12,dynamic:1.5,True,True,highs
max_charge,7,174.98798468112943,524.9639540433883,349.97596936225887,35,183,0.8797805945475088,0.0011274993885308504,0.003914928432398786,-54.42960306556094,12,dynamic_1_5_p3_6_12_h1_3_6_12,dynamic:1.5,True,True,highs
max_charge,8,208.2892167925835,624.8676503777504,416.57843358516686,40,197,0.9516399793644877,0.0011267008376307786,0.003912155686217981,-21.128370954106884,12,dynamic_1_5_p3_6_12_h1_3_6_12,dynamic:1.5,True,True,highs
max_charge,9,266.48965296347933,799.468958890438,532.9793059269587,38,220,0.8831937883083713,0.0011259999591857195,0.003909722080505971,37.07206521678896,12,dynamic_1_5_p3_6_12_h1_3_6_12,dynamic:1.5,True,True,highs
max_charge,10,297.5353178580601,892.6059535741805,595.0706357161204,40,189,0.9069967578140683,0.0011484999558888376,0.003987847069058464,68.11773011136975,12,dynamic_1_5_p3_6_12_h1_3_6_12,dynamic:1.5,True,True,highs
max_charge,11,228.74029485980674,686.22088457942,457.4805897196133,38,167,0.9675340542214251,0.0011221003369428217,0.003896181725495909,-0.6772928868836345,12,dynamic_1_5_p3_6_12_h1_3_6_12,dynamic:1.5,True,True,highs
max_charge,12,229.48340527415274,688.4502158224582,458.96681054830543,42,200,0.8768028466246841,0.0011422003153711557,0.003965973317260957,0.06581752746237157,12,dynamic_1_5_p3_6_12_h1_3_6_12,dynamic:1.5,True,True,highs
max_charge,13,226.87529583772016,680.6258875131606,453.75059167544043,40,179,0.8560321397408357,0.0011561010614968836,0.004014239796864179,-2.5422919089702134,12,dynamic_1_5_p3_6_12_h1_3_6_12,dynamic:1.5,True,True,highs
max_charge,14,237.86851972341532,713.605559170246,475.7370394468307,32,215,0.9975022324910681,0.0011686992947943509,0.004057983662480385,8.450931976724945,12,dynamic_1_5_p3_6_12_h1_3_6_12,dynamic:1.5,True,True,highs
max_charge,15,218.9199478278557,656.7598434835671,437.8398956557114,42,180,0.9123298078613389,0.0011206006165593863,0.0038909743630534243,-10.497639918834665,12,dynamic_1_5_p3_6_12_h1_3_6_12,dynamic:1.5,True,True,highs
max_charge,16,237.55430888732263,712.6629266619681,475.10861777464544,37,189,0.9967987704002462,0.0012209006818011403,0.004239238478476182,8.136721140632261,12,dynamic_1_5_p3_6_12_h1_3_6_12,dynamic:1.5,True,True,highs
max_charge,17,263.5715684890747,790.714705467224,527.1431369781493,42,190,0.8487137220071888,0.0012678001075983047,0.004402083706938558,34.153980742384334,12,dynamic_1_5_p3_6_12_h1_3_6_12,dynamic:1.5,True,True,highs
max_charge,18,155.14045858581864,465.4213757574558,310.28091717163716,37,197,0.9169481990145427,0.0012197995674796402,0.004235415164859862,-74.27712916087174,12,dynamic_1_5_p3_6_12_h1_3_6_12,dynamic:1.5,True,True,highs
max_charge,19,234.6836403210957,704.0509209632872,469.36728064219153,40,158,0.8865175111894673,0.0011685997596941888,0.004057638054493711,5.266052574405336,12,dynamic_1_5_p3_6_12_h1_3_6_12,dynamic:1.5,True,True,highs
max_charge,20,175.9935159434874,527.9805478304623,351.98703188697493,41,198,0.9036422023084038,0.0012324994895607233,0.004279512116530289,-53.42407180320296,12,dynamic_1_5_p3_6_12_h1_3_6_12,dynamic:1.5,True,True,highs
max_charge,21,271.10322368741026,813.3096710622309,542.2064473748206,40,198,0.9366054945394486,0.0010932001168839633,0.0037958337391804284,41.68563594071989,12,dynamic_1_5_p3_6_12_h1_3_6_12,dynamic:1.5,True,True,highs
max_charge,22,180.55764497319853,541.6729349195956,361.11528994639707,39,201,0.888239504115682,0.0010856001172214746,0.003769444851463454,-48.85994277349184,12,dynamic_1_5_p3_6_12_h1_3_6_12,dynamic:1.5,True,True,highs
max_charge,23,216.75170807441071,650.2551242232322,433.5034161488215,37,206,0.9163414928750355,0.0013163998373784125,0.004570832768675043,-12.665879672279658,12,dynamic_1_5_p3_6_12_h1_3_6_12,dynamic:1.5,True,True,highs
max_charge,24,229.5837882657845,688.7513647973536,459.1675765315691,37,200,0.9852946488880845,0.0011720001930370927,0.0040694451147121275,0.16620051909413291,12,dynamic_1_5_p3_6_12_h1_3_6_12,dynamic:1.5,True,True,highs
max_charge,25,317.64974208672845,952.9492262601851,635.2994841734567,43,199,0.9970413937404117,0.001172699616290629,0.004071873667675795,88.23215434003808,12,dynamic_1_5_p3_6_12_h1_3_6_12,dynamic:1.5,True,True,highs
max_charge,26,235.9384944319724,707.8154832959174,471.876988863945,42,170,0.9367666038224087,0.001153699995484203,0.004005902762097928,6.5209066852820285,12,dynamic_1_5_p3_6_12_h1_3_6_12,dynamic:1.5,True,True,highs
max_charge,27,152.70486374696094,458.1145912408828,305.4097274939219,33,223,0.975701866100674,0.0013608001754619181,0.004725000609242771,-76.71272399972943,12,dynamic_1_5_p3_6_12_h1_3_6_12,dynamic:1.5,True,True,highs
max_charge,28,264.1861153960227,792.5583461880683,528.3722307920456,41,210,0.9258407416535476,0.0012574006104841828,0.004365974341958968,34.768527649332356,12,dynamic_1_5_p3_6_12_h1_3_6_12,dynamic:1.5,True,True,highs
max_charge,29,242.73178710937498,728.1953613281249,485.46357421874995,41,197,0.9039679553697075,0.0013076995965093374,0.004540623598990755,13.314199362684604,12,dynamic_1_5_p3_6_12_h1_3_6_12,dynamic:1.5,True,True,highs
random,0,214.88567989891112,644.6570396967332,429.77135979782213,27,197,0.9267018307547666,0.013009400048758835,0.045171527947079286,-14.531907847779252,12,dynamic_1_5_p3_6_12_h1_3_6_12,dynamic:1.5,True,True,highs
random,1,206.74575165682518,620.2372549704755,413.49150331365036,33,190,0.9805889465021793,0.013327000080607831,0.04627430583544386,-22.671836089865195,12,dynamic_1_5_p3_6_12_h1_3_6_12,dynamic:1.5,True,True,highs
random,2,199.37039590219467,598.1111877065839,398.74079180438923,37,196,0.8989311506656457,0.01349929952993989,0.04687256781229129,-30.0471918444957,12,dynamic_1_5_p3_6_12_h1_3_6_12,dynamic:1.5,True,True,highs
random,3,216.99932157848042,650.9979647354411,433.99864315696067,31,193,0.8980621227444959,0.014089300006162375,0.04892118057695269,-12.418266168209954,12,dynamic_1_5_p3_6_12_h1_3_6_12,dynamic:1.5,True,True,highs
random,4,229.05707183379684,687.1712155013906,458.1141436675938,40,190,0.9051691923046126,0.013669999898411334,0.04746527742503935,-0.3605159128935327,12,dynamic_1_5_p3_6_12_h1_3_6_12,dynamic:1.5,True,True,highs
random,5,200.79838825766808,602.3951647730042,401.59677651533616,43,202,0.8035660380687493,0.0136528005823493,0.04740555757760174,-28.619199489022293,12,dynamic_1_5_p3_6_12_h1_3_6_12,dynamic:1.5,True,True,highs
random,6,217.95666436504507,653.8699930951352,435.91332873009014,32,238,0.9977409785703018,0.012676600134000182,0.04401597268750063,-11.460923381645301,12,dynamic_1_5_p3_6_12_h1_3_6_12,dynamic:1.5,True,True,highs
random,7,162.2307676601897,486.6923029805692,324.4615353203795,32,186,0.8849649544840429,0.012100499530788511,0.04201562337079344,-67.18682008650066,12,dynamic_1_5_p3_6_12_h1_3_6_12,dynamic:1.5,True,True,highs
random,8,197.71513181781552,593.1453954534466,395.43026363563104,34,203,0.9273255720517938,0.012054100865498185,0.04185451689409092,-31.702455928874855,12,dynamic_1_5_p3_6_12_h1_3_6_12,dynamic:1.5,True,True,highs
random,9,247.83968453182462,743.5190535954738,495.6793690636492,33,225,0.7934576297607909,0.012244499346707016,0.042515622731621586,18.422096785134244,12,dynamic_1_5_p3_6_12_h1_3_6_12,dynamic:1.5,True,True,highs
random,10,282.1349718543962,846.4049155631885,564.2699437087923,34,195,0.9420892441487744,0.012914899969473481,0.04484340267178292,52.71738410770584,12,dynamic_1_5_p3_6_12_h1_3_6_12,dynamic:1.5,True,True,highs
random,11,213.36314640495863,640.0894392148757,426.7262928099171,36,169,0.9517630830647238,0.013558800215832889,0.04707916741608642,-16.054441341731746,12,dynamic_1_5_p3_6_12_h1_3_6_12,dynamic:1.5,True,True,highs
random,12,216.43274668982997,649.2982400694898,432.8654933796598,36,205,0.8783503634146875,0.012812400353141129,0.04448750122618447,-12.984841056860404,12,dynamic_1_5_p3_6_12_h1_3_6_12,dynamic:1.5,True,True,highs
random,13,211.76054632860655,635.2816389858198,423.5210926572132,39,180,0.891452824048995,0.013743400340899825,0.047720140072568834,-17.65704141808382,12,dynamic_1_5_p3_6_12_h1_3_6_12,dynamic:1.5,True,True,highs
random,14,222.3341168213555,667.0023504640666,444.6682336427111,31,216,0.9846009424635263,0.012689700175542384,0.0440614589428555,-7.083470925334865,12,dynamic_1_5_p3_6_12_h1_3_6_12,dynamic:1.5,True,True,highs
random,15,207.16177695625993,621.4853308687799,414.32355391251997,38,183,0.8342953588540168,0.01181030023144558,0.0410079869147416,-22.255810790430445,12,dynamic_1_5_p3_6_12_h1_3_6_12,dynamic:1.5,True,True,highs
random,16,222.35447296720167,667.063418901605,444.70894593440335,36,190,0.8192281613643385,0.01321160007501021,0.04587361137156323,-7.0631147794887,12,dynamic_1_5_p3_6_12_h1_3_6_12,dynamic:1.5,True,True,highs
random,17,246.00032410424933,738.0009723127479,492.00064820849855,31,202,0.9380056492206644,0.012284899537917227,0.042655901173323706,16.582736357558957,12,dynamic_1_5_p3_6_12_h1_3_6_12,dynamic:1.5,True,True,highs
random,18,144.69689334512304,434.0906800353691,289.39378669024603,31,203,0.997823042528419,0.011622200137935579,0.040354861590054095,-84.72069440156733,12,dynamic_1_5_p3_6_12_h1_3_6_12,dynamic:1.5,True,True,highs
random,19,215.65017561528452,646.9505268458535,431.30035123056894,37,161,0.8665114594295328,0.011949800187721848,0.041492361762923084,-13.767412131405848,12,dynamic_1_5_p3_6_12_h1_3_6_12,dynamic:1.5,True,True,highs
random,20,162.7729682389865,488.3189047169595,325.545936477973,38,201,0.9072310729386969,0.01165170012973249,0.0404572921171267,-66.64461950770388,12,dynamic_1_5_p3_6_12_h1_3_6_12,dynamic:1.5,True,True,highs
random,21,255.66388237467964,766.9916471240389,511.32776474935923,32,204,0.9978608949769555,0.011557499645277858,0.04013020710165923,26.246294627989272,12,dynamic_1_5_p3_6_12_h1_3_6_12,dynamic:1.5,True,True,highs
random,22,168.9733162803601,506.9199488410804,337.9466325607203,38,202,0.8900587693366262,0.012194299953989685,0.0423413192846864,-60.444271466330264,12,dynamic_1_5_p3_6_12_h1_3_6_12,dynamic:1.5,True,True,highs
random,23,201.11071025486893,603.3321307646069,402.2214205097379,31,210,0.9197251613201811,0.013572299852967262,0.04712604115613633,-28.30687749182144,12,dynamic_1_5_p3_6_12_h1_3_6_12,dynamic:1.5,True,True,highs
random,24,213.63610863826227,640.9083259147868,427.27221727652454,34,203,0.8472346598444047,0.013818099920172244,0.047979513611709185,-15.781479108428101,12,dynamic_1_5_p3_6_12_h1_3_6_12,dynamic:1.5,True,True,highs
random,25,299.90966786324077,899.7290035897224,599.8193357264817,31,211,0.9317037807886194,0.0130393992876634,0.045275691971053474,70.4920801165504,12,dynamic_1_5_p3_6_12_h1_3_6_12,dynamic:1.5,True,True,highs
random,26,219.03319517494145,657.0995855248243,438.06639034988285,40,170,0.8923845155060461,0.012751999369356781,0.04427777558804438,-10.384392571748918,12,dynamic_1_5_p3_6_12_h1_3_6_12,dynamic:1.5,True,True,highs
random,27,145.02857303587763,435.0857191076328,290.0571460717552,33,224,0.9984450924571132,0.016301400028169155,0.0566020834311429,-84.38901471081275,12,dynamic_1_5_p3_6_12_h1_3_6_12,dynamic:1.5,True,True,highs
random,28,249.5792886914473,748.7378660743419,499.15857738289463,37,214,0.978688337314118,0.014406599977519363,0.0500229165886089,20.161700944756916,12,dynamic_1_5_p3_6_12_h1_3_6_12,dynamic:1.5,True,True,highs
random,29,225.5915063210365,676.7745189631095,451.183012642073,31,207,0.9688930865965053,0.01212029968155548,0.04208437389428986,-3.826081425653882,12,dynamic_1_5_p3_6_12_h1_3_6_12,dynamic:1.5,True,True,highs
