controller,seed,net_profit,total_revenue,total_cost,served_customers,rejected_customers,mean_soc_fulfillment,total_compute_s,mean_step_ms,gap_to_best,ports,experiment_id,tariff,bess_enabled,v2g_enabled,solver
milp_h1,0,206.71877029616036,320.6498540282249,113.93108373206455,9,224,0.9966674304666521,4.085386700287927,14.185370487110857,-1.366933185655995,3,0_75_p3_6_12_h1_3_6_12,0.75,True,True,highs
milp_h1,1,212.0399610766164,323.5498497366905,111.50988866007407,9,223,0.7795695473590564,3.82869780017063,13.2940895839258,3.9542575948000547,3,0_75_p3_6_12_h1_3_6_12,0.75,True,True,highs
milp_h1,2,215.21049645549456,322.92485027313234,107.71435381763777,6,235,0.9983711705837773,3.9610845002462156,13.753765625854916,7.124792973678211,3,0_75_p3_6_12_h1_3_6_12,0.75,True,True,highs
milp_h1,3,208.65656716426213,323.0748492002487,114.41828203598658,8,225,0.9988173624404765,4.088788699998986,14.19718298610759,0.5708636824457756,3,0_75_p3_6_12_h1_3_6_12,0.75,True,True,highs
milp_h1,4,202.07353379142603,324.4998508095741,122.4263170181481,7,232,0.9985805703405464,3.884574799973052,13.488106944350875,-6.012169690390323,3,0_75_p3_6_12_h1_3_6_12,0.75,True,True,highs
milp_h1,5,214.36998567717472,321.4498508095741,107.07986513239939,9,245,0.9986918062025767,3.8233862995984964,13.27564687360589,6.284282195358372,3,0_75_p3_6_12_h1_3_6_12,0.75,True,True,highs
milp_h1,6,202.33188841740292,320.3748492002487,118.04296078284581,9,270,0.7968468199094542,3.943413000437431,13.692406251518857,-5.7538150644134305,3,0_75_p3_6_12_h1_3_6_12,0.75,True,True,highs
milp_h1,7,234.61974661041734,322.7248513460159,88.10510473559857,8,219,0.9970233026422637,3.9712047995999455,13.788905554166478,26.534043128600985,3,0_75_p3_6_12_h1_3_6_12,0.75,True,True,highs
milp_h1,8,216.42062081098553,321.1748492002487,104.75422838926315,7,239,0.8042142756700751,3.8021120998309925,13.201778124413169,8.334917329169173,3,0_75_p3_6_12_h1_3_6_12,0.75,True,True,highs
milp_h1,9,189.81166098392643,323.8498497366905,134.03818875276406,9,259,0.7258890959602696,3.810520399652887,13.230973609905858,-18.274042497889923,3,0_75_p3_6_12_h1_3_6_12,0.75,True,True,highs
milp_h1,10,173.4716805731694,322.92485027313234,149.45316969996293,9,229,0.8638596251223897,3.80006720055826,13.19467777971618,-34.614022908646945,3,0_75_p3_6_12_h1_3_6_12,0.75,True,True,highs
milp_h1,11,204.44926067730103,319.29985194206233,114.85059126476132,8,207,0.998632730522574,4.054211600276176,14.077123612070055,-3.636442804515326,3,0_75_p3_6_12_h1_3_6_12,0.75,True,True,highs
milp_h1,12,207.3246467151642,322.7748492002487,115.45020248508452,7,243,0.997985801950094,3.816011899674777,13.250041318315198,-0.7610567666521604,3,0_75_p3_6_12_h1_3_6_12,0.75,True,True,highs
milp_h1,13,210.40879905294815,324.67484920024873,114.26605014730056,7,221,0.9969233610040176,3.9608980998164043,13.753118402140293,2.3230955711318018,3,0_75_p3_6_12_h1_3_6_12,0.75,True,True,highs
milp_h1,14,204.78645319948194,324.0248502731323,119.23839707365036,12,244,0.9246322476637214,4.1669914000085555,14.468720138918595,-3.2992502823344125,3,0_75_p3_6_12_h1_3_6_12,0.75,True,True,highs
milp_h1,15,214.49992373150587,323.9998508095741,109.49992707806825,6,224,0.997693578897724,4.103053699654993,14.246714234913169,6.414220249689521,3,0_75_p3_6_12_h1_3_6_12,0.75,True,True,highs
milp_h1,16,203.7469621827205,324.3498486638069,120.6028864810864,7,228,0.9973861224501605,3.9515383994439617,13.720619442513756,-4.338741299095858,3,0_75_p3_6_12_h1_3_6_12,0.75,True,True,highs
milp_h1,17,185.27693122974713,318.02485140562055,132.74792017587342,7,234,0.9988404486839312,3.8994054994545877,13.539602428661762,-22.808772252069218,3,0_75_p3_6_12_h1_3_6_12,0.75,True,True,highs
milp_h1,18,244.23151858150953,322.12484920024866,77.89333061873913,8,235,0.7669653578677006,4.044158400211018,14.042216667399366,36.14581509969318,3,0_75_p3_6_12_h1_3_6_12,0.75,True,True,highs
milp_h1,19,201.43393124639988,319.2498497366905,117.81591849029064,7,200,0.9952246366467055,3.917157200514339,13.601240279563676,-6.651772235416473,3,0_75_p3_6_12_h1_3_6_12,0.75,True,True,highs
milp_h1,20,230.71733030152316,318.3998529553413,87.68252265381815,8,240,0.9987069177820255,3.890109999978449,13.50732638881406,22.63162681970681,3,0_75_p3_6_12_h1_3_6_12,0.75,True,True,highs
milp_h1,21,185.33654898703097,321.5998508095741,136.26330182254313,7,238,0.99843217513287,3.801356999843847,13.199156249457802,-22.749154494785387,3,0_75_p3_6_12_h1_3_6_12,0.75,True,True,highs
milp_h1,22,234.60950469130117,325.7748492002487,91.16534450894753,14,235,0.805686793928608,3.9419870999408886,13.687455208128085,26.523801209484816,3,0_75_p3_6_12_h1_3_6_12,0.75,True,True,highs
milp_h1,23,214.736753064394,323.6998497366905,108.96309667229652,9,241,0.8359233813936192,3.900310400116723,13.542744444849733,6.651049582577656,3,0_75_p3_6_12_h1_3_6_12,0.75,True,True,highs
milp_h1,24,206.58209259238004,322.2748502731323,115.69275768075227,12,234,0.9132923403274047,3.9833460999652743,13.831062847101647,-1.5036108894363167,3,0_75_p3_6_12_h1_3_6_12,0.75,True,True,highs
milp_h1,25,164.13531614740688,324.8248492002487,160.68953305284182,6,245,0.9965903122330529,4.703184100100771,16.33050034757212,-43.95038733440947,3,0_75_p3_6_12_h1_3_6_12,0.75,True,True,highs
milp_h1,26,204.81303509713013,323.8748492002487,119.06181410311859,5,214,0.9994728645041572,6.145077100023627,21.33707326397093,-3.2726683846862272,3,0_75_p3_6_12_h1_3_6_12,0.75,True,True,highs
milp_h1,27,247.49745552021656,323.6748513460159,76.17739582579932,9,256,0.9987100004084294,6.069276700087357,21.07387743085888,39.41175203840021,3,0_75_p3_6_12_h1_3_6_12,0.75,True,True,highs
milp_h1,28,189.79317882959043,322.9248502731323,133.13167144354185,7,253,0.9978816482621602,5.855846000951715,20.332798614415676,-18.29252465222592,3,0_75_p3_6_12_h1_3_6_12,0.75,True,True,highs
milp_h1,29,199.98771119117737,321.9498497366905,121.96213854551314,6,241,0.0,5.68365380022442,19.734909028557013,-8.097992290638985,3,0_75_p3_6_12_h1_3_6_12,0.75,True,True,highs
milp_h3,0,207.20921468970135,321.4874019503593,114.27818726065793,9,224,0.9971283602117206,8.262946099683177,28.690785068344365,-0.8764887921149978,3,0_75_p3_6_12_h1_3_6_12,0.75,True,True,highs
milp_h3,1,211.84019040243464,323.2248502731323,111.38465987069763,6,226,0.8829650126620496,8.623379500233568,29.942289931366556,3.754486920618291,3,0_75_p3_6_12_h1_3_6_12,0.75,True,True,highs
milp_h3,2,216.27518439172428,324.56239944696426,108.28721505524,8,233,0.9984126461907288,6.896964099782053,23.94779201313213,8.189480909907928,3,0_75_p3_6_12_h1_3_6_12,0.75,True,True,highs
milp_h3,3,207.81157721676985,321.7748513460159,113.96327412924606,9,224,0.9983456023200592,2231.976854699664,7749.919634373833,-0.2741262650465046,3,0_75_p3_6_12_h1_3_6_12,0.75,True,True,highs
milp_h3,4,202.8054585844278,325.79984866380687,122.99439007937907,9,231,0.9947114342050736,5.799631999980193,20.137611111042336,-5.280244897388542,3,0_75_p3_6_12_h1_3_6_12,0.75,True,True,highs
milp_h3,5,214.56882034738857,321.7748502731323,107.20602992574372,7,247,0.9682909955940991,7.795067599508911,27.066206942739274,6.483116865572214,3,0_75_p3_6_12_h1_3_6_12,0.75,True,True,highs
milp_h3,6,202.54635887437976,320.72479978799817,118.1784409136184,9,270,0.9985416208245869,7.2754930993542075,25.26212881720211,-5.53934460743659,3,0_75_p3_6_12_h1_3_6_12,0.75,True,True,highs
milp_h3,7,234.37812467898843,322.3998518824577,88.02172720346928,7,220,0.9976654642346119,6.217493899748661,21.588520485238405,26.292421197172075,3,0_75_p3_6_12_h1_3_6_12,0.75,True,True,highs
milp_h3,8,215.98847970528442,320.64985033273695,104.66137062745253,12,234,0.9607106367638578,7.4571926992502995,25.893030205730206,7.9027762234680665,3,0_75_p3_6_12_h1_3_6_12,0.75,True,True,highs
milp_h3,9,189.998696009318,324.1748492002487,134.17615319093068,10,258,0.9262035644310641,9.901080899580847,34.37875312354461,-18.087007472498357,3,0_75_p3_6_12_h1_3_6_12,0.75,True,True,highs
milp_h3,10,174.06694002316792,324.0873990893364,150.02045906616846,13,225,0.5508484791732206,14.455336100014392,50.19213923616108,-34.018763458648436,3,0_75_p3_6_12_h1_3_6_12,0.75,True,True,highs
milp_h3,11,204.86283527799287,319.949801158905,115.08696588091215,9,206,0.9978836131649679,12.052589099679608,41.84926770722086,-3.222868203823481,3,0_75_p3_6_12_h1_3_6_12,0.75,True,True,highs
milp_h3,12,207.65313101633546,323.28739908933636,115.63426807300088,9,241,0.9985727383548614,16.934960800397675,58.80194722360304,-0.432572465480888,3,0_75_p3_6_12_h1_3_6_12,0.75,True,True,highs
milp_h3,13,210.4087990529481,324.6748492002487,114.26605014730056,6,222,0.997971518157532,12.479514499776997,43.33164756867013,2.323095571131745,3,0_75_p3_6_12_h1_3_6_12,0.75,True,True,highs
milp_h3,14,204.79052219126143,324.0248502731323,119.23432808187087,15,241,0.8613348353642869,12.395594799774699,43.040259721439924,-3.295181290554922,3,0_75_p3_6_12_h1_3_6_12,0.75,True,True,highs
milp_h3,15,214.97810627281666,324.6498497366905,109.67174346387385,10,220,0.8967501195608901,11.925346399657428,41.40745277658829,6.892402791000308,3,0_75_p3_6_12_h1_3_6_12,0.75,True,True,highs
milp_h3,16,203.5616778223292,324.0248492002487,120.46317137791951,10,226,0.8488203479793164,14.716515899519436,51.09901353999804,-4.524025659487165,3,0_75_p3_6_12_h1_3_6_12,0.75,True,True,highs
milp_h3,17,185.27688143752417,318.02480187416074,132.74792043663658,9,232,0.9986647534363222,9.066234799451195,31.47998194253887,-22.808822044292185,3,0_75_p3_6_12_h1_3_6_12,0.75,True,True,highs
milp_h3,18,244.27670961858513,322.187349319458,77.91063970087289,8,236,0.76619991498697,6.56214359938167,22.785220831186354,36.19100613676878,3,0_75_p3_6_12_h1_3_6_12,0.75,True,True,highs
milp_h3,19,201.66815622141362,319.62479984760284,117.95664362618922,5,202,0.9980054491219239,6.81058600009419,23.647868055882604,-6.417547260402728,3,0_75_p3_6_12_h1_3_6_12,0.75,True,True,highs
milp_h3,20,231.493017341578,319.6998508095741,88.20683346799612,9,239,0.8881519035747351,4.486816100485157,15.579222571129018,23.407313859761643,3,0_75_p3_6_12_h1_3_6_12,0.75,True,True,highs
milp_h3,21,184.16011593807934,319.6498540282249,135.48973809014558,7,238,0.9981974659960781,3.923766300547868,13.624188543568986,-23.92558754373701,3,0_75_p3_6_12_h1_3_6_12,0.75,True,True,highs
milp_h3,22,234.89299955666064,326.0998486638069,91.20684910714625,11,238,0.9982619527465668,3.95118800009368,13.719402778103055,26.807296074844288,3,0_75_p3_6_12_h1_3_6_12,0.75,True,True,highs
milp_h3,23,214.736753064394,323.6998497366905,108.96309667229652,11,239,0.7541982455100001,4.242665200319607,14.731476389998635,6.651049582577656,3,0_75_p3_6_12_h1_3_6_12,0.75,True,True,highs
milp_h3,24,207.2205035874796,323.3123487830162,116.09184519553659,9,237,0.8718372280496123,4.184394400275778,14.529147223179784,-0.8651998943367403,3,0_75_p3_6_12_h1_3_6_12,0.75,True,True,highs
milp_h3,25,164.27614924311638,325.1498486638069,160.8736994206905,7,244,0.9974378933264136,5.103920200082939,17.72194513917687,-43.809554238699974,3,0_75_p3_6_12_h1_3_6_12,0.75,True,True,highs
milp_h3,26,205.00647477209563,324.19984866380685,119.19337389171122,7,212,0.0,4.582288799923845,15.91072499973557,-3.0792287097207236,3,0_75_p3_6_12_h1_3_6_12,0.75,True,True,highs
milp_h3,27,248.49216187103428,324.9748492002487,76.48268732921441,9,256,0.9984925563159407,3.5191993004409596,12.219442015419999,40.40645838921793,3,0_75_p3_6_12_h1_3_6_12,0.75,True,True,highs
milp_h3,28,190.27827595560709,323.76239944696425,133.48412349135717,8,252,0.8219475780758198,4.092777500394732,14.211032987481708,-17.807427526209267,3,0_75_p3_6_12_h1_3_6_12,0.75,True,True,highs
milp_h3,29,199.98771119117737,321.9498497366905,121.96213854551314,10,237,0.8332484752062997,3.797639000636991,13.186246529989553,-8.097992290638985,3,0_75_p3_6_12_h1_3_6_12,0.75,True,True,highs
milp_h6,0,208.1912134826183,322.9749999403953,114.78378645777701,10,223,0.9978187500920603,5.94060680072289,20.627106946954477,0.1055100008019565,3,0_75_p3_6_12_h1_3_6_12,0.75,True,True,highs
milp_h6,1,212.37833969593044,324.12494981288904,111.7466101169586,6,226,0.8231862900903624,4.967627700418234,17.24870729311887,4.292636214114083,3,0_75_p3_6_12_h1_3_6_12,0.75,True,True,highs
milp_h6,2,216.43590538036028,324.85010007619854,108.41419469583828,7,234,0.9984375426430643,4.336548100574873,15.057458682551644,8.35020189854393,3,0_75_p3_6_12_h1_3_6_12,0.75,True,True,highs
milp_h6,3,208.72836547096568,323.1998995065689,114.4715340356032,7,226,0.998228459203637,4.72844249982154,16.418203124380348,0.6426619891493317,3,0_75_p3_6_12_h1_3_6_12,0.75,True,True,highs
milp_h6,4,202.94615955650804,326.0499496340751,123.10379007756708,5,234,0.9989756177947688,5.647503100219183,19.60938576464994,-5.139543925308317,3,0_75_p3_6_12_h1_3_6_12,0.75,True,True,highs
milp_h6,5,214.63936429818472,321.8999002218246,107.26053592363992,9,245,0.9984597516172387,4.831339500204194,16.77548437570901,6.553660816368364,3,0_75_p3_6_12_h1_3_6_12,0.75,True,True,highs
milp_h6,6,202.54640889921345,320.7248498558998,118.17844095668633,11,268,0.9978670514969769,4.193160699796863,14.559585763183552,-5.539294582602906,3,0_75_p3_6_12_h1_3_6_12,0.75,True,True,highs
milp_h6,7,235.42044853270053,323.82489986419677,88.40445133149623,11,216,0.7145387364677915,4.695468400022946,16.303709722301896,27.33474505088418,3,0_75_p3_6_12_h1_3_6_12,0.75,True,True,highs
milp_h6,8,216.49020087122915,321.2998492598533,104.80964838862418,10,236,0.674376128930891,4.679727499082219,16.249053816257703,8.404497389412796,3,0_75_p3_6_12_h1_3_6_12,0.75,True,True,highs
milp_h6,9,189.998696009318,324.1748492002487,134.17615319093068,9,258,0.7801863104901497,5.180356300028507,17.98734826398787,-18.087007472498357,3,0_75_p3_6_12_h1_3_6_12,0.75,True,True,highs
milp_h6,10,174.1605810244878,324.27499994039533,150.11441891590752,9,229,0.8390741616803512,5.679547199863009,19.720649999524337,-33.92512245732854,3,0_75_p3_6_12_h1_3_6_12,0.75,True,True,highs
milp_h6,11,204.6419266635267,319.6249009370804,114.9829742735537,8,206,0.9983804407394556,3.9121272999909706,13.58377534719087,-3.443776818289649,3,0_75_p3_6_12_h1_3_6_12,0.75,True,True,highs
milp_h6,12,207.28349770177283,322.6998999238014,115.41640222202857,9,241,0.9990235800628184,4.973168699827511,17.26794687440108,-0.802205780043522,3,0_75_p3_6_12_h1_3_6_12,0.75,True,True,highs
milp_h6,13,210.7401527037223,325.2499496340751,114.50979693035283,8,220,0.9971835622798779,5.06108050030889,17.57319618162809,2.654449221905935,3,0_75_p3_6_12_h1_3_6_12,0.75,True,True,highs
milp_h6,14,205.55706979334354,325.24994963407516,119.69287984073162,15,241,0.8698827070551247,4.658987600065302,16.177040278004522,-2.5286336884728087,3,0_75_p3_6_12_h1_3_6_12,0.75,True,True,highs
milp_h6,15,215.17527261972424,324.9748492002487,109.79957658052444,9,221,0.966178318583457,4.753519899910316,16.505277430244153,7.089569137907887,3,0_75_p3_6_12_h1_3_6_12,0.75,True,True,highs
milp_h6,16,203.35278983308234,323.6998497366905,120.34705990360816,14,221,0.8877650691384672,5.072927800589241,17.614332640934865,-4.732913648734012,3,0_75_p3_6_12_h1_3_6_12,0.75,True,True,highs
milp_h6,17,185.27698078293722,318.02490093708036,132.74792015414315,9,232,0.7909881009655307,4.850816500023939,16.843112847305342,-22.808722698879137,3,0_75_p3_6_12_h1_3_6_12,0.75,True,True,highs
milp_h6,18,245.28346827725565,323.4999002218246,78.21643194456894,9,234,0.836865707963277,5.497408899653237,19.088225346018184,37.1977647954393,3,0_75_p3_6_12_h1_3_6_12,0.75,True,True,highs
milp_h6,19,201.66825613366763,319.62489980459213,117.95664367092449,9,198,0.9983045618523976,4.673097799997777,16.22603402777006,-6.417447348148727,3,0_75_p3_6_12_h1_3_6_12,0.75,True,True,highs
milp_h6,20,231.71442864239214,320.0248502731323,88.31042163074017,10,238,0.8668261192512904,4.350077799521387,15.104436803893703,23.628725160575783,3,0_75_p3_6_12_h1_3_6_12,0.75,True,True,highs
milp_h6,21,185.1571449548872,321.2748513460159,136.1177063911287,10,235,0.9975731136939794,4.806081700022332,16.6877836806331,-22.92855852692915,3,0_75_p3_6_12_h1_3_6_12,0.75,True,True,highs
milp_h6,22,234.89299955666064,326.0998486638069,91.20684910714625,11,238,0.9862908278253474,5.706164199800696,19.813070138196863,26.807296074844288,3,0_75_p3_6_12_h1_3_6_12,0.75,True,True,highs
milp_h6,23,214.80674919486046,323.82489986419677,109.01815066933631,7,243,0.5121217554101275,4.15316560032079,14.420713890002743,6.721045713044106,3,0_75_p3_6_12_h1_3_6_12,0.75,True,True,highs
milp_h6,24,207.25575308501715,323.374899148941,116.11914606392382,8,238,0.8706242305557785,5.707532999687828,19.817822915582738,-0.8299503967992052,3,0_75_p3_6_12_h1_3_6_12,0.75,True,True,highs
milp_h6,25,164.33322972655296,325.274899148941,160.94166942238806,6,245,0.9948574895663617,5.602951799053699,19.45469374671423,-43.752473755263395,3,0_75_p3_6_12_h1_3_6_12,0.75,True,True,highs
milp_h6,26,205.0786852568388,324.32489914894103,119.24621389210223,9,210,0.6094871617609363,5.40889210003661,18.78087534734934,-3.007018224977543,3,0_75_p3_6_12_h1_3_6_12,0.75,True,True,highs
milp_h6,27,248.49216187103428,324.9748492002487,76.48268732921441,10,255,0.951429782810318,5.252606499940157,18.2382170136811,40.40645838921793,3,0_75_p3_6_12_h1_3_6_12,0.75,True,True,highs
milp_h6,28,189.86713111616768,323.07509900331496,133.20796788714728,11,249,0.9984195661407005,4.821386200026609,16.740924305647948,-18.21857236564867,3,0_75_p3_6_12_h1_3_6_12,0.75,True,True,highs
milp_h6,29,200.0577233195305,322.07489986419677,122.01717654466627,9,238,0.9986532086643135,5.486787299858406,19.051344791175023,-8.027980162285843,3,0_75_p3_6_12_h1_3_6_12,0.75,True,True,highs
milp_h12,0,208.19882714450358,322.9749999403953,114.77617279589175,10,223,0.9966958551482515,6.160274800204206,21.389843056264606,0.1131236626872294,3,0_75_p3_6_12_h1_3_6_12,0.75,True,True,highs
milp_h12,1,212.37833969593044,324.12494981288904,111.7466101169586,6,226,0.8256903283853899,7.156358199892566,24.848465971849187,4.292636214114083,3,0_75_p3_6_12_h1_3_6_12,0.75,True,True,highs
milp_h12,2,216.2222284839789,324.5250997185707,108.30287123459178,6,235,0.9967326466065223,6.588036099972669,22.875125347127323,8.136525002162557,3,0_75_p3_6_12_h1_3_6_12,0.75,True,True,highs
milp_h12,3,208.72836547096568,323.1998995065689,114.4715340356032,9,224,0.998486430979248,8.606512200611178,29.883722918788813,0.6426619891493317,3,0_75_p3_6_12_h1_3_6_12,0.75,True,True,highs
milp_h12,4,203.01650992333884,326.17499999999995,123.1584900766611,6,233,0.9996320440905156,6.337632299866527,22.005667707869886,-5.069193558477508,3,0_75_p3_6_12_h1_3_6_12,0.75,True,True,highs
milp_h12,5,214.63936429818472,321.8999002218246,107.26053592363992,12,242,0.9065887089965868,7.118012299994007,24.715320486090302,6.553660816368364,3,0_75_p3_6_12_h1_3_6_12,0.75,True,True,highs
milp_h12,6,202.35418879117168,320.3998005032539,118.04561171208222,8,271,0.9985140876128197,7.1295554002863355,24.755400695438667,-5.731514690644673,3,0_75_p3_6_12_h1_3_6_12,0.75,True,True,highs
milp_h12,7,235.25305046410801,323.62495017051697,88.37189970640897,10,217,0.8658555587327035,6.749123900488485,23.43445798780724,27.16734698229166,3,0_75_p3_6_12_h1_3_6_12,0.75,True,True,highs
milp_h12,8,216.72665142482913,321.67484985589977,104.94819843107062,10,236,0.8195544516643658,10.077711799705867,34.992054860089816,8.640947943012776,3,0_75_p3_6_12_h1_3_6_12,0.75,True,True,highs
milp_h12,9,189.83376961254277,323.8498497366905,134.01608012414772,9,258,0.7802145272870259,8.279481100325938,28.74819826502062,-18.251933869273586,3,0_75_p3_6_12_h1_3_6_12,0.75,True,True,highs
milp_h12,10,174.1605810244878,324.27499994039533,150.11441891590752,8,230,0.8341894879631842,8.531538299692329,29.623396873931696,-33.92512245732854,3,0_75_p3_6_12_h1_3_6_12,0.75,True,True,highs
milp_h12,11,205.09546091910357,320.27480044364927,115.17933952454568,7,207,0.9982573010971827,6.436965000117198,22.350572917073602,-2.9902425627127798,3,0_75_p3_6_12_h1_3_6_12,0.75,True,True,highs
milp_h12,12,207.69172324985263,323.34989920854565,115.65817595869302,7,243,0.9963375255856969,7.780468700628262,27.01551632162591,-0.3939802319637238,3,0_75_p3_6_12_h1_3_6_12,0.75,True,True,highs
milp_h12,13,210.53943715211307,324.92494981288905,114.38551266077597,8,220,0.9982312436332311,8.911384999519214,30.942309026108383,2.453733670296714,3,0_75_p3_6_12_h1_3_6_12,0.75,True,True,highs
milp_h12,14,204.31225117885901,323.2999507069587,118.98769952809971,10,246,0.9984920951208647,6.244423000141978,21.682024306048536,-3.773452302957338,3,0_75_p3_6_12_h1_3_6_12,0.75,True,True,highs
milp_h12,15,215.258738926053,325.0998995065689,109.84116058051586,6,224,0.9985954448808497,5.856586400186643,20.33536944509251,7.17303544423666,3,0_75_p3_6_12_h1_3_6_12,0.75,True,True,highs
milp_h12,16,203.7469621827205,324.3498486638069,120.6028864810864,8,227,0.9978468710437822,7.364193900255486,25.57011770922044,-4.338741299095858,3,0_75_p3_6_12_h1_3_6_12,0.75,True,True,highs
milp_h12,17,185.27688126368207,318.02480187416074,132.74792061047867,6,235,0.9982362980638243,6.0582219996722415,21.035493054417504,-22.80882221813428,3,0_75_p3_6_12_h1_3_6_12,0.75,True,True,highs
milp_h12,18,244.3219508886337,322.24989950656885,77.92794861793517,7,236,0.843018069292655,7.5511947992490605,26.21942638628146,36.23624740681734,3,0_75_p3_6_12_h1_3_6_12,0.75,True,True,highs
milp_h12,19,201.66815604247253,319.62479984760284,117.95664380513031,7,200,0.9980171750983443,7.331584700441454,25.45689132097727,-6.417547439343821,3,0_75_p3_6_12_h1_3_6_12,0.75,True,True,highs
milp_h12,20,231.97462389844497,320.39980056285856,88.4251766644136,8,240,0.9984867283759643,6.908238900068682,23.98694062523848,23.888920416628622,3,0_75_p3_6_12_h1_3_6_12,0.75,True,True,highs
milp_h12,21,185.40059675872322,321.7249005794525,136.32430382072926,8,237,0.998486288552756,7.111801199847832,24.693754166138305,-22.685106723093128,3,0_75_p3_6_12_h1_3_6_12,0.75,True,True,highs
milp_h12,22,234.48975490220704,325.57489986419677,91.08514496198971,11,238,0.9985787205262557,6.775449300184846,23.525865625641828,26.404051420390687,3,0_75_p3_6_12_h1_3_6_12,0.75,True,True,highs
milp_h12,23,212.47511680261132,319.92495088577266,107.44983408316133,13,238,0.9371669913054346,7.25031549949199,25.174706595458296,4.389413320794972,3,0_75_p3_6_12_h1_3_6_12,0.75,True,True,highs
milp_h12,24,207.4941982192977,323.74984931945795,116.25565110016026,8,238,0.827361385084089,8.32818969967775,28.9173253461033,-0.5915052625186661,3,0_75_p3_6_12_h1_3_6_12,0.75,True,True,highs
milp_h12,25,164.33322972655296,325.274899148941,160.94166942238806,7,244,0.9983916318982079,6.96482350025326,24.183414931434932,-43.752473755263395,3,0_75_p3_6_12_h1_3_6_12,0.75,True,True,highs
milp_h12,26,205.0786852568388,324.32489914894103,119.24621389210223,7,212,0.9951577685510306,6.792365499946754,23.584602430370676,-3.007018224977543,3,0_75_p3_6_12_h1_3_6_12,0.75,True,True,highs
milp_h12,27,248.7431567887465,325.29984866380687,76.5566918750604,9,256,0.9974221717499282,6.614990599220619,22.968717358404927,40.65745330693014,3,0_75_p3_6_12_h1_3_6_12,0.75,True,True,highs
milp_h12,28,190.4158617297808,324.05010007619853,133.63423834641773,7,253,0.9975087710406574,7.987938900303561,27.735898959387367,-17.669841752035552,3,0_75_p3_6_12_h1_3_6_12,0.75,True,True,highs
milp_h12,29,200.05772331953048,322.07489986419677,122.01717654466628,9,239,0.9992650451104111,5.804535100178327,20.154635764508082,-8.027980162285871,3,0_75_p3_6_12_h1_3_6_12,0.75,True,True,highs
equal_share,0,129.67620431526865,202.10038467833814,72.42418036306951,8,225,0.9945230821795376,0.002044799563009292,0.007099998482671153,-78.4094991665477,3,0_75_p3_6_12_h1_3_6_12,0.75,True,True,highs
equal_share,1,111.32410628372946,169.75750936865808,58.43340308492862,2,230,0.6406227845783328,0.00203150074230507,0.0070538220218926044,-96.76159719808689,3,0_75_p3_6_12_h1_3_6_12,0.75,True,True,highs
equal_share,2,118.67999274980178,178.76106043457986,60.08106768477808,3,238,0.9982376239275677,0.0022112993174232543,0.007678122629941855,-89.40571073201457,3,0_75_p3_6_12_h1_3_6_12,0.75,True,True,highs
equal_share,3,165.80994758905155,260.84256701444417,95.03261942539264,7,226,0.9978373259501343,0.002114600036293268,0.007342361237129403,-42.275755892764806,3,0_75_p3_6_12_h1_3_6_12,0.75,True,True,highs
equal_share,4,97.7023165969162,155.5331143144217,57.83079771750551,2,237,0.9966434284727544,0.0020580002455972135,0.007145834186101436,-110.38338688490015,3,0_75_p3_6_12_h1_3_6_12,0.75,True,True,highs
equal_share,5,145.84772528183638,220.67447085979398,74.82674557795761,6,248,0.9980665270160616,0.0020347998943179846,0.007065277410826336,-62.23797819997998,3,0_75_p3_6_12_h1_3_6_12,0.75,True,True,highs
equal_share,6,147.09179661470387,234.11087483801634,87.01907822331246,6,273,0.9969955671913019,0.0019179998780600727,0.0066597217988196965,-60.993906867112486,3,0_75_p3_6_12_h1_3_6_12,0.75,True,True,highs
equal_share,7,229.97844352275916,317.57673917880345,87.5982956560443,9,218,0.8816116535195606,0.0020792001159861684,0.007219444847174196,21.89274004094281,3,0_75_p3_6_12_h1_3_6_12,0.75,True,True,highs
equal_share,8,180.87816704645593,271.0851617149421,90.20699466848616,8,238,0.9980808153807884,0.0021352997282519937,0.0074142351675416445,-27.207536435360424,3,0_75_p3_6_12_h1_3_6_12,0.75,True,True,highs
equal_share,9,185.5254301499588,318.80011539911044,133.27468524915164,10,257,0.7846772939730045,0.002100799873005599,0.0072944440034916624,-22.56027333185756,3,0_75_p3_6_12_h1_3_6_12,0.75,True,True,highs
equal_share,10,148.29709252052078,278.7629962124404,130.4659036919196,11,227,0.9338356262441522,0.002141699893400073,0.007436457963194698,-59.788610961295575,3,0_75_p3_6_12_h1_3_6_12,0.75,True,True,highs
equal_share,11,147.06100454239692,231.22783602365828,84.16683148126138,6,208,0.9947447065166739,0.0019751001382246614,0.006857986591057852,-61.02469893941944,3,0_75_p3_6_12_h1_3_6_12,0.75,True,True,highs
equal_share,12,161.57107083968347,251.05477694803554,89.48370610835207,8,242,0.9959151943420026,0.002155599824618548,0.007484721613258848,-46.51463264213288,3,0_75_p3_6_12_h1_3_6_12,0.75,True,True,highs
equal_share,13,205.2082020646654,318.47829698208426,113.27009491741887,6,222,0.9952220450507673,0.0020095998770557344,0.006977777350887966,-2.8775014171509667,3,0_75_p3_6_12_h1_3_6_12,0.75,True,True,highs
equal_share,14,200.66966749673173,319.3984618176445,118.72879432091277,12,244,0.8404143834755303,0.00192279985640198,0.006676388390284653,-7.416035985084619,3,0_75_p3_6_12_h1_3_6_12,0.75,True,True,highs
equal_share,15,197.84755458028354,298.73406667629513,100.88651209601159,10,220,0.9970108480290975,0.0018632000428624451,0.006469444593272379,-10.23814890153281,3,0_75_p3_6_12_h1_3_6_12,0.75,True,True,highs
equal_share,16,173.42859624087058,277.05472737379125,103.62613113292068,6,229,0.9986632602846172,0.0018734002369455993,0.006504861933838886,-34.65710724094578,3,0_75_p3_6_12_h1_3_6_12,0.75,True,True,highs
equal_share,17,155.78325534798347,265.9239743067466,110.1407189587631,7,234,0.9964993002256387,0.0019468001555651426,0.006759722762378967,-52.30244813383288,3,0_75_p3_6_12_h1_3_6_12,0.75,True,True,highs
equal_share,18,240.02294405888637,317.64102571626825,77.6180816573819,11,232,0.8795763167792285,0.001963200105819851,0.006816667034096706,31.937240577070014,3,0_75_p3_6_12_h1_3_6_12,0.75,True,True,highs
equal_share,19,111.86447950438927,176.98623255590428,65.12175305151501,1,206,0.0,0.001979699940420687,0.00687395812646072,-96.22122397742709,3,0_75_p3_6_12_h1_3_6_12,0.75,True,True,highs
equal_share,20,220.77124882720636,305.96683068140396,85.1955818541976,12,236,0.9700005454800573,0.001970900222659111,0.006843403550899691,12.685545345390011,3,0_75_p3_6_12_h1_3_6_12,0.75,True,True,highs
equal_share,21,179.9234432385068,314.636468895834,134.71302565732722,9,236,0.9963342618647122,0.001896600821055472,0.006585419517553722,-28.16226024330956,3,0_75_p3_6_12_h1_3_6_12,0.75,True,True,highs
equal_share,22,168.30058183411887,236.0663469439237,67.76576510980483,9,240,0.8663495446143976,0.0021831004414707422,0.007580209866217855,-39.78512164769748,3,0_75_p3_6_12_h1_3_6_12,0.75,True,True,highs
equal_share,23,187.73189049436854,282.371626161148,94.63973566677946,10,241,0.868617803573245,0.001886399695649743,0.006549998943228275,-20.35381298744781,3,0_75_p3_6_12_h1_3_6_12,0.75,True,True,highs
equal_share,24,76.32805360435776,120.15142329982783,43.82336969547007,3,243,0.7330111660717463,0.0019454002031125128,0.006754861816362891,-131.7576498774586,3,0_75_p3_6_12_h1_3_6_12,0.75,True,True,highs
equal_share,25,159.92990337707246,319.72476142336194,159.79485804628948,9,242,0.997987757976848,0.002007399802096188,0.006970138201722875,-48.15580010474389,3,0_75_p3_6_12_h1_3_6_12,0.75,True,True,highs
equal_share,26,127.3990505536572,201.9622970630081,74.56324650935089,3,216,0.9981162002262349,0.0017469996819272637,0.006065971117802999,-80.68665292815915,3,0_75_p3_6_12_h1_3_6_12,0.75,True,True,highs
equal_share,27,183.58384238013883,239.95617362514844,56.37233124500961,6,259,0.9984190544786145,0.0019403999904170632,0.006737499966725914,-24.50186110167752,3,0_75_p3_6_12_h1_3_6_12,0.75,True,True,highs
equal_share,28,144.871890817359,248.06590520171375,103.19401438435474,7,253,0.9971599368230762,0.001905800134409219,0.006617361577809788,-63.21381266445735,3,0_75_p3_6_12_h1_3_6_12,0.75,True,True,highs
equal_share,29,189.53235766219643,306.72371341025655,117.1913557480601,8,239,0.9973436027659769,0.001917000103276223,0.006656250358597997,-18.55334581961992,3,0_75_p3_6_12_h1_3_6_12,0.75,True,True,highs
max_charge,0,206.50981553395576,322.22499999999985,115.71518446604408,13,220,0.9954488652558668,0.0009920999873429537,0.0034447916227185894,-1.5758879478605934,3,0_75_p3_6_12_h1_3_6_12,0.75,True,True,highs
max_charge,1,209.44873154759398,321.4249999999999,111.9762684524059,11,221,0.9268824374094706,0.0008585999603383243,0.0029812498622858482,1.3630280657776268,3,0_75_p3_6_12_h1_3_6_12,0.75,True,True,highs
max_charge,2,213.5991718371708,322.22499999999985,108.62582816282905,7,234,0.9984183928156549,0.0009811993804760277,0.0034069422933195406,5.5134683553544335,3,0_75_p3_6_12_h1_3_6_12,0.75,True,True,highs
max_charge,3,205.75292596817008,320.4499999999999,114.6970740318298,11,222,0.7782526646569141,0.0010896996245719492,0.003783679251985935,-2.3327775136462776,3,0_75_p3_6_12_h1_3_6_12,0.75,True,True,highs
max_charge,4,199.7165099233388,322.8749999999999,123.15849007666108,7,232,0.9969857748375461,0.0008143996819853783,0.0028277766735603413,-8.369193558477548,3,0_75_p3_6_12_h1_3_6_12,0.75,True,True,highs
max_charge,5,211.68735575179252,319.1749999999999,107.48764424820737,10,244,0.998378414143515,0.0008291996200568974,0.0028791653474197825,3.601652269976171,3,0_75_p3_6_12_h1_3_6_12,0.75,True,True,highs
max_charge,6,200.95303920408082,320.1249999999999,119.17196079591908,13,266,0.997153332064982,0.0008633000543341041,0.002997569633104528,-7.132664277735529,3,0_75_p3_6_12_h1_3_6_12,0.75,True,True,highs
max_charge,7,232.17133466899386,320.6249999999999,88.45366533100602,9,218,0.8816116535195606,0.0009935000562109053,0.003449652972954532,24.085631187177512,3,0_75_p3_6_12_h1_3_6_12,0.75,True,True,highs
max_charge,8,214.7166849553584,320.4499999999999,105.73331504464147,11,235,0.8586881228052153,0.0010113005409948528,0.0035114602117876834,6.63098147354205,3,0_75_p3_6_12_h1_3_6_12,0.75,True,True,highs
max_charge,9,187.01126346488786,321.4249999999999,134.41373653511204,10,257,0.7846772939730045,0.000953500100877136,0.003310764239156722,-21.07444001692849,3,0_75_p3_6_12_h1_3_6_12,0.75,True,True,highs
max_charge,10,171.5885810891786,322.22499999999985,150.63641891082125,13,225,0.9338356262441522,0.0009009998757392168,0.0031284717907611695,-36.49712239263775,3,0_75_p3_6_12_h1_3_6_12,0.75,True,True,highs
max_charge,11,204.00455253521596,320.5999999999999,116.59544746478396,10,204,0.902288624440168,0.0008591008372604847,0.002982989018265572,-4.081150946600388,3,0_75_p3_6_12_h1_3_6_12,0.75,True,True,highs
max_charge,12,205.64412404894819,321.89999999999986,116.25587595105168,12,238,0.9971551239712794,0.000909199588932097,0.0031569430171253365,-2.441579432868167,3,0_75_p3_6_12_h1_3_6_12,0.75,True,True,highs
max_charge,13,207.8111114005247,322.5499999999999,114.73888859947519,7,221,0.9952220450507673,0.0008597999694757164,0.0029854165606795708,-0.2745920812916438,3,0_75_p3_6_12_h1_3_6_12,0.75,True,True,highs
max_charge,14,202.20985549887013,321.89999999999986,119.69014450112975,12,244,0.8404143834755303,0.0008409996517002583,0.0029201376795147858,-5.875847982946226,3,0_75_p3_6_12_h1_3_6_12,0.75,True,True,highs
max_charge,15,211.90883941948405,321.7499999999999,109.84116058051583,11,219,0.9974426545316666,0.0009937003487721086,0.003450348433236488,3.8231359376677005,3,0_75_p3_6_12_h1_3_6_12,0.75,True,True,highs
max_charge,16,201.17241351107745,322.22499999999985,121.0525864889224,8,227,0.9980612067033654,0.0008021992398425937,0.002785414027231228,-6.9132899707389015,3,0_75_p3_6_12_h1_3_6_12,0.75,True,True,highs
max_charge,17,184.04664547840744,318.02499999999986,133.97835452159242,10,232,0.996737490798618,0.0008195996633730829,0.002845832164489871,-24.03905800340891,3,0_75_p3_6_12_h1_3_6_12,0.75,True,True,highs
max_charge,18,242.41432639211405,320.77499999999986,78.36067360788581,12,232,0.8795763167792285,0.0008461003308184445,0.002937848370897377,34.328622910297696,3,0_75_p3_6_12_h1_3_6_12,0.75,True,True,highs
max_charge,19,200.0113731622695,318.9999999999999,118.98862683773038,11,196,0.9985683377144811,0.0008129001944325864,0.0028225701195575916,-8.074330319546846,3,0_75_p3_6_12_h1_3_6_12,0.75,True,True,highs
max_charge,20,229.64080338329066,318.52499999999986,88.8841966167092,13,235,0.9736623266616763,0.0007764000329189003,0.0026958334476350704,21.555099901474307,3,0_75_p3_6_12_h1_3_6_12,0.75,True,True,highs
max_charge,21,182.05069617927066,318.3749999999999,136.32430382072923,9,236,0.9963342618647122,0.0008141999132931232,0.002827083032267789,-26.035007302545694,3,0_75_p3_6_12_h1_3_6_12,0.75,True,True,highs
max_charge,22,231.6146108955144,322.8749999999999,91.26038910448548,13,236,0.8884118050608579,0.000832700461614877,0.0028913210472738785,23.52890741369805,3,0_75_p3_6_12_h1_3_6_12,0.75,True,True,highs
max_charge,23,211.5517953336238,320.6249999999999,109.07320466637609,12,239,0.8948335093799965,0.0007694003870710731,0.0026715291217745594,3.466091851807448,3,0_75_p3_6_12_h1_3_6_12,0.75,True,True,highs
max_charge,24,204.88800196746976,321.5749999999999,116.68699803253011,10,236,0.9098346035409576,0.0010200003162026405,0.003541667764592502,-3.1977015143465906,3,0_75_p3_6_12_h1_3_6_12,0.75,True,True,highs
max_charge,25,161.32512223720545,322.5499999999999,161.22487776279445,9,242,0.997987757976848,0.0008484995341859758,0.0029461789381457493,-46.760581244610904,3,0_75_p3_6_12_h1_3_6_12,0.75,True,True,highs
max_charge,26,202.5384527713059,322.22499999999985,119.68654722869393,9,210,0.9978946464489683,0.0007984991534613073,0.0027725665050739837,-5.54725071051044,3,0_75_p3_6_12_h1_3_6_12,0.75,True,True,highs
max_charge,27,245.84740812381102,322.5499999999999,76.70259187618889,10,255,0.9985811031767753,0.0007691002683714032,0.002670487042956261,37.76170464199467,3,0_75_p3_6_12_h1_3_6_12,0.75,True,True,highs
max_charge,28,187.54056998987986,321.4249999999999,133.88443001012004,10,250,0.9971599368230762,0.0007895005401223898,0.002741321319869409,-20.545133491936497,3,0_75_p3_6_12_h1_3_6_12,0.75,True,True,highs
max_charge,29,197.4991734623908,319.97499999999985,122.47582653760907,9,238,0.9979836472733054,0.0007899992051534355,0.002743052795671651,-10.586530019425567,3,0_75_p3_6_12_h1_3_6_12,0.75,True,True,highs
random,0,184.75083075618278,288.23848917178327,103.48765841560049,13,220,0.9974609166744965,0.011564999120309949,0.040156246945520654,-23.334872725633574,3,0_75_p3_6_12_h1_3_6_12,0.75,True,True,highs
random,1,180.84013021969923,277.56731241402133,96.72718219432211,8,224,0.9364387223217784,0.007722499780356884,0.026814235348461404,-27.24557326211712,3,0_75_p3_6_12_h1_3_6_12,0.75,True,True,highs
random,2,186.6889538764832,281.5379072208271,94.8489533443439,7,235,0.9974805827809454,0.007231399940792471,0.02510902757219608,-21.396749605333156,3,0_75_p3_6_12_h1_3_6_12,0.75,True,True,highs
random,3,182.0222971476136,283.89807042021954,101.87577327260593,9,224,0.9969770175034935,0.008393800584599376,0.02914514091874783,-26.06340633420274,3,0_75_p3_6_12_h1_3_6_12,0.75,True,True,highs
random,4,173.53807219600375,280.4107667682263,106.87269457222257,7,232,0.9980684761952595,0.0075768003007397056,0.026308334377568424,-34.5476312858126,3,0_75_p3_6_12_h1_3_6_12,0.75,True,True,highs
random,5,186.90502781817557,281.83137064504126,94.92634282686569,10,244,0.98678410191979,0.007593699847348034,0.026367013358847342,-21.180675663640784,3,0_75_p3_6_12_h1_3_6_12,0.75,True,True,highs
random,6,177.39910545863398,282.63596453973986,105.23685908110588,6,273,0.9995824738348882,0.007484300062060356,0.025987152993265126,-30.68659802318237,3,0_75_p3_6_12_h1_3_6_12,0.75,True,True,highs
random,7,200.02772895235253,276.67295795121464,76.64522899886211,6,221,0.9978819240477697,0.007556099619250745,0.02623645701128731,-8.05797452946382,3,0_75_p3_6_12_h1_3_6_12,0.75,True,True,highs
random,8,187.59606482872374,279.9539719638585,92.3579071351348,9,237,0.8350203009821946,0.007393100182525814,0.0256704867448813,-20.489638653092612,3,0_75_p3_6_12_h1_3_6_12,0.75,True,True,highs
random,9,168.00212703714573,288.9058985666896,120.90377152954386,10,257,0.9028904306784731,0.007560399535577744,0.026251387276311614,-40.083576444670626,3,0_75_p3_6_12_h1_3_6_12,0.75,True,True,highs
random,10,152.94972580949525,287.5365241175035,134.58679830800827,10,228,0.9980021724913601,0.007300299999769777,0.025348263888089504,-55.135977672321104,3,0_75_p3_6_12_h1_3_6_12,0.75,True,True,highs
random,11,176.15069432505175,277.0363646721926,100.88567034714083,9,205,0.9379207291016766,0.008135300362482667,0.028247570703064814,-31.935009156764607,3,0_75_p3_6_12_h1_3_6_12,0.75,True,True,highs
random,12,179.2880692742462,280.8711231705942,101.58305389634803,8,242,0.9175867815843173,0.00785800040466711,0.027284723627316352,-28.797634207570155,3,0_75_p3_6_12_h1_3_6_12,0.75,True,True,highs
random,13,183.3705255914153,284.3849583890898,101.01443279767449,7,221,0.9973435892985427,0.007843400177080184,0.02723402839263953,-24.715177890401065,3,0_75_p3_6_12_h1_3_6_12,0.75,True,True,highs
random,14,181.63435409609312,289.1547548844533,107.5204007883602,11,245,0.9971015025233205,0.007474600221030414,0.025953472989688937,-26.451349385723233,3,0_75_p3_6_12_h1_3_6_12,0.75,True,True,highs
random,15,183.38966021131588,278.1730701798285,94.78340996851264,9,221,0.997079835728616,0.007813599600922316,0.027130554169869155,-24.696043270500468,3,0_75_p3_6_12_h1_3_6_12,0.75,True,True,highs
random,16,182.26731707633428,292.226155514755,109.95883843842073,9,226,0.9955813135415035,0.00801020028302446,0.027813195427168265,-25.818386405482073,3,0_75_p3_6_12_h1_3_6_12,0.75,True,True,highs
random,17,163.6471207452633,283.34573264738543,119.69861190212212,8,233,0.9968305079663529,0.007859100180212408,0.027288542292404197,-44.43858273655306,3,0_75_p3_6_12_h1_3_6_12,0.75,True,True,highs
random,18,213.0113022933927,281.8018316010373,68.7905293076446,7,236,0.7517311664703754,0.008308799762744457,0.02884999917619603,4.92559881157635,3,0_75_p3_6_12_h1_3_6_12,0.75,True,True,highs
random,19,178.3535616810101,284.37583115214215,106.02226947113205,8,199,0.9970319280578718,0.007990400248672813,0.02774444530789171,-29.73214180080626,3,0_75_p3_6_12_h1_3_6_12,0.75,True,True,highs
random,20,200.70427670404476,278.29999743292905,77.59572072888429,9,239,0.9980805081781396,0.007550900219939649,0.026218403541457116,-7.381426777771594,3,0_75_p3_6_12_h1_3_6_12,0.75,True,True,highs
random,21,161.36914411435112,281.8759757928891,120.50683167853799,8,238,0.9965509216569964,0.007499200233723968,0.026038889700430445,-46.71655936746524,3,0_75_p3_6_12_h1_3_6_12,0.75,True,True,highs
random,22,207.0768126200008,288.85784791468427,81.78103529468349,9,240,0.9960407264129894,0.007610299566294998,0.02642465127185763,-1.0088908618155585,3,0_75_p3_6_12_h1_3_6_12,0.75,True,True,highs
random,23,186.90558904212202,283.0436301477219,96.1380411055999,9,242,0.6815005746905909,0.007603800622746348,0.026402085495647043,-21.180114439694336,3,0_75_p3_6_12_h1_3_6_12,0.75,True,True,highs
random,24,183.5676563393261,287.821477472738,104.2538211334119,10,236,0.8945386702551363,0.008057199069298804,0.027976385657287512,-24.518047142490246,3,0_75_p3_6_12_h1_3_6_12,0.75,True,True,highs
random,25,140.15810535669635,281.0427479569104,140.88464260021402,10,241,0.9945691825643436,0.008031400095205754,0.02788680588613109,-67.92759812512,3,0_75_p3_6_12_h1_3_6_12,0.75,True,True,highs
random,26,173.78661161151823,276.72077832813596,102.93416671661774,8,211,0.9978423992775878,0.007929099898319691,0.027531596869165596,-34.29909187029813,3,0_75_p3_6_12_h1_3_6_12,0.75,True,True,highs
random,27,213.92943599396207,280.7186507617976,66.78921476783555,10,255,0.9941577743473855,0.008118500059936196,0.0281892363192229,5.843732512145721,3,0_75_p3_6_12_h1_3_6_12,0.75,True,True,highs
random,28,166.24446143622447,285.1629202765497,118.91845884032524,10,250,0.9967545478931227,0.007765100221149623,0.026962153545658413,-41.84124204559188,3,0_75_p3_6_12_h1_3_6_12,0.75,True,True,highs
random,29,174.1431181150001,282.35512074136017,108.21200262636007,7,240,0.8230841267743687,0.007772599463351071,0.02698819258108011,-33.942585366816246,3,0_75_p3_6_12_h1_3_6_12,0.75,True,True,highs
milp_h1,0,412.0879287534873,641.0498492598533,228.96192050636606,15,215,0.8017615748281814,2.7353684999980032,9.497807291659733,0.4366923278711283,6,0_75_p3_6_12_h1_3_6_12,0.75,True,True,highs
milp_h1,1,419.4574796438217,641.7748492002487,222.31736955642697,16,214,0.9987245676375259,2.694755600183271,9.356790278414135,7.806243218205566,6,0_75_p3_6_12_h1_3_6_12,0.75,True,True,highs
milp_h1,2,426.08975018742876,641.0498492598533,214.96009907242455,15,223,0.997975326701361,2.7278510000905953,9.471704861425678,14.438513761812601,6,0_75_p3_6_12_h1_3_6_12,0.75,True,True,highs
milp_h1,3,413.0836777915557,641.4498492002487,228.36617140869296,11,219,0.7952736384620245,2.8940005998010747,10.04861319375373,1.4324413659395532,6,0_75_p3_6_12_h1_3_6_12,0.75,True,True,highs
milp_h1,4,399.77415181497724,644.3498486638068,244.57569684882955,12,224,0.9969081448444731,2.725538499711547,9.463675346220649,-11.877084610638917,6,0_75_p3_6_12_h1_3_6_12,0.75,True,True,highs
milp_h1,5,424.42587439219153,638.0748502731323,213.64897588094072,16,235,0.7069343633179429,2.7440901003428735,9.528090626190533,12.77463796657537,6,0_75_p3_6_12_h1_3_6_12,0.75,True,True,highs
milp_h1,6,398.09239641422744,632.3498524785041,234.25745606427668,15,261,0.9523389279105362,2.764428899565246,9.598711456823771,-13.558840011388725,6,0_75_p3_6_12_h1_3_6_12,0.75,True,True,highs
milp_h1,7,465.68500139812625,641.5998497366904,175.9148483385642,13,211,0.9969758136435166,2.7594027002342045,9.581259375813211,54.033764972510085,6,0_75_p3_6_12_h1_3_6_12,0.75,True,True,highs
milp_h1,8,427.55764612481437,635.8998508691787,208.3422047443644,19,224,0.8354817401636357,2.6285965003771707,9.127071181865176,15.906409699198207,6,0_75_p3_6_12_h1_3_6_12,0.75,True,True,highs
milp_h1,9,375.6307561794916,643.3748492002486,267.744093020757,22,242,0.7434280033344504,2.682784699718468,9.315224651800236,-36.02048024612458,6,0_75_p3_6_12_h1_3_6_12,0.75,True,True,highs
milp_h1,10,341.7033236151027,639.1998502731323,297.49652665802955,19,216,0.900660316407046,2.707544699893333,9.401196874629628,-69.94791281051346,6,0_75_p3_6_12_h1_3_6_12,0.75,True,True,highs
milp_h1,11,405.4677881515423,634.9498503327369,229.4820621811946,19,192,0.8240330573523016,2.6789139997563325,9.301784721376155,-6.1834482740738395,6,0_75_p3_6_12_h1_3_6_12,0.75,True,True,highs
milp_h1,12,409.94560247285756,640.2498492598532,230.3042467869957,14,233,0.6393109044020862,2.9781253992696293,10.340713191908435,-1.7056339527586033,6,0_75_p3_6_12_h1_3_6_12,0.75,True,True,highs
milp_h1,13,416.1782041490077,644.0248486638068,227.8466445147991,13,212,0.7575139112401427,2.806401699606795,9.744450345856926,4.526967723391522,6,0_75_p3_6_12_h1_3_6_12,0.75,True,True,highs
milp_h1,14,405.809008949995,644.0248486638069,238.21583971381185,7,246,0.9979399457659412,2.935151899640914,10.191499651530952,-5.842227475621144,6,0_75_p3_6_12_h1_3_6_12,0.75,True,True,highs
milp_h1,15,426.27099203914395,645.5998492002486,219.32885716110465,14,213,0.8575939747535276,2.80857840081444,9.75200833616125,14.619755613527786,6,0_75_p3_6_12_h1_3_6_12,0.75,True,True,highs
milp_h1,16,403.8949917038281,644.9748486638068,241.0798569599787,11,221,0.3042237815302345,2.7306321003707126,9.48136145962053,-7.75624472178805,6,0_75_p3_6_12_h1_3_6_12,0.75,True,True,highs
milp_h1,17,364.8711709339658,628.9998519420623,264.12868100809646,15,225,0.9343883326923713,2.6951491007348523,9.358156599773793,-46.78006549165036,6,0_75_p3_6_12_h1_3_6_12,0.75,True,True,highs
milp_h1,18,483.9343679547309,639.3748492002486,155.4404812455177,13,227,0.972439664617858,2.67222379980376,9.278554860429722,72.28313152911471,6,0_75_p3_6_12_h1_3_6_12,0.75,True,True,highs
milp_h1,19,398.94637109339226,634.2498497366904,235.30347864329812,14,190,0.8551349272104797,2.656113599659875,9.222616665485678,-12.704865332223903,6,0_75_p3_6_12_h1_3_6_12,0.75,True,True,highs
milp_h1,20,459.36002033750214,635.6748502731323,176.31482993563014,11,234,0.998227515415436,2.608421500422992,9.057019098690944,47.70878391188597,6,0_75_p3_6_12_h1_3_6_12,0.75,True,True,highs
milp_h1,21,365.0501190759945,635.9498524188995,270.899733342905,16,226,0.874083105946285,2.620455000491347,9.0988020850394,-46.60111734962169,6,0_75_p3_6_12_h1_3_6_12,0.75,True,True,highs
milp_h1,22,464.86779040694233,646.4248486638069,181.55705825686454,15,231,0.9972957591436481,2.6427345001720823,9.176161458930842,53.21655398132617,6,0_75_p3_6_12_h1_3_6_12,0.75,True,True,highs
milp_h1,23,423.99949508756634,640.7748508095741,216.77535572200776,17,230,0.9238100105498498,2.647289199871011,9.191976388441011,12.348258661950183,6,0_75_p3_6_12_h1_3_6_12,0.75,True,True,highs
milp_h1,24,409.67608853637375,641.0498492598533,231.37376072347953,17,226,0.8378834988356821,2.6560209002927877,9.222294792683291,-1.9751478892424075,6,0_75_p3_6_12_h1_3_6_12,0.75,True,True,highs
milp_h1,25,323.71458184532315,644.2498492598532,320.5352674145301,12,236,0.8847206072700624,2.851314499799628,9.900397568748708,-87.93665458029301,6,0_75_p3_6_12_h1_3_6_12,0.75,True,True,highs
milp_h1,26,405.09973460598786,642.6498492598533,237.55011465386548,19,197,0.9683609664952485,2.7610092001850717,9.58683750064261,-6.5515018196282995,6,0_75_p3_6_12_h1_3_6_12,0.75,True,True,highs
milp_h1,27,493.9773169140021,647.0498486638069,153.0725317498048,13,250,0.9981208250281504,2.9221957001136616,10.146512847616881,82.32608048838591,6,0_75_p3_6_12_h1_3_6_12,0.75,True,True,highs
milp_h1,28,374.0032665022373,638.7998497962951,264.7965832940578,12,245,0.9724383290678231,2.7281017010682262,9.472575350931342,-37.64796992337887,6,0_75_p3_6_12_h1_3_6_12,0.75,True,True,highs
milp_h1,29,395.4610286355018,638.7248497366904,243.26382110118863,11,234,0.8417073236823688,2.6143620997900143,9.077646179826438,-16.190207790114357,6,0_75_p3_6_12_h1_3_6_12,0.75,True,True,highs
milp_h3,0,412.3410755746968,641.4123003840446,229.07122480934774,15,215,0.8412053586518142,4.404202199715655,15.292368749012692,0.6898391490806262,6,0_75_p3_6_12_h1_3_6_12,0.75,True,True,highs
milp_h3,1,419.4574796438216,641.7748492002486,222.31736955642697,18,211,0.8960550214328801,3.635782500670757,12.624244793995684,7.806243218205452,6,0_75_p3_6_12_h1_3_6_12,0.75,True,True,highs
milp_h3,2,426.0896996581522,641.0497990131378,214.96009935498554,15,223,0.9983114477293391,3.599066700262483,12.4967593759114,14.438463232536037,6,0_75_p3_6_12_h1_3_6_12,0.75,True,True,highs
milp_h3,3,413.0836777915557,641.4498492002487,228.36617140869296,14,216,0.9502749885299134,4.129646300105378,14.339049653143674,1.4324413659395532,6,0_75_p3_6_12_h1_3_6_12,0.75,True,True,highs
milp_h3,4,399.8184184272686,644.4123487830161,244.5939303557475,12,224,0.8571249226717703,4.448707600182388,15.44690138952218,-11.832817998347537,6,0_75_p3_6_12_h1_3_6_12,0.75,True,True,highs
milp_h3,5,424.42587439219153,638.0748502731323,213.64897588094072,17,235,0.8734102276811714,3.7898167001549155,13.15908576442679,12.77463796657537,6,0_75_p3_6_12_h1_3_6_12,0.75,True,True,highs
milp_h3,6,398.49447949158184,632.9998025894164,234.50532309783458,16,260,0.8883730677380088,3.3972692999523133,11.796073958167755,-13.15675693403432,6,0_75_p3_6_12_h1_3_6_12,0.75,True,True,highs
milp_h3,7,465.68500139812625,641.5998497366904,175.9148483385642,12,212,0.9983966576044341,5.777187500090804,20.059678819759736,54.033764972510085,6,0_75_p3_6_12_h1_3_6_12,0.75,True,True,highs
milp_h3,8,428.57380646364686,637.5373004436492,208.96349398000237,17,226,0.9965518096731677,3.9181804994586855,13.604793400898213,16.9225700380307,6,0_75_p3_6_12_h1_3_6_12,0.75,True,True,highs
milp_h3,9,375.63075617949164,643.3748492002486,267.74409302075696,16,248,0.802092992679165,6.5291245999978855,22.670571527770434,-36.02048024612452,6,0_75_p3_6_12_h1_3_6_12,0.75,True,True,highs
milp_h3,10,342.8828402213414,641.5247984170912,298.64195819574985,13,222,0.8685106839040658,3.652332699566614,12.681710762384077,-68.76839620427478,6,0_75_p3_6_12_h1_3_6_12,0.75,True,True,highs
milp_h3,11,405.4677378031015,634.9498004436492,229.48206264054772,14,198,0.9410883953990512,3.7734066995908506,13.102106595801565,-6.183498622514662,6,0_75_p3_6_12_h1_3_6_12,0.75,True,True,highs
milp_h3,12,410.18742067661515,640.5872997283934,230.39987905177827,14,233,0.7111778758634116,4.203041899949312,14.593895485935112,-1.4638157490010144,6,0_75_p3_6_12_h1_3_6_12,0.75,True,True,highs
milp_h3,13,416.1782041490077,644.0248486638068,227.84664451479907,13,212,0.8321706464861771,4.6287714000209235,16.072122916739318,4.526967723391522,6,0_75_p3_6_12_h1_3_6_12,0.75,True,True,highs
milp_h3,14,405.809008949995,644.0248486638069,238.21583971381185,11,242,0.9987991173915713,3.668450999597553,12.73767708193595,-5.842227475621144,6,0_75_p3_6_12_h1_3_6_12,0.75,True,True,highs
milp_h3,15,426.27099203914395,645.5998492002486,219.32885716110465,10,217,0.9947165757265346,3.924129500577692,13.625449654783653,14.619755613527786,6,0_75_p3_6_12_h1_3_6_12,0.75,True,True,highs
milp_h3,16,403.8949917038281,644.9748486638068,241.0798569599787,15,218,0.8957702562607402,4.3284900995204225,15.02947951222369,-7.75624472178805,6,0_75_p3_6_12_h1_3_6_12,0.75,True,True,highs
milp_h3,17,365.2567959885088,629.6498018741606,264.3930058856518,16,223,0.9142897304554308,3.6970913003897294,12.837122570797671,-46.394440437107335,6,0_75_p3_6_12_h1_3_6_12,0.75,True,True,highs
milp_h3,18,484.2227728063034,639.749799132347,155.5270263260436,15,226,0.9546293790996045,3.75095040013548,13.02413333380375,72.57153638068723,6,0_75_p3_6_12_h1_3_6_12,0.75,True,True,highs
milp_h3,19,398.790448976496,633.9748005628585,235.18435158636248,12,192,0.875744556698164,3.6008359994739294,12.502902775951144,-12.860787449120153,6,0_75_p3_6_12_h1_3_6_12,0.75,True,True,highs
milp_h3,20,459.36002033750214,635.6748502731323,176.31482993563014,16,229,0.9971065864929641,3.9254671992966905,13.630094442002397,47.70878391188597,6,0_75_p3_6_12_h1_3_6_12,0.75,True,True,highs
milp_h3,21,366.1561061412095,637.899850809574,271.7437446683645,15,227,0.9985452653790567,4.477380399883259,15.546459721816872,-45.495130284406684,6,0_75_p3_6_12_h1_3_6_12,0.75,True,True,highs
milp_h3,22,464.86779040694233,646.4248486638069,181.55705825686454,15,231,0.9101400936374912,3.507940899231471,12.18035034455372,53.21655398132617,6,0_75_p3_6_12_h1_3_6_12,0.75,True,True,highs
milp_h3,23,424.06862032520286,640.774850809574,216.70623048437113,20,231,0.9422244014635666,3.53113860078156,12.260897919380417,12.417383899586696,6,0_75_p3_6_12_h1_3_6_12,0.75,True,True,highs
milp_h3,24,407.9474443603309,638.1623039603232,230.21485959999237,17,226,0.8439333997829054,3.5324023000430316,12.265285764038303,-3.7037920652852563,6,0_75_p3_6_12_h1_3_6_12,0.75,True,True,highs
milp_h3,25,323.85911237448045,644.4623497366904,320.60323736220994,11,237,0.9984187722287228,3.886169800069183,13.493645139129107,-87.79212405113572,6,0_75_p3_6_12_h1_3_6_12,0.75,True,True,highs
milp_h3,26,405.25939512442744,642.8623497366905,237.602954612263,13,204,0.9959342281398265,3.9824437999050133,13.827929860781296,-6.39184130118872,6,0_75_p3_6_12_h1_3_6_12,0.75,True,True,highs
milp_h3,27,493.9773169140021,647.0498486638069,153.0725317498048,15,248,0.8225516405283206,3.4339746994082816,11.923523261834312,82.32608048838591,6,0_75_p3_6_12_h1_3_6_12,0.75,True,True,highs
milp_h3,28,374.0032161002938,638.7997997283935,264.7965836280997,15,242,0.9806909477903281,4.038687600113917,14.023220833728878,-37.64802032532236,6,0_75_p3_6_12_h1_3_6_12,0.75,True,True,highs
milp_h3,29,395.4610286355018,638.7248497366904,243.26382110118863,13,231,0.9969579664742689,3.54287259967532,12.301640971094862,-16.190207790114357,6,0_75_p3_6_12_h1_3_6_12,0.75,True,True,highs
milp_h6,0,412.46481499551135,641.5998003840446,229.13498538853324,20,210,0.7756315703192376,5.3026276002055965,18.411901389602765,0.813578569895185,6,0_75_p3_6_12_h1_3_6_12,0.75,True,True,highs
milp_h6,1,419.2976062094195,641.4997998476027,222.20219363818325,18,211,0.9978678123356037,5.160688599396963,17.91905763679501,7.646369783803323,6,0_75_p3_6_12_h1_3_6_12,0.75,True,True,highs
milp_h6,2,426.0896995370547,641.0497990131378,214.96009947608312,15,224,0.998129972418666,4.992180200351868,17.33395902899954,14.438463111438523,6,0_75_p3_6_12_h1_3_6_12,0.75,True,True,highs
milp_h6,3,413.32549759764987,641.824799132347,228.49930153469717,12,218,0.997767056383321,5.799085799779277,20.135714582566933,1.6742611720337095,6,0_75_p3_6_12_h1_3_6_12,0.75,True,True,highs
milp_h6,4,400.3391856786807,645.2248493194579,244.88566364077724,13,223,0.9977608714934608,5.18277719989419,17.99575416629927,-11.312050746935483,6,0_75_p3_6_12_h1_3_6_12,0.75,True,True,highs
milp_h6,5,424.66455964385983,638.4498005628585,213.78524091899868,15,237,0.7787569238395973,6.029452399758156,20.935598610271377,13.01332321824367,6,0_75_p3_6_12_h1_3_6_12,0.75,True,True,highs
milp_h6,6,398.494479362378,632.9998025894164,234.50532322703836,12,264,0.9988588355499787,5.607573200541083,19.47074027965654,-13.15675706323816,6,0_75_p3_6_12_h1_3_6_12,0.75,True,True,highs
milp_h6,7,465.93691647115224,641.9747998476028,176.0378833764505,13,211,0.9965057053808996,7.709858300397173,26.770341320823515,54.28568004553608,6,0_75_p3_6_12_h1_3_6_12,0.75,True,True,highs
milp_h6,8,428.25972036383945,637.074801158905,208.8150807950655,13,231,0.971211335110454,6.6009000996127725,22.91979201254435,16.608483938223287,6,0_75_p3_6_12_h1_3_6_12,0.75,True,True,highs
milp_h6,9,375.8631561050812,643.749799132347,267.8866430272658,16,248,0.802092992679165,8.619834100536536,29.929979515751864,-35.78808032053496,6,0_75_p3_6_12_h1_3_6_12,0.75,True,True,highs
milp_h6,10,342.882840071996,641.5247984170912,298.64195834509525,16,219,0.9244211089936968,5.758460300450679,19.9946538210093,-68.76839635362018,6,0_75_p3_6_12_h1_3_6_12,0.75,True,True,highs
milp_h6,11,405.46773766529554,634.9498004436492,229.48206277835368,10,202,0.8734853910691579,5.240525999164674,18.196270830432898,-6.183498760320617,6,0_75_p3_6_12_h1_3_6_12,0.75,True,True,highs
milp_h6,12,410.3191354199965,640.7747997283934,230.45566430839693,16,232,0.7574838100135453,6.083101600233931,21.121880556367817,-1.332101005619677,6,0_75_p3_6_12_h1_3_6_12,0.75,True,True,highs
milp_h6,13,416.4156987697314,644.3997984170912,227.9840996473598,11,214,0.8319589083909896,6.200883699872065,21.53084618011134,4.764462344115259,6,0_75_p3_6_12_h1_3_6_12,0.75,True,True,highs
milp_h6,14,406.0468585763216,644.3997984170913,238.35293984076972,11,242,0.9985261641812763,4.995319700683467,17.344860071817592,-5.604377849294565,6,0_75_p3_6_12_h1_3_6_12,0.75,True,True,highs
milp_h6,15,426.5419819712638,645.974799132347,219.4328171610832,15,212,0.8291271850057076,5.639840499847196,19.582779513358318,14.890745545647633,6,0_75_p3_6_12_h1_3_6_12,0.75,True,True,highs
milp_h6,16,404.13503141187505,645.3497984170913,241.21476700521626,12,220,0.9989087024142077,6.065953799523413,21.06233958167852,-7.516205013741114,6,0_75_p3_6_12_h1_3_6_12,0.75,True,True,highs
milp_h6,17,365.25679585812725,629.6498018741606,264.3930060160334,19,220,0.9141793286939479,5.175681299821008,17.9711156243785,-46.394440567488914,6,0_75_p3_6_12_h1_3_6_12,0.75,True,True,highs
milp_h6,18,484.22277272376766,639.749799132347,155.52702640857933,16,224,0.8486318178101475,5.31639709987212,18.45971215233375,72.5715362981515,6,0_75_p3_6_12_h1_3_6_12,0.75,True,True,highs
milp_h6,19,399.1805957552591,634.6247998476027,235.44420409234363,10,194,0.8551621178514939,5.458098600327503,18.95173125113716,-12.470640670357056,6,0_75_p3_6_12_h1_3_6_12,0.75,True,True,highs
milp_h6,20,459.6202155205957,636.0498005628585,176.42958504226286,17,228,0.9978720565020669,5.414123299764469,18.799039235293296,47.968979094979545,6,0_75_p3_6_12_h1_3_6_12,0.75,True,True,highs
milp_h6,21,366.37855161428445,638.2748012781142,271.89624966382974,15,229,0.9988108586353501,6.047340200515464,20.997709029567584,-45.272684811331715,6,0_75_p3_6_12_h1_3_6_12,0.75,True,True,highs
milp_h6,22,465.10889016687867,646.7997984170913,181.69090825021266,14,232,0.9979277879840488,5.024427199794445,17.445927777064046,53.457653741262504,6,0_75_p3_6_12_h1_3_6_12,0.75,True,True,highs
milp_h6,23,425.10167342817465,642.4497998476028,217.34812641942816,17,233,0.907003699124411,5.051100299635436,17.53854270706749,13.450437002558488,6,0_75_p3_6_12_h1_3_6_12,0.75,True,True,highs
milp_h6,24,408.0081895607948,638.1999514222144,230.19176186141962,14,230,0.9981083360746306,5.026855800009798,17.454360416700688,-3.643046864821372,6,0_75_p3_6_12_h1_3_6_12,0.75,True,True,highs
milp_h6,25,324.3092061754305,645.2749500513075,320.965743875877,12,236,0.9985350394268482,8.253026899939869,28.65634340256899,-87.34203025018564,6,0_75_p3_6_12_h1_3_6_12,0.75,True,True,highs
milp_h6,26,405.8151824436426,643.6999503493308,237.88476790568825,12,204,0.8297424464836777,6.665194900240749,23.143037848058157,-5.836053981973578,6,0_75_p3_6_12_h1_3_6_12,0.75,True,True,highs
milp_h6,27,494.2647266666094,647.4247984170913,153.1600717504819,16,246,0.9987089593438881,5.647218500031158,19.608397569552633,82.61349024099326,6,0_75_p3_6_12_h1_3_6_12,0.75,True,True,highs
milp_h6,28,374.00321595713297,638.7997997283935,264.79658377126054,14,244,0.8954591844931428,5.996901700156741,20.82257534776646,-37.648020468483196,6,0_75_p3_6_12_h1_3_6_12,0.75,True,True,highs
milp_h6,29,395.69838361731047,639.0997998476028,243.40141623029228,10,235,0.9987099649438943,5.433529699745122,18.866422568559454,-15.952852808305693,6,0_75_p3_6_12_h1_3_6_12,0.75,True,True,highs
milp_h12,0,412.46481499551135,641.5998003840446,229.13498538853324,20,211,0.8590957048200318,9.410420699627139,32.67507187370534,0.813578569895185,6,0_75_p3_6_12_h1_3_6_12,0.75,True,True,highs
milp_h12,1,419.7829397017098,642.2748498558998,222.49191015419004,21,208,0.9980742275323325,8.60749159968691,29.88712361002399,8.131703276093617,6,0_75_p3_6_12_h1_3_6_12,0.75,True,True,highs
milp_h12,2,426.0896995370547,641.0497990131378,214.96009947608312,16,223,0.9979976809161756,7.526813699805643,26.134769790991818,14.438463111438523,6,0_75_p3_6_12_h1_3_6_12,0.75,True,True,highs
milp_h12,3,413.32549759764987,641.824799132347,228.49930153469717,13,217,0.9982120095168603,9.019082999962848,31.316260416537666,1.6742611720337095,6,0_75_p3_6_12_h1_3_6_12,0.75,True,True,highs
milp_h12,4,400.66601955962176,645.7248998641967,245.05888030457493,16,221,0.9197201165922794,8.78254350007046,30.494942708577987,-10.985216865994403,6,0_75_p3_6_12_h1_3_6_12,0.75,True,True,highs
milp_h12,5,425.080720034426,639.0749006986617,213.99418066423573,17,234,0.7172387800443674,8.152959399449173,28.308886803642963,13.429483608809846,6,0_75_p3_6_12_h1_3_6_12,0.75,True,True,highs
milp_h12,6,398.494479362378,632.9998025894164,234.5053232270384,11,265,0.9987850398507374,8.15064969973173,28.300867012957397,-13.15675706323816,6,0_75_p3_6_12_h1_3_6_12,0.75,True,True,highs
milp_h12,7,466.0291576046609,642.0998503923415,176.0706927876806,14,210,0.9980027413918694,9.676635199051816,33.59942777448547,54.37792117904473,6,0_75_p3_6_12_h1_3_6_12,0.75,True,True,highs
milp_h12,8,428.6966498858134,637.7248004436492,209.02815055783586,14,230,0.9986100215500343,12.082377800194081,41.95270069511834,17.04541346019721,6,0_75_p3_6_12_h1_3_6_12,0.75,True,True,highs
milp_h12,9,376.50213051140304,644.7499002218245,268.2477697104215,16,248,0.8055641477092582,13.499496000236832,46.87325000082233,-35.14910591421312,6,0_75_p3_6_12_h1_3_6_12,0.75,True,True,highs
milp_h12,10,342.88284007199604,641.5247984170913,298.6419583450953,17,218,0.9333720809074014,7.9685045994701795,27.668418748160345,-68.76839635362012,6,0_75_p3_6_12_h1_3_6_12,0.75,True,True,highs
milp_h12,11,404.58370396669534,633.6498018741606,229.0660979074653,15,197,0.8228231871174692,10.011295999691356,34.76144444337277,-7.067532458920823,6,0_75_p3_6_12_h1_3_6_12,0.75,True,True,highs
milp_h12,12,410.3191354199965,640.7747997283934,230.45566430839693,17,230,0.75898289875381,9.453244100441225,32.82376423764314,-1.332101005619677,6,0_75_p3_6_12_h1_3_6_12,0.75,True,True,highs
milp_h12,13,416.74164000356507,644.8998493194579,228.15820931589283,19,206,0.8939076110854431,9.949272199650295,34.54608402656353,5.090403577948905,6,0_75_p3_6_12_h1_3_6_12,0.75,True,True,highs
milp_h12,14,406.3732494834899,644.8998493194579,238.52659983596797,14,239,0.9971962705064745,8.45920580002712,29.37224236120528,-5.27798694212629,6,0_75_p3_6_12_h1_3_6_12,0.75,True,True,highs
milp_h12,15,426.5419819712638,645.974799132347,219.4328171610832,19,209,0.9287298656468207,7.243507400155067,25.151067361649538,14.890745545647633,6,0_75_p3_6_12_h1_3_6_12,0.75,True,True,highs
milp_h12,16,404.13503141187505,645.3497984170913,241.21476700521626,11,221,0.997462835737091,7.761218599858694,26.9486756939538,-7.516205013741114,6,0_75_p3_6_12_h1_3_6_12,0.75,True,True,highs
milp_h12,17,365.2567958581273,629.6498018741607,264.39300601603344,20,218,0.9350499487992046,7.355779699748382,25.540901735237437,-46.39444056748886,6,0_75_p3_6_12_h1_3_6_12,0.75,True,True,highs
milp_h12,18,484.22277272376766,639.749799132347,155.52702640857933,18,223,0.7246330215949327,8.245967299619224,28.63183090145564,72.5715362981515,6,0_75_p3_6_12_h1_3_6_12,0.75,True,True,highs
milp_h12,19,399.1805957552591,634.6247998476027,235.44420409234363,13,191,0.654991379649777,7.588103199726902,26.347580554607298,-12.470640670357056,6,0_75_p3_6_12_h1_3_6_12,0.75,True,True,highs
milp_h12,20,459.9749095567417,636.5498509287834,176.57494137204168,13,232,0.9984024140881137,8.091872799850535,28.096780555036577,48.32367313112553,6,0_75_p3_6_12_h1_3_6_12,0.75,True,True,highs
milp_h12,21,366.9923056423663,639.2749012947081,272.2825956523418,13,230,0.7689420188695067,8.989521500014234,31.21361631949387,-44.65893078324984,6,0_75_p3_6_12_h1_3_6_12,0.75,True,True,highs
milp_h12,22,465.76990496416886,647.7998998641967,182.0299949000279,15,231,0.9984110576026904,9.509130400198046,33.01781388957655,54.1186685385527,6,0_75_p3_6_12_h1_3_6_12,0.75,True,True,highs
milp_h12,23,425.10167342817465,642.4497998476028,217.34812641942816,18,229,0.9167738524008349,7.1355863000499085,24.77634131961774,13.450437002558488,6,0_75_p3_6_12_h1_3_6_12,0.75,True,True,highs
milp_h12,24,410.3803769339227,642.0999503493308,231.7195734154081,14,230,0.9184393998018324,9.588408499432262,33.29308506747313,-1.270859491693443,6,0_75_p3_6_12_h1_3_6_12,0.75,True,True,highs
milp_h12,25,324.1002164808782,644.8998498558997,320.7996333750215,11,237,0.9981112493249862,7.446218499564566,25.8549253457103,-87.55101994473796,6,0_75_p3_6_12_h1_3_6_12,0.75,True,True,highs
milp_h12,26,405.79316565083263,643.6999503493308,237.90678469849823,15,203,0.9976548911614357,8.74370839970652,30.360098610092084,-5.858070774783528,6,0_75_p3_6_12_h1_3_6_12,0.75,True,True,highs
milp_h12,27,494.2647266666094,647.4247984170913,153.1600717504819,19,244,0.8968084635535472,8.023019700136501,27.85770729214063,82.61349024099326,6,0_75_p3_6_12_h1_3_6_12,0.75,True,True,highs
milp_h12,28,374.00321595713285,638.7997997283934,264.79658377126054,13,244,0.9673053316825206,8.664852199202869,30.086292358343297,-37.64802046848331,6,0_75_p3_6_12_h1_3_6_12,0.75,True,True,highs
milp_h12,29,395.78674203139303,639.2248503923415,243.43810836094852,12,232,0.9986682380951214,7.970156399707776,27.674154165652,-15.86449439422313,6,0_75_p3_6_12_h1_3_6_12,0.75,True,True,highs
equal_share,0,324.5593857930147,504.32642730203077,179.76704150901602,19,211,0.47239527559058797,0.0024200998013839126,0.008403124310360808,-87.09185063260145,6,0_75_p3_6_12_h1_3_6_12,0.75,True,True,highs
equal_share,1,340.59303961857574,520.4191980328544,179.8261584142787,19,210,0.9240221560737132,0.00237289973301813,0.00823923518409073,-71.05819680704042,6,0_75_p3_6_12_h1_3_6_12,0.75,True,True,highs
equal_share,2,360.1646984908915,542.0610831421143,181.8963846512228,15,223,0.9968673428093261,0.0022915995214134455,0.007956942782685574,-51.48653793472465,6,0_75_p3_6_12_h1_3_6_12,0.75,True,True,highs
equal_share,3,357.8317205861179,559.6250339520426,201.7933133659247,19,211,0.8872156023162154,0.0023532998166047037,0.008171179918766333,-53.81951583949825,6,0_75_p3_6_12_h1_3_6_12,0.75,True,True,highs
equal_share,4,274.9945647951581,441.77836690025924,166.7838021051011,8,228,0.9972995497434946,0.0024087996571324766,0.008363887698376656,-136.65667163045805,6,0_75_p3_6_12_h1_3_6_12,0.75,True,True,highs
equal_share,5,326.1133133370762,493.3914056866059,167.27809234952971,12,239,0.7289236974547028,0.0025604997063055634,0.008890623980227651,-85.53792308853997,6,0_75_p3_6_12_h1_3_6_12,0.75,True,True,highs
equal_share,6,255.32345837453641,405.9421519791837,150.61869360464726,6,270,0.9933597209196346,0.00231080042431131,0.008023612584414272,-156.32777805107975,6,0_75_p3_6_12_h1_3_6_12,0.75,True,True,highs
equal_share,7,374.2403086527373,511.9956744439702,137.75536579123286,18,206,0.900275997239176,0.002369399764575064,0.00822708251588564,-37.410927772878836,6,0_75_p3_6_12_h1_3_6_12,0.75,True,True,highs
equal_share,8,369.53672020009304,549.670030023134,180.13330982304097,15,228,0.997682670197846,0.0026161003625020385,0.00908368181424319,-42.11451622552312,6,0_75_p3_6_12_h1_3_6_12,0.75,True,True,highs
equal_share,9,296.1236846085983,504.15556713392044,208.03188252532215,17,247,0.8298865514320928,0.0023721003672108054,0.008236459608370852,-115.52755181701787,6,0_75_p3_6_12_h1_3_6_12,0.75,True,True,highs
equal_share,10,217.96406072873432,406.7869432402505,188.82288251151616,12,223,0.6839349494818774,0.0024445996969006956,0.008488193392016305,-193.68717569688184,6,0_75_p3_6_12_h1_3_6_12,0.75,True,True,highs
equal_share,11,281.7297397805762,442.27205081754647,160.5423110369703,10,201,0.7414838379050295,0.0025534998858347535,0.008866319048037339,-129.92149664503995,6,0_75_p3_6_12_h1_3_6_12,0.75,True,True,highs
equal_share,12,371.58001525413425,580.1951616989709,208.61514644483663,16,231,0.8162461790737547,0.0025247997837141156,0.008766665915674012,-40.07122117148191,6,0_75_p3_6_12_h1_3_6_12,0.75,True,True,highs
equal_share,13,341.1171623633464,529.171044969043,188.05388260569663,12,213,0.665142169231352,0.0022878999589011073,0.007944097079517733,-70.53407406226978,6,0_75_p3_6_12_h1_3_6_12,0.75,True,True,highs
equal_share,14,309.5062898032561,492.5441095350174,183.0378197317613,9,244,0.9977500592226989,0.002571899793110788,0.008930207614968013,-102.14494662236007,6,0_75_p3_6_12_h1_3_6_12,0.75,True,True,highs
equal_share,15,236.93406943240385,350.5496538973651,113.61558446496124,7,220,0.9931384947049453,0.002538800414185971,0.00881527921592351,-174.71716699321232,6,0_75_p3_6_12_h1_3_6_12,0.75,True,True,highs
equal_share,16,306.9574174578628,489.91561929763594,182.95820183977318,14,218,0.8957565309865806,0.0023364995722658932,0.00811284573703435,-104.69381896775337,6,0_75_p3_6_12_h1_3_6_12,0.75,True,True,highs
equal_share,17,276.68420171267235,473.01518146078877,196.33097974811642,10,228,0.8964236815303417,0.0023729000240564346,0.008239236194640398,-134.9670347129438,6,0_75_p3_6_12_h1_3_6_12,0.75,True,True,highs
equal_share,18,341.04533897328196,449.3394160610382,108.29407708775626,11,229,0.8690877766611955,0.0026424001553095877,0.009175000539269403,-70.6058974523342,6,0_75_p3_6_12_h1_3_6_12,0.75,True,True,highs
equal_share,19,357.5291397885503,569.7890796652724,212.2599398767221,16,188,0.8069381870592136,0.0026332002016715705,0.009143056255804064,-54.12209663706585,6,0_75_p3_6_12_h1_3_6_12,0.75,True,True,highs
equal_share,20,419.36279137146823,581.4407071312013,162.07791575973303,17,228,0.8763727610437968,0.002478300011716783,0.008605208374016607,7.711554945852072,6,0_75_p3_6_12_h1_3_6_12,0.75,True,True,highs
equal_share,21,294.9525263010603,514.0989909068593,219.14646460579897,18,224,0.863058266183899,0.002459299867041409,0.008539235649449337,-116.69871012455587,6,0_75_p3_6_12_h1_3_6_12,0.75,True,True,highs
equal_share,22,264.8211925705368,374.9549966059189,110.13380403538204,11,235,0.9969006041665981,0.002813599945511669,0.00976944425524885,-146.83004385507934,6,0_75_p3_6_12_h1_3_6_12,0.75,True,True,highs
equal_share,23,264.5770926742082,397.476279979951,132.8991873057428,9,238,0.8492869738762175,0.0024628995452076197,0.008551734531970901,-147.07414375140797,6,0_75_p3_6_12_h1_3_6_12,0.75,True,True,highs
equal_share,24,344.3684310980273,539.3770842023944,195.00865310436706,20,223,0.8492621679727926,0.0022008003434166312,0.007641667859085525,-67.28280532758885,6,0_75_p3_6_12_h1_3_6_12,0.75,True,True,highs
equal_share,25,215.12640200069382,425.4399753483643,210.3135733476705,7,241,0.9970874256858044,0.002556599851232022,0.008877082816777855,-196.52483442492235,6,0_75_p3_6_12_h1_3_6_12,0.75,True,True,highs
equal_share,26,202.02919796313694,320.1500323090162,118.12083434587923,7,209,0.9929623231533972,0.002370799833443016,0.008231943866121583,-209.62203846247922,6,0_75_p3_6_12_h1_3_6_12,0.75,True,True,highs
equal_share,27,355.9893177516171,466.2864712690782,110.29715351746114,17,245,0.8942395017207712,0.0023049008450470865,0.008003127934191272,-55.66191867399908,6,0_75_p3_6_12_h1_3_6_12,0.75,True,True,highs
equal_share,28,270.2330660898833,463.39747870195094,193.16441261206765,10,247,0.9719802276266827,0.0023455999325960875,0.008144444210403081,-141.41817033573284,6,0_75_p3_6_12_h1_3_6_12,0.75,True,True,highs
equal_share,29,334.1355773426698,540.6118511940915,206.4762738514217,19,225,0.995895875882578,0.0021681999205611646,0.007528471946392933,-77.51565908294634,6,0_75_p3_6_12_h1_3_6_12,0.75,True,True,highs
max_charge,0,410.7630617221196,640.8999999999999,230.13693827788032,27,203,0.6793857851814975,0.0008938998798839748,0.0031038190273749125,-0.8881747034965883,6,0_75_p3_6_12_h1_3_6_12,0.75,True,True,highs
max_charge,1,417.569115102291,640.7499999999999,223.18088489770886,25,204,0.937884020538042,0.0010411011171527207,0.003614934434558058,5.917878676674832,6,0_75_p3_6_12_h1_3_6_12,0.75,True,True,highs
max_charge,2,424.9470810691514,641.0499999999998,216.1029189308484,18,220,0.997653273212586,0.0009855996468104422,0.003422220995869591,13.295844643535247,6,0_75_p3_6_12_h1_3_6_12,0.75,True,True,highs
max_charge,3,410.9181785960992,639.9499999999999,229.03182140390075,23,207,0.8872156023162154,0.0008814997272565961,0.003060762941863181,-0.7330578295169516,6,0_75_p3_6_12_h1_3_6_12,0.75,True,True,highs
max_charge,4,398.19411983489977,643.7999999999998,245.60588016510007,18,218,0.9960543472322695,0.0008485998259857297,0.0029465271735615614,-13.457116590716396,6,0_75_p3_6_12_h1_3_6_12,0.75,True,True,highs
max_charge,5,422.4516028165816,636.8999999999999,214.44839718341825,16,235,0.7793579642651576,0.0009378997492603958,0.003256596351598596,10.80036639096545,6,0_75_p3_6_12_h1_3_6_12,0.75,True,True,highs
max_charge,6,397.2753584384917,632.9999999999999,235.72464156150815,17,259,0.9969510615758187,0.0008901993278414011,0.0030909698883381984,-14.375877987124454,6,0_75_p3_6_12_h1_3_6_12,0.75,True,True,highs
max_charge,7,463.4691906670729,639.9499999999999,176.48080933292704,28,196,0.9250619163612622,0.0008877996588125825,0.003082637704210356,51.81795424145673,6,0_75_p3_6_12_h1_3_6_12,0.75,True,True,highs
max_charge,8,427.00581656098353,637.0499999999998,210.0441834390163,22,221,0.9348185469870951,0.0008965994347818196,0.003113192481881318,15.354580135367371,6,0_75_p3_6_12_h1_3_6_12,0.75,True,True,highs
max_charge,9,373.5266336103279,642.0499999999998,268.52336638967193,25,239,0.8679675299143553,0.0008350995485670865,0.0028996512103023836,-38.124602815288256,6,0_75_p3_6_12_h1_3_6_12,0.75,True,True,highs
max_charge,10,341.1096421639124,640.8999999999999,299.7903578360875,21,214,0.8193242502421872,0.0008810997242107987,0.003059374042398607,-70.54159426170378,6,0_75_p3_6_12_h1_3_6_12,0.75,True,True,highs
max_charge,11,404.16743844151495,634.9499999999999,230.78256155848499,20,191,0.9255589421781848,0.0009287988650612533,0.0032249960592404627,-7.483797984101216,6,0_75_p3_6_12_h1_3_6_12,0.75,True,True,highs
max_charge,12,408.767709416151,640.0999999999999,231.33229058384893,18,229,0.8526564386110251,0.000890599621925503,0.003092359798352441,-2.8835270094651833,6,0_75_p3_6_12_h1_3_6_12,0.75,True,True,highs
max_charge,13,414.29197080930066,642.9999999999999,228.70802919069922,20,205,0.6152733474573994,0.0009927998180501163,0.003447221590451793,2.640734383684503,6,0_75_p3_6_12_h1_3_6_12,0.75,True,True,highs
max_charge,14,403.92500030994404,642.9999999999999,239.07499969005582,16,237,0.9028865100303556,0.000880200183019042,0.003056250635482785,-7.726236115672123,6,0_75_p3_6_12_h1_3_6_12,0.75,True,True,highs
max_charge,15,423.34787617226436,642.8499999999999,219.50212382773555,20,207,0.996475033305462,0.0009009997011162341,0.0031284711844313685,11.696639746648202,6,0_75_p3_6_12_h1_3_6_12,0.75,True,True,highs
max_charge,16,401.32044303218515,642.8499999999999,241.52955696781473,17,215,0.8818620503607922,0.0008987002074718475,0.0031204868314994704,-10.330793393431009,6,0_75_p3_6_12_h1_3_6_12,0.75,True,True,highs
max_charge,17,364.0265602032343,629.6499999999999,265.6234397967656,18,220,0.9257087726860759,0.000840500695630908,0.0029184051931628752,-47.62467622238188,6,0_75_p3_6_12_h1_3_6_12,0.75,True,True,highs
max_charge,18,482.48255210121465,638.4999999999999,156.01744789878524,20,220,0.8980431635606939,0.0008800995419733226,0.00305590118740737,70.83131567559849,6,0_75_p3_6_12_h1_3_6_12,0.75,True,True,highs
max_charge,19,397.52381300926197,633.9999999999999,236.4761869907379,18,186,0.8262705542205481,0.0008900997345335782,0.003090624078241591,-14.12742341635419,6,0_75_p3_6_12_h1_3_6_12,0.75,True,True,highs
max_charge,20,457.6160387486218,634.6499999999999,177.03396125137803,19,226,0.9008868673694345,0.0009292994509451091,0.0032267342046705177,45.96480232300564,6,0_75_p3_6_12_h1_3_6_12,0.75,True,True,highs
max_charge,21,363.71573435068126,636.0999999999999,272.38426564931865,25,218,0.8688335128930876,0.0009498003637418151,0.0032979179296590802,-47.9355020749349,6,0_75_p3_6_12_h1_3_6_12,0.75,True,True,highs
max_charge,22,462.8112284461656,645.0999999999999,182.28877155383427,20,226,0.9966900351945464,0.0008280990296043456,0.0028753438527928665,51.15999202054945,6,0_75_p3_6_12_h1_3_6_12,0.75,True,True,highs
max_charge,23,422.2807253082593,639.9499999999999,217.66927469174064,19,229,0.9058810113123421,0.0008509996114298701,0.002954859761909271,10.629488882643159,6,0_75_p3_6_12_h1_3_6_12,0.75,True,True,highs
max_charge,24,408.2568985521792,640.7499999999999,232.49310144782064,24,219,0.8620215009395036,0.0009094003471545875,0.003157640094286762,-3.394337873436939,6,0_75_p3_6_12_h1_3_6_12,0.75,True,True,highs
max_charge,25,321.85728782415384,643.6499999999999,321.792712175846,14,234,0.9989613394224574,0.0009545998182147741,0.0033145827021346325,-89.79394860146232,6,0_75_p3_6_12_h1_3_6_12,0.75,True,True,highs
max_charge,26,403.61950554847715,642.1999999999999,238.5804944515228,21,195,0.9976059685783607,0.0009206996182911098,0.003196873674621909,-8.031730877139012,6,0_75_p3_6_12_h1_3_6_12,0.75,True,True,highs
max_charge,27,491.08156824906655,644.2999999999998,153.2184317509333,24,238,0.855508679946329,0.0009036988485604525,0.0031378432241682378,79.43033182345039,6,0_75_p3_6_12_h1_3_6_12,0.75,True,True,highs
max_charge,28,372.6523819605508,638.7999999999998,266.147618039449,23,234,0.899826019269114,0.0008988006156869233,0.00312083547113515,-38.998854465065335,6,0_75_p3_6_12_h1_3_6_12,0.75,True,True,highs
max_charge,29,393.57391691207886,637.6999999999999,244.1260830879211,24,220,0.997025777503453,0.0008481001132167876,0.0029447920597805125,-18.077319513537304,6,0_75_p3_6_12_h1_3_6_12,0.75,True,True,highs
random,0,378.7273346717816,590.8071239159564,212.07978924417478,16,214,0.7880842132382497,0.008778600196819752,0.03048125068340192,-32.92390175383457,6,0_75_p3_6_12_h1_3_6_12,0.75,True,True,highs
random,1,380.8466690410809,584.509580215756,203.66291117467517,23,206,0.8855886189259965,0.008542800380382687,0.029662501320773218,-30.80456738453529,6,0_75_p3_6_12_h1_3_6_12,0.75,True,True,highs
random,2,387.38539287850557,584.2669808565171,196.8815879780115,21,217,0.8978772836237309,0.008476200164295733,0.029431250570471294,-24.26584354711059,6,0_75_p3_6_12_h1_3_6_12,0.75,True,True,highs
random,3,375.1606541639586,583.9030092472661,208.7423550833075,18,212,0.806364429391967,0.008686300192493945,0.030160764557270642,-36.49058226165755,6,0_75_p3_6_12_h1_3_6_12,0.75,True,True,highs
random,4,366.9095826103966,593.2413001643031,226.33171755390646,13,223,0.9981599133732412,0.008279200061224401,0.028747222434806947,-44.741653815219536,6,0_75_p3_6_12_h1_3_6_12,0.75,True,True,highs
random,5,390.2798903039916,588.5027929339429,198.22290262995134,21,231,0.8688070120090714,0.008382699452340603,0.029106595320627093,-21.371346121624583,6,0_75_p3_6_12_h1_3_6_12,0.75,True,True,highs
random,6,363.07321597541517,578.7326341131866,215.6594181377714,17,259,0.9977133012325274,0.008436099567916244,0.02929201238859807,-48.578020450200995,6,0_75_p3_6_12_h1_3_6_12,0.75,True,True,highs
random,7,429.46402409832467,592.6090345704848,163.14501047216015,20,204,0.8336833100626214,0.0086646000854671,0.030085416963427432,17.81278767270851,6,0_75_p3_6_12_h1_3_6_12,0.75,True,True,highs
random,8,396.99320441776223,591.7620471250505,194.76884270728823,17,226,0.9970029220740679,0.008369799877982587,0.029061805131883982,-14.658032007853933,6,0_75_p3_6_12_h1_3_6_12,0.75,True,True,highs
random,9,346.65026360607885,596.469592228665,249.81932862258614,24,241,0.8254615646974995,0.0085689997067675,0.02975347120405382,-65.00097281953731,6,0_75_p3_6_12_h1_3_6_12,0.75,True,True,highs
random,10,310.19271114253297,583.7933533968188,273.60064225428584,20,215,0.9469812144809219,0.008721800113562495,0.030284028172091994,-101.45852528308319,6,0_75_p3_6_12_h1_3_6_12,0.75,True,True,highs
random,11,376.6118992583207,591.540018925925,214.9281196676043,24,187,0.7742465159238227,0.00820300041232258,0.028482640320564516,-35.03933716729546,6,0_75_p3_6_12_h1_3_6_12,0.75,True,True,highs
random,12,374.17955125316246,586.4818775222783,212.30232626911587,19,228,0.7369737428932377,0.008162200159858912,0.02834097277728789,-37.471685172453704,6,0_75_p3_6_12_h1_3_6_12,0.75,True,True,highs
random,13,375.08006330791176,581.7479909028131,206.6679275949013,17,208,0.7857028726990317,0.008476300747133791,0.029431599816436775,-36.571173117704404,6,0_75_p3_6_12_h1_3_6_12,0.75,True,True,highs
random,14,372.61900546483844,592.9656940529768,220.34668858813836,11,242,0.9092216684760791,0.008889899414498359,0.030867706300341524,-39.032230960777724,6,0_75_p3_6_12_h1_3_6_12,0.75,True,True,highs
random,15,388.1693485326381,589.155308541652,200.9859600090139,17,210,0.9973461816462591,0.008914500824175775,0.03095312786172144,-23.48188789297808,6,0_75_p3_6_12_h1_3_6_12,0.75,True,True,highs
random,16,366.6854946561291,587.016288243632,220.33079358750282,17,215,0.9407168832305063,0.009124400035943836,0.03168194456924943,-44.96574176948707,6,0_75_p3_6_12_h1_3_6_12,0.75,True,True,highs
random,17,330.27696496605734,571.6296583620784,241.3526933960211,18,220,0.822809955429193,0.008919999992940575,0.030972222197710328,-81.37427145955883,6,0_75_p3_6_12_h1_3_6_12,0.75,True,True,highs
random,18,441.0439700401377,583.7349816644097,142.691011624272,20,221,0.892963399775689,0.009350700420327485,0.032467709792803764,29.392733614521546,6,0_75_p3_6_12_h1_3_6_12,0.75,True,True,highs
random,19,367.2773466577746,585.8487066164126,218.571359958638,15,189,0.8694078661597701,0.008482900040689856,0.02945451403017311,-44.37388976784155,6,0_75_p3_6_12_h1_3_6_12,0.75,True,True,highs
random,20,425.81413065600645,589.2547835446836,163.44065288867714,17,228,0.8711404126679086,0.008610799442976713,0.029898609177002475,14.162894230390293,6,0_75_p3_6_12_h1_3_6_12,0.75,True,True,highs
random,21,336.90434413995104,588.77558415552,251.871240015569,19,223,0.9978341658696367,0.00885899958666414,0.03076041523147271,-74.74689228566513,6,0_75_p3_6_12_h1_3_6_12,0.75,True,True,highs
random,22,431.6344302645808,601.3957935124222,169.76136324784133,20,226,0.9981644176157219,0.009066300874110311,0.03148021136843858,19.983193838964667,6,0_75_p3_6_12_h1_3_6_12,0.75,True,True,highs
random,23,390.441106107937,591.3600606722587,200.9189545643217,20,228,0.9133295647744661,0.008714999828953296,0.0302604160727545,-21.21013031767916,6,0_75_p3_6_12_h1_3_6_12,0.75,True,True,highs
random,24,372.4578556558185,584.3454369060023,211.8875812501838,21,222,0.9162924594123376,0.008654999604914337,0.030052081961508118,-39.19338076979767,6,0_75_p3_6_12_h1_3_6_12,0.75,True,True,highs
random,25,296.2868960540485,593.270556398395,296.9836603443465,16,232,0.99940515759073,0.009134699532296509,0.03171770670936288,-115.36434037156766,6,0_75_p3_6_12_h1_3_6_12,0.75,True,True,highs
random,26,362.5325741557218,576.9989216798623,214.46634752414045,18,198,0.999215122935251,0.008657799917273223,0.030061805268309802,-49.118662269894344,6,0_75_p3_6_12_h1_3_6_12,0.75,True,True,highs
random,27,448.2628077156926,588.0951682513756,139.83236053568305,23,240,0.9879649380665034,0.00897910021012649,0.03117743128516142,36.61157129007643,6,0_75_p3_6_12_h1_3_6_12,0.75,True,True,highs
random,28,337.9526660001638,579.7294218501414,241.77675584997763,19,238,0.9858391801770665,0.009297799551859498,0.03228402622173437,-73.69857042545237,6,0_75_p3_6_12_h1_3_6_12,0.75,True,True,highs
random,29,362.02790292439755,586.5957531444897,224.5678502200921,17,227,0.8549976523181574,0.008391000214032829,0.02913541740983621,-49.62333350121861,6,0_75_p3_6_12_h1_3_6_12,0.75,True,True,highs
milp_h1,0,813.538670454823,1267.2998514056203,453.7611809507973,27,197,0.7614741961393285,3.134136900131125,10.882419792121961,0.1413002635764542,12,0_75_p3_6_12_h1_3_6_12,0.75,True,True,highs
milp_h1,1,832.8676004350184,1275.9498492002485,443.0822487652301,23,200,0.9343648261965195,3.134757199557498,10.884573609574646,19.47023024377188,12,0_75_p3_6_12_h1_3_6_12,0.75,True,True,highs
milp_h1,2,836.7204104112385,1260.4998535513876,423.77944314014906,23,209,0.8466661931196366,3.368395200523082,11.695816668482925,23.32304021999198,12,0_75_p3_6_12_h1_3_6_12,0.75,True,True,highs
milp_h1,3,820.6962997078892,1276.2748492002484,455.57854949235906,24,200,0.8540206487927201,3.280574699921999,11.390884374729163,7.2989295166427155,12,0_75_p3_6_12_h1_3_6_12,0.75,True,True,highs
milp_h1,4,788.5971062952677,1273.3998508691786,484.8027445739109,22,208,0.9768260191803735,3.39773379964754,11.797686804331736,-24.800263895978787,12,0_75_p3_6_12_h1_3_6_12,0.75,True,True,highs
milp_h1,5,839.3181301232876,1263.0998524785039,423.78172235521623,31,214,0.8397502273736426,3.0414938997710124,10.560742707538237,25.92075993204105,12,0_75_p3_6_12_h1_3_6_12,0.75,True,True,highs
milp_h1,6,783.6854304887945,1247.1998540878294,463.51442359903484,28,242,0.9394916378367747,3.2612171007785946,11.323670488814564,-29.711939702452014,12,0_75_p3_6_12_h1_3_6_12,0.75,True,True,highs
milp_h1,7,921.9311968452062,1270.799851942062,348.8686550968559,27,191,0.8289741770584006,3.370918599423021,11.704578470218824,108.53382665395964,12,0_75_p3_6_12_h1_3_6_12,0.75,True,True,highs
milp_h1,8,849.268366653021,1264.5998508691785,415.3314842161575,25,212,0.8331616860775617,3.155391300213523,10.956219792408067,35.87099646177444,12,0_75_p3_6_12_h1_3_6_12,0.75,True,True,highs
milp_h1,9,741.7034943663834,1273.3998508691786,531.6963565027952,27,231,0.7941206576722386,3.3066652000998147,11.481476389235468,-71.69387582486308,12,0_75_p3_6_12_h1_3_6_12,0.75,True,True,highs
milp_h1,10,677.3386142183621,1270.9998508691785,593.6612366508165,26,203,0.9478851069752358,3.202625399513636,11.120227081644568,-136.05875597288446,12,0_75_p3_6_12_h1_3_6_12,0.75,True,True,highs
milp_h1,11,803.1197606498795,1259.2998514056203,456.18009075574076,21,184,0.9433232740824998,5.42355840007076,18.831800000245696,-10.277609541367042,12,0_75_p3_6_12_h1_3_6_12,0.75,True,True,highs
milp_h1,12,810.708899604105,1268.5998508691785,457.8909512650735,25,216,0.8414134186524272,5.665774700057227,19.67282881964315,-2.6884705871415235,12,0_75_p3_6_12_h1_3_6_12,0.75,True,True,highs
milp_h1,13,823.4863527190056,1275.999849796295,452.51349707728934,25,194,0.9065038035133813,5.318822500004899,18.468133680572564,10.088982527759072,12,0_75_p3_6_12_h1_3_6_12,0.75,True,True,highs
milp_h1,14,805.0553091853856,1279.6498486638068,474.59453947842115,18,229,0.9975718045201055,3.3889681998989545,11.767250694093592,-8.342061005860955,12,0_75_p3_6_12_h1_3_6_12,0.75,True,True,highs
milp_h1,15,844.6032848444579,1281.349850273132,436.7465654286741,31,190,0.8756210291356157,3.5609182998887263,12.364299652391411,31.20591465321138,12,0_75_p3_6_12_h1_3_6_12,0.75,True,True,highs
milp_h1,16,789.6054247434694,1263.4998546242712,473.8944298808018,31,196,0.9480941843280247,3.2944429992348887,11.439038191787809,-23.791945447777152,12,0_75_p3_6_12_h1_3_6_12,0.75,True,True,highs
milp_h1,17,722.0871504870357,1247.9998540878294,525.9127036007936,23,209,0.8879082575266596,3.3354714001179673,11.581497917076275,-91.3102197042108,12,0_75_p3_6_12_h1_3_6_12,0.75,True,True,highs
milp_h1,18,959.8978382942859,1269.3998508691786,309.5020125748928,23,211,0.9369835022187876,3.0390921006328426,10.55240312719737,146.50046810303934,12,0_75_p3_6_12_h1_3_6_12,0.75,True,True,highs
milp_h1,19,789.7203507912577,1257.3998551607128,467.67950436945506,24,174,0.9604881590807526,3.0746598004479893,10.675902084888852,-23.677019399988808,12,0_75_p3_6_12_h1_3_6_12,0.75,True,True,highs
milp_h1,20,911.5456141468333,1262.4998514056203,350.9542372587871,29,210,0.7947219561047644,3.2265270007192157,11.203218752497277,98.14824395558674,12,0_75_p3_6_12_h1_3_6_12,0.75,True,True,highs
milp_h1,21,725.3922744005918,1266.449850809574,541.0575764089822,32,204,0.7562809008613885,3.0690585000556894,10.656453125193366,-88.00509579065476,12,0_75_p3_6_12_h1_3_6_12,0.75,True,True,highs
milp_h1,22,916.154944313836,1273.499852478504,357.34490816466797,32,211,0.9568294126270189,3.074675499869045,10.675956596767517,102.75757412258952,12,0_75_p3_6_12_h1_3_6_12,0.75,True,True,highs
milp_h1,23,842.9832838654518,1275.4498497366903,432.46656587123863,24,217,0.9056301717268597,3.1789602000499144,11.038056250173314,29.585913674205244,12,0_75_p3_6_12_h1_3_6_12,0.75,True,True,highs
milp_h1,24,807.5608194999122,1265.499852478504,457.93903297859174,25,212,0.8824152393926497,3.035631900012959,10.540388541711662,-5.83655069133431,12,0_75_p3_6_12_h1_3_6_12,0.75,True,True,highs
milp_h1,25,635.2296919149039,1268.9998530149458,633.7701611000418,22,220,0.8817105004001863,3.2811973993084393,11.393046525376526,-178.1676782763426,12,0_75_p3_6_12_h1_3_6_12,0.75,True,True,highs
milp_h1,26,798.7117612371524,1269.3998508691786,470.6880896320263,23,188,0.8739420043173264,2.9864667008514516,10.369676044623096,-14.685608954094164,12,0_75_p3_6_12_h1_3_6_12,0.75,True,True,highs
milp_h1,27,979.7696211755274,1284.4498486638067,304.6802274882793,22,234,0.9976344289290565,3.236003199883271,11.236122221816913,166.37225098428087,12,0_75_p3_6_12_h1_3_6_12,0.75,True,True,highs
milp_h1,28,740.4972546899286,1267.2998514056203,526.8025967156917,22,229,0.9810485295331177,3.092196300276555,10.736792709293594,-72.90011550131794,12,0_75_p3_6_12_h1_3_6_12,0.75,True,True,highs
milp_h1,29,783.5746312158416,1267.7998508691785,484.2252196533369,19,219,0.9975511946995257,3.3459722002153285,11.617959028525446,-29.822738975404945,12,0_75_p3_6_12_h1_3_6_12,0.75,True,True,highs
milp_h3,0,813.5386203587276,1267.2998018741605,453.7611815154329,32,196,0.8346800223174692,5.296876099426299,18.391930900785763,0.14125016748107555,12,0_75_p3_6_12_h1_3_6_12,0.75,True,True,highs
milp_h3,1,833.1047552344369,1276.324799132347,443.22004389791005,28,197,0.936720445017171,5.15385890082689,17.895343405648923,19.707385043190357,12,0_75_p3_6_12_h1_3_6_12,0.75,True,True,highs
milp_h3,2,836.7203608322745,1260.4998047351835,423.77944390290895,24,208,0.909923491502856,5.383262299874332,18.691882985674763,23.322990641028014,12,0_75_p3_6_12_h1_3_6_12,0.75,True,True,highs
milp_h3,3,820.9381195139835,1276.6497991323467,455.7116796183633,23,201,0.9389639606972081,5.119171700091101,17.774901736427434,7.540749322736929,12,0_75_p3_6_12_h1_3_6_12,0.75,True,True,highs
milp_h3,4,788.5970560850699,1273.399801158905,484.80274507383496,31,201,0.9402023844974637,4.888268599694129,16.97315486004906,-24.800314106176643,12,0_75_p3_6_12_h1_3_6_12,0.75,True,True,highs
milp_h3,5,839.3180804510926,1263.099803304672,423.7817228535794,27,220,0.7323115459675914,6.658682700479403,23.12042604333126,25.920710259846032,12,0_75_p3_6_12_h1_3_6_12,0.75,True,True,highs
milp_h3,6,783.6853810411628,1247.1998054504393,463.5144244092765,25,245,0.9966460316146908,5.15311609976925,17.892764235309894,-29.711989150083696,12,0_75_p3_6_12_h1_3_6_12,0.75,True,True,highs
milp_h3,7,921.9311471992221,1270.7998025894162,348.8686553901942,22,196,0.853034050351642,4.989913099852856,17.32608715226686,108.53377700797557,12,0_75_p3_6_12_h1_3_6_12,0.75,True,True,highs
milp_h3,8,849.2683165023086,1264.5998011589047,415.3314846565961,23,216,0.9346460767819179,4.762450801266823,16.53628750439869,35.870946311062085,12,0_75_p3_6_12_h1_3_6_12,0.75,True,True,highs
milp_h3,9,741.7034442029554,1273.399801158905,531.6963569559495,28,232,0.7702353023347149,4.981967599480413,17.29849860930699,-71.69392598829108,12,0_75_p3_6_12_h1_3_6_12,0.75,True,True,highs
milp_h3,10,677.3385639355977,1270.9998011589048,593.6612372233071,25,204,0.9275847422393698,4.603069999197032,15.982881941656363,-136.05880625564885,12,0_75_p3_6_12_h1_3_6_12,0.75,True,True,highs
milp_h3,11,803.1197105212607,1259.2998018741605,456.1800913528998,34,175,0.9292171760614975,4.564601100049913,15.84930937517331,-10.277659669985837,12,0_75_p3_6_12_h1_3_6_12,0.75,True,True,highs
milp_h3,12,810.7088494568227,1268.5998011589047,457.8909517020821,26,216,0.9242006439084496,5.647033999324776,19.60775694209992,-2.6885207344238324,12,0_75_p3_6_12_h1_3_6_12,0.75,True,True,highs
milp_h3,13,823.4863022796899,1275.9997997283933,452.5134974487034,30,192,0.9540820964805639,5.226734999974724,18.148385416578904,10.088932088443357,12,0_75_p3_6_12_h1_3_6_12,0.75,True,True,highs
milp_h3,14,805.2681601230142,1279.9997997283933,474.73163960537903,23,224,0.9981518023754149,5.66846240015002,19.682161111632013,-8.129210068232283,12,0_75_p3_6_12_h1_3_6_12,0.75,True,True,highs
milp_h3,15,845.4198527475198,1282.6498497366904,437.2299969891706,29,192,0.8780885002168359,5.174290600349195,17.96628680676804,32.0224825562733,12,0_75_p3_6_12_h1_3_6_12,0.75,True,True,highs
milp_h3,16,789.6053753470594,1263.499806165695,473.8944308186356,36,195,0.9180225215536912,5.113391499733552,17.754831596297056,-23.791994844187116,12,0_75_p3_6_12_h1_3_6_12,0.75,True,True,highs
milp_h3,17,722.0871010922526,1247.9998054504392,525.9127043581866,25,208,0.8285632525914253,5.227824100118596,18.15216701430068,-91.3102690989939,12,0_75_p3_6_12_h1_3_6_12,0.75,True,True,highs
milp_h3,18,959.897788308893,1269.399801158905,309.5020128500119,26,208,0.998417513177426,5.125923999643419,17.798347220984095,146.50041811764652,12,0_75_p3_6_12_h1_3_6_12,0.75,True,True,highs
milp_h3,19,790.2990474327644,1258.3998054504393,468.100758017675,26,173,0.9229124869851778,4.721055300789885,16.39255312774266,-23.09832275848214,12,0_75_p3_6_12_h1_3_6_12,0.75,True,True,highs
milp_h3,20,911.5455643052966,1262.4998018741605,350.95423756886396,28,211,0.953647827606416,4.583399699011352,15.914582288233861,98.14819411405006,12,0_75_p3_6_12_h1_3_6_12,0.75,True,True,highs
milp_h3,21,725.5726034641265,1266.7623508691786,541.1897474050521,25,213,0.9980953362621527,4.79649300017627,16.65448958394538,-87.82476672712005,12,0_75_p3_6_12_h1_3_6_12,0.75,True,True,highs
milp_h3,22,920.5891584962765,1280.4997990131376,359.9106405168612,31,209,0.892164988688043,5.954341099597514,20.674795484713588,107.19178830502995,12,0_75_p3_6_12_h1_3_6_12,0.75,True,True,highs
milp_h3,23,841.9765887204867,1273.7498524188993,431.77326369841256,28,216,0.925513971907305,5.1450128995929845,17.86462812358675,28.579218529240165,12,0_75_p3_6_12_h1_3_6_12,0.75,True,True,highs
milp_h3,24,807.5607696337779,1265.499803304672,457.9390336708941,18,219,0.9983041722853835,5.42033839947544,18.820619442623055,-5.836600557468614,12,0_75_p3_6_12_h1_3_6_12,0.75,True,True,highs
milp_h3,25,635.229641976865,1268.9998040199278,633.7701620430628,27,215,0.996263755064526,5.828166200721171,20.23668819694851,-178.16772821438155,12,0_75_p3_6_12_h1_3_6_12,0.75,True,True,highs
milp_h3,26,798.7117110439539,1269.399801158905,470.688090114951,26,187,0.9542229961845057,6.234785100561567,21.648559376949883,-14.685659147292654,12,0_75_p3_6_12_h1_3_6_12,0.75,True,True,highs
milp_h3,27,979.7696211755274,1284.4498486638067,304.6802274882793,26,233,0.9981963944396414,5.363694900239352,18.623940625831082,166.37225098428087,12,0_75_p3_6_12_h1_3_6_12,0.75,True,True,highs
milp_h3,28,740.4972046030886,1267.2998018741605,526.8025972710719,28,223,0.9740898757910209,5.097942499618512,17.701189234786497,-72.90016558815796,12,0_75_p3_6_12_h1_3_6_12,0.75,True,True,highs
milp_h3,29,783.5745811337756,1267.7998011589048,484.2252200251292,25,213,0.9984187305609952,5.238496700068936,18.18922465301714,-29.822789057470914,12,0_75_p3_6_12_h1_3_6_12,0.75,True,True,highs
milp_h6,0,813.5386202284271,1267.2998018741605,453.7611816457334,21,203,0.9353361322008352,8.068730099999812,28.01642395833268,0.1412500371806118,12,0_75_p3_6_12_h1_3_6_12,0.75,True,True,highs
milp_h6,1,832.9984238195918,1276.1373503923414,443.13892657274954,27,196,0.9986950817666994,7.994087000435684,27.75724652929057,19.601053628345312,12,0_75_p3_6_12_h1_3_6_12,0.75,True,True,highs
milp_h6,2,836.7203607111769,1260.4998047351835,423.7794440240065,29,203,0.9405833875821211,8.221639400348067,28.547359028986346,23.322990519930386,12,0_75_p3_6_12_h1_3_6_12,0.75,True,True,highs
milp_h6,3,820.9381193870211,1276.649799132347,455.71167974532597,24,200,0.8258949128724709,7.655218898842577,26.580621176536724,7.540749195774538,12,0_75_p3_6_12_h1_3_6_12,0.75,True,True,highs
milp_h6,4,788.5970559546549,1273.399801158905,484.8027452042499,30,200,0.9740574462874793,7.242381900199689,25.147159375693363,-24.80031423659159,12,0_75_p3_6_12_h1_3_6_12,0.75,True,True,highs
milp_h6,5,838.3627016652963,1261.5998054504391,423.2371037851428,42,207,0.9105357740266035,6.894531699712388,23.939346179556903,24.965331474049776,12,0_75_p3_6_12_h1_3_6_12,0.75,True,True,highs
milp_h6,6,783.6853809119589,1247.1998054504393,463.51442453848034,27,243,0.997279965027191,7.35167999996338,25.526666666539516,-29.71198927928765,12,0_75_p3_6_12_h1_3_6_12,0.75,True,True,highs
milp_h6,7,921.9311469254396,1270.7998025894162,348.8686556639766,31,187,0.8439976418678216,7.513177099404857,26.087420484044642,108.53377673419311,12,0_75_p3_6_12_h1_3_6_12,0.75,True,True,highs
milp_h6,8,849.268316370177,1264.5998011589047,415.33148478872766,30,209,0.9570666194375205,6.993896600441076,24.284363195975956,35.87094617893047,12,0_75_p3_6_12_h1_3_6_12,0.75,True,True,highs
milp_h6,9,741.7034440670092,1273.399801158905,531.6963570918957,33,226,0.8746313659239737,8.188005899777636,28.430576040894568,-71.69392612423735,12,0_75_p3_6_12_h1_3_6_12,0.75,True,True,highs
milp_h6,10,677.3385637862523,1270.9998011589048,593.6612373726525,28,201,0.9729811232072056,7.574343700311147,26.29980451496926,-136.05880640499424,12,0_75_p3_6_12_h1_3_6_12,0.75,True,True,highs
milp_h6,11,803.1197103834547,1259.2998018741605,456.18009149070576,30,177,0.8069318872036058,7.571220299520064,26.288959373333554,-10.277659807791792,12,0_75_p3_6_12_h1_3_6_12,0.75,True,True,highs
milp_h6,12,810.7088493428205,1268.5998011589047,457.8909518160843,23,218,0.9076333597903302,8.48255669925129,29.453321872400313,-2.6885208484260374,12,0_75_p3_6_12_h1_3_6_12,0.75,True,True,highs
milp_h6,13,823.4863021486026,1275.9997997283933,452.5134975797907,26,194,0.7873315987110678,8.428823500405997,29.266748265298602,10.088931957356067,12,0_75_p3_6_12_h1_3_6_12,0.75,True,True,highs
milp_h6,14,805.2681598179339,1279.9997997283933,474.7316399104594,21,226,0.8828453817814698,7.668219399754889,26.625761804704478,-8.129210373312617,12,0_75_p3_6_12_h1_3_6_12,0.75,True,True,highs
milp_h6,15,845.9133944155756,1283.3374501705168,437.4240557549412,34,188,0.886126528423853,7.113756399950944,24.70054305538522,32.516024224329044,12,0_75_p3_6_12_h1_3_6_12,0.75,True,True,highs
milp_h6,16,789.6053752183991,1263.499806165695,473.8944309472958,31,197,0.9534801011467101,7.390129600418732,25.660172223676152,-23.79199497284742,12,0_75_p3_6_12_h1_3_6_12,0.75,True,True,highs
milp_h6,17,722.087100961871,1247.9998054504392,525.9127044885682,33,204,0.9374300066995999,7.464856600156054,25.919640972764075,-91.31026922937554,12,0_75_p3_6_12_h1_3_6_12,0.75,True,True,highs
milp_h6,18,959.8977882263573,1269.399801158905,309.50201293254764,32,205,0.9977524462983955,6.822294200363103,23.688521529038553,146.50041803511078,12,0_75_p3_6_12_h1_3_6_12,0.75,True,True,highs
milp_h6,19,790.2990472985585,1258.3998054504393,468.10075815188077,28,172,0.9725329201407767,6.391553600027692,22.192894444540595,-23.098322892687975,12,0_75_p3_6_12_h1_3_6_12,0.75,True,True,highs
milp_h6,20,911.5455641958577,1262.4998018741605,350.95423767830283,36,204,0.8890492696188161,6.3988064002478495,22.218077778638367,98.14819400461113,12,0_75_p3_6_12_h1_3_6_12,0.75,True,True,highs
milp_h6,21,725.7950989192676,1267.137351465225,541.3422525459574,33,203,0.8051404468976308,6.5001286994083785,22.5698913173902,-87.6022712719789,12,0_75_p3_6_12_h1_3_6_12,0.75,True,True,highs
milp_h6,22,920.5891583686271,1280.4997990131376,359.91064064451047,35,205,0.884878895631727,7.7044541001087055,26.75157673648856,107.19178817738054,12,0_75_p3_6_12_h1_3_6_12,0.75,True,True,highs
milp_h6,23,843.4014155068699,1276.1249001622198,432.72348465535,22,221,0.9154516645304112,7.929234199516941,27.532063192767154,30.00404531562333,12,0_75_p3_6_12_h1_3_6_12,0.75,True,True,highs
milp_h6,24,807.5607695035966,1265.499803304672,457.9390338010754,24,215,0.996968820708332,8.01925100054359,27.844621529665247,-5.836600687649934,12,0_75_p3_6_12_h1_3_6_12,0.75,True,True,highs
milp_h6,25,635.2296418148119,1268.9998040199278,633.7701622051159,29,213,0.8185812292921817,9.012520900345407,31.293475348421552,-178.16772837643464,12,0_75_p3_6_12_h1_3_6_12,0.75,True,True,highs
milp_h6,26,798.7117109179735,1269.399801158905,470.68809024093144,27,187,0.9974802637275051,9.50661050004419,33.00906423626455,-14.685659273273018,12,0_75_p3_6_12_h1_3_6_12,0.75,True,True,highs
milp_h6,27,979.2666998048526,1283.7998011589048,304.5331013540522,27,230,0.9987634196387544,7.378749200201128,25.620656945142805,165.86932961360606,12,0_75_p3_6_12_h1_3_6_12,0.75,True,True,highs
milp_h6,28,740.7786040624045,1267.7998011589048,527.0211970965003,26,225,0.9982040475194265,7.525532600062434,26.13032152799456,-72.61876612884203,12,0_75_p3_6_12_h1_3_6_12,0.75,True,True,highs
milp_h6,29,783.5745810025547,1267.7998011589048,484.22522015635,29,211,0.9982141240127081,8.136365399637725,28.251268748742103,-29.822789188691786,12,0_75_p3_6_12_h1_3_6_12,0.75,True,True,highs
milp_h12,0,813.5386202284271,1267.2998018741605,453.7611816457334,25,201,0.849994485841231,13.640337900200393,47.36228437569581,0.1412500371806118,12,0_75_p3_6_12_h1_3_6_12,0.75,True,True,highs
milp_h12,1,833.2978834921455,1276.6373498558996,443.3394663637542,34,189,0.932526401661952,13.440721500024665,46.669171875085645,19.90051330089898,12,0_75_p3_6_12_h1_3_6_12,0.75,True,True,highs
milp_h12,2,836.7203607111769,1260.4998047351835,423.7794440240065,28,206,0.9051601503104536,14.148379199963529,49.12631666654003,23.322990519930386,12,0_75_p3_6_12_h1_3_6_12,0.75,True,True,highs
milp_h12,3,820.9381193870208,1276.6497991323467,455.71167974532597,19,205,0.8460964492790876,12.605868399841711,43.77037638833927,7.5407491957743105,12,0_75_p3_6_12_h1_3_6_12,0.75,True,True,highs
milp_h12,4,788.5970559546549,1273.399801158905,484.8027452042499,39,193,0.9074055705843073,11.93196210032329,41.430423959455865,-24.80031423659159,12,0_75_p3_6_12_h1_3_6_12,0.75,True,True,highs
milp_h12,5,839.3180803211401,1263.099803304672,423.78172298353184,37,209,0.8775595758908996,12.100100199866574,42.014236805092274,25.920710129893564,12,0_75_p3_6_12_h1_3_6_12,0.75,True,True,highs
milp_h12,6,783.6853809119589,1247.1998054504393,463.51442453848034,30,240,0.9989307569671844,12.54394610010786,43.55536840315229,-29.71198927928765,12,0_75_p3_6_12_h1_3_6_12,0.75,True,True,highs
milp_h12,7,921.9311469254396,1270.7998025894162,348.8686556639766,29,190,0.9077717195671359,12.687985500786453,44.05550521106407,108.53377673419311,12,0_75_p3_6_12_h1_3_6_12,0.75,True,True,highs
milp_h12,8,849.268316370177,1264.5998011589047,415.33148478872766,27,211,0.9456914003219116,11.436414100346155,39.70977118175748,35.87094617893047,12,0_75_p3_6_12_h1_3_6_12,0.75,True,True,highs
milp_h12,9,741.7034440670092,1273.399801158905,531.6963570918957,30,228,0.7302797436029353,12.738923699769657,44.23237395753353,-71.69392612423735,12,0_75_p3_6_12_h1_3_6_12,0.75,True,True,highs
milp_h12,10,677.3385637862523,1270.9998011589048,593.6612373726525,30,199,0.9912422532253559,11.817070499644615,41.03149479043269,-136.05880640499424,12,0_75_p3_6_12_h1_3_6_12,0.75,True,True,highs
milp_h12,11,803.1197103834547,1259.2998018741605,456.18009149070576,31,175,0.9463965993069813,11.950370000035036,41.49434027789943,-10.277659807791792,12,0_75_p3_6_12_h1_3_6_12,0.75,True,True,highs
milp_h12,12,810.7088493428205,1268.5998011589047,457.8909518160843,28,213,0.8894975359630873,14.322361000231467,49.7304201396926,-2.6885208484260374,12,0_75_p3_6_12_h1_3_6_12,0.75,True,True,highs
milp_h12,13,823.4863021486026,1275.9997997283933,452.5134975797907,23,197,0.939444790372418,13.12456249987008,45.57139756899333,10.088931957356067,12,0_75_p3_6_12_h1_3_6_12,0.75,True,True,highs
milp_h12,14,805.2681598179339,1279.9997997283933,474.7316399104594,27,220,0.9059706868095073,14.133515799534507,49.074707637272596,-8.129210373312617,12,0_75_p3_6_12_h1_3_6_12,0.75,True,True,highs
milp_h12,15,845.9133944155756,1283.3374501705168,437.4240557549412,30,193,0.8858383340100291,12.305460000119638,42.72729166708208,32.516024224329044,12,0_75_p3_6_12_h1_3_6_12,0.75,True,True,highs
milp_h12,16,789.6053752183991,1263.499806165695,473.8944309472958,25,203,0.971020178337932,12.55002059956314,43.576460415149796,-23.79199497284742,12,0_75_p3_6_12_h1_3_6_12,0.75,True,True,highs
milp_h12,17,722.087100961871,1247.9998054504392,525.9127044885682,31,202,0.9314698683896382,12.22092330007581,42.433761458596564,-91.31026922937554,12,0_75_p3_6_12_h1_3_6_12,0.75,True,True,highs
milp_h12,18,959.8977882263573,1269.399801158905,309.50201293254764,28,208,0.9508179417932724,12.857351799611934,44.643582637541435,146.50041803511078,12,0_75_p3_6_12_h1_3_6_12,0.75,True,True,highs
milp_h12,19,790.2990472985583,1258.399805450439,468.10075815188077,21,177,0.9606670202540714,12.178639899531845,42.28694409559668,-23.098322892688202,12,0_75_p3_6_12_h1_3_6_12,0.75,True,True,highs
milp_h12,20,911.5455641958577,1262.4998018741605,350.95423767830283,30,212,0.8794804787697573,12.054155099380296,41.854705206181585,98.14819400461113,12,0_75_p3_6_12_h1_3_6_12,0.75,True,True,highs
milp_h12,21,725.5073425558978,1266.6331819176671,541.1258393617693,32,205,0.9575732736244843,12.442548100894783,43.203292016995775,-87.8900276353487,12,0_75_p3_6_12_h1_3_6_12,0.75,True,True,highs
milp_h12,22,920.5891583686271,1280.4997990131376,359.91064064451047,28,212,0.9291539164496266,14.686497900402173,50.99478437639644,107.19178817738054,12,0_75_p3_6_12_h1_3_6_12,0.75,True,True,highs
milp_h12,23,843.4014155068699,1276.1249001622198,432.7234846553499,30,212,0.891492447620347,13.557703999918886,47.07536111082946,30.00404531562333,12,0_75_p3_6_12_h1_3_6_12,0.75,True,True,highs
milp_h12,24,807.5607695035966,1265.499803304672,457.9390338010754,25,214,0.9979005155100696,12.835718599322718,44.568467358759435,-5.836600687649934,12,0_75_p3_6_12_h1_3_6_12,0.75,True,True,highs
milp_h12,25,635.2296418148119,1268.9998040199278,633.7701622051159,24,218,0.9977804937562097,14.98876130010467,52.044310069807885,-178.16772837643464,12,0_75_p3_6_12_h1_3_6_12,0.75,True,True,highs
milp_h12,26,798.7117109179735,1269.399801158905,470.68809024093144,26,188,0.9982343975306323,15.844445199647453,55.0154347209981,-14.685659273273018,12,0_75_p3_6_12_h1_3_6_12,0.75,True,True,highs
milp_h12,27,980.0320320446394,1284.7997997283933,304.7677676837539,29,228,0.9977448860540714,12.514372000354342,43.45268055678591,166.6346618533929,12,0_75_p3_6_12_h1_3_6_12,0.75,True,True,highs
milp_h12,28,740.7786040624045,1267.7998011589048,527.0211970965003,32,219,0.9342108930318561,12.355999499442987,42.90277603973259,-72.61876612884203,12,0_75_p3_6_12_h1_3_6_12,0.75,True,True,highs
milp_h12,29,780.8240769681246,1263.1998054504393,482.3757284823147,29,209,0.9568679131781169,13.544055899081286,47.027971871810024,-32.57329322312194,12,0_75_p3_6_12_h1_3_6_12,0.75,True,True,highs
equal_share,0,703.0225132524995,1094.8086846644483,391.78617141194877,35,191,0.8946870983562462,0.0032871998264454305,0.011413888286268856,-110.37485693874703,12,0_75_p3_6_12_h1_3_6_12,0.75,True,True,highs
equal_share,1,567.4398136169903,868.5720763488729,301.1322627318827,20,203,0.9319321660757488,0.0031329996418207884,0.010878470978544405,-245.95755657425627,12,0_75_p3_6_12_h1_3_6_12,0.75,True,True,highs
equal_share,2,654.9951220770182,987.326398555117,332.33127647809874,29,203,0.926687188566079,0.0029444998945109546,0.010223957967051925,-158.4022481142283,12,0_75_p3_6_12_h1_3_6_12,0.75,True,True,highs
equal_share,3,630.5306922530142,986.1577167423535,355.6270244893393,27,197,0.9150407010732791,0.0029892996535636485,0.010379512685984891,-182.86667793823233,12,0_75_p3_6_12_h1_3_6_12,0.75,True,True,highs
equal_share,4,652.8482194529483,1052.989469662415,400.1412502094667,33,197,0.9854542398761454,0.0030398000963032246,0.010554861445497308,-160.54915073829818,12,0_75_p3_6_12_h1_3_6_12,0.75,True,True,highs
equal_share,5,682.7425118253293,1030.4466350568537,347.7041232315244,30,215,0.762118317022892,0.002979400393087417,0.010345140253775753,-130.65485836591722,12,0_75_p3_6_12_h1_3_6_12,0.75,True,True,highs
equal_share,6,606.5582080992931,965.2072805967575,358.64907249746443,30,240,0.9956255765621396,0.0030020998674444854,0.01042395787307113,-206.83916209195343,12,0_75_p3_6_12_h1_3_6_12,0.75,True,True,highs
equal_share,7,799.6739568944381,1101.8431473784399,302.1691904840017,28,190,0.8678885014045212,0.0030602001352235675,0.01062569491397072,-13.723413296808417,12,0_75_p3_6_12_h1_3_6_12,0.75,True,True,highs
equal_share,8,723.5146842957089,1079.828751329036,356.3140670333272,30,207,0.9274483617068574,0.002972699934616685,0.010321874772974601,-89.88268589553763,12,0_75_p3_6_12_h1_3_6_12,0.75,True,True,highs
equal_share,9,600.8927909888788,1024.2879809931917,423.3951900043129,24,234,0.8304089562161278,0.0031143007217906415,0.010813544172884172,-212.50457920236772,12,0_75_p3_6_12_h1_3_6_12,0.75,True,True,highs
equal_share,10,505.80377107395304,947.9150991407782,442.1113280668252,24,205,0.9041634282583332,0.0030684994417242706,0.010654511950431496,-307.5935991172935,12,0_75_p3_6_12_h1_3_6_12,0.75,True,True,highs
equal_share,11,645.9994295772126,1012.637669945762,366.6382403685494,30,176,0.9559099698911505,0.003008000261615962,0.0104444453528332,-167.39794061403393,12,0_75_p3_6_12_h1_3_6_12,0.75,True,True,highs
equal_share,12,587.0550864863587,914.9210717081306,327.8659852217719,29,212,0.8334043719038571,0.002904299588408321,0.010084373570862226,-226.3422837048878,12,0_75_p3_6_12_h1_3_6_12,0.75,True,True,highs
equal_share,13,621.5425338078204,960.356199418608,338.81366561078755,23,196,0.8422212706703087,0.002854400547221303,0.00991111301118508,-191.85483638342612,12,0_75_p3_6_12_h1_3_6_12,0.75,True,True,highs
equal_share,14,658.9146524955884,1049.8244144835817,390.90976198799336,20,227,0.9972766288996553,0.00280300056328997,0.009732640844756842,-154.48271769565815,12,0_75_p3_6_12_h1_3_6_12,0.75,True,True,highs
equal_share,15,816.1671607104668,1238.0267533631852,421.8595926527185,38,184,0.9080208403578149,0.0028089997940696776,0.009753471507186381,2.769790519220237,12,0_75_p3_6_12_h1_3_6_12,0.75,True,True,highs
equal_share,16,557.216825352482,888.4029254613253,331.1861001088432,22,204,0.99532066228776,0.0030502004083245993,0.010590973640015969,-256.1805448387645,12,0_75_p3_6_12_h1_3_6_12,0.75,True,True,highs
equal_share,17,570.0759912205028,971.7834692426146,401.70747802211184,29,203,0.8083373434987687,0.0029962995904497802,0.01040381802239507,-243.3213789707437,12,0_75_p3_6_12_h1_3_6_12,0.75,True,True,highs
equal_share,18,519.2064333469943,682.1836364818527,162.9772031348583,12,222,0.8259337529688471,0.002904699940700084,0.010085763682986403,-294.1909368442522,12,0_75_p3_6_12_h1_3_6_12,0.75,True,True,highs
equal_share,19,530.9235639169731,840.9074543496545,309.98389043268133,17,181,0.7272352412282536,0.0031699995743110776,0.011006942966357909,-282.47380627427344,12,0_75_p3_6_12_h1_3_6_12,0.75,True,True,highs
equal_share,20,748.6604094187934,1035.9200043335968,287.2595949148034,32,207,0.8850261335675446,0.0029227995546534657,0.010148609564768978,-64.73696077245313,12,0_75_p3_6_12_h1_3_6_12,0.75,True,True,highs
equal_share,21,549.3598060552213,957.7214271928299,408.36162113760867,25,213,0.9013141396735597,0.002930999791715294,0.010177082610122548,-264.03756413602525,12,0_75_p3_6_12_h1_3_6_12,0.75,True,True,highs
equal_share,22,767.4287711052791,1068.0957027041763,300.6669315988973,29,211,0.9150544482960141,0.00292480067582801,0.01015555790218059,-45.96859908596741,12,0_75_p3_6_12_h1_3_6_12,0.75,True,True,highs
equal_share,23,687.0528118917445,1035.7225954601024,348.66978356835796,23,218,0.8658201471759512,0.003582900215405971,0.012440625747937398,-126.34455829950207,12,0_75_p3_6_12_h1_3_6_12,0.75,True,True,highs
equal_share,24,519.134178029298,813.8695206709231,294.7353426416251,15,222,0.9950126580129999,0.002997099480126053,0.01040659541710435,-294.2631921619485,12,0_75_p3_6_12_h1_3_6_12,0.75,True,True,highs
equal_share,25,473.7058047311244,938.450520228469,464.74471549734466,24,218,0.9953704856256378,0.003297500777989626,0.011449655479130646,-339.69156546012215,12,0_75_p3_6_12_h1_3_6_12,0.75,True,True,highs
equal_share,26,685.6575999634565,1092.4270587881756,406.76945882471915,27,183,0.9418129556027798,0.002973200345877558,0.010323612312074855,-127.73977022779002,12,0_75_p3_6_12_h1_3_6_12,0.75,True,True,highs
equal_share,27,726.38785998854,951.1518600227024,224.76400003416242,20,236,0.9610642644465255,0.003022300254087895,0.010494098104471859,-87.00951020270656,12,0_75_p3_6_12_h1_3_6_12,0.75,True,True,highs
equal_share,28,511.01505515626906,875.7438384769239,364.7287833206548,23,228,0.6285576849865616,0.0029514001216739416,0.01024791708914563,-302.38231503497747,12,0_75_p3_6_12_h1_3_6_12,0.75,True,True,highs
equal_share,29,525.8322294749385,848.1217907068051,322.2895612318666,21,217,0.9889455470763381,0.0030067998450249434,0.010440277239669941,-287.56514071630806,12,0_75_p3_6_12_h1_3_6_12,0.75,True,True,highs
max_charge,0,812.3091500600177,1267.2999999999997,454.990849939982,39,187,0.8955688183530749,0.001188600086607039,0.004127083634052219,-1.088220131228809,12,0_75_p3_6_12_h1_3_6_12,0.75,True,True,highs
max_charge,1,831.2796955585479,1275.3999999999999,444.120304441452,41,182,0.964782600386167,0.0011516002705320716,0.003998612050458582,17.882325367301405,12,0_75_p3_6_12_h1_3_6_12,0.75,True,True,highs
max_charge,2,835.5777384420235,1260.4999999999998,424.92226155797636,35,197,0.9057877148929259,0.0011289998656138778,0.003920138422270409,22.18036825077695,12,0_75_p3_6_12_h1_3_6_12,0.75,True,True,highs
max_charge,3,818.9339171806971,1275.3999999999999,456.4660828193028,37,187,0.9389401162033668,0.0011088004102930427,0.0038500014246286205,5.536546989450585,12,0_75_p3_6_12_h1_3_6_12,0.75,True,True,highs
max_charge,4,787.3665062506993,1273.3999999999999,486.0334937493006,43,187,0.9089711971686169,0.0011331997229717672,0.003934721260318636,-26.030863940547192,12,0_75_p3_6_12_h1_3_6_12,0.75,True,True,highs
max_charge,5,838.0918934941292,1263.1,425.0081065058708,43,203,0.8495210074102768,0.0010862004128284752,0.0037715292112099836,24.694523302882658,12,0_75_p3_6_12_h1_3_6_12,0.75,True,True,highs
max_charge,6,782.466258128484,1247.1999999999998,464.73374187151586,41,229,0.9961480287547907,0.0011274995049461722,0.0039149288366186535,-30.93111206276251,12,0_75_p3_6_12_h1_3_6_12,0.75,True,True,highs
max_charge,7,920.8240306377409,1270.7999999999997,349.97596936225887,35,183,0.8797805945475088,0.001113700622227043,0.0038670160493994546,107.42666044649434,12,0_75_p3_6_12_h1_3_6_12,0.75,True,True,highs
max_charge,8,848.021566414833,1264.6,416.57843358516686,40,197,0.9516399793644877,0.0011660997406579554,0.004048957432840123,34.62419622358652,12,0_75_p3_6_12_h1_3_6_12,0.75,True,True,highs
max_charge,9,740.4206940730412,1273.3999999999999,532.9793059269587,38,220,0.8831937883083713,0.0011396001791581511,0.003956945066521358,-72.97667611820532,12,0_75_p3_6_12_h1_3_6_12,0.75,True,True,highs
max_charge,10,675.9293642838794,1270.9999999999998,595.0706357161204,40,189,0.9069967578140683,0.0011303992941975594,0.003924997549297081,-137.46800590736711,12,0_75_p3_6_12_h1_3_6_12,0.75,True,True,highs
max_charge,11,801.8194102803864,1259.2999999999997,457.4805897196133,38,167,0.9675340542214251,0.0011072001652792096,0.003844445018330589,-11.577959910860159,12,0_75_p3_6_12_h1_3_6_12,0.75,True,True,highs
max_charge,12,809.6331894516943,1268.5999999999997,458.96681054830543,42,200,0.8768028466246841,0.001104699622374028,0.003835762577687597,-3.7641807395522164,12,0_75_p3_6_12_h1_3_6_12,0.75,True,True,highs
max_charge,13,822.2494083245593,1275.9999999999998,453.75059167544043,40,179,0.8560321397408357,0.001150900381617248,0.003996181880615445,8.852038133312817,12,0_75_p3_6_12_h1_3_6_12,0.75,True,True,highs
max_charge,14,803.6629605531691,1279.3999999999999,475.7370394468307,32,215,0.9975022324910681,0.0011932002962566912,0.004143056584224623,-9.734409638077409,12,0_75_p3_6_12_h1_3_6_12,0.75,True,True,highs
max_charge,15,843.6601043442884,1281.4999999999998,437.8398956557114,42,180,0.9123298078613389,0.0011773998849093914,0.004088194044824276,30.262734153041833,12,0_75_p3_6_12_h1_3_6_12,0.75,True,True,highs
max_charge,16,788.3913822253544,1263.4999999999998,475.10861777464544,37,189,0.9967987704002462,0.0011919011012651026,0.004138545490503829,-25.005987965892132,12,0_75_p3_6_12_h1_3_6_12,0.75,True,True,highs
max_charge,17,720.8568630218505,1247.9999999999998,527.1431369781493,42,190,0.8487137220071888,0.0011934991925954819,0.004144094418734312,-92.54050716939605,12,0_75_p3_6_12_h1_3_6_12,0.75,True,True,highs
max_charge,18,959.1190828283627,1269.3999999999999,310.28091717163716,37,197,0.9169481990145427,0.0012384990695863962,0.004300343991619431,145.72171263711618,12,0_75_p3_6_12_h1_3_6_12,0.75,True,True,highs
max_charge,19,789.0327193578083,1258.3999999999999,469.36728064219153,40,158,0.8865175111894673,0.0012135999859310687,0.004213888840038433,-24.36465083343819,12,0_75_p3_6_12_h1_3_6_12,0.75,True,True,highs
max_charge,20,910.5129681130248,1262.4999999999998,351.98703188697493,41,198,0.9036422023084038,0.0011207999777980149,0.0038916665895764404,97.11559792177832,12,0_75_p3_6_12_h1_3_6_12,0.75,True,True,highs
max_charge,21,723.6935526251792,1265.8999999999999,542.2064473748206,40,198,0.9366054945394486,0.0012272001476958394,0.004261111623943887,-89.7038175660673,12,0_75_p3_6_12_h1_3_6_12,0.75,True,True,highs
max_charge,22,919.3847100536027,1280.4999999999998,361.11528994639707,39,201,0.888239504115682,0.0010626991861499846,0.0036899277296874467,105.98733986235618,12,0_75_p3_6_12_h1_3_6_12,0.75,True,True,highs
max_charge,23,841.3965838511783,1274.8999999999999,433.5034161488215,37,206,0.9163414928750355,0.0010924999951384962,0.0037934027608975563,27.999213659931797,12,0_75_p3_6_12_h1_3_6_12,0.75,True,True,highs
max_charge,24,806.3324234684306,1265.4999999999998,459.1675765315691,37,200,0.9852946488880845,0.001127799681853503,0.003915971117546885,-7.0649467228158755,12,0_75_p3_6_12_h1_3_6_12,0.75,True,True,highs
max_charge,25,633.7005158265431,1268.9999999999998,635.2994841734567,43,199,0.9970413937404117,0.001147700531873852,0.003985071291228653,-179.69685436470343,12,0_75_p3_6_12_h1_3_6_12,0.75,True,True,highs
max_charge,26,797.523011136055,1269.3999999999999,471.876988863945,42,170,0.9367666038224087,0.0011552993673831224,0.004011456136746953,-15.874359055191576,12,0_75_p3_6_12_h1_3_6_12,0.75,True,True,highs
max_charge,27,978.7902725060779,1284.1999999999998,305.4097274939219,33,223,0.975701866100674,0.0011689000530168414,0.004058680739641811,165.39290231483142,12,0_75_p3_6_12_h1_3_6_12,0.75,True,True,highs
max_charge,28,739.4277692079542,1267.7999999999997,528.3722307920456,41,210,0.9258407416535476,0.0012166999513283372,0.004224652608778949,-73.96960098329237,12,0_75_p3_6_12_h1_3_6_12,0.75,True,True,highs
max_charge,29,782.3364257812498,1267.7999999999997,485.46357421874995,41,197,0.9039679553697075,0.0012618001201190054,0.00438125041707988,-31.06094440999675,12,0_75_p3_6_12_h1_3_6_12,0.75,True,True,highs
random,0,766.7502929298117,1196.5216527276339,429.77135979782213,27,197,0.9267018307547666,0.013508200412616134,0.04690347365491713,-46.64707726143479,12,0_75_p3_6_12_h1_3_6_12,0.75,True,True,highs
random,1,776.5502221145737,1190.041725428224,413.49150331365036,33,190,0.9805889465021793,0.013052099442575127,0.045319789731163636,-36.84714807667285,12,0_75_p3_6_12_h1_3_6_12,0.75,True,True,highs
random,2,784.1416948214729,1182.8824866258622,398.74079180438923,37,196,0.8989311506656457,0.013363600592128932,0.046401390944892124,-29.2556753697736,12,0_75_p3_6_12_h1_3_6_12,0.75,True,True,highs
random,3,778.1279855698551,1212.1266287268159,433.99864315696067,31,193,0.8980621227444959,0.013739299727603793,0.047705901831957616,-35.269384621391396,12,0_75_p3_6_12_h1_3_6_12,0.75,True,True,highs
random,4,740.7852895200677,1198.8994331876615,458.1141436675938,40,190,0.9051691923046126,0.0131812003091909,0.045768056629135065,-72.61208067117877,12,0_75_p3_6_12_h1_3_6_12,0.75,True,True,highs
random,5,792.7775883218865,1194.3743648372226,401.59677651533616,43,202,0.8035660380687493,0.013420899689663202,0.04660034614466389,-20.619781869360054,12,0_75_p3_6_12_h1_3_6_12,0.75,True,True,highs
random,6,733.2639666325649,1169.177295362655,435.91332873009014,32,238,0.9977409785703018,0.01387240010080859,0.048168055905585386,-80.13340355868161,12,0_75_p3_6_12_h1_3_6_12,0.75,True,True,highs
random,7,858.337205317313,1182.7987406376924,324.4615353203795,32,186,0.8849649544840429,0.012053900107275695,0.0418538198169295,44.93983512606644,12,0_75_p3_6_12_h1_3_6_12,0.75,True,True,highs
random,8,807.0043505778629,1202.434614213494,395.43026363563104,34,203,0.9273255720517938,0.012011000770144165,0.04170486378522279,-6.393019613383672,12,0_75_p3_6_12_h1_3_6_12,0.75,True,True,highs
random,9,685.0384621114597,1180.7178311751088,495.6793690636492,33,225,0.7934576297607909,0.012044300208799541,0.04182048683610952,-128.35890807978683,12,0_75_p3_6_12_h1_3_6_12,0.75,True,True,highs
random,10,639.5957042986066,1203.865648007399,564.2699437087923,34,195,0.9420892441487744,0.011705599550623447,0.04064444288410919,-173.8016658926399,12,0_75_p3_6_12_h1_3_6_12,0.75,True,True,highs
random,11,749.3939507138944,1176.1202435238115,426.7262928099171,36,169,0.9517630830647238,0.01259739970555529,0.043740971199844755,-64.00341947735217,12,0_75_p3_6_12_h1_3_6_12,0.75,True,True,highs
random,12,761.0099331431903,1193.8754265228501,432.8654933796598,36,205,0.8783503634146875,0.013794700149446726,0.04789826440780113,-52.3874370480562,12,0_75_p3_6_12_h1_3_6_12,0.75,True,True,highs
random,13,766.6032041572151,1190.1242968144284,423.5210926572132,39,180,0.891452824048995,0.013664900325238705,0.047447570573745504,-46.79416603403138,12,0_75_p3_6_12_h1_3_6_12,0.75,True,True,highs
random,14,750.5357401150663,1195.2039737577775,444.6682336427111,31,216,0.9846009424635263,0.013277200167067349,0.04610138946898385,-62.86163007618018,12,0_75_p3_6_12_h1_3_6_12,0.75,True,True,highs
random,15,793.8491057328182,1208.1726596453382,414.32355391251997,38,183,0.8342953588540168,0.012326500145718455,0.04280034772818908,-19.54826445842832,12,0_75_p3_6_12_h1_3_6_12,0.75,True,True,highs
random,16,736.9739764416954,1181.6829223760988,444.70894593440335,36,190,0.8192281613643385,0.01150970021262765,0.03996423684940156,-76.42339374955111,12,0_75_p3_6_12_h1_3_6_12,0.75,True,True,highs
random,17,669.8830439148579,1161.8836921233565,492.00064820849855,31,202,0.9380056492206644,0.012932899931911379,0.044905902541358955,-143.5143262763886,12,0_75_p3_6_12_h1_3_6_12,0.75,True,True,highs
random,18,893.9273033303621,1183.3210900206082,289.39378669024603,31,203,0.997823042528419,0.011604899715166539,0.04029479067766159,80.52993313911554,12,0_75_p3_6_12_h1_3_6_12,0.75,True,True,highs
random,19,725.6012768380175,1156.9016280685864,431.30035123056894,37,161,0.8665114594295328,0.011802399181760848,0.04098055271444739,-87.79609335322903,12,0_75_p3_6_12_h1_3_6_12,0.75,True,True,highs
random,20,843.7183764126768,1169.2643128906498,325.545936477973,38,201,0.9072310729386969,0.011528500472195446,0.04002951552845641,30.321006221430252,12,0_75_p3_6_12_h1_3_6_12,0.75,True,True,highs
random,21,680.029610711018,1191.3573754603772,511.32776474935923,32,204,0.9978608949769555,0.011166499985847622,0.03877256939530424,-133.36775948022853,12,0_75_p3_6_12_h1_3_6_12,0.75,True,True,highs
random,22,868.2344544910234,1206.1810870517436,337.9466325607203,38,202,0.8900587693366262,0.011731799284461886,0.04073541418215933,54.83708429977685,12,0_75_p3_6_12_h1_3_6_12,0.75,True,True,highs
random,23,783.5397033400814,1185.7611238498193,402.2214205097379,31,210,0.9197251613201811,0.012533800036180764,0.04352013901451654,-29.857666851165163,12,0_75_p3_6_12_h1_3_6_12,0.75,True,True,highs
random,24,750.6112889702035,1177.883506246728,427.27221727652454,34,203,0.8472346598444047,0.012442300852853805,0.04320243351685349,-62.78608122104299,12,0_75_p3_6_12_h1_3_6_12,0.75,True,True,highs
random,25,596.8859598248235,1196.7052955513052,599.8193357264817,31,211,0.9317037807886194,0.01263749977806583,0.043880207562728576,-216.51141036642298,12,0_75_p3_6_12_h1_3_6_12,0.75,True,True,highs
random,26,739.6624344766253,1177.7288248265081,438.06639034988285,40,170,0.8923845155060461,0.012548400089144707,0.043570833642863564,-73.7349357146212,12,0_75_p3_6_12_h1_3_6_12,0.75,True,True,highs
random,27,929.3512387880269,1219.408384859782,290.0571460717552,33,224,0.9984450924571132,0.012735999829601496,0.04422222163056075,115.95386859678035,12,0_75_p3_6_12_h1_3_6_12,0.75,True,True,highs
random,28,697.9053809840323,1197.063958366927,499.15857738289463,37,214,0.978688337314118,0.015820099681150168,0.05493090167066031,-115.49198920721426,12,0_75_p3_6_12_h1_3_6_12,0.75,True,True,highs
random,29,727.5062676736595,1178.6892803157325,451.183012642073,31,207,0.9688930865965053,0.013698900176677853,0.047565625613464765,-85.891102517587,12,0_75_p3_6_12_h1_3_6_12,0.75,True,True,highs
