controller,seed,net_profit,total_revenue,total_cost,served_customers,rejected_customers,mean_soc_fulfillment,total_compute_s,mean_step_ms,gap_to_best,ports,experiment_id,tariff,bess_enabled,v2g_enabled,solver
milp_h1,0,57.74333306451639,173.22999919354916,115.48666612903277,7,226,0.997209218164327,3.616285199947015,12.556545833149357,-0.022587912099218954,3,dynamic_1_5_p3_6_12_h1_3_6_12,dynamic:1.5,False,False,highs
milp_h1,1,55.87566255728403,167.6269876718521,111.75132511456808,8,224,0.9266320062023139,3.0063069999814616,10.438565972157853,-1.8902584193315803,3,dynamic_1_5_p3_6_12_h1_3_6_12,dynamic:1.5,False,False,highs
milp_h1,2,54.31495941902199,162.944878257066,108.629918838044,7,234,0.9972467616108048,3.345684699845151,11.61696076335122,-3.4509615575936223,3,dynamic_1_5_p3_6_12_h1_3_6_12,dynamic:1.5,False,False,highs
milp_h1,3,57.34853701591493,172.04561104774476,114.69707403182983,9,224,0.9987592341986259,3.082517300026666,10.703185069537035,-0.4173839607006826,3,dynamic_1_5_p3_6_12_h1_3_6_12,dynamic:1.5,False,False,highs
milp_h1,4,61.45633653601011,184.36900960803032,122.91267307202021,7,232,0.9971516417460076,3.6354413999870303,12.623060416621634,3.690415559394502,3,dynamic_1_5_p3_6_12_h1_3_6_12,dynamic:1.5,False,False,highs
milp_h1,5,53.70106512481969,161.10319537445903,107.40213024963934,11,243,0.9979893815875872,4.171992199961096,14.486084027642695,-4.064855851795919,3,dynamic_1_5_p3_6_12_h1_3_6_12,dynamic:1.5,False,False,highs
milp_h1,6,59.4575988953312,178.37279668599365,118.91519779066245,9,270,0.9982641915483644,4.174139399969135,14.493539583226164,1.691677918715591,3,dynamic_1_5_p3_6_12_h1_3_6_12,dynamic:1.5,False,False,highs
milp_h1,7,44.226832665503025,132.68049799650908,88.45366533100605,8,219,0.6965307305871591,4.741152200018405,16.462334027841685,-13.539088311112586,3,dynamic_1_5_p3_6_12_h1_3_6_12,dynamic:1.5,False,False,highs
milp_h1,8,52.86665752232075,158.59997256696224,105.73331504464149,7,239,0.9370744070515914,4.457358700012264,15.47693993059814,-4.899263454294861,3,dynamic_1_5_p3_6_12_h1_3_6_12,dynamic:1.5,False,False,highs
milp_h1,9,67.20686826755602,201.62060480266808,134.41373653511206,10,257,0.9415270558675743,4.416299499978777,15.334373263815198,9.440947290940407,3,dynamic_1_5_p3_6_12_h1_3_6_12,dynamic:1.5,False,False,highs
milp_h1,10,74.92031845549741,224.76095536649225,149.84063691099485,10,228,0.9253035647993034,4.748523000023852,16.487927083416153,17.154397478881798,3,dynamic_1_5_p3_6_12_h1_3_6_12,dynamic:1.5,False,False,highs
milp_h1,11,58.187098065018645,174.56129419505595,116.3741961300373,7,207,0.8232209894612665,4.7098329000145895,16.35358645838399,0.42117708840303436,3,dynamic_1_5_p3_6_12_h1_3_6_12,dynamic:1.5,False,False,highs
milp_h1,12,58.12793797552587,174.38381392657757,116.2558759510517,7,243,0.9992164180580284,4.098625599988736,14.231338888849779,0.3620169989102564,3,dynamic_1_5_p3_6_12_h1_3_6_12,dynamic:1.5,False,False,highs
milp_h1,13,57.30963563571373,171.9289069071412,114.61927127142746,5,223,0.9981276896561557,4.274550399961299,14.842188888754512,-0.45628534090187856,3,dynamic_1_5_p3_6_12_h1_3_6_12,dynamic:1.5,False,False,highs
milp_h1,14,59.78499275346596,179.3549782603979,119.56998550693194,11,245,0.8858837588292723,4.298142499974347,14.924105902688703,2.019071776850346,3,dynamic_1_5_p3_6_12_h1_3_6_12,dynamic:1.5,False,False,highs
milp_h1,15,54.92058029025793,164.7617408707738,109.84116058051586,9,221,0.7939649660136578,4.384351300002891,15.223442013898925,-2.8453406863576802,3,dynamic_1_5_p3_6_12_h1_3_6_12,dynamic:1.5,False,False,highs
milp_h1,16,60.526293244461215,181.57887973338364,121.05258648892243,6,229,0.9990052817897035,4.292257799956133,14.903672916514349,2.7603722678456037,3,dynamic_1_5_p3_6_12_h1_3_6_12,dynamic:1.5,False,False,highs
milp_h1,17,66.91948425819476,200.75845277458427,133.8389685163895,7,234,0.9972423063189055,4.364349200026481,15.153990277869728,9.153563281579146,3,dynamic_1_5_p3_6_12_h1_3_6_12,dynamic:1.5,False,False,highs
milp_h1,18,39.07128413543104,117.21385240629314,78.1425682708621,8,235,0.8801345137349612,4.783234500035178,16.608453125122146,-18.69463684118457,3,dynamic_1_5_p3_6_12_h1_3_6_12,dynamic:1.5,False,False,highs
milp_h1,19,59.49431341886522,178.4829402565956,118.9886268377304,10,197,0.9992044224362902,4.462995000008959,15.496510416697776,1.728392442249607,3,dynamic_1_5_p3_6_12_h1_3_6_12,dynamic:1.5,False,False,highs
milp_h1,20,44.442098308354616,133.32629492506385,88.88419661670923,11,238,0.9986927215200395,4.370885299955262,15.176685069289103,-13.323822668260995,3,dynamic_1_5_p3_6_12_h1_3_6_12,dynamic:1.5,False,False,highs
milp_h1,21,67.98828991949557,203.96486975848674,135.97657983899117,8,237,0.9979485983877938,4.787558799958788,16.62346805541246,10.22236894287996,3,dynamic_1_5_p3_6_12_h1_3_6_12,dynamic:1.5,False,False,highs
milp_h1,22,45.630194552242756,136.89058365672827,91.26038910448551,9,240,0.8076725083498408,4.538488999955007,15.758642360954886,-12.135726424372855,3,dynamic_1_5_p3_6_12_h1_3_6_12,dynamic:1.5,False,False,highs
milp_h1,23,54.53660233318806,163.60980699956417,109.07320466637611,11,239,0.9107948215980276,4.384721599999466,15.224727777775923,-3.229318643427554,3,dynamic_1_5_p3_6_12_h1_3_6_12,dynamic:1.5,False,False,highs
milp_h1,24,58.34349901626507,175.0304970487952,116.68699803253014,10,236,0.8929746309146098,4.2156665000729845,14.637730903031196,0.5775780396494596,3,dynamic_1_5_p3_6_12_h1_3_6_12,dynamic:1.5,False,False,highs
milp_h1,25,80.61243888139725,241.83731664419173,161.22487776279448,6,245,0.9982012897623769,4.366965900095238,15.163076041997353,22.846517904781642,3,dynamic_1_5_p3_6_12_h1_3_6_12,dynamic:1.5,False,False,highs
milp_h1,26,59.73521761645874,179.2056528493762,119.47043523291747,9,210,0.8034096213332306,4.415894000027038,15.332965277871658,1.9692966398431295,3,dynamic_1_5_p3_6_12_h1_3_6_12,dynamic:1.5,False,False,highs
milp_h1,27,38.277291270097095,114.83187381029128,76.55458254019419,6,259,0.9960864380896622,4.602025300038804,15.979254514023625,-19.488629706518516,3,dynamic_1_5_p3_6_12_h1_3_6_12,dynamic:1.5,False,False,highs
milp_h1,28,66.8783286705613,200.63498601168394,133.75665734112263,5,255,0.9965996911049922,4.451782899996033,15.457579513875114,9.112407693945691,3,dynamic_1_5_p3_6_12_h1_3_6_12,dynamic:1.5,False,False,highs
milp_h1,29,61.10791326363881,183.32373979091642,122.21582652727761,7,240,0.9971013765550532,4.954542700004822,17.203273263905633,3.3419922870231957,3,dynamic_1_5_p3_6_12_h1_3_6_12,dynamic:1.5,False,False,highs
milp_h3,0,57.74333306451638,173.22999919354913,115.48666612903276,12,221,0.8587277735244628,6.302994400044554,21.885397222376923,-0.022587912099233165,3,dynamic_1_5_p3_6_12_h1_3_6_12,dynamic:1.5,False,False,highs
milp_h3,1,55.98813422620296,167.96440267860888,111.97626845240592,8,224,0.49459815192911133,5.682576599923777,19.73116874973534,-1.7777867504126519,3,dynamic_1_5_p3_6_12_h1_3_6_12,dynamic:1.5,False,False,highs
milp_h3,2,54.368575750788054,163.10572725236415,108.7371515015761,6,235,0.997336317686166,4.248458400070376,14.751591666911029,-3.397345225827557,3,dynamic_1_5_p3_6_12_h1_3_6_12,dynamic:1.5,False,False,highs
milp_h3,3,57.45765034953753,172.37295104861258,114.91530069907505,7,226,0.9988614323107382,5.237364900000102,18.185294791667022,-0.3082706270780804,3,dynamic_1_5_p3_6_12_h1_3_6_12,dynamic:1.5,False,False,highs
milp_h3,4,61.57924503833054,184.73773511499164,123.1584900766611,6,233,0.905478625548409,4.288300300038827,14.88993159735704,3.8133240617149298,3,dynamic_1_5_p3_6_12_h1_3_6_12,dynamic:1.5,False,False,highs
milp_h3,5,53.7438221241037,161.2314663723111,107.4876442482074,12,242,0.9978899662773228,3.7621135000299546,13.06289409732623,-4.02209885251191,3,dynamic_1_5_p3_6_12_h1_3_6_12,dynamic:1.5,False,False,highs
milp_h3,6,59.58598039795956,178.75794119387865,119.17196079591909,9,270,0.9975792043781283,4.943815400067251,17.166025694677955,1.8200594213439487,3,dynamic_1_5_p3_6_12_h1_3_6_12,dynamic:1.5,False,False,highs
milp_h3,7,44.226832665503025,132.68049799650908,88.45366533100605,8,219,0.8269242824130937,4.567797600007907,15.860408333360787,-13.539088311112586,3,dynamic_1_5_p3_6_12_h1_3_6_12,dynamic:1.5,False,False,highs
milp_h3,8,52.86665752232075,158.59997256696224,105.73331504464149,12,234,0.9553967707342087,4.643668700024136,16.123849652861583,-4.899263454294861,3,dynamic_1_5_p3_6_12_h1_3_6_12,dynamic:1.5,False,False,highs
milp_h3,9,67.20686826755605,201.62060480266808,134.41373653511204,7,260,0.8580728283677796,5.303529499957222,18.415032985962576,9.440947290940436,3,dynamic_1_5_p3_6_12_h1_3_6_12,dynamic:1.5,False,False,highs
milp_h3,10,75.17737612724304,225.5321283817291,150.35475225448607,12,226,0.8773316255705866,5.026339799958805,17.45256874985696,17.411455150627425,3,dynamic_1_5_p3_6_12_h1_3_6_12,dynamic:1.5,False,False,highs
milp_h3,11,58.297723732392,174.89317119717597,116.59544746478397,12,202,0.6553964585673655,4.5680867999762995,15.861412499917707,0.5318027557763898,3,dynamic_1_5_p3_6_12_h1_3_6_12,dynamic:1.5,False,False,highs
milp_h3,12,58.12793797552584,174.38381392657755,116.2558759510517,9,241,0.9987965251783721,4.631424299986975,16.081334374954775,0.362016998910228,3,dynamic_1_5_p3_6_12_h1_3_6_12,dynamic:1.5,False,False,highs
milp_h3,13,57.36944429973761,172.10833289921283,114.73888859947522,7,221,0.9982044758653554,4.813149999972666,16.71232638879398,-0.39647667687800237,3,dynamic_1_5_p3_6_12_h1_3_6_12,dynamic:1.5,False,False,highs
milp_h3,14,59.96068991720678,179.8820697516203,119.92137983441351,9,247,0.8755055987730974,4.8980624999821885,17.007161458271487,2.1947689405911674,3,dynamic_1_5_p3_6_12_h1_3_6_12,dynamic:1.5,False,False,highs
milp_h3,15,54.920580290257945,164.7617408707738,109.84116058051585,8,222,0.996716465488038,4.881274800049141,16.94887083350396,-2.845340686357666,3,dynamic_1_5_p3_6_12_h1_3_6_12,dynamic:1.5,False,False,highs
milp_h3,16,60.526293244461215,181.57887973338364,121.05258648892243,8,228,0.9999089195378799,5.228137399921252,18.15325486083768,2.7603722678456037,3,dynamic_1_5_p3_6_12_h1_3_6_12,dynamic:1.5,False,False,highs
milp_h3,17,66.98917726079623,200.96753178238868,133.97835452159245,8,233,0.5832744740354439,4.870131600036984,16.910179166795086,9.223256284180614,3,dynamic_1_5_p3_6_12_h1_3_6_12,dynamic:1.5,False,False,highs
milp_h3,18,39.18033680394292,117.54101041182875,78.36067360788583,10,234,0.8035640719171513,5.950284499987902,20.660710069402437,-18.58558417267269,3,dynamic_1_5_p3_6_12_h1_3_6_12,dynamic:1.5,False,False,highs
milp_h3,19,59.49431341886519,178.48294025659558,118.9886268377304,5,202,0.9992915993433429,6.753470100025879,23.449548958423193,1.7283924422495787,3,dynamic_1_5_p3_6_12_h1_3_6_12,dynamic:1.5,False,False,highs
milp_h3,20,44.44209830835463,133.32629492506385,88.88419661670922,11,237,0.9588149917901028,5.31888049999543,18.468335069428576,-13.32382266826098,3,dynamic_1_5_p3_6_12_h1_3_6_12,dynamic:1.5,False,False,highs
milp_h3,21,68.16215191036463,204.48645573109386,136.32430382072923,7,238,0.9966820066502171,5.170589900088089,17.95343715308364,10.396230933749017,3,dynamic_1_5_p3_6_12_h1_3_6_12,dynamic:1.5,False,False,highs
milp_h3,22,45.63019455224274,136.89058365672824,91.2603891044855,9,240,0.998002002939284,6.0698327999634785,21.075808333206524,-12.13572642437287,3,dynamic_1_5_p3_6_12_h1_3_6_12,dynamic:1.5,False,False,highs
milp_h3,23,54.53660233318807,163.60980699956417,109.0732046663761,11,240,0.8956647967611587,5.111249400077213,17.747393750268103,-3.22931864342754,3,dynamic_1_5_p3_6_12_h1_3_6_12,dynamic:1.5,False,False,highs
milp_h3,24,58.34349901626507,175.0304970487952,116.68699803253014,10,236,0.7750767328475426,5.330730799949379,18.509481944268675,0.5775780396494596,3,dynamic_1_5_p3_6_12_h1_3_6_12,dynamic:1.5,False,False,highs
milp_h3,25,80.61243888139725,241.83731664419173,161.22487776279448,11,240,0.8919806771658013,4.930984299986449,17.121473263841835,22.846517904781642,3,dynamic_1_5_p3_6_12_h1_3_6_12,dynamic:1.5,False,False,highs
milp_h3,26,59.843273614346984,179.52982084304094,119.68654722869395,8,211,0.9978895542273741,4.942554000059317,17.161645833539296,2.077352637731373,3,dynamic_1_5_p3_6_12_h1_3_6_12,dynamic:1.5,False,False,highs
milp_h3,27,38.27543660302956,114.8263098090887,76.55087320605914,9,256,0.9981418921767142,4.710127600024862,16.35460972230855,-19.49048437358605,3,dynamic_1_5_p3_6_12_h1_3_6_12,dynamic:1.5,False,False,highs
milp_h3,28,66.94221500506004,200.82664501518008,133.88443001012004,8,252,0.9966333304020967,5.761394100059988,20.004840625208292,9.176294028444424,3,dynamic_1_5_p3_6_12_h1_3_6_12,dynamic:1.5,False,False,highs
milp_h3,29,61.23791326880453,183.71373980641363,122.4758265376091,8,239,0.9991293769279884,4.9364739000520785,17.140534375180827,3.471992292188922,3,dynamic_1_5_p3_6_12_h1_3_6_12,dynamic:1.5,False,False,highs
milp_h6,0,57.74333306451638,173.22999919354913,115.48666612903276,10,223,0.9972258595838772,6.297526700102026,21.866412153132032,-0.022587912099233165,3,dynamic_1_5_p3_6_12_h1_3_6_12,dynamic:1.5,False,False,highs
milp_h6,1,55.98813422620296,167.96440267860888,111.97626845240592,8,224,0.49459815192911133,6.440615500010608,22.363248263925723,-1.7777867504126519,3,dynamic_1_5_p3_6_12_h1_3_6_12,dynamic:1.5,False,False,highs
milp_h6,2,54.368575750788054,163.10572725236415,108.7371515015761,6,235,0.997336317686166,5.465239799967094,18.976527083219075,-3.397345225827557,3,dynamic_1_5_p3_6_12_h1_3_6_12,dynamic:1.5,False,False,highs
milp_h6,3,57.45765034953753,172.37295104861258,114.91530069907505,7,226,0.9988614323107382,7.301834699959727,25.353592708193496,-0.3082706270780804,3,dynamic_1_5_p3_6_12_h1_3_6_12,dynamic:1.5,False,False,highs
milp_h6,4,61.57924503833054,184.73773511499164,123.1584900766611,6,233,0.905478625548409,6.711050099955173,23.30225729151102,3.8133240617149298,3,dynamic_1_5_p3_6_12_h1_3_6_12,dynamic:1.5,False,False,highs
milp_h6,5,53.7438221241037,161.2314663723111,107.4876442482074,12,242,0.9978899662773228,5.697726200094621,19.783771528106325,-4.02209885251191,3,dynamic_1_5_p3_6_12_h1_3_6_12,dynamic:1.5,False,False,highs
milp_h6,6,59.58598039795956,178.75794119387865,119.17196079591909,9,270,0.9975792043781283,5.493867900047917,19.075930208499713,1.8200594213439487,3,dynamic_1_5_p3_6_12_h1_3_6_12,dynamic:1.5,False,False,highs
milp_h6,7,44.226832665503025,132.68049799650908,88.45366533100605,8,219,0.8269242824130937,5.2442244999692775,18.20911284711555,-13.539088311112586,3,dynamic_1_5_p3_6_12_h1_3_6_12,dynamic:1.5,False,False,highs
milp_h6,8,52.86665752232075,158.59997256696224,105.73331504464149,12,234,0.9553967707342087,5.360225399970659,18.611893749898123,-4.899263454294861,3,dynamic_1_5_p3_6_12_h1_3_6_12,dynamic:1.5,False,False,highs
milp_h6,9,67.20686826755605,201.62060480266808,134.41373653511204,7,260,0.8580728283677796,6.816709399870888,23.669129860662807,9.440947290940436,3,dynamic_1_5_p3_6_12_h1_3_6_12,dynamic:1.5,False,False,highs
milp_h6,10,75.31820945541062,225.9546283662319,150.63641891082128,12,226,0.8030858939437125,5.892815600025642,20.46116527786681,17.552288478795013,3,dynamic_1_5_p3_6_12_h1_3_6_12,dynamic:1.5,False,False,highs
milp_h6,11,58.297723732392,174.89317119717597,116.59544746478397,12,202,0.6553964585673655,5.548042700058431,19.264037152980663,0.5318027557763898,3,dynamic_1_5_p3_6_12_h1_3_6_12,dynamic:1.5,False,False,highs
milp_h6,12,58.12793797552584,174.38381392657755,116.2558759510517,9,241,0.9987965251783721,5.502712499983318,19.106640624942074,0.362016998910228,3,dynamic_1_5_p3_6_12_h1_3_6_12,dynamic:1.5,False,False,highs
milp_h6,13,57.36944429973761,172.10833289921283,114.73888859947522,7,221,0.9982044758653554,6.067077800005791,21.066242361131216,-0.39647667687800237,3,dynamic_1_5_p3_6_12_h1_3_6_12,dynamic:1.5,False,False,highs
milp_h6,14,59.96068991720678,179.8820697516203,119.92137983441351,9,247,0.8758735074568055,6.4642714998772135,22.445387152351437,2.1947689405911674,3,dynamic_1_5_p3_6_12_h1_3_6_12,dynamic:1.5,False,False,highs
milp_h6,15,54.920580290257945,164.7617408707738,109.84116058051585,8,222,0.996716465488038,6.084406600006332,21.126411805577543,-2.845340686357666,3,dynamic_1_5_p3_6_12_h1_3_6_12,dynamic:1.5,False,False,highs
milp_h6,16,60.526293244461215,181.57887973338364,121.05258648892243,8,228,0.9999089195378799,6.181732299977739,21.464348263811594,2.7603722678456037,3,dynamic_1_5_p3_6_12_h1_3_6_12,dynamic:1.5,False,False,highs
milp_h6,17,66.98917726079623,200.96753178238868,133.97835452159245,8,233,0.5832744740354439,5.8134967999503715,20.185752777605458,9.223256284180614,3,dynamic_1_5_p3_6_12_h1_3_6_12,dynamic:1.5,False,False,highs
milp_h6,18,39.18033680394292,117.54101041182875,78.36067360788583,10,234,0.8035640719171513,6.820956900017336,23.683878125060193,-18.58558417267269,3,dynamic_1_5_p3_6_12_h1_3_6_12,dynamic:1.5,False,False,highs
milp_h6,19,59.49431341886519,178.48294025659558,118.9886268377304,5,202,0.9992915993433429,8.183085100055905,28.41348993074967,1.7283924422495787,3,dynamic_1_5_p3_6_12_h1_3_6_12,dynamic:1.5,False,False,highs
milp_h6,20,44.44209830835463,133.32629492506385,88.88419661670922,11,237,0.965274988625967,6.831087199956528,23.719052777626832,-13.32382266826098,3,dynamic_1_5_p3_6_12_h1_3_6_12,dynamic:1.5,False,False,highs
milp_h6,21,68.16215191036463,204.48645573109386,136.32430382072923,7,238,0.9966820066502171,6.906823800054553,23.982027083522755,10.396230933749017,3,dynamic_1_5_p3_6_12_h1_3_6_12,dynamic:1.5,False,False,highs
milp_h6,22,45.63019455224274,136.89058365672824,91.2603891044855,9,240,0.998002002939284,7.699562499990861,26.734592013857156,-12.13572642437287,3,dynamic_1_5_p3_6_12_h1_3_6_12,dynamic:1.5,False,False,highs
milp_h6,23,54.53660233318807,163.60980699956417,109.0732046663761,11,240,0.9120709235925825,6.573927900048147,22.826138541833846,-3.22931864342754,3,dynamic_1_5_p3_6_12_h1_3_6_12,dynamic:1.5,False,False,highs
milp_h6,24,58.34349901626507,175.0304970487952,116.68699803253014,10,236,0.7750767328475426,6.768357700049819,23.501242014061873,0.5775780396494596,3,dynamic_1_5_p3_6_12_h1_3_6_12,dynamic:1.5,False,False,highs
milp_h6,25,80.61243888139725,241.83731664419173,161.22487776279448,11,240,0.8919806771658013,7.197211299899209,24.99031701353892,22.846517904781642,3,dynamic_1_5_p3_6_12_h1_3_6_12,dynamic:1.5,False,False,highs
milp_h6,26,59.843273614346984,179.52982084304094,119.68654722869395,8,211,0.9978895542273741,7.097181899938732,24.642992708120598,2.077352637731373,3,dynamic_1_5_p3_6_12_h1_3_6_12,dynamic:1.5,False,False,highs
milp_h6,27,38.27543660302956,114.8263098090887,76.55087320605914,9,256,0.9984370188035769,6.439657000009902,22.359920138923272,-19.49048437358605,3,dynamic_1_5_p3_6_12_h1_3_6_12,dynamic:1.5,False,False,highs
milp_h6,28,66.94221500506004,200.82664501518008,133.88443001012004,8,252,0.9966333304020967,7.343729399974109,25.499060416576768,9.176294028444424,3,dynamic_1_5_p3_6_12_h1_3_6_12,dynamic:1.5,False,False,highs
milp_h6,29,61.23791326880453,183.71373980641363,122.4758265376091,8,239,0.9991293769279884,6.1315053001308115,21.28994895878754,3.471992292188922,3,dynamic_1_5_p3_6_12_h1_3_6_12,dynamic:1.5,False,False,highs
milp_h12,0,57.74333306451638,173.22999919354913,115.48666612903276,8,225,0.9973209229897897,10.429748999908043,36.21440624968071,-0.022587912099233165,3,dynamic_1_5_p3_6_12_h1_3_6_12,dynamic:1.5,False,False,highs
milp_h12,1,55.98813422620297,167.96440267860888,111.9762684524059,5,227,0.6389185676218602,12.198465999950713,42.355784722051084,-1.7777867504126377,3,dynamic_1_5_p3_6_12_h1_3_6_12,dynamic:1.5,False,False,highs
milp_h12,2,54.368575750788054,163.10572725236415,108.7371515015761,6,235,0.9984834433751703,8.848435299943958,30.723733680360965,-3.397345225827557,3,dynamic_1_5_p3_6_12_h1_3_6_12,dynamic:1.5,False,False,highs
milp_h12,3,57.45765034953753,172.37295104861258,114.91530069907505,7,226,0.9988614323107382,12.584273700056656,43.695394791863386,-0.3082706270780804,3,dynamic_1_5_p3_6_12_h1_3_6_12,dynamic:1.5,False,False,highs
milp_h12,4,61.57924503833054,184.73773511499164,123.1584900766611,6,233,0.905478625548409,9.858447800019349,34.23072152784496,3.8133240617149298,3,dynamic_1_5_p3_6_12_h1_3_6_12,dynamic:1.5,False,False,highs
milp_h12,5,53.7438221241037,161.2314663723111,107.4876442482074,11,243,0.9581983394066601,8.885536400019191,30.85255694451108,-4.02209885251191,3,dynamic_1_5_p3_6_12_h1_3_6_12,dynamic:1.5,False,False,highs
milp_h12,6,59.58598039795956,178.75794119387865,119.17196079591909,9,270,0.9975792043781283,8.194290200073738,28.452396528033812,1.8200594213439487,3,dynamic_1_5_p3_6_12_h1_3_6_12,dynamic:1.5,False,False,highs
milp_h12,7,44.226832665503025,132.68049799650908,88.45366533100605,8,219,0.8269242824130937,8.289335899993603,28.782416319422232,-13.539088311112586,3,dynamic_1_5_p3_6_12_h1_3_6_12,dynamic:1.5,False,False,highs
milp_h12,8,52.86665752232075,158.59997256696224,105.73331504464149,12,234,0.9553967707342087,8.674922400008654,30.121258333363382,-4.899263454294861,3,dynamic_1_5_p3_6_12_h1_3_6_12,dynamic:1.5,False,False,highs
milp_h12,9,67.20686826755605,201.62060480266808,134.41373653511204,7,260,0.8580728283677796,10.297653400019044,35.75574097228835,9.440947290940436,3,dynamic_1_5_p3_6_12_h1_3_6_12,dynamic:1.5,False,False,highs
milp_h12,10,75.24779279132684,225.7433783739805,150.49558558265366,9,229,0.9528971492513871,8.432872800061887,29.28080833354822,17.481871814711234,3,dynamic_1_5_p3_6_12_h1_3_6_12,dynamic:1.5,False,False,highs
milp_h12,11,58.297723732392,174.89317119717597,116.59544746478397,13,201,0.7241804863216807,9.435134999970614,32.76088541656463,0.5318027557763898,3,dynamic_1_5_p3_6_12_h1_3_6_12,dynamic:1.5,False,False,highs
milp_h12,12,58.12793797552584,174.38381392657755,116.2558759510517,10,240,0.9933560015795184,8.367815900019195,29.054916319511094,0.362016998910228,3,dynamic_1_5_p3_6_12_h1_3_6_12,dynamic:1.5,False,False,highs
milp_h12,13,57.30825763046741,171.92477289140223,114.61651526093482,8,220,0.997932696115869,8.954964399992605,31.09362638886321,-0.4576633461482018,3,dynamic_1_5_p3_6_12_h1_3_6_12,dynamic:1.5,False,False,highs
milp_h12,14,59.96068991720678,179.8820697516203,119.92137983441351,9,247,0.8758735074568055,10.27787689998513,35.68707256939282,2.1947689405911674,3,dynamic_1_5_p3_6_12_h1_3_6_12,dynamic:1.5,False,False,highs
milp_h12,15,54.920580290257945,164.7617408707738,109.84116058051585,8,222,0.996716465488038,10.253989500022726,35.60413020841224,-2.845340686357666,3,dynamic_1_5_p3_6_12_h1_3_6_12,dynamic:1.5,False,False,highs
milp_h12,16,60.526293244461215,181.57887973338364,121.05258648892243,8,228,0.9987825638288843,9.737769500025024,33.81169965286467,2.7603722678456037,3,dynamic_1_5_p3_6_12_h1_3_6_12,dynamic:1.5,False,False,highs
milp_h12,17,66.98917726079623,200.96753178238868,133.97835452159245,8,233,0.5832744740354439,9.022712300007697,31.328862152804504,9.223256284180614,3,dynamic_1_5_p3_6_12_h1_3_6_12,dynamic:1.5,False,False,highs
milp_h12,18,39.18033680394292,117.54101041182875,78.36067360788583,10,234,0.8034264423204414,10.472512699976505,36.362891319362866,-18.58558417267269,3,dynamic_1_5_p3_6_12_h1_3_6_12,dynamic:1.5,False,False,highs
milp_h12,19,59.49431341886519,178.48294025659558,118.9886268377304,5,202,0.9992915993433429,10.81780809997872,37.56183368048167,1.7283924422495787,3,dynamic_1_5_p3_6_12_h1_3_6_12,dynamic:1.5,False,False,highs
milp_h12,20,44.442098308354616,133.32629492506385,88.88419661670923,9,239,0.9486685144020233,9.26090450007905,32.155918403052254,-13.323822668260995,3,dynamic_1_5_p3_6_12_h1_3_6_12,dynamic:1.5,False,False,highs
milp_h12,21,68.16215191036463,204.48645573109386,136.32430382072923,7,238,0.9966820066502171,9.893068399986078,34.3509319443961,10.396230933749017,3,dynamic_1_5_p3_6_12_h1_3_6_12,dynamic:1.5,False,False,highs
milp_h12,22,45.63019455224274,136.89058365672824,91.2603891044855,9,240,0.998002002939284,11.116180500059272,38.59784895853914,-12.13572642437287,3,dynamic_1_5_p3_6_12_h1_3_6_12,dynamic:1.5,False,False,highs
milp_h12,23,54.53660233318807,163.60980699956417,109.0732046663761,14,237,0.7331398444666426,8.847764299956907,30.721403819294817,-3.22931864342754,3,dynamic_1_5_p3_6_12_h1_3_6_12,dynamic:1.5,False,False,highs
milp_h12,24,58.343499016265085,175.0304970487952,116.68699803253013,8,238,0.8225029854913805,10.247649399985676,35.58211597217249,0.5775780396494739,3,dynamic_1_5_p3_6_12_h1_3_6_12,dynamic:1.5,False,False,highs
milp_h12,25,80.61243888139725,241.83731664419173,161.22487776279448,8,243,0.9964436413739025,9.418109599966556,32.70176944432832,22.846517904781642,3,dynamic_1_5_p3_6_12_h1_3_6_12,dynamic:1.5,False,False,highs
milp_h12,26,59.843273614346955,179.5298208430409,119.68654722869395,8,211,0.9982266110458811,9.96785949995683,34.610623263738994,2.0773526377313445,3,dynamic_1_5_p3_6_12_h1_3_6_12,dynamic:1.5,False,False,highs
milp_h12,27,38.27543660302956,114.8263098090887,76.55087320605914,9,256,0.9984370188035769,8.546786100050667,29.67634062517593,-19.49048437358605,3,dynamic_1_5_p3_6_12_h1_3_6_12,dynamic:1.5,False,False,highs
milp_h12,28,66.51594501485425,199.5478350445628,133.03189002970853,10,250,0.9979459794820313,8.53854290000163,29.64771840278344,8.750024038238642,3,dynamic_1_5_p3_6_12_h1_3_6_12,dynamic:1.5,False,False,highs
milp_h12,29,61.23791326880453,183.71373980641363,122.4758265376091,8,239,0.9991956963777172,8.772993599945039,30.461783333142495,3.471992292188922,3,dynamic_1_5_p3_6_12_h1_3_6_12,dynamic:1.5,False,False,highs
equal_share,0,36.21209018153475,108.63627054460426,72.42418036306951,8,225,0.9945230821795376,0.0025361000007251278,0.008805902780295582,-21.553830795080863,3,dynamic_1_5_p3_6_12_h1_3_6_12,dynamic:1.5,False,False,highs
equal_share,1,29.216701542464314,87.65010462739293,58.43340308492862,2,230,0.6406227845783328,0.0022521000064443797,0.007819791689042985,-28.549219434151297,3,dynamic_1_5_p3_6_12_h1_3_6_12,dynamic:1.5,False,False,highs
equal_share,2,30.04053384238904,90.12160152716712,60.08106768477808,3,238,0.9982376239275677,0.0022192000033101067,0.007705555567048982,-27.725387134226573,3,dynamic_1_5_p3_6_12_h1_3_6_12,dynamic:1.5,False,False,highs
equal_share,3,47.51630971269633,142.54892913808897,95.03261942539264,7,226,0.9978373259501343,0.002601100022729952,0.009031597301145666,-10.249611263919284,3,dynamic_1_5_p3_6_12_h1_3_6_12,dynamic:1.5,False,False,highs
equal_share,4,28.91539885875276,86.74619657625827,57.83079771750551,2,237,0.9966434284727544,0.0022862000405439176,0.007938194585221936,-28.85052211786285,3,dynamic_1_5_p3_6_12_h1_3_6_12,dynamic:1.5,False,False,highs
equal_share,5,37.413372788978805,112.24011836693641,74.82674557795761,6,248,0.9980665270160616,0.0021179000541451387,0.0073538196324483985,-20.352548187636806,3,dynamic_1_5_p3_6_12_h1_3_6_12,dynamic:1.5,False,False,highs
equal_share,6,43.50953911165625,130.52861733496871,87.01907822331246,6,273,0.9969955671913019,0.002053799915302079,0.007131249705909997,-14.256381864959359,3,dynamic_1_5_p3_6_12_h1_3_6_12,dynamic:1.5,False,False,highs
equal_share,7,43.79914782802213,131.39744348406643,87.5982956560443,9,218,0.8816116535195606,0.002215299871750176,0.007692013443577,-13.966773148593482,3,dynamic_1_5_p3_6_12_h1_3_6_12,dynamic:1.5,False,False,highs
equal_share,8,45.10349733424307,135.31049200272923,90.20699466848616,8,238,0.9980808153807884,0.002219000059994869,0.007704861319426628,-12.662423642372538,3,dynamic_1_5_p3_6_12_h1_3_6_12,dynamic:1.5,False,False,highs
equal_share,9,66.63734262457584,199.91202787372748,133.27468524915164,10,257,0.7846772939730045,0.002351900046051014,0.008166319604343799,8.871421647960226,3,dynamic_1_5_p3_6_12_h1_3_6_12,dynamic:1.5,False,False,highs
equal_share,10,65.23295123236574,195.6988536970972,130.46590246473147,11,227,0.9338356262441522,0.002620400038722437,0.009098611245564017,7.4670302557501245,3,dynamic_1_5_p3_6_12_h1_3_6_12,dynamic:1.5,False,False,highs
equal_share,11,42.083415740630684,126.25024722189207,84.16683148126138,6,208,0.9947447065166739,0.0027956000849371776,0.0097069447393652,-15.682505235984927,3,dynamic_1_5_p3_6_12_h1_3_6_12,dynamic:1.5,False,False,highs
equal_share,12,44.74185305417603,134.2255591625281,89.48370610835207,8,242,0.9959151943420026,0.002776200053631328,0.009639583519553222,-13.024067922439578,3,dynamic_1_5_p3_6_12_h1_3_6_12,dynamic:1.5,False,False,highs
equal_share,13,56.63504745870944,169.9051423761283,113.27009491741887,6,222,0.9952220450507673,0.0027935999823966995,0.009699999938877428,-1.1308735179061742,3,dynamic_1_5_p3_6_12_h1_3_6_12,dynamic:1.5,False,False,highs
equal_share,14,59.36439716045639,178.09319148136916,118.72879432091277,12,244,0.8404143834755303,0.002768699938314967,0.009613541452482523,1.5984761838407806,3,dynamic_1_5_p3_6_12_h1_3_6_12,dynamic:1.5,False,False,highs
equal_share,15,50.44325604800579,151.32976814401738,100.88651209601159,10,220,0.9970108480290975,0.002775599939923268,0.009637499791400236,-7.322664928609818,3,dynamic_1_5_p3_6_12_h1_3_6_12,dynamic:1.5,False,False,highs
equal_share,16,51.81306556646035,155.43919669938103,103.62613113292068,6,229,0.9986632602846172,0.0028470000470406376,0.009885416830002214,-5.952855410155259,3,dynamic_1_5_p3_6_12_h1_3_6_12,dynamic:1.5,False,False,highs
equal_share,17,55.07035947938155,165.21107843814465,110.1407189587631,7,234,0.9964993002256387,0.002713999965635594,0.009423610991790256,-2.69556149723406,3,dynamic_1_5_p3_6_12_h1_3_6_12,dynamic:1.5,False,False,highs
equal_share,18,38.80904082869094,116.42712248607283,77.6180816573819,11,232,0.8795763167792285,0.0026996999731636606,0.0093739582401516,-18.95688014792467,3,dynamic_1_5_p3_6_12_h1_3_6_12,dynamic:1.5,False,False,highs
equal_share,19,32.56087652575751,97.68262957727252,65.12175305151501,1,206,0.0,0.002789099991787225,0.00968437497148342,-25.205044450858104,3,dynamic_1_5_p3_6_12_h1_3_6_12,dynamic:1.5,False,False,highs
equal_share,20,42.5977909270988,127.7933727812964,85.1955818541976,12,236,0.9700005454800573,0.0028405999546521343,0.009863194286986577,-15.168130049516812,3,dynamic_1_5_p3_6_12_h1_3_6_12,dynamic:1.5,False,False,highs
equal_share,21,67.3565128286636,202.06953848599082,134.71302565732722,9,236,0.9963342618647122,0.0028739000044879504,0.009978819460027606,9.590591852047986,3,dynamic_1_5_p3_6_12_h1_3_6_12,dynamic:1.5,False,False,highs
equal_share,22,33.88288255490241,101.64864766470724,67.76576510980483,9,240,0.8663495446143976,0.00281120009458391,0.009761111439527466,-23.883038421713202,3,dynamic_1_5_p3_6_12_h1_3_6_12,dynamic:1.5,False,False,highs
equal_share,23,47.31986783338972,141.95960350016918,94.63973566677946,10,241,0.868617803573245,0.002825799980200827,0.009811805486808427,-10.446053143225889,3,dynamic_1_5_p3_6_12_h1_3_6_12,dynamic:1.5,False,False,highs
equal_share,24,21.91168484773504,65.73505454320511,43.82336969547007,3,243,0.7330111660717463,0.002771799983747769,0.009624305499124198,-35.85423612888057,3,dynamic_1_5_p3_6_12_h1_3_6_12,dynamic:1.5,False,False,highs
equal_share,25,79.89742902314472,239.6922870694342,159.79485804628948,9,242,0.997987757976848,0.002742400029092096,0.009522222323236443,22.131508046529113,3,dynamic_1_5_p3_6_12_h1_3_6_12,dynamic:1.5,False,False,highs
equal_share,26,37.28162325467545,111.84486976402634,74.56324650935089,3,216,0.9981162002262349,0.002916699981142301,0.010127430490077435,-20.48429772194016,3,dynamic_1_5_p3_6_12_h1_3_6_12,dynamic:1.5,False,False,highs
equal_share,27,28.186165622504795,84.5584968675144,56.37233124500961,6,259,0.9984190544786145,0.0028337000403553247,0.009839236251233766,-29.579755354110816,3,dynamic_1_5_p3_6_12_h1_3_6_12,dynamic:1.5,False,False,highs
equal_share,28,51.59700719217736,154.7910215765321,103.19401438435474,7,253,0.9971599368230762,0.002908100046624895,0.010097569606336442,-6.168913784438253,3,dynamic_1_5_p3_6_12_h1_3_6_12,dynamic:1.5,False,False,highs
equal_share,29,58.595677874030045,175.78703362209015,117.1913557480601,8,239,0.9973436027659769,0.003117400010523852,0.010824305592096708,0.829756897414434,3,dynamic_1_5_p3_6_12_h1_3_6_12,dynamic:1.5,False,False,highs
max_charge,0,57.85759223302203,173.5727766990661,115.71518446604408,13,220,0.9954488652558668,0.0013205999348429032,0.004585416440426747,0.09167125640642126,3,dynamic_1_5_p3_6_12_h1_3_6_12,dynamic:1.5,False,False,highs
max_charge,1,55.988134226202945,167.96440267860885,111.9762684524059,11,221,0.9268824374094706,0.0012435999669833109,0.004318055440914274,-1.777786750412666,3,dynamic_1_5_p3_6_12_h1_3_6_12,dynamic:1.5,False,False,highs
max_charge,2,54.31291408141452,162.93874224424357,108.62582816282905,7,234,0.9984183928156549,0.0012018000124953687,0.004172916710053364,-3.453006895201092,3,dynamic_1_5_p3_6_12_h1_3_6_12,dynamic:1.5,False,False,highs
max_charge,3,57.3485370159149,172.0456110477447,114.6970740318298,11,222,0.7782526646569141,0.0012288000361877494,0.004266666792318574,-0.41738396070071104,3,dynamic_1_5_p3_6_12_h1_3_6_12,dynamic:1.5,False,False,highs
max_charge,4,61.57924503833053,184.7377351149916,123.15849007666108,7,232,0.9969857748375461,0.0011723000498022884,0.004070486284035724,3.8133240617149156,3,dynamic_1_5_p3_6_12_h1_3_6_12,dynamic:1.5,False,False,highs
max_charge,5,53.7438221241037,161.23146637231108,107.48764424820737,10,244,0.998378414143515,0.00125810009194538,0.004368403097032569,-4.02209885251191,3,dynamic_1_5_p3_6_12_h1_3_6_12,dynamic:1.5,False,False,highs
max_charge,6,59.58598039795952,178.7579411938786,119.17196079591908,13,266,0.997153332064982,0.0012321999965934083,0.004278472210393779,1.820059421343906,3,dynamic_1_5_p3_6_12_h1_3_6_12,dynamic:1.5,False,False,highs
max_charge,7,44.226832665503025,132.68049799650905,88.45366533100602,9,218,0.8816116535195606,0.0012106999856769107,0.004203819394711495,-13.539088311112586,3,dynamic_1_5_p3_6_12_h1_3_6_12,dynamic:1.5,False,False,highs
max_charge,8,52.86665752232071,158.59997256696218,105.73331504464147,11,235,0.8586881228052153,0.0012225999307702295,0.004245138648507741,-4.899263454294903,3,dynamic_1_5_p3_6_12_h1_3_6_12,dynamic:1.5,False,False,highs
max_charge,9,67.20686826755599,201.62060480266803,134.41373653511204,10,257,0.7846772939730045,0.0012013000523438677,0.004171180737305096,9.440947290940379,3,dynamic_1_5_p3_6_12_h1_3_6_12,dynamic:1.5,False,False,highs
max_charge,10,75.3182094554106,225.95462836623184,150.63641891082125,13,225,0.9338356262441522,0.0011686001016641967,0.004057639241889572,17.552288478794985,3,dynamic_1_5_p3_6_12_h1_3_6_12,dynamic:1.5,False,False,highs
max_charge,11,58.29772373239196,174.89317119717592,116.59544746478396,10,204,0.9022886270155325,0.0012051999947289005,0.0041847222039197935,0.5318027557763472,3,dynamic_1_5_p3_6_12_h1_3_6_12,dynamic:1.5,False,False,highs
max_charge,12,58.12793797552584,174.38381392657752,116.25587595105168,12,238,0.9971551239712794,0.0012443999949027784,0.004320833315634647,0.362016998910228,3,dynamic_1_5_p3_6_12_h1_3_6_12,dynamic:1.5,False,False,highs
max_charge,13,57.36944429973758,172.10833289921277,114.73888859947519,7,221,0.9952220450507673,0.001210899994475767,0.004204513869707525,-0.3964766768780308,3,dynamic_1_5_p3_6_12_h1_3_6_12,dynamic:1.5,False,False,highs
max_charge,14,59.845072250564854,179.5352167516946,119.69014450112975,12,244,0.8404143834755303,0.0012645000460906886,0.004390625160037113,2.0791512739492433,3,dynamic_1_5_p3_6_12_h1_3_6_12,dynamic:1.5,False,False,highs
max_charge,15,54.9205802902579,164.76174087077374,109.84116058051583,11,219,0.9974426545316666,0.0012032999948132783,0.00417812498199055,-2.8453406863577086,3,dynamic_1_5_p3_6_12_h1_3_6_12,dynamic:1.5,False,False,highs
max_charge,16,60.526293244461186,181.5788797333836,121.0525864889224,8,227,0.9980612067033654,0.0012093000623281114,0.004198958549750387,2.7603722678455753,3,dynamic_1_5_p3_6_12_h1_3_6_12,dynamic:1.5,False,False,highs
max_charge,17,66.9891772607962,200.96753178238862,133.97835452159242,10,232,0.996737490798618,0.0011614999457378872,0.004032985922700997,9.223256284180586,3,dynamic_1_5_p3_6_12_h1_3_6_12,dynamic:1.5,False,False,highs
max_charge,18,39.18033680394291,117.54101041182872,78.36067360788581,12,232,0.8795763167792285,0.0011489999524201266,0.0039895831681254395,-18.585584172672704,3,dynamic_1_5_p3_6_12_h1_3_6_12,dynamic:1.5,False,False,highs
max_charge,19,59.494313418865175,178.48294025659555,118.98862683773038,11,196,0.9985683377144811,0.001145800037193112,0.003978472351364972,1.7283924422495645,3,dynamic_1_5_p3_6_12_h1_3_6_12,dynamic:1.5,False,False,highs
max_charge,20,44.442098308354616,133.32629492506382,88.8841966167092,13,235,0.9736623266616763,0.00117840005987091,0.00409166687455177,-13.323822668260995,3,dynamic_1_5_p3_6_12_h1_3_6_12,dynamic:1.5,False,False,highs
max_charge,21,68.1621519103646,204.48645573109383,136.32430382072923,9,236,0.9963342618647122,0.0012318999724811874,0.004277430460004123,10.396230933748988,3,dynamic_1_5_p3_6_12_h1_3_6_12,dynamic:1.5,False,False,highs
max_charge,22,45.63019455224273,136.8905836567282,91.26038910448548,13,236,0.8884118050608579,0.001165600071544759,0.0040472224706415245,-12.135726424372884,3,dynamic_1_5_p3_6_12_h1_3_6_12,dynamic:1.5,False,False,highs
max_charge,23,54.53660233318803,163.6098069995641,109.07320466637609,12,239,0.8948335093799965,0.0012686998888966627,0.004405207947557856,-3.2293186434275825,3,dynamic_1_5_p3_6_12_h1_3_6_12,dynamic:1.5,False,False,highs
max_charge,24,58.34349901626504,175.03049704879516,116.68699803253011,10,236,0.9098346035409576,0.0012550999381346628,0.004357985896300913,0.5775780396494312,3,dynamic_1_5_p3_6_12_h1_3_6_12,dynamic:1.5,False,False,highs
max_charge,25,80.61243888139722,241.83731664419167,161.22487776279445,9,242,0.997987757976848,0.0014143999724183232,0.0049111110153414,22.846517904781614,3,dynamic_1_5_p3_6_12_h1_3_6_12,dynamic:1.5,False,False,highs
max_charge,26,59.843273614346955,179.52982084304088,119.68654722869393,9,210,0.9978946464489683,0.001369700075883884,0.004755903041263486,2.0773526377313445,3,dynamic_1_5_p3_6_12_h1_3_6_12,dynamic:1.5,False,False,highs
max_charge,27,38.35129593809445,115.05388781428334,76.70259187618889,10,255,0.9985811031767753,0.0012963000044692308,0.004501041682184829,-19.41462503852116,3,dynamic_1_5_p3_6_12_h1_3_6_12,dynamic:1.5,False,False,highs
max_charge,28,66.94221500506,200.82664501518005,133.88443001012004,10,250,0.9971599368230762,0.0012932000463479199,0.004490277938708055,9.176294028444396,3,dynamic_1_5_p3_6_12_h1_3_6_12,dynamic:1.5,False,False,highs
max_charge,29,61.23791326880453,183.7137398064136,122.47582653760907,9,238,0.9979836472733054,0.0012553999113151804,0.004359027469844377,3.471992292188922,3,dynamic_1_5_p3_6_12_h1_3_6_12,dynamic:1.5,False,False,highs
random,0,51.743829207800246,155.23148762340074,103.48765841560049,13,220,0.9974609166744965,0.012263099968549795,0.042580208224131236,-6.022091768815365,3,dynamic_1_5_p3_6_12_h1_3_6_12,dynamic:1.5,False,False,highs
random,1,48.36359109716106,145.09077329148317,96.72718219432211,8,224,0.9364387223217784,0.011827799964521546,0.041068749876810924,-9.402329879454548,3,dynamic_1_5_p3_6_12_h1_3_6_12,dynamic:1.5,False,False,highs
random,2,47.42447667217195,142.27343001651585,94.8489533443439,7,235,0.9974806168201835,0.011919199881958775,0.041386110701245746,-10.341444304443662,3,dynamic_1_5_p3_6_12_h1_3_6_12,dynamic:1.5,False,False,highs
random,3,50.93788663630298,152.8136599089089,101.87577327260593,9,224,0.9969769913336473,0.012186900050437544,0.04231562517513036,-6.828034340312634,3,dynamic_1_5_p3_6_12_h1_3_6_12,dynamic:1.5,False,False,highs
random,4,53.43634728611127,160.30904185833384,106.87269457222257,7,232,0.9980684761952595,0.012264599958143663,0.04258541652133216,-4.32957369050434,3,dynamic_1_5_p3_6_12_h1_3_6_12,dynamic:1.5,False,False,highs
random,5,47.46317141343286,142.38951424029855,94.92634282686569,10,244,0.98678410191979,0.011936300033994485,0.04144548622914752,-10.30274956318275,3,dynamic_1_5_p3_6_12_h1_3_6_12,dynamic:1.5,False,False,highs
random,6,52.61842954055294,157.85528862165881,105.23685908110588,6,273,0.9995824738348882,0.012476199997763615,0.04332013888112366,-5.147491436062673,3,dynamic_1_5_p3_6_12_h1_3_6_12,dynamic:1.5,False,False,highs
random,7,38.322614499431054,114.96784349829316,76.64522899886211,6,221,0.9978819240477697,0.012688699993304908,0.044057986087864265,-19.443306477184557,3,dynamic_1_5_p3_6_12_h1_3_6_12,dynamic:1.5,False,False,highs
random,8,46.178953567567405,138.5368607027022,92.3579071351348,9,237,0.8350203009821946,0.011681200026941951,0.040559722315770666,-11.586967409048206,3,dynamic_1_5_p3_6_12_h1_3_6_12,dynamic:1.5,False,False,highs
random,9,60.45188576477193,181.3556572943158,120.90377152954386,10,257,0.9028904306784731,0.011779099964769557,0.04089965265544985,2.685964788156319,3,dynamic_1_5_p3_6_12_h1_3_6_12,dynamic:1.5,False,False,highs
random,10,67.29339915400413,201.8801974620124,134.58679830800827,10,228,0.99800215226156,0.011994600004982203,0.04164791668396598,9.527478177388524,3,dynamic_1_5_p3_6_12_h1_3_6_12,dynamic:1.5,False,False,highs
random,11,50.442835173570415,151.32850552071125,100.88567034714083,9,205,0.9379207398183091,0.011914699876797386,0.04137048568332426,-7.3230858030451955,3,dynamic_1_5_p3_6_12_h1_3_6_12,dynamic:1.5,False,False,highs
random,12,50.791526948174024,152.37458084452206,101.58305389634803,8,242,0.9175867815843173,0.01203150003857445,0.04177604180060573,-6.974394028441587,3,dynamic_1_5_p3_6_12_h1_3_6_12,dynamic:1.5,False,False,highs
random,13,50.507216398837244,151.52164919651173,101.01443279767449,7,221,0.9973435892985427,0.012003700030618347,0.041679513995202595,-7.258704577778367,3,dynamic_1_5_p3_6_12_h1_3_6_12,dynamic:1.5,False,False,highs
random,14,53.76020039418009,161.2806011825403,107.5204007883602,11,245,0.9971015025233205,0.012265399891475681,0.042588194067623895,-4.005720582435522,3,dynamic_1_5_p3_6_12_h1_3_6_12,dynamic:1.5,False,False,highs
random,15,47.391704984256336,142.17511495276898,94.78340996851264,9,221,0.997079835728616,0.012067399940860923,0.04190069423910043,-10.374215992359275,3,dynamic_1_5_p3_6_12_h1_3_6_12,dynamic:1.5,False,False,highs
random,16,54.979419219210385,164.9382576576311,109.95883843842073,9,226,0.9955813135415035,0.011581099970499054,0.040212152675343935,-2.786501757405226,3,dynamic_1_5_p3_6_12_h1_3_6_12,dynamic:1.5,False,False,highs
random,17,59.849305951061055,179.54791785318318,119.69861190212212,8,233,0.9968305079663529,0.011684499993862119,0.04057118053424347,2.083384974445444,3,dynamic_1_5_p3_6_12_h1_3_6_12,dynamic:1.5,False,False,highs
random,18,34.395264653822295,103.1857939614669,68.7905293076446,7,236,0.7517311664703754,0.011725300020771101,0.0407128472943441,-23.370656322793316,3,dynamic_1_5_p3_6_12_h1_3_6_12,dynamic:1.5,False,False,highs
random,19,53.01113473556602,159.03340420669807,106.02226947113205,8,199,0.9970319280578718,0.011468500044429675,0.03982118070982526,-4.754786241049594,3,dynamic_1_5_p3_6_12_h1_3_6_12,dynamic:1.5,False,False,highs
random,20,38.79786036444213,116.39358109332642,77.59572072888429,9,239,0.9980805081781396,0.011801799970271531,0.040978472118998376,-18.96806061217348,3,dynamic_1_5_p3_6_12_h1_3_6_12,dynamic:1.5,False,False,highs
random,21,60.253415839268996,180.760247517807,120.50683167853799,8,238,0.9965509216569964,0.011784800000896212,0.04091944444755629,2.487494862653385,3,dynamic_1_5_p3_6_12_h1_3_6_12,dynamic:1.5,False,False,highs
random,22,40.89051764734174,122.67155294202523,81.78103529468349,9,240,0.9960407264129894,0.011590000009164214,0.040243055587375745,-16.875403329273873,3,dynamic_1_5_p3_6_12_h1_3_6_12,dynamic:1.5,False,False,highs
random,23,48.069020552799955,144.20706165839985,96.1380411055999,9,242,0.6815005746905909,0.011978100003034342,0.04159062501053591,-9.696900423815656,3,dynamic_1_5_p3_6_12_h1_3_6_12,dynamic:1.5,False,False,highs
random,24,52.126910566705945,156.38073170011785,104.2538211334119,10,236,0.8945386569397125,0.011830900017230306,0.04107951394871634,-5.639010409909666,3,dynamic_1_5_p3_6_12_h1_3_6_12,dynamic:1.5,False,False,highs
random,25,70.44232130010701,211.32696390032103,140.88464260021402,10,241,0.9945691825643436,0.011554000026080757,0.04011805564611374,12.6764003234914,3,dynamic_1_5_p3_6_12_h1_3_6_12,dynamic:1.5,False,False,highs
random,26,51.467083358308855,154.4012500749266,102.93416671661774,8,211,0.9978423992775878,0.011943699995754287,0.041471180540813495,-6.298837618306756,3,dynamic_1_5_p3_6_12_h1_3_6_12,dynamic:1.5,False,False,highs
random,27,33.39460738391777,100.18382215175332,66.78921476783555,10,255,0.9941577743473855,0.0114058000544901,0.03960347241142396,-24.371313592697838,3,dynamic_1_5_p3_6_12_h1_3_6_12,dynamic:1.5,False,False,highs
random,28,59.45922942016263,178.37768826048787,118.91845884032524,10,250,0.9967545478931227,0.011277200021140743,0.039156944517849804,1.6933084435470178,3,dynamic_1_5_p3_6_12_h1_3_6_12,dynamic:1.5,False,False,highs
random,29,54.106001313180045,162.31800393954012,108.21200262636007,7,240,0.8230841267743687,0.011402100055420306,0.03959062519243162,-3.6599196634355664,3,dynamic_1_5_p3_6_12_h1_3_6_12,dynamic:1.5,False,False,highs
milp_h1,0,115.06846913894017,345.2054074168205,230.13693827788032,21,209,0.6724811687327794,4.180055700097,14.514082292003472,0.004276638560838819,6,dynamic_1_5_p3_6_12_h1_3_6_12,dynamic:1.5,False,False,highs
milp_h1,1,111.59044244885447,334.77132734656334,223.18088489770886,21,209,0.9973886775110813,4.178222400005325,14.507716666685155,-3.47375005152486,6,dynamic_1_5_p3_6_12_h1_3_6_12,dynamic:1.5,False,False,highs
milp_h1,2,108.05145946542419,324.1543783962726,216.1029189308484,19,219,0.997806958350937,4.204224800043448,14.59800277792864,-7.012733034955147,6,dynamic_1_5_p3_6_12_h1_3_6_12,dynamic:1.5,False,False,highs
milp_h1,3,114.51591070195039,343.54773210585114,229.03182140390075,20,210,0.9898002413758584,4.113977499924658,14.28464409696062,-0.5482817984289454,6,dynamic_1_5_p3_6_12_h1_3_6_12,dynamic:1.5,False,False,highs
milp_h1,4,122.80294008255007,368.4088202476501,245.60588016510005,18,218,0.9858001649197531,4.322569499992824,15.008921874975082,7.738747582170731,6,dynamic_1_5_p3_6_12_h1_3_6_12,dynamic:1.5,False,False,highs
milp_h1,5,107.22419859170913,321.6725957751274,214.44839718341825,15,238,0.7797112054795806,3.9051994999754243,13.559720486025778,-7.839993908670209,6,dynamic_1_5_p3_6_12_h1_3_6_12,dynamic:1.5,False,False,highs
milp_h1,6,117.86232078075406,353.5869623422622,235.72464156150815,16,260,0.8928059844247865,3.90237980002712,13.549929861205278,2.7981282803747263,6,dynamic_1_5_p3_6_12_h1_3_6_12,dynamic:1.5,False,False,highs
milp_h1,7,88.24040466646349,264.72121399939056,176.48080933292707,23,201,0.7100100751382654,3.8978763000050094,13.534292708350726,-26.823787833915844,6,dynamic_1_5_p3_6_12_h1_3_6_12,dynamic:1.5,False,False,highs
milp_h1,8,105.02209171950818,315.0662751585245,210.0441834390163,20,223,0.9302922680209248,3.957687799978885,13.741971527704461,-10.042100780871152,6,dynamic_1_5_p3_6_12_h1_3_6_12,dynamic:1.5,False,False,highs
milp_h1,9,134.261683194836,402.78504958450793,268.52336638967193,19,245,0.8914596507222807,6.220299400025397,21.598261805643737,19.19749069445666,6,dynamic_1_5_p3_6_12_h1_3_6_12,dynamic:1.5,False,False,highs
milp_h1,10,149.89517891804377,449.6855367541313,299.79035783608754,23,212,0.9496273439932743,7.022179099993082,24.382566319420423,34.830986417664434,6,dynamic_1_5_p3_6_12_h1_3_6_12,dynamic:1.5,False,False,highs
milp_h1,11,115.39128077924246,346.1738423377275,230.782561558485,20,191,0.932041092392636,3.993034500061185,13.864703125212449,0.32708827886312974,6,dynamic_1_5_p3_6_12_h1_3_6_12,dynamic:1.5,False,False,highs
milp_h1,12,115.66614529192447,346.9984358757734,231.33229058384893,16,231,0.7913086819578986,4.388755600019067,15.238734722288427,0.6019527915451306,6,dynamic_1_5_p3_6_12_h1_3_6_12,dynamic:1.5,False,False,highs
milp_h1,13,114.35401459534964,343.0620437860489,228.70802919069925,16,209,0.7195823426952814,4.050704700006463,14.064946875022441,-0.7101779050296955,6,dynamic_1_5_p3_6_12_h1_3_6_12,dynamic:1.5,False,False,highs
milp_h1,14,119.5374998450279,358.6124995350837,239.07499969005582,15,238,0.902008208804936,4.144107900072413,14.389263541918101,4.4733073446485605,6,dynamic_1_5_p3_6_12_h1_3_6_12,dynamic:1.5,False,False,highs
milp_h1,15,109.75106191386777,329.2531857416033,219.50212382773555,19,208,0.8132638004862749,3.9711797001509694,13.788818403301978,-5.313130586511562,6,dynamic_1_5_p3_6_12_h1_3_6_12,dynamic:1.5,False,False,highs
milp_h1,16,120.76477848390735,362.2943354517221,241.52955696781473,22,210,0.9245388205569437,4.410926600008679,15.315717361141246,5.700585983528015,6,dynamic_1_5_p3_6_12_h1_3_6_12,dynamic:1.5,False,False,highs
milp_h1,17,132.81171989838276,398.4351596951484,265.62343979676564,16,222,0.8667519676553476,4.269394700117118,14.824287153184438,17.747527398003427,6,dynamic_1_5_p3_6_12_h1_3_6_12,dynamic:1.5,False,False,highs
milp_h1,18,78.00872394939262,234.02617184817788,156.01744789878526,22,218,0.9004225756907143,4.376135699953011,15.194915624836844,-37.05546855098672,6,dynamic_1_5_p3_6_12_h1_3_6_12,dynamic:1.5,False,False,highs
milp_h1,19,118.23809349536893,354.7142804861068,236.4761869907379,14,190,0.853704840821309,4.392106799961766,15.250370833200577,3.1739009949895944,6,dynamic_1_5_p3_6_12_h1_3_6_12,dynamic:1.5,False,False,highs
milp_h1,20,88.51698062568906,265.5509418770671,177.03396125137803,20,225,0.9672656906748162,4.178922700062685,14.510148264106546,-26.547211874690277,6,dynamic_1_5_p3_6_12_h1_3_6_12,dynamic:1.5,False,False,highs
milp_h1,21,136.19213282465932,408.576398473978,272.38426564931865,28,214,0.8067955272647462,4.411524899958749,15.317794791523434,21.12794032427999,6,dynamic_1_5_p3_6_12_h1_3_6_12,dynamic:1.5,False,False,highs
milp_h1,22,91.14438577691712,273.4331573307514,182.28877155383427,22,224,0.9197632517432566,4.543325499878847,15.775435763468218,-23.919806723462216,6,dynamic_1_5_p3_6_12_h1_3_6_12,dynamic:1.5,False,False,highs
milp_h1,23,108.8346373458703,326.503912037611,217.66927469174067,19,230,0.9300409019460758,4.569358800028567,15.865829166765858,-6.229555154509029,6,dynamic_1_5_p3_6_12_h1_3_6_12,dynamic:1.5,False,False,highs
milp_h1,24,116.24655072391033,348.739652171731,232.49310144782066,18,225,0.9173310816508725,4.439072200060764,15.413445139099874,1.182358223530997,6,dynamic_1_5_p3_6_12_h1_3_6_12,dynamic:1.5,False,False,highs
milp_h1,25,160.89635608792304,482.6890682637691,321.7927121758461,15,233,0.9978557901386348,4.218711499990604,14.64830381941182,45.832163587543704,6,dynamic_1_5_p3_6_12_h1_3_6_12,dynamic:1.5,False,False,highs
milp_h1,26,119.29024722576142,357.87074167728423,238.5804944515228,17,199,0.9980388996074747,4.223595600065892,14.66526250022879,4.226054725382085,6,dynamic_1_5_p3_6_12_h1_3_6_12,dynamic:1.5,False,False,highs
milp_h1,27,76.60921587546665,229.82764762639997,153.21843175093332,25,237,0.7821010295959029,4.436760700111336,15.405419097608805,-38.45497662491269,6,dynamic_1_5_p3_6_12_h1_3_6_12,dynamic:1.5,False,False,highs
milp_h1,28,133.07380901972454,399.22142705917355,266.147618039449,18,239,0.9858023306712526,4.498884499982523,15.621126736050428,18.0096165193452,6,dynamic_1_5_p3_6_12_h1_3_6_12,dynamic:1.5,False,False,highs
milp_h1,29,122.06304154396057,366.18912463188167,244.1260830879211,19,225,0.9704411807903524,4.126471400013543,14.328025694491467,6.998849043581231,6,dynamic_1_5_p3_6_12_h1_3_6_12,dynamic:1.5,False,False,highs
milp_h3,0,114.93017080525556,344.79051241576667,229.8603416105111,15,215,0.8616136404073416,7.109529100031068,24.68586493066343,-0.13402169512377782,6,dynamic_1_5_p3_6_12_h1_3_6_12,dynamic:1.5,False,False,highs
milp_h3,1,111.59044244885442,334.7713273465633,223.18088489770886,14,216,0.9986136522039458,7.9704893000016455,27.67531006945016,-3.4737500515249167,6,dynamic_1_5_p3_6_12_h1_3_6_12,dynamic:1.5,False,False,highs
milp_h3,2,108.05145946542419,324.1543783962726,216.1029189308484,16,223,0.9966227200399541,5.684202600008575,19.73681458336311,-7.012733034955147,6,dynamic_1_5_p3_6_12_h1_3_6_12,dynamic:1.5,False,False,highs
milp_h3,3,114.51591070195039,343.54773210585114,229.03182140390075,16,214,0.5780347705061326,6.183077899899217,21.46902048576117,-0.5482817984289454,6,dynamic_1_5_p3_6_12_h1_3_6_12,dynamic:1.5,False,False,highs
milp_h3,4,122.80294008255004,368.4088202476501,245.60588016510007,13,224,0.9987520798804781,5.7751030000217725,20.05244097229782,7.738747582170703,6,dynamic_1_5_p3_6_12_h1_3_6_12,dynamic:1.5,False,False,highs
milp_h3,5,107.22419859170913,321.6725957751274,214.44839718341825,16,235,0.6686250710487971,7.713124399968365,26.7816819443346,-7.839993908670209,6,dynamic_1_5_p3_6_12_h1_3_6_12,dynamic:1.5,False,False,highs
milp_h3,6,117.86232078075406,353.5869623422622,235.72464156150815,14,262,0.9943152788086822,6.3998148000464425,22.221579166827926,2.7981282803747263,6,dynamic_1_5_p3_6_12_h1_3_6_12,dynamic:1.5,False,False,highs
milp_h3,7,88.24040466646352,264.72121399939056,176.48080933292704,14,210,0.8710831431104159,5.6725923999692895,19.696501388782256,-26.823787833915816,6,dynamic_1_5_p3_6_12_h1_3_6_12,dynamic:1.5,False,False,highs
milp_h3,8,105.02209171950818,315.0662751585245,210.0441834390163,16,228,0.9147406405509362,6.194495099924097,21.508663541403116,-10.042100780871152,6,dynamic_1_5_p3_6_12_h1_3_6_12,dynamic:1.5,False,False,highs
milp_h3,9,134.26168319483594,402.7850495845079,268.52336638967193,16,248,0.802092992679165,9.502375799958827,32.994360416523705,19.197490694456604,6,dynamic_1_5_p3_6_12_h1_3_6_12,dynamic:1.5,False,False,highs
milp_h3,10,149.8951789180437,449.68553675413125,299.79035783608754,15,220,0.9410368873151297,5.777530500010471,20.060869791703023,34.83098641766438,6,dynamic_1_5_p3_6_12_h1_3_6_12,dynamic:1.5,False,False,highs
milp_h3,11,115.39128077924246,346.1738423377275,230.782561558485,15,197,0.9252719229585588,6.88878729994758,23.91940034704021,0.32708827886312974,6,dynamic_1_5_p3_6_12_h1_3_6_12,dynamic:1.5,False,False,highs
milp_h3,12,115.54992528756458,346.64977586269373,231.09985057512915,15,232,0.854611977045875,6.383895300023141,22.16630312508035,0.48573278718524193,6,dynamic_1_5_p3_6_12_h1_3_6_12,dynamic:1.5,False,False,highs
milp_h3,13,114.35401459534961,343.06204378604883,228.70802919069922,11,214,0.8143170301272673,7.803431500033184,27.095248264004113,-0.7101779050297239,6,dynamic_1_5_p3_6_12_h1_3_6_12,dynamic:1.5,False,False,highs
milp_h3,14,119.5374998450279,358.6124995350837,239.07499969005582,16,237,0.993587680582772,5.166284599952633,17.938488194279973,4.4733073446485605,6,dynamic_1_5_p3_6_12_h1_3_6_12,dynamic:1.5,False,False,highs
milp_h3,15,109.36756193091472,328.1026857927441,218.7351238618294,18,209,0.9988420453031273,5.797454499959713,20.130050347082335,-5.696630569464617,6,dynamic_1_5_p3_6_12_h1_3_6_12,dynamic:1.5,False,False,highs
milp_h3,16,120.76477848390735,362.2943354517221,241.52955696781473,16,217,0.8377063963300031,5.590581900010875,19.411742708371094,5.700585983528015,6,dynamic_1_5_p3_6_12_h1_3_6_12,dynamic:1.5,False,False,highs
milp_h3,17,132.81171989838282,398.4351596951484,265.6234397967656,16,223,0.9149247165295354,5.389619300120103,18.7139559031948,17.747527398003484,6,dynamic_1_5_p3_6_12_h1_3_6_12,dynamic:1.5,False,False,highs
milp_h3,18,78.00872394939262,234.02617184817788,156.01744789878526,12,229,0.9743822661388027,5.81303689993365,20.184155902547396,-37.05546855098672,6,dynamic_1_5_p3_6_12_h1_3_6_12,dynamic:1.5,False,False,highs
milp_h3,19,118.23809349536893,354.7142804861068,236.4761869907379,18,186,0.9109236771507362,6.734030400009942,23.38205000003452,3.1739009949895944,6,dynamic_1_5_p3_6_12_h1_3_6_12,dynamic:1.5,False,False,highs
milp_h3,20,88.516980625689,265.55094187706703,177.03396125137803,14,231,0.876344313928973,5.161485999917204,17.921826388601403,-26.547211874690333,6,dynamic_1_5_p3_6_12_h1_3_6_12,dynamic:1.5,False,False,highs
milp_h3,21,136.19213282465932,408.576398473978,272.38426564931865,16,227,0.8831266301223338,7.573216000018874,26.295888888954423,21.12794032427999,6,dynamic_1_5_p3_6_12_h1_3_6_12,dynamic:1.5,False,False,highs
milp_h3,22,90.78701579074061,272.3610473722219,181.57403158148128,15,231,0.9987124772861155,5.629054599965457,19.54532847210228,-24.277176709638724,6,dynamic_1_5_p3_6_12_h1_3_6_12,dynamic:1.5,False,False,highs
milp_h3,23,108.83463734587033,326.503912037611,217.66927469174064,18,229,0.8502014178425493,6.25446329999977,21.716886458332535,-6.229555154509001,6,dynamic_1_5_p3_6_12_h1_3_6_12,dynamic:1.5,False,False,highs
milp_h3,24,116.2465507239103,348.73965217173094,232.49310144782064,16,228,0.998093378944439,5.752023999935773,19.972305555332543,1.1823582235309686,6,dynamic_1_5_p3_6_12_h1_3_6_12,dynamic:1.5,False,False,highs
milp_h3,25,160.89635608792298,482.68906826376906,321.7927121758461,12,236,0.9994632432915287,6.568035699987377,22.805679513845057,45.83216358754365,6,dynamic_1_5_p3_6_12_h1_3_6_12,dynamic:1.5,False,False,highs
milp_h3,26,119.29024722576139,357.8707416772842,238.58049445152278,16,201,0.9446244476917844,6.352568799986329,22.057530555508087,4.226054725382056,6,dynamic_1_5_p3_6_12_h1_3_6_12,dynamic:1.5,False,False,highs
milp_h3,27,76.60921587546667,229.82764762639997,153.2184317509333,14,249,0.9975965189692939,7.394022899956326,25.673690624848355,-38.45497662491266,6,dynamic_1_5_p3_6_12_h1_3_6_12,dynamic:1.5,False,False,highs
milp_h3,28,133.07380901972454,399.22142705917355,266.147618039449,15,242,0.9586561332333284,5.801168499900086,20.142946180208632,18.0096165193452,6,dynamic_1_5_p3_6_12_h1_3_6_12,dynamic:1.5,False,False,highs
milp_h3,29,122.06304154396057,366.18912463188167,244.1260830879211,15,230,0.9962446365608977,7.742619799915701,26.884096527485074,6.998849043581231,6,dynamic_1_5_p3_6_12_h1_3_6_12,dynamic:1.5,False,False,highs
milp_h6,0,114.93017080525556,344.79051241576667,229.8603416105111,15,215,0.8614365658780258,9.26447080005164,32.1683013890682,-0.13402169512377782,6,dynamic_1_5_p3_6_12_h1_3_6_12,dynamic:1.5,False,False,highs
milp_h6,1,111.59044244885442,334.7713273465633,223.18088489770886,17,212,0.9980302593128201,9.438012999977218,32.77087847214312,-3.4737500515249167,6,dynamic_1_5_p3_6_12_h1_3_6_12,dynamic:1.5,False,False,highs
milp_h6,2,108.05145946542419,324.1543783962726,216.1029189308484,21,218,0.9904233890872985,7.5223305000472465,26.11920312516405,-7.012733034955147,6,dynamic_1_5_p3_6_12_h1_3_6_12,dynamic:1.5,False,False,highs
milp_h6,3,114.51591070195039,343.54773210585114,229.03182140390075,16,214,0.5780347705061326,7.728297999987262,26.834368055511327,-0.5482817984289454,6,dynamic_1_5_p3_6_12_h1_3_6_12,dynamic:1.5,False,False,highs
milp_h6,4,122.80294008255007,368.4088202476501,245.60588016510005,12,224,0.9058908803768984,7.524061899988737,26.12521493051645,7.738747582170731,6,dynamic_1_5_p3_6_12_h1_3_6_12,dynamic:1.5,False,False,highs
milp_h6,5,107.22419859170913,321.6725957751274,214.44839718341825,14,237,0.5864190205204608,9.844468000075722,34.182180555818476,-7.839993908670209,6,dynamic_1_5_p3_6_12_h1_3_6_12,dynamic:1.5,False,False,highs
milp_h6,6,117.86232078075406,353.5869623422622,235.72464156150815,14,262,0.9943152788086822,8.705695600008767,30.22810972225266,2.7981282803747263,6,dynamic_1_5_p3_6_12_h1_3_6_12,dynamic:1.5,False,False,highs
milp_h6,7,88.24040466646352,264.72121399939056,176.48080933292704,14,210,0.998321506247223,8.13239530003193,28.237483680666426,-26.823787833915816,6,dynamic_1_5_p3_6_12_h1_3_6_12,dynamic:1.5,False,False,highs
milp_h6,8,105.02209171950818,315.0662751585245,210.0441834390163,16,228,0.9147406405509362,8.706256100085739,30.23005590307548,-10.042100780871152,6,dynamic_1_5_p3_6_12_h1_3_6_12,dynamic:1.5,False,False,highs
milp_h6,9,134.26168319483594,402.7850495845079,268.52336638967193,16,248,0.802092992679165,12.828239899994514,44.54249965275873,19.197490694456604,6,dynamic_1_5_p3_6_12_h1_3_6_12,dynamic:1.5,False,False,highs
milp_h6,10,149.8951789180437,449.68553675413125,299.79035783608754,15,220,0.9410368873151297,7.714519199958886,26.786524999857242,34.83098641766438,6,dynamic_1_5_p3_6_12_h1_3_6_12,dynamic:1.5,False,False,highs
milp_h6,11,115.39128077924249,346.1738423377275,230.78256155848499,18,193,0.9429982139939734,8.63547149997612,29.98427604158375,0.32708827886315817,6,dynamic_1_5_p3_6_12_h1_3_6_12,dynamic:1.5,False,False,highs
milp_h6,12,115.66614529192447,346.9984358757734,231.33229058384893,15,232,0.7919578410998966,8.446242500045628,29.327230902936208,0.6019527915451306,6,dynamic_1_5_p3_6_12_h1_3_6_12,dynamic:1.5,False,False,highs
milp_h6,13,114.35401459534961,343.06204378604883,228.70802919069922,11,214,0.8143170301272673,9.195704799967643,31.929530555443208,-0.7101779050297239,6,dynamic_1_5_p3_6_12_h1_3_6_12,dynamic:1.5,False,False,highs
milp_h6,14,119.5374998450279,358.6124995350837,239.07499969005582,16,237,0.993587680582772,7.263691000036488,25.22114930568225,4.4733073446485605,6,dynamic_1_5_p3_6_12_h1_3_6_12,dynamic:1.5,False,False,highs
milp_h6,15,109.75106191386777,329.2531857416033,219.50212382773555,16,211,0.8756056396224028,9.651964499964379,33.513765624876314,-5.313130586511562,6,dynamic_1_5_p3_6_12_h1_3_6_12,dynamic:1.5,False,False,highs
milp_h6,16,120.76477848390735,362.2943354517221,241.52955696781473,10,222,0.9981779497878313,9.839497799977835,34.1649229165897,5.700585983528015,6,dynamic_1_5_p3_6_12_h1_3_6_12,dynamic:1.5,False,False,highs
milp_h6,17,132.81171989838276,398.4351596951484,265.62343979676564,17,222,0.9154047098872674,7.049677099959808,24.478045485971556,17.747527398003427,6,dynamic_1_5_p3_6_12_h1_3_6_12,dynamic:1.5,False,False,highs
milp_h6,18,78.00872394939262,234.02617184817788,156.01744789878526,12,229,0.9743822661388027,7.6242822999629425,26.473202430426884,-37.05546855098672,6,dynamic_1_5_p3_6_12_h1_3_6_12,dynamic:1.5,False,False,highs
milp_h6,19,118.23809349536893,354.7142804861068,236.4761869907379,16,188,0.8891092687733737,8.31361840005411,28.86673055574344,3.1739009949895944,6,dynamic_1_5_p3_6_12_h1_3_6_12,dynamic:1.5,False,False,highs
milp_h6,20,88.516980625689,265.55094187706703,177.03396125137803,16,229,0.7312400722368181,7.589574799938418,26.35269027756395,-26.547211874690333,6,dynamic_1_5_p3_6_12_h1_3_6_12,dynamic:1.5,False,False,highs
milp_h6,21,136.19213282465932,408.576398473978,272.38426564931865,16,227,0.8835474751347906,10.308654899992689,35.79394062497462,21.12794032427999,6,dynamic_1_5_p3_6_12_h1_3_6_12,dynamic:1.5,False,False,highs
milp_h6,22,91.14438577691715,273.4331573307514,182.28877155383424,15,231,0.9983876898452243,8.924459399990155,30.987706249965818,-23.919806723462187,6,dynamic_1_5_p3_6_12_h1_3_6_12,dynamic:1.5,False,False,highs
milp_h6,23,108.83463734587033,326.503912037611,217.66927469174064,18,229,0.9061285602181188,8.735969299981662,30.333226736047436,-6.229555154509001,6,dynamic_1_5_p3_6_12_h1_3_6_12,dynamic:1.5,False,False,highs
milp_h6,24,116.2465507239103,348.73965217173094,232.49310144782064,18,226,0.9983176701272564,8.331266199958918,28.928007638746244,1.1823582235309686,6,dynamic_1_5_p3_6_12_h1_3_6_12,dynamic:1.5,False,False,highs
milp_h6,25,160.89635608792298,482.68906826376906,321.7927121758461,12,236,0.9987402971682022,9.722939499930362,33.760206596980424,45.83216358754365,6,dynamic_1_5_p3_6_12_h1_3_6_12,dynamic:1.5,False,False,highs
milp_h6,26,118.93274721801276,356.79824165403835,237.86549443602559,18,198,0.8918122875321557,9.29110699998273,32.26078819438448,3.8685547176334296,6,dynamic_1_5_p3_6_12_h1_3_6_12,dynamic:1.5,False,False,highs
milp_h6,27,76.60921587546667,229.82764762639997,153.2184317509333,17,245,0.9976793769345523,10.9519727000079,38.027682986138544,-38.45497662491266,6,dynamic_1_5_p3_6_12_h1_3_6_12,dynamic:1.5,False,False,highs
milp_h6,28,133.07380901972454,399.22142705917355,266.147618039449,15,242,0.9587134921665429,8.03456589999405,27.89779826386823,18.0096165193452,6,dynamic_1_5_p3_6_12_h1_3_6_12,dynamic:1.5,False,False,highs
milp_h6,29,122.06304154396057,366.18912463188167,244.1260830879211,16,228,0.9967009653921879,10.508227299978898,36.48690034714895,6.998849043581231,6,dynamic_1_5_p3_6_12_h1_3_6_12,dynamic:1.5,False,False,highs
milp_h12,0,115.06846913894017,345.2054074168205,230.13693827788032,20,210,0.8344544993395827,11.842623199947411,41.12021944426184,0.004276638560838819,6,dynamic_1_5_p3_6_12_h1_3_6_12,dynamic:1.5,False,False,highs
milp_h12,1,111.59044244885442,334.7713273465633,223.18088489770886,17,213,0.998038905756877,14.365821799954574,49.881325694286716,-3.4737500515249167,6,dynamic_1_5_p3_6_12_h1_3_6_12,dynamic:1.5,False,False,highs
milp_h12,2,108.05145946542424,324.15437839627265,216.1029189308484,18,220,0.9861467863308323,13.218527000033646,45.89766319456127,-7.01273303495509,6,dynamic_1_5_p3_6_12_h1_3_6_12,dynamic:1.5,False,False,highs
milp_h12,3,114.42707303663093,343.2812191098928,228.85414607326186,19,211,0.939622711629228,11.63381480006501,40.39519027800351,-0.6371194637484052,6,dynamic_1_5_p3_6_12_h1_3_6_12,dynamic:1.5,False,False,highs
milp_h12,4,122.80294008255004,368.4088202476501,245.60588016510007,12,225,0.9986268105135062,12.460467200027779,43.265511111207566,7.738747582170703,6,dynamic_1_5_p3_6_12_h1_3_6_12,dynamic:1.5,False,False,highs
milp_h12,5,107.22419859170913,321.6725957751274,214.44839718341825,15,237,0.778815648313381,15.693461600058072,54.49118611131275,-7.839993908670209,6,dynamic_1_5_p3_6_12_h1_3_6_12,dynamic:1.5,False,False,highs
milp_h12,6,117.86232078075406,353.5869623422622,235.72464156150815,11,265,0.9992393402756081,14.052385700015293,48.79300590283088,2.7981282803747263,6,dynamic_1_5_p3_6_12_h1_3_6_12,dynamic:1.5,False,False,highs
milp_h12,7,88.24040466646352,264.72121399939056,176.48080933292704,18,206,0.9975106293212856,12.137780499986548,42.14507118050884,-26.823787833915816,6,dynamic_1_5_p3_6_12_h1_3_6_12,dynamic:1.5,False,False,highs
milp_h12,8,105.02209171950818,315.0662751585245,210.0441834390163,16,228,0.8809924931134964,13.638756700041995,47.35679409736804,-10.042100780871152,6,dynamic_1_5_p3_6_12_h1_3_6_12,dynamic:1.5,False,False,highs
milp_h12,9,134.26168319483594,402.7850495845079,268.52336638967193,16,248,0.8031642388914985,19.82213090005098,68.8268434029548,19.197490694456604,6,dynamic_1_5_p3_6_12_h1_3_6_12,dynamic:1.5,False,False,highs
milp_h12,10,149.89517891804377,449.68553675413125,299.7903578360875,17,218,0.9122299036465136,12.711145699940971,44.13592256923948,34.830986417664434,6,dynamic_1_5_p3_6_12_h1_3_6_12,dynamic:1.5,False,False,highs
milp_h12,11,115.39128077924249,346.1738423377275,230.78256155848499,15,198,0.8765938734800033,11.941463499955717,41.4634149304018,0.32708827886315817,6,dynamic_1_5_p3_6_12_h1_3_6_12,dynamic:1.5,False,False,highs
milp_h12,12,115.66614529192447,346.9984358757734,231.33229058384893,16,231,0.8378614728489935,12.912117099956959,44.833739930406104,0.6019527915451306,6,dynamic_1_5_p3_6_12_h1_3_6_12,dynamic:1.5,False,False,highs
milp_h12,13,114.35401459534961,343.06204378604883,228.70802919069922,11,214,0.8771892407623375,17.69263950000459,61.4327760416826,-0.7101779050297239,6,dynamic_1_5_p3_6_12_h1_3_6_12,dynamic:1.5,False,False,highs
milp_h12,14,119.5374998450279,358.6124995350837,239.07499969005582,19,234,0.9981119226546045,14.910036600005697,51.77096041668645,4.4733073446485605,6,dynamic_1_5_p3_6_12_h1_3_6_12,dynamic:1.5,False,False,highs
milp_h12,15,109.75106191386777,329.2531857416033,219.50212382773555,15,213,0.9980743459030834,12.00461920001544,41.68270555560917,-5.313130586511562,6,dynamic_1_5_p3_6_12_h1_3_6_12,dynamic:1.5,False,False,highs
milp_h12,16,120.76477848390735,362.2943354517221,241.52955696781473,16,217,0.8365597114296621,12.601240400043025,43.754306944593836,5.700585983528015,6,dynamic_1_5_p3_6_12_h1_3_6_12,dynamic:1.5,False,False,highs
milp_h12,17,132.81171989838282,398.4351596951484,265.6234397967656,17,223,0.7915392233243835,13.957701100014674,48.46423993060651,17.747527398003484,6,dynamic_1_5_p3_6_12_h1_3_6_12,dynamic:1.5,False,False,highs
milp_h12,18,78.00872394939262,234.02617184817788,156.01744789878526,12,229,0.9742349639629728,11.899423800015938,41.31744375005534,-37.05546855098672,6,dynamic_1_5_p3_6_12_h1_3_6_12,dynamic:1.5,False,False,highs
milp_h12,19,118.11976315875845,354.35928947627536,236.23952631751692,17,187,0.9118486055221394,13.878759500017622,48.190137152838965,3.0555706583791107,6,dynamic_1_5_p3_6_12_h1_3_6_12,dynamic:1.5,False,False,highs
milp_h12,20,88.516980625689,265.55094187706703,177.03396125137803,18,227,0.7744813725635032,10.787607699930959,37.45697118031583,-26.547211874690333,6,dynamic_1_5_p3_6_12_h1_3_6_12,dynamic:1.5,False,False,highs
milp_h12,21,136.19213282465932,408.576398473978,272.38426564931865,15,229,0.8261563206878193,15.359195699893462,53.330540624630075,21.12794032427999,6,dynamic_1_5_p3_6_12_h1_3_6_12,dynamic:1.5,False,False,highs
milp_h12,22,91.14438577691715,273.4331573307514,182.28877155383424,15,231,0.8768027380711152,12.59491350009921,43.73233854201115,-23.919806723462187,6,dynamic_1_5_p3_6_12_h1_3_6_12,dynamic:1.5,False,False,highs
milp_h12,23,108.45644135971864,325.3693240791559,216.91288271943725,17,234,0.8182417297947595,11.004604199952155,38.210431249833874,-6.607751140660696,6,dynamic_1_5_p3_6_12_h1_3_6_12,dynamic:1.5,False,False,highs
milp_h12,24,116.2465507239103,348.73965217173094,232.49310144782064,17,227,0.9976473900925414,11.237801300048886,39.020143402947525,1.1823582235309686,6,dynamic_1_5_p3_6_12_h1_3_6_12,dynamic:1.5,False,False,highs
milp_h12,25,160.89635608792298,482.68906826376906,321.7927121758461,15,233,0.8706037874096338,13.127313900011359,45.58095104170611,45.83216358754365,6,dynamic_1_5_p3_6_12_h1_3_6_12,dynamic:1.5,False,False,highs
milp_h12,26,119.29024722576139,357.8707416772842,238.58049445152278,14,203,0.8594013777446579,12.673585000084131,44.00550347251434,4.226054725382056,6,dynamic_1_5_p3_6_12_h1_3_6_12,dynamic:1.5,False,False,highs
milp_h12,27,76.60921587546665,229.82764762639994,153.2184317509333,17,245,0.9975761877798541,13.895297899965954,48.24756215265956,-38.45497662491269,6,dynamic_1_5_p3_6_12_h1_3_6_12,dynamic:1.5,False,False,highs
milp_h12,28,133.07380901972448,399.2214270591735,266.147618039449,12,245,0.967729119181525,11.895465800022066,41.30370069452106,18.009616519345144,6,dynamic_1_5_p3_6_12_h1_3_6_12,dynamic:1.5,False,False,highs
milp_h12,29,122.06304154396057,366.18912463188167,244.1260830879211,15,230,0.9979828352896895,11.158225099941774,38.7438371525756,6.998849043581231,6,dynamic_1_5_p3_6_12_h1_3_6_12,dynamic:1.5,False,False,highs
equal_share,0,89.883520754508,269.650562263524,179.76704150901602,19,211,0.47239527559058797,0.0035352999984752387,0.012275347216927912,-25.180671745871336,6,dynamic_1_5_p3_6_12_h1_3_6_12,dynamic:1.5,False,False,highs
equal_share,1,89.9130792071393,269.739237621418,179.8261584142787,19,210,0.9240221560737132,0.0038229000056162477,0.013273958352834193,-25.15111329324003,6,dynamic_1_5_p3_6_12_h1_3_6_12,dynamic:1.5,False,False,highs
equal_share,2,90.94819232561142,272.8445769768342,181.8963846512228,15,223,0.9968673428093261,0.0034828000352717936,0.012093055678027062,-24.11600017476792,6,dynamic_1_5_p3_6_12_h1_3_6_12,dynamic:1.5,False,False,highs
equal_share,3,100.89665668296232,302.689970048887,201.7933133659247,19,211,0.8872156023162154,0.0034577000042190775,0.012005902792427352,-14.167535817417019,6,dynamic_1_5_p3_6_12_h1_3_6_12,dynamic:1.5,False,False,highs
equal_share,4,83.39190105255057,250.17570315765167,166.7838021051011,8,228,0.9972995497434946,0.003656600063550286,0.012696527998438492,-31.67229144782877,6,dynamic_1_5_p3_6_12_h1_3_6_12,dynamic:1.5,False,False,highs
equal_share,5,83.63904617476484,250.91713852429456,167.27809234952971,12,239,0.7289236974547028,0.003473699965979904,0.012061458215208,-31.42514632561449,6,dynamic_1_5_p3_6_12_h1_3_6_12,dynamic:1.5,False,False,highs
equal_share,6,75.30934680232363,225.9280404069709,150.61869360464726,6,270,0.9933597209196346,0.0035179000624339096,0.012214930772339963,-39.7548456980557,6,dynamic_1_5_p3_6_12_h1_3_6_12,dynamic:1.5,False,False,highs
equal_share,7,68.87768289561643,206.6330486868493,137.75536579123286,18,206,0.900275997239176,0.0035753000411204994,0.012414236253890622,-46.186509604762904,6,dynamic_1_5_p3_6_12_h1_3_6_12,dynamic:1.5,False,False,highs
equal_share,8,90.06665491152046,270.19996473456143,180.13330982304097,15,228,0.997682670197846,0.003731600045284722,0.012956944601683063,-24.997537588858876,6,dynamic_1_5_p3_6_12_h1_3_6_12,dynamic:1.5,False,False,highs
equal_share,9,104.0159412626611,312.04782378798325,208.03188252532215,17,247,0.8298865514320928,0.0034979001138708554,0.012145486506496026,-11.048251237718233,6,dynamic_1_5_p3_6_12_h1_3_6_12,dynamic:1.5,False,False,highs
equal_share,10,94.41144125575809,283.23432376727425,188.82288251151616,12,223,0.6839349494818774,0.0037411000157590024,0.012989930610274314,-20.652751244621243,6,dynamic_1_5_p3_6_12_h1_3_6_12,dynamic:1.5,False,False,highs
equal_share,11,80.27115551848513,240.81346655545542,160.5423110369703,10,201,0.7414838379050295,0.003331200008688029,0.011566666696833434,-34.793036981894204,6,dynamic_1_5_p3_6_12_h1_3_6_12,dynamic:1.5,False,False,highs
equal_share,12,104.30757322241834,312.92271966725497,208.61514644483663,16,231,0.8162461790737547,0.003356799963512458,0.0116555554288627,-10.756619277960993,6,dynamic_1_5_p3_6_12_h1_3_6_12,dynamic:1.5,False,False,highs
equal_share,13,94.02694130284829,282.0808239085449,188.05388260569663,12,213,0.6651421728961397,0.0033588000733288936,0.011662500254614214,-21.03725119753105,6,dynamic_1_5_p3_6_12_h1_3_6_12,dynamic:1.5,False,False,highs
equal_share,14,91.51890986588066,274.55672959764195,183.0378197317613,9,244,0.9977500592226989,0.003465900052106008,0.012034375180923639,-23.545282634498676,6,dynamic_1_5_p3_6_12_h1_3_6_12,dynamic:1.5,False,False,highs
equal_share,15,56.80779223248064,170.42337669744188,113.61558446496124,7,220,0.9931384947049453,0.0034666999854380265,0.01203715272721537,-58.2564002678987,6,dynamic_1_5_p3_6_12_h1_3_6_12,dynamic:1.5,False,False,highs
equal_share,16,91.47910033232782,274.4373009969835,182.95820066465566,14,218,0.8957565309865806,0.003591800050344318,0.012471527952584438,-23.585092168051517,6,dynamic_1_5_p3_6_12_h1_3_6_12,dynamic:1.5,False,False,highs
equal_share,17,98.16548987405821,294.49646962217463,196.33097974811642,10,228,0.8964236815303417,0.0034536999228294007,0.011992013620935419,-16.898702626321125,6,dynamic_1_5_p3_6_12_h1_3_6_12,dynamic:1.5,False,False,highs
equal_share,18,54.14703854387814,162.4411156316344,108.29407708775626,11,229,0.8690877766611955,0.0037781000792165287,0.01311840305283517,-60.917153956501195,6,dynamic_1_5_p3_6_12_h1_3_6_12,dynamic:1.5,False,False,highs
equal_share,19,106.12996993836109,318.3899098150832,212.2599398767221,16,188,0.8069381870592136,0.0033805999482865445,0.011738194264883836,-8.934222562018249,6,dynamic_1_5_p3_6_12_h1_3_6_12,dynamic:1.5,False,False,highs
equal_share,20,81.0389578798665,243.11687363959953,162.07791575973303,17,228,0.8763727610437968,0.0034409999279887415,0.011947916416627576,-34.02523462051283,6,dynamic_1_5_p3_6_12_h1_3_6_12,dynamic:1.5,False,False,highs
equal_share,21,109.57323230289953,328.7196969086985,219.14646460579897,18,224,0.863058266183899,0.003836199968645815,0.01332013878002019,-5.490960197479808,6,dynamic_1_5_p3_6_12_h1_3_6_12,dynamic:1.5,False,False,highs
equal_share,22,55.066902017691035,165.20070605307308,110.13380403538204,11,235,0.9969006041665981,0.0033931999423657544,0.011781944244325536,-59.9972904826883,6,dynamic_1_5_p3_6_12_h1_3_6_12,dynamic:1.5,False,False,highs
equal_share,23,66.44959365287141,199.3487809586142,132.8991873057428,9,238,0.8492869738762175,0.0033457000099588186,0.01161701392346812,-48.61459884750792,6,dynamic_1_5_p3_6_12_h1_3_6_12,dynamic:1.5,False,False,highs
equal_share,24,97.5043265521835,292.51297965655056,195.00865310436706,20,223,0.8492621679727926,0.0032158999383682385,0.011166319230445273,-17.559865948195835,6,dynamic_1_5_p3_6_12_h1_3_6_12,dynamic:1.5,False,False,highs
equal_share,25,105.15678667383526,315.47036002150577,210.3135733476705,7,241,0.9970874256858044,0.004152799941948615,0.014419444242877135,-9.907405826544078,6,dynamic_1_5_p3_6_12_h1_3_6_12,dynamic:1.5,False,False,highs
equal_share,26,59.06041717293961,177.18125151881884,118.12083434587923,7,209,0.9929623231533972,0.0038502000097651035,0.013368750033906609,-56.003775327439726,6,dynamic_1_5_p3_6_12_h1_3_6_12,dynamic:1.5,False,False,highs
equal_share,27,55.14857675873057,165.4457302761917,110.29715351746114,17,245,0.8942395017207712,0.005282899976009503,0.018343402694477443,-59.915615741648764,6,dynamic_1_5_p3_6_12_h1_3_6_12,dynamic:1.5,False,False,highs
equal_share,28,96.58220630603378,289.74661891810143,193.16441261206765,10,247,0.9719802276266827,0.005258399971353356,0.018258333233865817,-18.481986194345552,6,dynamic_1_5_p3_6_12_h1_3_6_12,dynamic:1.5,False,False,highs
equal_share,29,103.23813692571088,309.71441077713257,206.4762738514217,19,225,0.995895875882578,0.005420300010882784,0.018820486148898554,-11.826055574668459,6,dynamic_1_5_p3_6_12_h1_3_6_12,dynamic:1.5,False,False,highs
max_charge,0,115.06846913894017,345.2054074168205,230.13693827788032,27,203,0.6793857851814975,0.00210899997910019,0.0073229165940978825,0.004276638560838819,6,dynamic_1_5_p3_6_12_h1_3_6_12,dynamic:1.5,False,False,highs
max_charge,1,111.59044244885442,334.7713273465633,223.18088489770886,25,204,0.937884020538042,0.001946100004715845,0.006757291683041128,-3.4737500515249167,6,dynamic_1_5_p3_6_12_h1_3_6_12,dynamic:1.5,False,False,highs
max_charge,2,108.05145946542419,324.1543783962726,216.1029189308484,18,220,0.997653273212586,0.0018587000668048859,0.006453819676405854,-7.012733034955147,6,dynamic_1_5_p3_6_12_h1_3_6_12,dynamic:1.5,False,False,highs
max_charge,3,114.51591070195039,343.54773210585114,229.03182140390075,23,207,0.8872156023162154,0.0016648999953758903,0.005780902761721841,-0.5482817984289454,6,dynamic_1_5_p3_6_12_h1_3_6_12,dynamic:1.5,False,False,highs
max_charge,4,122.80294008255004,368.4088202476501,245.60588016510007,18,218,0.9960543472322695,0.0018824999715434387,0.006536458234525829,7.738747582170703,6,dynamic_1_5_p3_6_12_h1_3_6_12,dynamic:1.5,False,False,highs
max_charge,5,107.22419859170913,321.6725957751274,214.44839718341825,16,235,0.7793579642651576,0.001454999961424619,0.005052083199391038,-7.839993908670209,6,dynamic_1_5_p3_6_12_h1_3_6_12,dynamic:1.5,False,False,highs
max_charge,6,117.86232078075406,353.5869623422622,235.72464156150815,17,259,0.9969510615758187,0.0014669999873149209,0.005093749955954586,2.7981282803747263,6,dynamic_1_5_p3_6_12_h1_3_6_12,dynamic:1.5,False,False,highs
max_charge,7,88.24040466646352,264.72121399939056,176.48080933292704,28,196,0.9250619163612622,0.0015146999940043315,0.005259374979181707,-26.823787833915816,6,dynamic_1_5_p3_6_12_h1_3_6_12,dynamic:1.5,False,False,highs
max_charge,8,105.02209171950813,315.06627515852443,210.0441834390163,22,221,0.9348185469870951,0.0014003000251250342,0.004862152865017479,-10.042100780871209,6,dynamic_1_5_p3_6_12_h1_3_6_12,dynamic:1.5,False,False,highs
max_charge,9,134.26168319483594,402.7850495845079,268.52336638967193,25,239,0.8679675299143553,0.0014931999394320883,0.005184722011916974,19.197490694456604,6,dynamic_1_5_p3_6_12_h1_3_6_12,dynamic:1.5,False,False,highs
max_charge,10,149.89517891804377,449.68553675413125,299.7903578360875,21,214,0.8193242502421872,0.0013536999103962444,0.0047003469110980705,34.830986417664434,6,dynamic_1_5_p3_6_12_h1_3_6_12,dynamic:1.5,False,False,highs
max_charge,11,115.39128077924249,346.1738423377275,230.78256155848499,20,191,0.9255589421781848,0.001376499974867329,0.00477951380162267,0.32708827886315817,6,dynamic_1_5_p3_6_12_h1_3_6_12,dynamic:1.5,False,False,highs
max_charge,12,115.66614529192447,346.9984358757734,231.33229058384893,18,229,0.8526564386110251,0.0014380999928107485,0.004993402752815099,0.6019527915451306,6,dynamic_1_5_p3_6_12_h1_3_6_12,dynamic:1.5,False,False,highs
max_charge,13,114.35401459534961,343.06204378604883,228.70802919069922,20,205,0.615273350075105,0.0014316999368020333,0.004971180336118171,-0.7101779050297239,6,dynamic_1_5_p3_6_12_h1_3_6_12,dynamic:1.5,False,False,highs
max_charge,14,119.5374998450279,358.6124995350837,239.07499969005582,16,237,0.9028865100303556,0.0014477999793598428,0.005027083261666121,4.4733073446485605,6,dynamic_1_5_p3_6_12_h1_3_6_12,dynamic:1.5,False,False,highs
max_charge,15,109.75106191386777,329.2531857416033,219.50212382773555,20,207,0.996475033305462,0.0014921999245416373,0.005181249737991796,-5.313130586511562,6,dynamic_1_5_p3_6_12_h1_3_6_12,dynamic:1.5,False,False,highs
max_charge,16,120.76477848390735,362.2943354517221,241.52955696781473,17,215,0.8818620503607922,0.0015252000084728934,0.005295833362753102,5.700585983528015,6,dynamic_1_5_p3_6_12_h1_3_6_12,dynamic:1.5,False,False,highs
max_charge,17,132.81171989838282,398.4351596951484,265.6234397967656,18,220,0.9257087726860759,0.001479800026572775,0.005138194536711025,17.747527398003484,6,dynamic_1_5_p3_6_12_h1_3_6_12,dynamic:1.5,False,False,highs
max_charge,18,78.00872394939265,234.02617184817788,156.01744789878524,20,220,0.8980431635606939,0.0014788999033044092,0.005135069108695866,-37.05546855098669,6,dynamic_1_5_p3_6_12_h1_3_6_12,dynamic:1.5,False,False,highs
max_charge,19,118.23809349536893,354.7142804861068,236.4761869907379,18,186,0.8262705542205481,0.0014961999768274836,0.0051951388084287625,3.1739009949895944,6,dynamic_1_5_p3_6_12_h1_3_6_12,dynamic:1.5,False,False,highs
max_charge,20,88.516980625689,265.55094187706703,177.03396125137803,19,226,0.9008868673694345,0.0014983998844400048,0.005202777376527795,-26.547211874690333,6,dynamic_1_5_p3_6_12_h1_3_6_12,dynamic:1.5,False,False,highs
max_charge,21,136.19213282465932,408.576398473978,272.38426564931865,25,218,0.8688335128930876,0.0017136000242317095,0.00595000008413788,21.12794032427999,6,dynamic_1_5_p3_6_12_h1_3_6_12,dynamic:1.5,False,False,highs
max_charge,22,91.14438577691712,273.4331573307514,182.28877155383427,20,226,0.9966900351945464,0.0014954000362195075,0.00519236123687329,-23.919806723462216,6,dynamic_1_5_p3_6_12_h1_3_6_12,dynamic:1.5,False,False,highs
max_charge,23,108.83463734587033,326.503912037611,217.66927469174064,19,229,0.9058810113123421,0.0013926000247010961,0.004835416752434362,-6.229555154509001,6,dynamic_1_5_p3_6_12_h1_3_6_12,dynamic:1.5,False,False,highs
max_charge,24,116.2465507239103,348.73965217173094,232.49310144782064,24,219,0.8620215009395036,0.0013990000006742775,0.0048576388912301306,1.1823582235309686,6,dynamic_1_5_p3_6_12_h1_3_6_12,dynamic:1.5,False,False,highs
max_charge,25,160.8963560879231,482.6890682637691,321.792712175846,14,234,0.9989613394224574,0.0013983000244479626,0.004855208418222092,45.83216358754376,6,dynamic_1_5_p3_6_12_h1_3_6_12,dynamic:1.5,False,False,highs
max_charge,26,119.29024722576136,357.8707416772842,238.5804944515228,21,195,0.9976059685783607,0.0014096999511821195,0.004894791497160138,4.226054725382028,6,dynamic_1_5_p3_6_12_h1_3_6_12,dynamic:1.5,False,False,highs
max_charge,27,76.60921587546667,229.82764762639997,153.2184317509333,24,238,0.855508679946329,0.0015199999907054007,0.0052777777455048636,-38.45497662491266,6,dynamic_1_5_p3_6_12_h1_3_6_12,dynamic:1.5,False,False,highs
max_charge,28,133.07380901972454,399.22142705917355,266.147618039449,23,234,0.899826019269114,0.0014567999896826223,0.005058333297509105,18.0096165193452,6,dynamic_1_5_p3_6_12_h1_3_6_12,dynamic:1.5,False,False,highs
max_charge,29,122.06304154396057,366.18912463188167,244.1260830879211,24,220,0.997025777503453,0.0013858999882359058,0.004812152736930229,6.998849043581231,6,dynamic_1_5_p3_6_12_h1_3_6_12,dynamic:1.5,False,False,highs
random,0,106.03989462208739,318.11968386626216,212.07978924417478,16,214,0.7880842169704306,0.014285799959907308,0.04960347208301149,-9.024297878291947,6,dynamic_1_5_p3_6_12_h1_3_6_12,dynamic:1.5,False,False,highs
random,1,101.83145558733759,305.49436676201276,203.66291117467517,23,206,0.8855886171407977,0.01455330006137956,0.05053229187979014,-13.232736913041748,6,dynamic_1_5_p3_6_12_h1_3_6_12,dynamic:1.5,False,False,highs
random,2,98.44079398900573,295.32238196701724,196.8815879780115,21,217,0.8978772755006325,0.014227400002710056,0.04940069445385436,-16.62339851137361,6,dynamic_1_5_p3_6_12_h1_3_6_12,dynamic:1.5,False,False,highs
random,3,104.3711775416538,313.1135326249613,208.7423550833075,18,212,0.8063644303693187,0.014018500078236684,0.04867534749387738,-10.693014958725541,6,dynamic_1_5_p3_6_12_h1_3_6_12,dynamic:1.5,False,False,highs
random,4,113.16585877695326,339.4975763308597,226.33171755390646,13,223,0.9981599133732412,0.01389109993033344,0.04823298586921333,-1.8983337234260773,6,dynamic_1_5_p3_6_12_h1_3_6_12,dynamic:1.5,False,False,highs
random,5,99.11145131497571,297.33435394492705,198.22290262995134,21,231,0.868807013871295,0.01341469995531952,0.04657881928930389,-15.952741185403625,6,dynamic_1_5_p3_6_12_h1_3_6_12,dynamic:1.5,False,False,highs
random,6,107.82970906888573,323.48912720665714,215.6594181377714,17,259,0.9977133012325274,0.013068900036159903,0.04537812512555522,-7.234483431493601,6,dynamic_1_5_p3_6_12_h1_3_6_12,dynamic:1.5,False,False,highs
random,7,81.57250523608005,244.7175157082402,163.14501047216015,20,204,0.8336833112578806,0.013470999954733998,0.046774305398381934,-33.49168726429929,6,dynamic_1_5_p3_6_12_h1_3_6_12,dynamic:1.5,False,False,highs
random,8,97.38442135364409,292.1532640609323,194.76884270728823,17,226,0.9970029220740679,0.013661099939781707,0.0474343747909087,-17.67977114673525,6,dynamic_1_5_p3_6_12_h1_3_6_12,dynamic:1.5,False,False,highs
random,9,124.90966431129308,374.7289929338792,249.81932862258614,24,241,0.8254615646974995,0.013465100026223809,0.046753819535499334,9.84547181091375,6,dynamic_1_5_p3_6_12_h1_3_6_12,dynamic:1.5,False,False,highs
random,10,136.80032112714292,410.40096338142877,273.60064225428584,20,215,0.9469812220222658,0.013755100044363644,0.04776076404292932,21.736128626763588,6,dynamic_1_5_p3_6_12_h1_3_6_12,dynamic:1.5,False,False,highs
random,11,107.46405983380217,322.3921795014065,214.9281196676043,24,187,0.7742465159238227,0.014071000048716087,0.04885763905804197,-7.600132666577167,6,dynamic_1_5_p3_6_12_h1_3_6_12,dynamic:1.5,False,False,highs
random,12,106.15116313455789,318.45348940367376,212.30232626911587,19,228,0.7369737401718853,0.01374090008175699,0.04771145861721177,-8.913029365821444,6,dynamic_1_5_p3_6_12_h1_3_6_12,dynamic:1.5,False,False,highs
random,13,103.33396379745068,310.001891392352,206.6679275949013,17,208,0.7857028753167372,0.01360249999561347,0.047230902762546774,-11.730228702928656,6,dynamic_1_5_p3_6_12_h1_3_6_12,dynamic:1.5,False,False,highs
random,14,110.17334429406918,330.52003288220754,220.34668858813836,11,242,0.9092216684760791,0.013826399968820624,0.048008333225071614,-4.890848206310153,6,dynamic_1_5_p3_6_12_h1_3_6_12,dynamic:1.5,False,False,highs
random,15,100.49298000450696,301.47894001352086,200.9859600090139,17,210,0.9973461816462591,0.013325600077223498,0.04626944471258159,-14.571212495872373,6,dynamic_1_5_p3_6_12_h1_3_6_12,dynamic:1.5,False,False,highs
random,16,110.1653967937514,330.4961903812542,220.33079358750282,17,215,0.9407168832305063,0.013803599969833158,0.047929166561920686,-4.898795706627936,6,dynamic_1_5_p3_6_12_h1_3_6_12,dynamic:1.5,False,False,highs
random,17,120.67634669801055,362.02904009403164,241.3526933960211,18,220,0.822809955429193,0.013500200104317628,0.04687569480665843,5.612154197631213,6,dynamic_1_5_p3_6_12_h1_3_6_12,dynamic:1.5,False,False,highs
random,18,71.345505812136,214.036517436408,142.691011624272,20,221,0.892963399775689,0.013440900002024136,0.04666979167369492,-43.71868668824334,6,dynamic_1_5_p3_6_12_h1_3_6_12,dynamic:1.5,False,False,highs
random,19,109.28567997931899,327.857039937957,218.571359958638,15,189,0.8694078781740053,0.013481099980708677,0.04680937493301624,-5.77851252106035,6,dynamic_1_5_p3_6_12_h1_3_6_12,dynamic:1.5,False,False,highs
random,20,81.72032644433858,245.16097933301572,163.44065288867714,17,228,0.8711404126679086,0.013409699931798968,0.0465614580965242,-33.34386605604075,6,dynamic_1_5_p3_6_12_h1_3_6_12,dynamic:1.5,False,False,highs
random,21,125.93562000778448,377.80686002335347,251.871240015569,19,223,0.9978341658696367,0.013357300020288676,0.04637951395933568,10.871427507405144,6,dynamic_1_5_p3_6_12_h1_3_6_12,dynamic:1.5,False,False,highs
random,22,84.88068162392068,254.642044871762,169.76136324784133,20,226,0.9981644176157219,0.013651699977344833,0.047401736032447336,-30.183510876458655,6,dynamic_1_5_p3_6_12_h1_3_6_12,dynamic:1.5,False,False,highs
random,23,100.45947728216086,301.37843184648256,200.9189545643217,20,228,0.9133295647744661,0.013700400064408313,0.04757083355697331,-14.604715218218473,6,dynamic_1_5_p3_6_12_h1_3_6_12,dynamic:1.5,False,False,highs
random,24,105.94379062509194,317.83137187527575,211.8875812501838,21,222,0.9162924646534933,0.014011300067068078,0.04865034745509749,-9.1204018752874,6,dynamic_1_5_p3_6_12_h1_3_6_12,dynamic:1.5,False,False,highs
random,25,148.49183017217325,445.47549051651976,296.9836603443465,16,232,0.99940515759073,0.01364359996659914,0.0473736109951359,33.42763767179392,6,dynamic_1_5_p3_6_12_h1_3_6_12,dynamic:1.5,False,False,highs
random,26,107.23317376207027,321.6995212862107,214.46634752414045,18,198,0.999215122935251,0.013898000011977274,0.048256944486032204,-7.831018738309069,6,dynamic_1_5_p3_6_12_h1_3_6_12,dynamic:1.5,False,False,highs
random,27,69.91618026784153,209.74854080352458,139.83236053568305,23,240,0.9879649380665034,0.013530799995351117,0.04698194442830249,-45.14801223253781,6,dynamic_1_5_p3_6_12_h1_3_6_12,dynamic:1.5,False,False,highs
random,28,120.88837792498879,362.6651337749664,241.77675584997763,19,238,0.9858391801770665,0.014165200096613262,0.04918472255768494,5.824185424609453,6,dynamic_1_5_p3_6_12_h1_3_6_12,dynamic:1.5,False,False,highs
random,29,112.28392511004603,336.85177533013814,224.5678502200921,17,227,0.8549976535872771,0.014059399974939879,0.048817361024096805,-2.7802673903333073,6,dynamic_1_5_p3_6_12_h1_3_6_12,dynamic:1.5,False,False,highs
milp_h1,0,227.49542496999106,682.4862749099731,454.990849939982,26,198,0.8270906033586524,4.5568876998950145,15.822526735746578,-0.6871722386611339,12,dynamic_1_5_p3_6_12_h1_3_6_12,dynamic:1.5,False,False,highs
milp_h1,1,222.06015222072597,666.1804566621779,444.12030444145194,33,190,0.9234646855361641,4.74573809998401,16.478257291611143,-6.1224449879262295,12,dynamic_1_5_p3_6_12_h1_3_6_12,dynamic:1.5,False,False,highs
milp_h1,2,212.46113077898815,637.3833923369644,424.9222615579763,32,200,0.884997616153129,4.497215099981986,15.615330208270784,-15.721466429664048,12,dynamic_1_5_p3_6_12_h1_3_6_12,dynamic:1.5,False,False,highs
milp_h1,3,228.23304140965132,684.6991242289541,456.4660828193028,25,199,0.9235998661627342,4.669125999898824,16.21224305520425,0.05044420099912372,12,dynamic_1_5_p3_6_12_h1_3_6_12,dynamic:1.5,False,False,highs
milp_h1,4,243.01674687465027,729.0502406239508,486.03349374930053,32,198,0.857501082817252,4.596167199961201,15.95891388875417,14.83414966599807,12,dynamic_1_5_p3_6_12_h1_3_6_12,dynamic:1.5,False,False,highs
milp_h1,5,212.50405325293536,637.5121597588061,425.0081065058707,35,210,0.7742664429856186,4.775831700055278,16.582748958525272,-15.678543955716833,12,dynamic_1_5_p3_6_12_h1_3_6_12,dynamic:1.5,False,False,highs
milp_h1,6,232.3668709357579,697.1006128072737,464.7337418715158,38,232,0.9479095396533532,4.739551000006031,16.4567743055765,4.184273727105705,12,dynamic_1_5_p3_6_12_h1_3_6_12,dynamic:1.5,False,False,highs
milp_h1,7,172.9561980287234,518.8685940861701,345.9123960574467,36,182,0.7980029656336348,4.653466199990362,16.157868749966536,-55.22639917992879,12,dynamic_1_5_p3_6_12_h1_3_6_12,dynamic:1.5,False,False,highs
milp_h1,8,208.28921679258337,624.8676503777502,416.57843358516686,29,209,0.92191825255945,4.6689561000603135,16.211653125209423,-19.893380416068823,12,dynamic_1_5_p3_6_12_h1_3_6_12,dynamic:1.5,False,False,highs
milp_h1,9,266.4896529634792,799.4689588904379,532.9793059269587,37,221,0.7837384548256523,4.6064073000598,15.994469791874305,38.30705575482702,12,dynamic_1_5_p3_6_12_h1_3_6_12,dynamic:1.5,False,False,highs
milp_h1,10,297.5353178580601,892.6059535741804,595.0706357161203,41,188,0.8440035111328517,4.58901200004766,15.93406944460993,69.35272064940793,12,dynamic_1_5_p3_6_12_h1_3_6_12,dynamic:1.5,False,False,highs
milp_h1,11,228.74029485980662,686.2208845794199,457.4805897196133,31,174,0.9017718322912867,4.832777200004784,16.7804763889055,0.5576976511544274,12,dynamic_1_5_p3_6_12_h1_3_6_12,dynamic:1.5,False,False,highs
milp_h1,12,229.48340527415263,688.4502158224581,458.96681054830543,32,210,0.9316079123307477,4.78174320000835,16.603275000028994,1.3008080655004335,12,dynamic_1_5_p3_6_12_h1_3_6_12,dynamic:1.5,False,False,highs
milp_h1,13,226.87529583772022,680.6258875131606,453.7505916754404,24,195,0.8991819481442468,4.81320410000626,16.712514236132847,-1.307301370931981,12,dynamic_1_5_p3_6_12_h1_3_6_12,dynamic:1.5,False,False,highs
milp_h1,14,237.86851972341537,713.605559170246,475.73703944683064,34,213,0.9987351324617874,4.614483599958476,16.022512499855818,9.685922514763178,12,dynamic_1_5_p3_6_12_h1_3_6_12,dynamic:1.5,False,False,highs
milp_h1,15,218.9199478278557,656.7598434835671,437.8398956557114,39,182,0.8339425277495615,4.887680600040767,16.971113194585996,-9.26264938079649,12,dynamic_1_5_p3_6_12_h1_3_6_12,dynamic:1.5,False,False,highs
milp_h1,16,237.5543088873227,712.6629266619681,475.1086177746454,31,195,0.987200848919932,4.73313450000569,16.434494791686422,9.371711678670493,12,dynamic_1_5_p3_6_12_h1_3_6_12,dynamic:1.5,False,False,highs
milp_h1,17,263.5715684890746,790.7147054672239,527.1431369781493,38,195,0.8156884226080608,4.769443000055617,16.560565972415336,35.388971280422396,12,dynamic_1_5_p3_6_12_h1_3_6_12,dynamic:1.5,False,False,highs
milp_h1,18,155.14045858581858,465.42137575745573,310.28091717163716,32,202,0.9687325143449363,4.791304099977424,16.636472569366056,-73.04213862283362,12,dynamic_1_5_p3_6_12_h1_3_6_12,dynamic:1.5,False,False,highs
milp_h1,19,234.22852364182472,702.685570925474,468.45704728364933,33,168,0.9331812863229133,4.708701599869528,16.349658332880306,6.045926433172525,12,dynamic_1_5_p3_6_12_h1_3_6_12,dynamic:1.5,False,False,highs
milp_h1,20,175.99351594348747,527.9805478304623,351.9870318869749,30,209,0.8776161620198482,6.015233200014336,20.886226388938667,-52.18908126516473,12,dynamic_1_5_p3_6_12_h1_3_6_12,dynamic:1.5,False,False,highs
milp_h1,21,271.10322368741026,813.3096710622309,542.2064473748206,39,198,0.9519110693631007,4.549914200011699,15.798313194485067,42.92062647875807,12,dynamic_1_5_p3_6_12_h1_3_6_12,dynamic:1.5,False,False,highs
milp_h1,22,180.55764497319853,541.6729349195956,361.11528994639707,37,203,0.9062379954357477,5.0510070999735035,17.53821909713022,-47.62495223545366,12,dynamic_1_5_p3_6_12_h1_3_6_12,dynamic:1.5,False,False,highs
milp_h1,23,216.75170807441066,650.2551242232321,433.50341614882143,28,215,0.8109429249381273,4.844322499993723,16.820564236089314,-11.43088913424154,12,dynamic_1_5_p3_6_12_h1_3_6_12,dynamic:1.5,False,False,highs
milp_h1,24,229.58378826578456,688.7513647973536,459.16757653156907,29,209,0.997903885678864,4.741425600004732,16.463283333349764,1.4011910571323654,12,dynamic_1_5_p3_6_12_h1_3_6_12,dynamic:1.5,False,False,highs
milp_h1,25,317.64974208672834,952.949226260185,635.2994841734567,30,212,0.9441469359115071,4.812923700003012,16.711540625010457,89.46714487807614,12,dynamic_1_5_p3_6_12_h1_3_6_12,dynamic:1.5,False,False,highs
milp_h1,26,235.93849443197246,707.8154832959174,471.8769888639449,38,172,0.9228806817714903,4.629512400009844,16.074695833367514,7.755897223320261,12,dynamic_1_5_p3_6_12_h1_3_6_12,dynamic:1.5,False,False,highs
milp_h1,27,152.70486374696094,458.1145912408828,305.4097274939219,28,229,0.9974856116246675,4.889796099923842,16.97845868029112,-75.47773346169126,12,dynamic_1_5_p3_6_12_h1_3_6_12,dynamic:1.5,False,False,highs
milp_h1,28,264.1861153960227,792.5583461880682,528.3722307920455,36,215,0.854492405842839,5.627096799849824,19.53853055503411,36.00351818737053,12,dynamic_1_5_p3_6_12_h1_3_6_12,dynamic:1.5,False,False,highs
milp_h1,29,242.73178710937492,728.1953613281248,485.4635742187499,26,212,0.9540397043281937,4.77986140010762,16.596740972595903,14.549189900722723,12,dynamic_1_5_p3_6_12_h1_3_6_12,dynamic:1.5,False,False,highs
milp_h3,0,227.49542496999095,682.486274909973,454.990849939982,23,201,0.8929754653236915,9.490293699869653,32.95240868010296,-0.6871722386612475,12,dynamic_1_5_p3_6_12_h1_3_6_12,dynamic:1.5,False,False,highs
milp_h3,1,219.5304389278093,658.591316783428,439.06087785561874,32,191,0.951194609787432,7.484446300019044,25.987660763955017,-8.652158280842883,12,dynamic_1_5_p3_6_12_h1_3_6_12,dynamic:1.5,False,False,highs
milp_h3,2,212.46113077898815,637.3833923369644,424.9222615579763,32,203,0.9326032589010224,7.888950500026112,27.39218923620178,-15.721466429664048,12,dynamic_1_5_p3_6_12_h1_3_6_12,dynamic:1.5,False,False,highs
milp_h3,3,227.9812414089838,683.9437242269514,455.9624828179676,33,191,0.921155935305974,6.939064300007885,24.09397326391627,-0.20135579966839146,12,dynamic_1_5_p3_6_12_h1_3_6_12,dynamic:1.5,False,False,highs
milp_h3,4,243.01674687465027,729.0502406239508,486.03349374930053,34,197,0.9327861841568587,7.212371399946278,25.042956249813464,14.83414966599807,12,dynamic_1_5_p3_6_12_h1_3_6_12,dynamic:1.5,False,False,highs
milp_h3,5,212.50405325293536,637.5121597588061,425.0081065058707,30,217,0.6579646689143719,9.83802320009272,34.159802778099724,-15.678543955716833,12,dynamic_1_5_p3_6_12_h1_3_6_12,dynamic:1.5,False,False,highs
milp_h3,6,232.3668709357579,697.1006128072737,464.7337418715158,23,247,0.9982928867483645,7.1771833999227965,24.920775694176378,4.184273727105705,12,dynamic_1_5_p3_6_12_h1_3_6_12,dynamic:1.5,False,False,highs
milp_h3,7,174.72995468378065,524.1898640513419,349.4599093675613,30,188,0.9080095091242161,7.513722999807214,26.08931597155283,-53.45264252487155,12,dynamic_1_5_p3_6_12_h1_3_6_12,dynamic:1.5,False,False,highs
milp_h3,8,208.28921679258337,624.8676503777502,416.57843358516686,25,213,0.9460975469745584,7.002777899921057,24.31520104139256,-19.893380416068823,12,dynamic_1_5_p3_6_12_h1_3_6_12,dynamic:1.5,False,False,highs
milp_h3,9,266.4896529634792,799.4689588904379,532.9793059269587,26,234,0.8530337401693555,7.695886800021981,26.72182916674299,38.30705575482702,12,dynamic_1_5_p3_6_12_h1_3_6_12,dynamic:1.5,False,False,highs
milp_h3,10,297.4319845239321,892.2959535717963,594.8639690478642,25,207,0.9983952529587893,7.715889000130119,26.791281250451803,69.2493873152799,12,dynamic_1_5_p3_6_12_h1_3_6_12,dynamic:1.5,False,False,highs
milp_h3,11,228.74029485980662,686.2208845794199,457.4805897196133,24,182,0.9436731090396785,7.082377100014128,24.591587152826833,0.5576976511544274,12,dynamic_1_5_p3_6_12_h1_3_6_12,dynamic:1.5,False,False,highs
milp_h3,12,229.48340527415274,688.4502158224582,458.96681054830543,24,217,0.9356237167805918,8.604651599889621,29.87726249961674,1.3008080655005472,12,dynamic_1_5_p3_6_12_h1_3_6_12,dynamic:1.5,False,False,highs
milp_h3,13,226.87529583772022,680.6258875131606,453.7505916754404,23,197,0.9347902350003947,8.143449899900588,28.275867707988155,-1.307301370931981,12,dynamic_1_5_p3_6_12_h1_3_6_12,dynamic:1.5,False,False,highs
milp_h3,14,237.86851972341532,713.605559170246,475.7370394468307,23,224,0.8837181714502628,7.752065199980279,26.91689305548708,9.68592251476312,12,dynamic_1_5_p3_6_12_h1_3_6_12,dynamic:1.5,False,False,highs
milp_h3,15,218.9199478278557,656.7598434835671,437.8398956557114,30,192,0.8707451305960758,7.27331660001073,25.254571527815035,-9.26264938079649,12,dynamic_1_5_p3_6_12_h1_3_6_12,dynamic:1.5,False,False,highs
milp_h3,16,237.5543088873227,712.6629266619681,475.1086177746454,24,203,0.9976696813452095,7.45354579994455,25.880367360918576,9.371711678670493,12,dynamic_1_5_p3_6_12_h1_3_6_12,dynamic:1.5,False,False,highs
milp_h3,17,263.5715684890746,790.7147054672239,527.1431369781493,29,205,0.8910492580830597,7.886483200039947,27.383622222360927,35.388971280422396,12,dynamic_1_5_p3_6_12_h1_3_6_12,dynamic:1.5,False,False,highs
milp_h3,18,155.14045858581858,465.42137575745573,310.28091717163716,32,204,0.9689247354498394,7.60036589995434,26.39015937484146,-73.04213862283362,12,dynamic_1_5_p3_6_12_h1_3_6_12,dynamic:1.5,False,False,highs
milp_h3,19,234.41057031353313,703.2317109405993,468.8211406270662,27,174,0.972753753372273,7.77885170004447,27.00990173626552,6.227973104880931,12,dynamic_1_5_p3_6_12_h1_3_6_12,dynamic:1.5,False,False,highs
milp_h3,20,175.99351594348747,527.9805478304623,351.9870318869749,30,210,0.9110372046560196,8.121715000044787,28.200399305711066,-52.18908126516473,12,dynamic_1_5_p3_6_12_h1_3_6_12,dynamic:1.5,False,False,highs
milp_h3,21,271.10322368741026,813.3096710622309,542.2064473748206,24,214,0.9985646373619859,7.53222070002812,26.15354409731986,42.92062647875807,12,dynamic_1_5_p3_6_12_h1_3_6_12,dynamic:1.5,False,False,highs
milp_h3,22,180.55764497319853,541.6729349195956,361.11528994639707,30,210,0.8615323904020995,8.9282473999192,31.000859027497224,-47.62495223545366,12,dynamic_1_5_p3_6_12_h1_3_6_12,dynamic:1.5,False,False,highs
milp_h3,23,216.75170807441066,650.2551242232321,433.50341614882143,26,219,0.8941673358127353,7.263545899884775,25.220645485711024,-11.43088913424154,12,dynamic_1_5_p3_6_12_h1_3_6_12,dynamic:1.5,False,False,highs
milp_h3,24,229.58378826578456,688.7513647973536,459.16757653156907,23,215,0.9973860791843413,7.380111299979035,25.625386458260536,1.4011910571323654,12,dynamic_1_5_p3_6_12_h1_3_6_12,dynamic:1.5,False,False,highs
milp_h3,25,317.64974208672834,952.949226260185,635.2994841734567,27,215,0.9977664737307387,8.006813699801569,27.801436457644336,89.46714487807614,12,dynamic_1_5_p3_6_12_h1_3_6_12,dynamic:1.5,False,False,highs
milp_h3,26,235.73609442313506,707.2082832694052,471.47218884627017,32,180,0.8832167963257699,9.082376999867847,31.536031249541136,7.55349721448286,12,dynamic_1_5_p3_6_12_h1_3_6_12,dynamic:1.5,False,False,highs
milp_h3,27,152.58753041426337,457.7625912427901,305.17506082852674,26,231,0.9989129361240444,8.253874999922118,28.65928819417402,-75.59506679438883,12,dynamic_1_5_p3_6_12_h1_3_6_12,dynamic:1.5,False,False,highs
milp_h3,28,264.1861153960227,792.5583461880682,528.3722307920455,26,226,0.9976802529637719,7.520831200105022,26.11399722258688,36.00351818737053,12,dynamic_1_5_p3_6_12_h1_3_6_12,dynamic:1.5,False,False,highs
milp_h3,29,242.73178710937492,728.1953613281248,485.4635742187499,27,213,0.8777337161419403,7.966034099983517,27.659840624942767,14.549189900722723,12,dynamic_1_5_p3_6_12_h1_3_6_12,dynamic:1.5,False,False,highs
milp_h6,0,227.49542496999095,682.486274909973,454.990849939982,25,200,0.8610545501868238,11.024771200027317,38.280455555650406,-0.6871722386612475,12,dynamic_1_5_p3_6_12_h1_3_6_12,dynamic:1.5,False,False,highs
milp_h6,1,219.68611359198883,659.0583407759665,439.37222718397766,32,191,0.9494880595318529,10.4267511000362,36.20399687512569,-8.496483616663369,12,dynamic_1_5_p3_6_12_h1_3_6_12,dynamic:1.5,False,False,highs
milp_h6,2,212.46113077898815,637.3833923369644,424.9222615579763,32,203,0.9326884049939572,11.167818300047657,38.77714687516547,-15.721466429664048,12,dynamic_1_5_p3_6_12_h1_3_6_12,dynamic:1.5,False,False,highs
milp_h6,3,228.23304140965138,684.6991242289541,456.46608281930276,25,199,0.8848638081056077,10.480030899969279,36.388996180448885,0.050444200999180566,12,dynamic_1_5_p3_6_12_h1_3_6_12,dynamic:1.5,False,False,highs
milp_h6,4,243.01674687465027,729.0502406239508,486.03349374930053,29,204,0.8560251284486619,10.3757594001072,36.02694236148333,14.83414966599807,12,dynamic_1_5_p3_6_12_h1_3_6_12,dynamic:1.5,False,False,highs
milp_h6,5,212.50405325293536,637.5121597588061,425.0081065058707,28,219,0.8185716592259944,12.631947599787964,43.86092916593043,-15.678543955716833,12,dynamic_1_5_p3_6_12_h1_3_6_12,dynamic:1.5,False,False,highs
milp_h6,6,232.3668709357579,697.1006128072737,464.7337418715158,23,247,0.9982928867483645,11.051648400039994,38.373779166805534,4.184273727105705,12,dynamic_1_5_p3_6_12_h1_3_6_12,dynamic:1.5,False,False,highs
milp_h6,7,174.98798468112943,524.9639540433883,349.97596936225887,31,189,0.8665078698002614,10.710799300155486,37.1902753477621,-53.194612527522764,12,dynamic_1_5_p3_6_12_h1_3_6_12,dynamic:1.5,False,False,highs
milp_h6,8,208.28921679258337,624.8676503777502,416.57843358516686,26,213,0.9390236972454942,10.06732519979414,34.95599027706299,-19.893380416068823,12,dynamic_1_5_p3_6_12_h1_3_6_12,dynamic:1.5,False,False,highs
milp_h6,9,266.4896529634792,799.4689588904379,532.9793059269587,30,230,0.7836327058801087,11.462570500036236,39.80059201401471,38.30705575482702,12,dynamic_1_5_p3_6_12_h1_3_6_12,dynamic:1.5,False,False,highs
milp_h6,10,297.5353178580601,892.6059535741805,595.0706357161204,24,206,0.913008635493711,13.760103899752721,47.77813854080806,69.35272064940793,12,dynamic_1_5_p3_6_12_h1_3_6_12,dynamic:1.5,False,False,highs
milp_h6,11,228.74029485980662,686.2208845794199,457.4805897196133,24,182,0.9436731090396785,10.326966700144112,35.85752326438928,0.5576976511544274,12,dynamic_1_5_p3_6_12_h1_3_6_12,dynamic:1.5,False,False,highs
milp_h6,12,228.86718530058852,686.6015559017657,457.73437060117715,28,213,0.8559672251905253,11.867158799970639,41.20541249989805,0.6845880919363196,12,dynamic_1_5_p3_6_12_h1_3_6_12,dynamic:1.5,False,False,highs
milp_h6,13,226.87529583772022,680.6258875131606,453.7505916754404,21,199,0.8277245584830566,9.681650300015463,33.616841319498135,-1.307301370931981,12,dynamic_1_5_p3_6_12_h1_3_6_12,dynamic:1.5,False,False,highs
milp_h6,14,237.86851972341532,713.605559170246,475.7370394468307,23,224,0.8837181714502628,10.826010899967514,37.590315624887204,9.68592251476312,12,dynamic_1_5_p3_6_12_h1_3_6_12,dynamic:1.5,False,False,highs
milp_h6,15,218.9199478278557,656.7598434835671,437.8398956557114,26,196,0.871268139755328,10.197694900096394,35.408662847556926,-9.26264938079649,12,dynamic_1_5_p3_6_12_h1_3_6_12,dynamic:1.5,False,False,highs
milp_h6,16,237.5543088873227,712.6629266619681,475.1086177746454,27,200,0.9971965522141776,10.054638700035866,34.91193993068009,9.371711678670493,12,dynamic_1_5_p3_6_12_h1_3_6_12,dynamic:1.5,False,False,highs
milp_h6,17,263.5715684890746,790.7147054672239,527.1431369781493,29,205,0.8910492580830597,35.0732087999786,121.7819749999257,35.388971280422396,12,dynamic_1_5_p3_6_12_h1_3_6_12,dynamic:1.5,False,False,highs
milp_h6,18,155.14045858581858,465.42137575745573,310.28091717163716,29,206,0.9980429089985222,9.58766360001755,33.29049861117205,-73.04213862283362,12,dynamic_1_5_p3_6_12_h1_3_6_12,dynamic:1.5,False,False,highs
milp_h6,19,234.68364032109577,704.0509209632872,469.3672806421915,28,173,0.9746683215619318,11.282665099977748,39.175920486033846,6.501043112443568,12,dynamic_1_5_p3_6_12_h1_3_6_12,dynamic:1.5,False,False,highs
milp_h6,20,175.89718260864413,527.6915478259324,351.79436521728826,31,208,0.941158589786435,11.040857399915694,38.33631041637394,-52.28541460000807,12,dynamic_1_5_p3_6_12_h1_3_6_12,dynamic:1.5,False,False,highs
milp_h6,21,270.88681034843125,812.6604310452936,541.7736206968624,29,207,0.997986610316212,11.18764459999511,38.84598819442746,42.70421313977906,12,dynamic_1_5_p3_6_12_h1_3_6_12,dynamic:1.5,False,False,highs
milp_h6,22,180.55764497319853,541.6729349195956,361.11528994639707,28,213,0.9432407498098017,12.358871099946555,42.912746874814424,-47.62495223545366,12,dynamic_1_5_p3_6_12_h1_3_6_12,dynamic:1.5,False,False,highs
milp_h6,23,216.75170807441066,650.2551242232321,433.50341614882143,26,218,0.894215089000623,10.757858199911425,37.353674305248006,-11.43088913424154,12,dynamic_1_5_p3_6_12_h1_3_6_12,dynamic:1.5,False,False,highs
milp_h6,24,229.58378826578456,688.7513647973536,459.16757653156907,23,215,0.9973860791843413,10.95586529999855,38.041198958328295,1.4011910571323654,12,dynamic_1_5_p3_6_12_h1_3_6_12,dynamic:1.5,False,False,highs
milp_h6,25,317.64974208672834,952.949226260185,635.2994841734567,22,220,0.8396385148253964,11.77635709993774,40.890128819228266,89.46714487807614,12,dynamic_1_5_p3_6_12_h1_3_6_12,dynamic:1.5,False,False,highs
milp_h6,26,235.73609442313506,707.2082832694052,471.47218884627017,32,180,0.8837102204124767,13.334236300055636,46.299431597415406,7.55349721448286,12,dynamic_1_5_p3_6_12_h1_3_6_12,dynamic:1.5,False,False,highs
milp_h6,27,152.70486374696088,458.11459124088276,305.4097274939219,25,232,0.9493825928068755,10.977771100137033,38.1172607643647,-75.47773346169132,12,dynamic_1_5_p3_6_12_h1_3_6_12,dynamic:1.5,False,False,highs
milp_h6,28,264.1861153960227,792.5583461880682,528.3722307920455,26,226,0.9976802529637719,9.757298999960767,33.879510416530444,36.00351818737053,12,dynamic_1_5_p3_6_12_h1_3_6_12,dynamic:1.5,False,False,highs
milp_h6,29,242.73178710937503,728.1953613281249,485.4635742187499,27,212,0.8815339701338717,11.107265899932827,38.56689548587787,14.549189900722837,12,dynamic_1_5_p3_6_12_h1_3_6_12,dynamic:1.5,False,False,highs
milp_h12,0,227.49542496999095,682.486274909973,454.990849939982,25,200,0.8610545501868238,17.295743000067887,60.05466319468016,-0.6871722386612475,12,dynamic_1_5_p3_6_12_h1_3_6_12,dynamic:1.5,False,False,highs
milp_h12,1,222.06015222072597,666.1804566621779,444.12030444145194,28,196,0.9374455112904969,17.635311399993952,61.23372013886789,-6.1224449879262295,12,dynamic_1_5_p3_6_12_h1_3_6_12,dynamic:1.5,False,False,highs
milp_h12,2,212.46113077898815,637.3833923369644,424.9222615579763,29,204,0.917755350833644,17.2615143997391,59.93581388798298,-15.721466429664048,12,dynamic_1_5_p3_6_12_h1_3_6_12,dynamic:1.5,False,False,highs
milp_h12,3,228.23304140965138,684.6991242289541,456.46608281930276,27,198,0.91834327424408,16.208417000001646,56.27922569445016,0.050444200999180566,12,dynamic_1_5_p3_6_12_h1_3_6_12,dynamic:1.5,False,False,highs
milp_h12,4,243.01674687465027,729.0502406239508,486.03349374930053,37,193,0.9219405558224723,15.820653800052241,54.93282569462584,14.83414966599807,12,dynamic_1_5_p3_6_12_h1_3_6_12,dynamic:1.5,False,False,highs
milp_h12,5,212.50405325293536,637.5121597588061,425.0081065058707,28,219,0.8337864875599442,20.42280149992439,70.9125052080708,-15.678543955716833,12,dynamic_1_5_p3_6_12_h1_3_6_12,dynamic:1.5,False,False,highs
milp_h12,6,232.3668709357579,697.1006128072737,464.7337418715158,25,245,0.9988633726733954,78.99323719994572,274.2820736109227,4.184273727105705,12,dynamic_1_5_p3_6_12_h1_3_6_12,dynamic:1.5,False,False,highs
milp_h12,7,174.98798468112943,524.9639540433883,349.97596936225887,27,191,0.8116229024710913,17.986407299962593,62.452803124870115,-53.194612527522764,12,dynamic_1_5_p3_6_12_h1_3_6_12,dynamic:1.5,False,False,highs
milp_h12,8,208.28921679258337,624.8676503777502,416.57843358516686,24,215,0.9228634527389258,16.587981299919193,57.59715729138608,-19.893380416068823,12,dynamic_1_5_p3_6_12_h1_3_6_12,dynamic:1.5,False,False,highs
milp_h12,9,266.4896529634792,799.4689588904379,532.9793059269587,28,231,0.8753564022284815,18.08507239994651,62.795390277592055,38.30705575482702,12,dynamic_1_5_p3_6_12_h1_3_6_12,dynamic:1.5,False,False,highs
milp_h12,10,297.5353178580601,892.6059535741804,595.0706357161203,25,205,0.9156967610762222,18.820784800002002,65.34994722222918,69.35272064940793,12,dynamic_1_5_p3_6_12_h1_3_6_12,dynamic:1.5,False,False,highs
milp_h12,11,228.74029485980668,686.2208845794199,457.48058971961325,28,179,0.9057729511965733,22.135067200128105,76.85787222266703,0.5576976511544842,12,dynamic_1_5_p3_6_12_h1_3_6_12,dynamic:1.5,False,False,highs
milp_h12,12,228.86718530058852,686.6015559017657,457.73437060117715,28,213,0.8559672251905253,24.41779509994376,84.78401076369362,0.6845880919363196,12,dynamic_1_5_p3_6_12_h1_3_6_12,dynamic:1.5,False,False,highs
milp_h12,13,226.87529583772022,680.6258875131606,453.7505916754404,24,196,0.9242264113337915,21.326897300008568,74.05172673614086,-1.307301370931981,12,dynamic_1_5_p3_6_12_h1_3_6_12,dynamic:1.5,False,False,highs
milp_h12,14,237.86851972341537,713.605559170246,475.73703944683064,23,224,0.8924371950593672,21.6443715000496,75.15406770850556,9.685922514763178,12,dynamic_1_5_p3_6_12_h1_3_6_12,dynamic:1.5,False,False,highs
milp_h12,15,218.9199478278557,656.7598434835671,437.8398956557114,25,198,0.8611472458285315,17.929041300085373,62.25361562529643,-9.26264938079649,12,dynamic_1_5_p3_6_12_h1_3_6_12,dynamic:1.5,False,False,highs
milp_h12,16,237.5543088873227,712.6629266619681,475.1086177746454,26,202,0.9975607031596933,18.821368299992173,65.35197326386171,9.371711678670493,12,dynamic_1_5_p3_6_12_h1_3_6_12,dynamic:1.5,False,False,highs
milp_h12,17,263.5715684890746,790.7147054672239,527.1431369781493,25,209,0.8654286241731077,19.398928000067826,67.3573888891244,35.388971280422396,12,dynamic_1_5_p3_6_12_h1_3_6_12,dynamic:1.5,False,False,highs
milp_h12,18,155.14045858581858,465.42137575745573,310.28091717163716,30,205,0.9975894045486643,18.26772129999881,63.429587847218095,-73.04213862283362,12,dynamic_1_5_p3_6_12_h1_3_6_12,dynamic:1.5,False,False,highs
milp_h12,19,234.68364032109577,704.0509209632872,469.3672806421915,31,172,0.9221554187255667,19.31317410012707,67.05963229210789,6.501043112443568,12,dynamic_1_5_p3_6_12_h1_3_6_12,dynamic:1.5,False,False,highs
milp_h12,20,175.99351594348747,527.9805478304623,351.9870318869749,32,208,0.9056185876305981,18.922044099963387,65.70154201376175,-52.18908126516473,12,dynamic_1_5_p3_6_12_h1_3_6_12,dynamic:1.5,False,False,highs
milp_h12,21,271.10322368741026,813.3096710622309,542.2064473748206,29,208,0.9446883847357836,17.430631799943512,60.523027083137194,42.92062647875807,12,dynamic_1_5_p3_6_12_h1_3_6_12,dynamic:1.5,False,False,highs
milp_h12,22,180.55764497319853,541.6729349195956,361.11528994639707,27,214,0.9430033274041658,20.415718500022194,70.8879114584104,-47.62495223545366,12,dynamic_1_5_p3_6_12_h1_3_6_12,dynamic:1.5,False,False,highs
milp_h12,23,216.75170807441066,650.2551242232321,433.50341614882143,31,213,0.9497423137384478,19.447756600085995,67.52693263918748,-11.43088913424154,12,dynamic_1_5_p3_6_12_h1_3_6_12,dynamic:1.5,False,False,highs
milp_h12,24,229.58378826578456,688.7513647973536,459.16757653156907,25,214,0.8740738662326676,18.657935000024736,64.78449652786367,1.4011910571323654,12,dynamic_1_5_p3_6_12_h1_3_6_12,dynamic:1.5,False,False,highs
milp_h12,25,317.64974208672834,952.949226260185,635.2994841734567,21,221,0.8771147579328041,20.361056900030235,70.6981142362161,89.46714487807614,12,dynamic_1_5_p3_6_12_h1_3_6_12,dynamic:1.5,False,False,highs
milp_h12,26,235.93849443197246,707.8154832959174,471.8769888639449,24,188,0.9212555035586735,22.203650799870957,77.09600972177415,7.755897223320261,12,dynamic_1_5_p3_6_12_h1_3_6_12,dynamic:1.5,False,False,highs
milp_h12,27,152.704863746961,458.1145912408828,305.4097274939218,26,231,0.9980012524462786,19.504386700020405,67.72356493062641,-75.4777334616912,12,dynamic_1_5_p3_6_12_h1_3_6_12,dynamic:1.5,False,False,highs
milp_h12,28,264.1861153960227,792.5583461880682,528.3722307920455,26,226,0.9976802529637719,17.594102900082362,61.090635069730425,36.00351818737053,12,dynamic_1_5_p3_6_12_h1_3_6_12,dynamic:1.5,False,False,highs
milp_h12,29,242.73178710937492,728.1953613281248,485.4635742187499,23,217,0.9918042031025239,20.188093499891693,70.09754687462393,14.549189900722723,12,dynamic_1_5_p3_6_12_h1_3_6_12,dynamic:1.5,False,False,highs
equal_share,0,195.89308570597439,587.6792571179232,391.78617141194877,35,191,0.8946870983562462,0.005013600108213723,0.017408333709075425,-32.28951150267781,12,dynamic_1_5_p3_6_12_h1_3_6_12,dynamic:1.5,False,False,highs
equal_share,1,150.56613136594137,451.69839409782406,301.1322627318827,20,203,0.9319321660757488,0.0046044998889556155,0.015987846836651443,-77.61646584271082,12,dynamic_1_5_p3_6_12_h1_3_6_12,dynamic:1.5,False,False,highs
equal_share,2,166.16563823904931,498.49691471714806,332.33127647809874,29,203,0.926687188566079,0.004683700317400508,0.016262848324307317,-62.01695896960288,12,dynamic_1_5_p3_6_12_h1_3_6_12,dynamic:1.5,False,False,highs
equal_share,3,177.8135122446697,533.440536734009,355.6270244893393,27,197,0.9150407010732791,0.004848099866649136,0.016833680092531722,-50.36908496398249,12,dynamic_1_5_p3_6_12_h1_3_6_12,dynamic:1.5,False,False,highs
equal_share,4,200.07062617666332,600.2118785299898,400.1412523533265,33,197,0.9854542398761454,0.0044228999759070575,0.015357291583010616,-28.111971031988872,12,dynamic_1_5_p3_6_12_h1_3_6_12,dynamic:1.5,False,False,highs
equal_share,5,173.85206161576224,521.5561848472867,347.7041232315244,30,215,0.762118317022892,0.004366799854324199,0.015162499494181247,-54.33053559288996,12,dynamic_1_5_p3_6_12_h1_3_6_12,dynamic:1.5,False,False,highs
equal_share,6,179.32453624873222,537.9736087461966,358.64907249746443,30,240,0.9956255765621396,0.005744100009906106,0.019944791701062867,-48.85806095991998,12,dynamic_1_5_p3_6_12_h1_3_6_12,dynamic:1.5,False,False,highs
equal_share,7,151.0845952420009,453.2537857260026,302.1691904840017,28,190,0.8678885014045212,0.0039969000936253,0.013878125325087845,-77.09800196665131,12,dynamic_1_5_p3_6_12_h1_3_6_12,dynamic:1.5,False,False,highs
equal_share,8,178.15703351666355,534.4711005499908,356.3140670333272,30,207,0.9274483617068574,0.004529600104433484,0.01572777814039404,-50.02556369198865,12,dynamic_1_5_p3_6_12_h1_3_6_12,dynamic:1.5,False,False,highs
equal_share,9,211.6975950021564,635.0927850064693,423.3951900043129,24,234,0.8304089562161278,0.0043782999709947035,0.01520243045484272,-16.485002206495807,12,dynamic_1_5_p3_6_12_h1_3_6_12,dynamic:1.5,False,False,highs
equal_share,10,221.05566403341265,663.1669921002378,442.1113280668252,24,205,0.9041634282583332,0.004520799921010621,0.015697221947953546,-7.126933175239543,12,dynamic_1_5_p3_6_12_h1_3_6_12,dynamic:1.5,False,False,highs
equal_share,11,183.31912018427465,549.9573605528241,366.6382403685494,30,176,0.9559099698911505,0.004297500068787485,0.014921875238845436,-44.863477024377545,12,dynamic_1_5_p3_6_12_h1_3_6_12,dynamic:1.5,False,False,highs
equal_share,12,163.93299261088595,491.79897783265784,327.8659852217719,29,212,0.8334043719038571,0.004414799986989237,0.015329166621490408,-64.24960459776625,12,dynamic_1_5_p3_6_12_h1_3_6_12,dynamic:1.5,False,False,highs
equal_share,13,169.40683280539383,508.2204984161814,338.81366561078755,23,196,0.8422212706703087,0.0044444998929975554,0.0154322912951304,-58.775764403258364,12,dynamic_1_5_p3_6_12_h1_3_6_12,dynamic:1.5,False,False,highs
equal_share,14,195.4548809939967,586.3646429819901,390.90976198799336,20,227,0.9972766288996553,0.004511900013312697,0.015666319490669087,-32.72771621465549,12,dynamic_1_5_p3_6_12_h1_3_6_12,dynamic:1.5,False,False,highs
equal_share,15,210.92979632635928,632.7893889790778,421.8595926527185,38,184,0.9080208403578149,0.004286600058549084,0.014884027981073208,-17.252800882292917,12,dynamic_1_5_p3_6_12_h1_3_6_12,dynamic:1.5,False,False,highs
equal_share,16,165.5930500544216,496.77915016326483,331.1861001088432,22,204,0.99532066228776,0.004671499875257723,0.016220485677978205,-62.58954715423059,12,dynamic_1_5_p3_6_12_h1_3_6_12,dynamic:1.5,False,False,highs
equal_share,17,200.8537390110559,602.5612170331677,401.70747802211184,29,203,0.8083373434987687,0.0043028001091443,0.014940278156751042,-27.328858197596304,12,dynamic_1_5_p3_6_12_h1_3_6_12,dynamic:1.5,False,False,highs
equal_share,18,81.48860156742916,244.46580470228747,162.9772031348583,12,222,0.8259337529688471,0.00428979990829248,0.01489513857046,-146.69399564122304,12,dynamic_1_5_p3_6_12_h1_3_6_12,dynamic:1.5,False,False,highs
equal_share,19,154.99194521634064,464.975835649022,309.98389043268133,17,181,0.7272352412282536,0.004337499864050187,0.015060763416840928,-73.19065199231156,12,dynamic_1_5_p3_6_12_h1_3_6_12,dynamic:1.5,False,False,highs
equal_share,20,143.6297974574017,430.8893923722051,287.2595949148034,32,207,0.8850261335675446,0.004591299904859625,0.015942013558540365,-84.55279975125049,12,dynamic_1_5_p3_6_12_h1_3_6_12,dynamic:1.5,False,False,highs
equal_share,21,204.18081056880436,612.542431706413,408.36162113760867,25,213,0.9013141396735597,0.004739299998618662,0.016455902772981465,-24.001786639847836,12,dynamic_1_5_p3_6_12_h1_3_6_12,dynamic:1.5,False,False,highs
equal_share,22,150.33346579944867,451.00039739834597,300.6669315988973,29,211,0.9150544482960141,0.0046924998896429315,0.016293402394593513,-77.84913140920352,12,dynamic_1_5_p3_6_12_h1_3_6_12,dynamic:1.5,False,False,highs
equal_share,23,174.33489178417904,523.004675352537,348.66978356835796,23,218,0.8658201471759512,0.004790200124261901,0.01663263932035382,-53.84770542447316,12,dynamic_1_5_p3_6_12_h1_3_6_12,dynamic:1.5,False,False,highs
equal_share,24,147.36767132081252,442.1030139624376,294.7353426416251,15,222,0.9950126580129999,0.004587499643093906,0.015928818205187174,-80.81492588783968,12,dynamic_1_5_p3_6_12_h1_3_6_12,dynamic:1.5,False,False,highs
equal_share,25,232.3723577486724,697.1170732460171,464.74471549734466,24,218,0.9953704856256378,0.0047055000613909215,0.01633854187982959,4.189760540020217,12,dynamic_1_5_p3_6_12_h1_3_6_12,dynamic:1.5,False,False,highs
equal_share,26,203.3847294123596,610.1541882370788,406.76945882471915,27,183,0.9418129556027798,0.0046877998393028975,0.016277082775357284,-24.797867796292593,12,dynamic_1_5_p3_6_12_h1_3_6_12,dynamic:1.5,False,False,highs
equal_share,27,112.3820000170812,337.1460000512436,224.76400003416242,20,236,0.9610642644465255,0.004734199945232831,0.016438194254280662,-115.800597191571,12,dynamic_1_5_p3_6_12_h1_3_6_12,dynamic:1.5,False,False,highs
equal_share,28,182.36439166032739,547.0931749809822,364.7287833206548,23,228,0.6285576849865616,0.004631000148947351,0.01607986162828941,-45.81820554832481,12,dynamic_1_5_p3_6_12_h1_3_6_12,dynamic:1.5,False,False,highs
equal_share,29,161.1447806159333,483.43434184779994,322.2895612318666,21,217,0.9889455470763381,0.004714100010460243,0.016368402814098064,-67.03781659271888,12,dynamic_1_5_p3_6_12_h1_3_6_12,dynamic:1.5,False,False,highs
max_charge,0,227.49542496999106,682.4862749099731,454.990849939982,39,187,0.8955688183530749,0.0019525997195160016,0.006779860137208339,-0.6871722386611339,12,dynamic_1_5_p3_6_12_h1_3_6_12,dynamic:1.5,False,False,highs
max_charge,1,222.0601522207259,666.1804566621779,444.120304441452,41,182,0.964782600386167,0.0019481999916024506,0.006764583304175176,-6.122444987926286,12,dynamic_1_5_p3_6_12_h1_3_6_12,dynamic:1.5,False,False,highs
max_charge,2,212.4611307789881,637.3833923369644,424.92226155797636,35,197,0.9057877148929259,0.0018560999596957117,0.006444791526721221,-15.721466429664105,12,dynamic_1_5_p3_6_12_h1_3_6_12,dynamic:1.5,False,False,highs
max_charge,3,228.23304140965143,684.6991242289542,456.4660828193028,37,187,0.9389401162033668,0.001882200056570582,0.006535416863092299,0.05044420099923741,12,dynamic_1_5_p3_6_12_h1_3_6_12,dynamic:1.5,False,False,highs
max_charge,4,243.0167468746502,729.0502406239508,486.0334937493006,43,187,0.9089711971686169,0.0018381001136731356,0.006382292061365054,14.834149665998012,12,dynamic_1_5_p3_6_12_h1_3_6_12,dynamic:1.5,False,False,highs
max_charge,5,212.5040532529353,637.5121597588061,425.0081065058708,43,203,0.8495210074102768,0.0022024999489076436,0.007647569267040429,-15.67854395571689,12,dynamic_1_5_p3_6_12_h1_3_6_12,dynamic:1.5,False,False,highs
max_charge,6,232.36687093575785,697.1006128072737,464.73374187151586,41,229,0.9961480287547907,0.0018360998656135052,0.006375346755602449,4.184273727105648,12,dynamic_1_5_p3_6_12_h1_3_6_12,dynamic:1.5,False,False,highs
max_charge,7,174.98798468112943,524.9639540433883,349.97596936225887,35,183,0.8797805945475088,0.0019417998992139474,0.006742360761159539,-53.194612527522764,12,dynamic_1_5_p3_6_12_h1_3_6_12,dynamic:1.5,False,False,highs
max_charge,8,208.2892167925835,624.8676503777504,416.57843358516686,40,197,0.9516399793644877,0.002207700119470246,0.007665625414827243,-19.89338041606871,12,dynamic_1_5_p3_6_12_h1_3_6_12,dynamic:1.5,False,False,highs
max_charge,9,266.48965296347933,799.468958890438,532.9793059269587,38,220,0.8831937883083713,0.002023699998972006,0.007026736107541688,38.30705575482713,12,dynamic_1_5_p3_6_12_h1_3_6_12,dynamic:1.5,False,False,highs
max_charge,10,297.5353178580601,892.6059535741805,595.0706357161204,40,189,0.9069967578140683,0.0018760000530164689,0.00651388907297385,69.35272064940793,12,dynamic_1_5_p3_6_12_h1_3_6_12,dynamic:1.5,False,False,highs
max_charge,11,228.74029485980674,686.22088457942,457.4805897196133,38,167,0.9675340542214251,0.0019839000597130507,0.006888541874003649,0.5576976511545411,12,dynamic_1_5_p3_6_12_h1_3_6_12,dynamic:1.5,False,False,highs
max_charge,12,229.48340527415274,688.4502158224582,458.96681054830543,42,200,0.8768028466246841,0.0029019000503467396,0.010076041841481734,1.3008080655005472,12,dynamic_1_5_p3_6_12_h1_3_6_12,dynamic:1.5,False,False,highs
max_charge,13,226.87529583772016,680.6258875131606,453.75059167544043,40,179,0.8560321397408357,0.003421599874855019,0.011880555121024372,-1.3073013709320378,12,dynamic_1_5_p3_6_12_h1_3_6_12,dynamic:1.5,False,False,highs
max_charge,14,237.86851972341532,713.605559170246,475.7370394468307,32,215,0.9975022324910681,0.003367099925526418,0.011691319185855618,9.68592251476312,12,dynamic_1_5_p3_6_12_h1_3_6_12,dynamic:1.5,False,False,highs
max_charge,15,218.9199478278557,656.7598434835671,437.8398956557114,42,180,0.9123298078613389,0.0034058998862747103,0.011826041271787189,-9.26264938079649,12,dynamic_1_5_p3_6_12_h1_3_6_12,dynamic:1.5,False,False,highs
max_charge,16,237.55430888732263,712.6629266619681,475.10861777464544,37,189,0.9967987704002462,0.0034165999095421284,0.011863194130354613,9.371711678670437,12,dynamic_1_5_p3_6_12_h1_3_6_12,dynamic:1.5,False,False,highs
max_charge,17,263.5715684890747,790.714705467224,527.1431369781493,42,190,0.8487137220071888,0.002930199945694767,0.010174305366995718,35.38897128042251,12,dynamic_1_5_p3_6_12_h1_3_6_12,dynamic:1.5,False,False,highs
max_charge,18,155.14045858581864,465.4213757574558,310.28091717163716,37,197,0.9169481990145427,0.002158700008294545,0.007495486139911615,-73.04213862283356,12,dynamic_1_5_p3_6_12_h1_3_6_12,dynamic:1.5,False,False,highs
max_charge,19,234.6836403210957,704.0509209632872,469.36728064219153,40,158,0.8865175111894673,0.0019938000477850437,0.006922916832586957,6.5010431124435115,12,dynamic_1_5_p3_6_12_h1_3_6_12,dynamic:1.5,False,False,highs
max_charge,20,175.9935159434874,527.9805478304623,351.98703188697493,41,198,0.9036422023084038,0.0019320002320455387,0.00670833413904701,-52.18908126516479,12,dynamic_1_5_p3_6_12_h1_3_6_12,dynamic:1.5,False,False,highs
max_charge,21,271.10322368741026,813.3096710622309,542.2064473748206,40,198,0.9366054945394486,0.002082399994833395,0.007230555537615955,42.92062647875807,12,dynamic_1_5_p3_6_12_h1_3_6_12,dynamic:1.5,False,False,highs
max_charge,22,180.55764497319853,541.6729349195956,361.11528994639707,39,201,0.8882395027768435,0.001922099880175665,0.006673957917276614,-47.62495223545366,12,dynamic_1_5_p3_6_12_h1_3_6_12,dynamic:1.5,False,False,highs
max_charge,23,216.75170807441071,650.2551242232322,433.5034161488215,37,206,0.9163414928750355,0.0019425999489612877,0.006745138711671138,-11.430889134241482,12,dynamic_1_5_p3_6_12_h1_3_6_12,dynamic:1.5,False,False,highs
max_charge,24,229.5837882657845,688.7513647973536,459.1675765315691,37,200,0.9852946488880845,0.0019424998754402623,0.006744791234167578,1.4011910571323085,12,dynamic_1_5_p3_6_12_h1_3_6_12,dynamic:1.5,False,False,highs
max_charge,25,317.64974208672845,952.9492262601851,635.2994841734567,43,199,0.9970413937404117,0.0019272999052191153,0.006692013559788595,89.46714487807625,12,dynamic_1_5_p3_6_12_h1_3_6_12,dynamic:1.5,False,False,highs
max_charge,26,235.9384944319724,707.8154832959174,471.876988863945,42,170,0.9367666038224087,0.002116299991030246,0.00734826385774391,7.755897223320204,12,dynamic_1_5_p3_6_12_h1_3_6_12,dynamic:1.5,False,False,highs
max_charge,27,152.70486374696094,458.1145912408828,305.4097274939219,33,223,0.975701866100674,0.0019028000970138237,0.0066069447812979985,-75.47773346169126,12,dynamic_1_5_p3_6_12_h1_3_6_12,dynamic:1.5,False,False,highs
max_charge,28,264.1861153960227,792.5583461880683,528.3722307920456,41,210,0.9258407416535476,0.0017910000315168872,0.006218750109433636,36.00351818737053,12,dynamic_1_5_p3_6_12_h1_3_6_12,dynamic:1.5,False,False,highs
max_charge,29,242.73178710937498,728.1953613281249,485.46357421874995,41,197,0.9039679553697075,0.0018472999217920005,0.006414235839555558,14.54918990072278,12,dynamic_1_5_p3_6_12_h1_3_6_12,dynamic:1.5,False,False,highs
random,0,214.88567989891112,644.6570396967332,429.77135979782213,27,197,0.92670183721499,0.022398799934308045,0.07777361088301404,-13.296917309741076,12,dynamic_1_5_p3_6_12_h1_3_6_12,dynamic:1.5,False,False,highs
random,1,206.74575165682518,620.2372549704755,413.49150331365036,33,190,0.9805889427804433,0.02135880006244406,0.07416250021681965,-21.43684555182702,12,dynamic_1_5_p3_6_12_h1_3_6_12,dynamic:1.5,False,False,highs
random,2,199.37039590219467,598.1111877065839,398.74079180438923,37,196,0.8989311456690264,0.023262899907422252,0.08077395801188282,-28.812201306457524,12,dynamic_1_5_p3_6_12_h1_3_6_12,dynamic:1.5,False,False,highs
random,3,216.99932157848042,650.9979647354411,433.99864315696067,31,193,0.8980621195697592,0.022572300091269426,0.0783760419835744,-11.183275630171778,12,dynamic_1_5_p3_6_12_h1_3_6_12,dynamic:1.5,False,False,highs
random,4,229.05707183379684,687.1712155013906,458.1141436675938,40,190,0.905169189245421,0.02091960005054716,0.07263750017551097,0.8744746251446429,12,dynamic_1_5_p3_6_12_h1_3_6_12,dynamic:1.5,False,False,highs
random,5,200.79838825766808,602.3951647730042,401.59677651533616,43,202,0.8035660410842816,0.019573600133298896,0.06796388935173228,-27.384208950984117,12,dynamic_1_5_p3_6_12_h1_3_6_12,dynamic:1.5,False,False,highs
random,6,217.95666436504507,653.8699930951352,435.91332873009014,32,238,0.9977409785703018,0.019922700070310384,0.06917604191079994,-10.225932843607126,12,dynamic_1_5_p3_6_12_h1_3_6_12,dynamic:1.5,False,False,highs
random,7,162.2307676601897,486.6923029805692,324.4615353203795,32,186,0.8849649549296339,0.019080099882557988,0.06625034681443746,-65.95182954846248,12,dynamic_1_5_p3_6_12_h1_3_6_12,dynamic:1.5,False,False,highs
random,8,197.71513181781552,593.1453954534466,395.43026363563104,34,203,0.9273255734125825,0.01935290000983514,0.06719756947859423,-30.46746539083668,12,dynamic_1_5_p3_6_12_h1_3_6_12,dynamic:1.5,False,False,highs
random,9,247.83968453182462,743.5190535954738,495.6793690636492,33,225,0.7934576364579337,0.020133400132181123,0.06990763934785112,19.65708732317242,12,dynamic_1_5_p3_6_12_h1_3_6_12,dynamic:1.5,False,False,highs
random,10,282.1349718543962,846.4049155631885,564.2699437087923,34,195,0.9420892441487744,0.019939099991461262,0.06923298608146272,53.952374645744015,12,dynamic_1_5_p3_6_12_h1_3_6_12,dynamic:1.5,False,False,highs
random,11,213.36314640495863,640.0894392148757,426.7262928099171,36,169,0.9517630830647238,0.02126410001073964,0.07383368059284597,-14.81945080369357,12,dynamic_1_5_p3_6_12_h1_3_6_12,dynamic:1.5,False,False,highs
random,12,216.43274668982997,649.2982400694898,432.8654933796598,36,205,0.8783503641098364,0.02232650012592785,0.07752256988169393,-11.749850518822228,12,dynamic_1_5_p3_6_12_h1_3_6_12,dynamic:1.5,False,False,highs
random,13,211.76054632860655,635.2816389858198,423.5210926572132,39,180,0.8914528237050324,0.022490899878903292,0.0780934023573031,-16.422050880045646,12,dynamic_1_5_p3_6_12_h1_3_6_12,dynamic:1.5,False,False,highs
random,14,222.3341168213555,667.0023504640666,444.6682336427111,31,216,0.9846009424635263,0.02227570019022096,0.077346181216045,-5.848480387296689,12,dynamic_1_5_p3_6_12_h1_3_6_12,dynamic:1.5,False,False,highs
random,15,207.16177695625993,621.4853308687799,414.32355391251997,38,183,0.834295358408154,0.022138499916763976,0.0768697913776527,-21.02082025239227,12,dynamic_1_5_p3_6_12_h1_3_6_12,dynamic:1.5,False,False,highs
random,16,222.35447296720167,667.063418901605,444.70894593440335,36,190,0.8192281653335572,0.02143850013089832,0.07443923656561917,-5.828124241450524,12,dynamic_1_5_p3_6_12_h1_3_6_12,dynamic:1.5,False,False,highs
random,17,246.00032410424933,738.0009723127479,492.00064820849855,31,202,0.9380056487090576,0.021822799913934432,0.07577361081227234,17.817726895597133,12,dynamic_1_5_p3_6_12_h1_3_6_12,dynamic:1.5,False,False,highs
random,18,144.69689334512304,434.0906800353691,289.39378669024603,31,203,0.997823037645514,0.02333720013848506,0.08103194492529535,-83.48570386352915,12,dynamic_1_5_p3_6_12_h1_3_6_12,dynamic:1.5,False,False,highs
random,19,215.65017561528452,646.9505268458535,431.30035123056894,37,161,0.8665114582300605,0.019039700098801404,0.06611006978750487,-12.532421593367673,12,dynamic_1_5_p3_6_12_h1_3_6_12,dynamic:1.5,False,False,highs
random,20,162.7729682389865,488.3189047169595,325.545936477973,38,201,0.9072310745016504,0.02105319988913834,0.07310138850395258,-65.4096289696657,12,dynamic_1_5_p3_6_12_h1_3_6_12,dynamic:1.5,False,False,highs
random,21,255.66388237467964,766.9916471240389,511.32776474935923,32,204,0.9978608949769555,0.019678100041346624,0.06832673625467578,27.481285166027448,12,dynamic_1_5_p3_6_12_h1_3_6_12,dynamic:1.5,False,False,highs
random,22,168.9733162803601,506.9199488410804,337.9466325607203,38,202,0.8900587709553517,0.022587899962672964,0.07843020820372557,-59.20928092829209,12,dynamic_1_5_p3_6_12_h1_3_6_12,dynamic:1.5,False,False,highs
random,23,201.11071025486893,603.3321307646069,402.2214205097379,31,210,0.9197251600007532,0.02133809996303171,0.07409062487163788,-27.071886953783263,12,dynamic_1_5_p3_6_12_h1_3_6_12,dynamic:1.5,False,False,highs
random,24,213.63610863826227,640.9083259147868,427.27221727652454,34,203,0.8472346605176141,0.02124020006158389,0.0737506946582774,-14.546488570389926,12,dynamic_1_5_p3_6_12_h1_3_6_12,dynamic:1.5,False,False,highs
random,25,299.90966786324077,899.7290035897224,599.8193357264817,31,211,0.9317037807886194,0.022128900003735907,0.07683645834630523,71.72707065458857,12,dynamic_1_5_p3_6_12_h1_3_6_12,dynamic:1.5,False,False,highs
random,26,219.03319517494145,657.0995855248243,438.06639034988285,40,170,0.8923845200367027,0.018604099881486036,0.06459756903293762,-9.149402033710743,12,dynamic_1_5_p3_6_12_h1_3_6_12,dynamic:1.5,False,False,highs
random,27,145.02857303587763,435.0857191076328,290.0571460717552,33,224,0.9984450924571132,0.022233700001379475,0.07720034722701206,-83.15402417277457,12,dynamic_1_5_p3_6_12_h1_3_6_12,dynamic:1.5,False,False,highs
random,28,249.5792886914473,748.7378660743419,499.15857738289463,37,214,0.978688337314118,0.0233112001005793,0.08094166701590035,21.39669148279509,12,dynamic_1_5_p3_6_12_h1_3_6_12,dynamic:1.5,False,False,highs
random,29,225.5915063210365,676.7745189631095,451.183012642073,31,207,0.9688930860716809,0.02413180000439752,0.08379097223749138,-2.5910908876157066,12,dynamic_1_5_p3_6_12_h1_3_6_12,dynamic:1.5,False,False,highs
