controller,seed,net_profit,total_revenue,total_cost,served_customers,rejected_customers,mean_soc_fulfillment,total_compute_s,mean_step_ms,gap_to_best,ports,experiment_id,tariff,bess_enabled,v2g_enabled,solver
milp_h1,0,206.08833387096723,321.575,115.48666612903277,7,226,0.997209218164327,3.244676599941158,11.266238194240133,0.5258242131274073,3,0_75_p3_6_12_h1_3_6_12,0.75,False,False,highs
milp_h1,1,209.0236748854319,320.775,111.75132511456808,8,224,0.9266320062023139,2.9380273000060697,10.201483680576631,3.461165227592062,3,0_75_p3_6_12_h1_3_6_12,0.75,False,False,highs
milp_h1,2,213.59508116195596,322.22499999999997,108.629918838044,7,234,0.9972467616108048,3.965895799919963,13.770471527499872,8.032571504116135,3,0_75_p3_6_12_h1_3_6_12,0.75,False,False,highs
milp_h1,3,205.75292596817016,320.45,114.69707403182983,9,224,0.9987592341986259,4.496721100003924,15.613614930569181,0.19041631033033468,3,0_75_p3_6_12_h1_3_6_12,0.75,False,False,highs
milp_h1,4,199.31232692797977,322.22499999999997,122.91267307202021,7,232,0.9971516417460076,4.16937069992855,14.476981596974131,-6.250182729860057,3,0_75_p3_6_12_h1_3_6_12,0.75,False,False,highs
milp_h1,5,211.4478697503606,318.84999999999997,107.40213024963934,11,243,0.9979893815875872,4.399933100103226,15.277545486469535,5.885360092520784,3,0_75_p3_6_12_h1_3_6_12,0.75,False,False,highs
milp_h1,6,200.55980220933753,319.47499999999997,118.91519779066245,9,270,0.9982641915483644,4.331185399882088,15.038838194035028,-5.002707448502292,3,0_75_p3_6_12_h1_3_6_12,0.75,False,False,highs
milp_h1,7,232.17133466899395,320.625,88.45366533100605,8,219,0.6965307305871591,4.563034399929165,15.843869444198491,26.608825011154124,3,0_75_p3_6_12_h1_3_6_12,0.75,False,False,highs
milp_h1,8,214.71668495535852,320.45,105.73331504464149,7,239,0.9370744070515914,4.813725599975442,16.714324999914727,9.154175297518691,3,0_75_p3_6_12_h1_3_6_12,0.75,False,False,highs
milp_h1,9,187.0112634648879,321.42499999999995,134.41373653511206,10,257,0.9415270558675743,4.218520599941257,14.647640972018255,-18.551246192951936,3,0_75_p3_6_12_h1_3_6_12,0.75,False,False,highs
milp_h1,10,170.75936308900512,320.59999999999997,149.84063691099485,10,228,0.9253035647993034,4.0468716000104905,14.051637500036426,-34.803146568834705,3,0_75_p3_6_12_h1_3_6_12,0.75,False,False,highs
milp_h1,11,203.57580386996267,319.95,116.3741961300373,7,207,0.8232209894612665,4.350431800048682,15.105665972391257,-1.9867057878771561,3,0_75_p3_6_12_h1_3_6_12,0.75,False,False,highs
milp_h1,12,205.64412404894827,321.9,116.2558759510517,7,243,0.9992164180580284,4.169899499982421,14.478817708272295,0.08161439110844526,3,0_75_p3_6_12_h1_3_6_12,0.75,False,False,highs
milp_h1,13,207.6057287285725,322.22499999999997,114.61927127142746,5,223,0.9981276896561557,4.314485199975024,14.980851388802169,2.0432190707326754,3,0_75_p3_6_12_h1_3_6_12,0.75,False,False,highs
milp_h1,14,202.00501449306805,321.575,119.56998550693194,11,245,0.8858837588292723,4.627965000006952,16.06932291669081,-3.5574951647717796,3,0_75_p3_6_12_h1_3_6_12,0.75,False,False,highs
milp_h1,15,211.90883941948414,321.75,109.84116058051586,9,221,0.7939649660136578,4.341651900023862,15.075180208416189,6.346329761644313,3,0_75_p3_6_12_h1_3_6_12,0.75,False,False,highs
milp_h1,16,201.17241351107754,322.22499999999997,121.05258648892243,6,229,0.9990052817897035,4.752232200065919,16.500806250228884,-4.390096146762289,3,0_75_p3_6_12_h1_3_6_12,0.75,False,False,highs
milp_h1,17,183.86103148361042,317.69999999999993,133.8389685163895,7,234,0.9972423063189055,4.40279460002057,15.287481250071425,-21.701478174229408,3,0_75_p3_6_12_h1_3_6_12,0.75,False,False,highs
milp_h1,18,241.65743172913784,319.79999999999995,78.1425682708621,8,235,0.8801345137349612,4.218582000074093,14.647854166923935,36.094922071298015,3,0_75_p3_6_12_h1_3_6_12,0.75,False,False,highs
milp_h1,19,200.0113731622696,319.0,118.9886268377304,10,197,0.9992044224362902,4.599943900051585,15.97202743073467,-5.551136495570233,3,0_75_p3_6_12_h1_3_6_12,0.75,False,False,highs
milp_h1,20,229.64080338329074,318.525,88.88419661670923,11,238,0.9986927215200395,4.764728800000739,16.54419722222479,24.07829372545092,3,0_75_p3_6_12_h1_3_6_12,0.75,False,False,highs
milp_h1,21,181.4234201610088,317.4,135.97657983899117,8,237,0.9979485983877938,4.320793999977468,15.002756944366208,-24.13908949683102,3,0_75_p3_6_12_h1_3_6_12,0.75,False,False,highs
milp_h1,22,231.6146108955145,322.875,91.26038910448551,9,240,0.8076725083498408,4.173694299963245,14.491994097094599,26.052101237674663,3,0_75_p3_6_12_h1_3_6_12,0.75,False,False,highs
milp_h1,23,211.5517953336239,320.625,109.07320466637611,11,239,0.9107948215980276,4.326698899982148,15.023260069382458,5.9892856757840605,3,0_75_p3_6_12_h1_3_6_12,0.75,False,False,highs
milp_h1,24,204.88800196746985,321.575,116.68699803253014,10,236,0.8929746309146098,4.319893199994112,14.999629166646223,-0.6745076903699783,3,0_75_p3_6_12_h1_3_6_12,0.75,False,False,highs
milp_h1,25,161.32512223720548,322.54999999999995,161.22487776279448,6,245,0.9982012897623769,4.734052499996324,16.4376822916539,-44.23738742063435,3,0_75_p3_6_12_h1_3_6_12,0.75,False,False,highs
milp_h1,26,202.10456476708254,321.575,119.47043523291747,9,210,0.8034096213332306,4.508653400022013,15.65504652785421,-3.4579448907572896,3,0_75_p3_6_12_h1_3_6_12,0.75,False,False,highs
milp_h1,27,245.3454174598058,321.9,76.55458254019419,6,259,0.9960864380896622,4.833642199984752,16.783479861058165,39.78290780196596,3,0_75_p3_6_12_h1_3_6_12,0.75,False,False,highs
milp_h1,28,187.34334265887733,321.09999999999997,133.75665734112263,5,255,0.9965996911049922,4.345845699979691,15.089742013818372,-18.219166998962493,3,0_75_p3_6_12_h1_3_6_12,0.75,False,False,highs
milp_h1,29,197.10917347272238,319.325,122.21582652727761,7,240,0.9971013765550532,3.398038400009682,11.798744444478062,-8.45333618511745,3,0_75_p3_6_12_h1_3_6_12,0.75,False,False,highs
milp_h3,0,205.44464753667512,320.59999999999997,115.15535246332486,14,219,0.8388088982619897,4.500327500078129,15.626137153049058,-0.11786212116470551,3,0_75_p3_6_12_h1_3_6_12,0.75,False,False,highs
milp_h3,1,209.44873154759404,321.42499999999995,111.97626845240592,8,224,0.49459815192911133,4.754697699987446,16.5093670138453,3.8862218897542107,3,0_75_p3_6_12_h1_3_6_12,0.75,False,False,highs
milp_h3,2,213.81284849842393,322.55,108.7371515015761,6,235,0.9968856645654653,3.8593021999913617,13.400354861081118,8.250338840584106,3,0_75_p3_6_12_h1_3_6_12,0.75,False,False,highs
milp_h3,3,206.18469930092493,321.09999999999997,114.91530069907505,7,226,0.9988614323107382,5.109656300068309,17.741862153014964,0.6221896430851075,3,0_75_p3_6_12_h1_3_6_12,0.75,False,False,highs
milp_h3,4,199.7165099233389,322.875,123.1584900766611,6,233,0.8582836269246363,5.686648499991861,19.745307291638408,-5.845999734500936,3,0_75_p3_6_12_h1_3_6_12,0.75,False,False,highs
milp_h3,5,211.6873557517926,319.175,107.4876442482074,12,242,0.9978899662773228,4.431787700021232,15.388151736184833,6.124846093952783,3,0_75_p3_6_12_h1_3_6_12,0.75,False,False,highs
milp_h3,6,200.9530392040809,320.125,119.17196079591909,9,270,0.9975792043781283,4.500210300029721,15.625730208436531,-4.609470453758917,3,0_75_p3_6_12_h1_3_6_12,0.75,False,False,highs
milp_h3,7,232.17133466899395,320.625,88.45366533100604,7,220,0.7696408425849078,4.864293599930534,16.88990833309213,26.608825011154124,3,0_75_p3_6_12_h1_3_6_12,0.75,False,False,highs
milp_h3,8,214.71668495535852,320.45,105.73331504464149,12,234,0.9553967707342087,4.710133299988229,16.354629513848018,9.154175297518691,3,0_75_p3_6_12_h1_3_6_12,0.75,False,False,highs
milp_h3,9,187.01126346488792,321.42499999999995,134.41373653511204,6,261,0.8575412120104131,5.273066800000379,18.309259722223537,-18.551246192951908,3,0_75_p3_6_12_h1_3_6_12,0.75,False,False,highs
milp_h3,10,171.22024774551392,321.575,150.35475225448607,12,226,0.8773316255705866,4.922450199948798,17.091840972044437,-34.34226191232591,3,0_75_p3_6_12_h1_3_6_12,0.75,False,False,highs
milp_h3,11,204.004552535216,320.59999999999997,116.59544746478397,12,202,0.6553964585673655,4.929511700065632,17.116360069672332,-1.557957122623833,3,0_75_p3_6_12_h1_3_6_12,0.75,False,False,highs
milp_h3,12,205.64412404894827,321.9,116.2558759510517,10,240,0.9987965251783721,5.077890700013086,17.63156493060099,0.08161439110844526,3,0_75_p3_6_12_h1_3_6_12,0.75,False,False,highs
milp_h3,13,207.81111140052474,322.54999999999995,114.73888859947522,7,221,0.9980766092937555,5.039864499929536,17.49952951364422,2.2486017426849116,3,0_75_p3_6_12_h1_3_6_12,0.75,False,False,highs
milp_h3,14,202.62862016558643,322.54999999999995,119.92137983441351,10,246,0.8751261597167289,5.019024099965463,17.42716701376897,-2.9338894922533996,3,0_75_p3_6_12_h1_3_6_12,0.75,False,False,highs
milp_h3,15,211.90883941948414,321.75,109.84116058051585,8,222,0.996716465488038,5.340867699953378,18.544679513727008,6.346329761644313,3,0_75_p3_6_12_h1_3_6_12,0.75,False,False,highs
milp_h3,16,201.17241351107754,322.22499999999997,121.05258648892243,8,227,0.9973230710429394,5.259026599931531,18.26050902754004,-4.390096146762289,3,0_75_p3_6_12_h1_3_6_12,0.75,False,False,highs
milp_h3,17,184.04664547840753,318.025,133.97835452159245,9,232,0.5838705378656405,5.089886600035243,17.673217361233483,-21.5158641794323,3,0_75_p3_6_12_h1_3_6_12,0.75,False,False,highs
milp_h3,18,242.41432639211416,320.775,78.36067360788583,10,234,0.8035640719171513,5.258739199962292,18.25951111098018,36.85181673427434,3,0_75_p3_6_12_h1_3_6_12,0.75,False,False,highs
milp_h3,19,200.01137316226954,318.99999999999994,118.9886268377304,5,202,0.9992915993433429,6.068114300091111,21.0698413197608,-5.55113649557029,3,0_75_p3_6_12_h1_3_6_12,0.75,False,False,highs
milp_h3,20,229.64080338329074,318.525,88.88419661670922,11,237,0.9588149917901028,5.327153400081443,18.497060416949452,24.07829372545092,3,0_75_p3_6_12_h1_3_6_12,0.75,False,False,highs
milp_h3,21,182.05069617927072,318.37499999999994,136.32430382072923,7,238,0.9966820066502171,5.5903985999611905,19.411106249865245,-23.51181347856911,3,0_75_p3_6_12_h1_3_6_12,0.75,False,False,highs
milp_h3,22,231.61461089551443,322.87499999999994,91.2603891044855,9,240,0.998002002939284,6.150439400022151,21.355692361188023,26.052101237674606,3,0_75_p3_6_12_h1_3_6_12,0.75,False,False,highs
milp_h3,23,211.5517953336239,320.625,109.0732046663761,10,240,0.8700655804988332,4.787412799945741,16.622961110922713,5.9892856757840605,3,0_75_p3_6_12_h1_3_6_12,0.75,False,False,highs
milp_h3,24,204.88800196746985,321.575,116.68699803253014,10,236,0.7750767328475426,4.609506399989186,16.005230555518008,-0.6745076903699783,3,0_75_p3_6_12_h1_3_6_12,0.75,False,False,highs
milp_h3,25,161.32512223720548,322.54999999999995,161.22487776279448,11,240,0.8671700873866698,4.994219299958786,17.341039235968008,-44.23738742063435,3,0_75_p3_6_12_h1_3_6_12,0.75,False,False,highs
milp_h3,26,202.53845277130603,322.22499999999997,119.68654722869395,8,211,0.9978895542273741,5.082055999955628,17.646027777623708,-3.024056886533799,3,0_75_p3_6_12_h1_3_6_12,0.75,False,False,highs
milp_h3,27,245.34912679394085,321.9,76.55087320605914,9,256,0.9981418921767142,5.076308599949698,17.626071527603116,39.78661713610103,3,0_75_p3_6_12_h1_3_6_12,0.75,False,False,highs
milp_h3,28,187.5405699898799,321.42499999999995,133.88443001012004,8,252,0.9966333304020967,5.842531799971766,20.286568749901967,-18.021939667959913,3,0_75_p3_6_12_h1_3_6_12,0.75,False,False,highs
milp_h3,29,197.49917346239087,319.97499999999997,122.4758265376091,8,239,0.9978631988953314,4.747608699944976,16.4847524303645,-8.063336195448954,3,0_75_p3_6_12_h1_3_6_12,0.75,False,False,highs
milp_h6,0,206.08833387096718,321.57499999999993,115.48666612903276,8,225,0.9973209229897897,6.827704999996058,23.70730902776409,0.5258242131273505,3,0_75_p3_6_12_h1_3_6_12,0.75,False,False,highs
milp_h6,1,209.44873154759404,321.42499999999995,111.97626845240592,8,224,0.49459815192911133,6.208202700072434,21.556259375251507,3.8862218897542107,3,0_75_p3_6_12_h1_3_6_12,0.75,False,False,highs
milp_h6,2,213.81284849842393,322.55,108.7371515015761,6,235,0.9968856645654653,5.747415000005276,19.956302083351652,8.250338840584106,3,0_75_p3_6_12_h1_3_6_12,0.75,False,False,highs
milp_h6,3,206.18469930092493,321.09999999999997,114.91530069907505,7,226,0.9988614323107382,7.796373699966352,27.07074201377206,0.6221896430851075,3,0_75_p3_6_12_h1_3_6_12,0.75,False,False,highs
milp_h6,4,199.7165099233389,322.875,123.1584900766611,6,233,0.8582836269246363,6.269977300042228,21.770754514035517,-5.845999734500936,3,0_75_p3_6_12_h1_3_6_12,0.75,False,False,highs
milp_h6,5,211.6873557517926,319.175,107.4876442482074,12,242,0.9978899662773228,5.307325200017658,18.428212500061314,6.124846093952783,3,0_75_p3_6_12_h1_3_6_12,0.75,False,False,highs
milp_h6,6,200.9530392040809,320.125,119.17196079591909,9,270,0.9975792043781283,5.069992999968235,17.604142361000818,-4.609470453758917,3,0_75_p3_6_12_h1_3_6_12,0.75,False,False,highs
milp_h6,7,232.17133466899395,320.625,88.45366533100604,7,220,0.7696408425849078,6.301194000101532,21.879145833685875,26.608825011154124,3,0_75_p3_6_12_h1_3_6_12,0.75,False,False,highs
milp_h6,8,214.71668495535852,320.45,105.73331504464149,12,234,0.9553967707342087,5.452442900095775,18.93209340311033,9.154175297518691,3,0_75_p3_6_12_h1_3_6_12,0.75,False,False,highs
milp_h6,9,187.01126346488792,321.42499999999995,134.41373653511204,6,261,0.8575412120104131,6.353019300106098,22.05909479203506,-18.551246192951908,3,0_75_p3_6_12_h1_3_6_12,0.75,False,False,highs
milp_h6,10,171.5885810891787,322.22499999999997,150.63641891082128,12,226,0.8311885300757503,5.840404700036743,20.27918298623869,-33.97392856866114,3,0_75_p3_6_12_h1_3_6_12,0.75,False,False,highs
milp_h6,11,204.004552535216,320.59999999999997,116.59544746478397,12,202,0.6553964585673655,5.893531199988502,20.463649999960076,-1.557957122623833,3,0_75_p3_6_12_h1_3_6_12,0.75,False,False,highs
milp_h6,12,205.64412404894827,321.9,116.2558759510517,10,240,0.9987965251783721,6.861658899964823,23.825204513766746,0.08161439110844526,3,0_75_p3_6_12_h1_3_6_12,0.75,False,False,highs
milp_h6,13,207.81111140052474,322.54999999999995,114.73888859947522,7,221,0.9980766092937555,5.89855219997844,20.481084027702916,2.2486017426849116,3,0_75_p3_6_12_h1_3_6_12,0.75,False,False,highs
milp_h6,14,202.421096838514,322.22499999999997,119.80390316148598,10,246,0.9062898057833072,6.170669700019062,21.42593645839952,-3.1414128193258364,3,0_75_p3_6_12_h1_3_6_12,0.75,False,False,highs
milp_h6,15,211.90883941948414,321.75,109.84116058051585,8,222,0.996716465488038,6.236663400020916,21.655081250072627,6.346329761644313,3,0_75_p3_6_12_h1_3_6_12,0.75,False,False,highs
milp_h6,16,201.17241351107754,322.22499999999997,121.05258648892243,8,227,0.9973230710429394,6.247564899997087,21.69293368054544,-4.390096146762289,3,0_75_p3_6_12_h1_3_6_12,0.75,False,False,highs
milp_h6,17,184.04664547840753,318.025,133.97835452159245,9,232,0.5838705378656405,5.951124799918034,20.663627777493176,-21.5158641794323,3,0_75_p3_6_12_h1_3_6_12,0.75,False,False,highs
milp_h6,18,242.41432639211416,320.775,78.36067360788583,10,234,0.8035640719171513,6.852790299999469,23.794410763887047,36.85181673427434,3,0_75_p3_6_12_h1_3_6_12,0.75,False,False,highs
milp_h6,19,200.01137316226954,318.99999999999994,118.9886268377304,5,202,0.9992915993433429,8.199988300031691,28.472181597332263,-5.55113649557029,3,0_75_p3_6_12_h1_3_6_12,0.75,False,False,highs
milp_h6,20,229.64080338329074,318.525,88.88419661670922,11,237,0.965274988625967,6.63284069999645,23.030696874987672,24.07829372545092,3,0_75_p3_6_12_h1_3_6_12,0.75,False,False,highs
milp_h6,21,182.05069617927072,318.37499999999994,136.32430382072923,7,238,0.9966820066502171,7.3784342999060755,25.61956354134054,-23.51181347856911,3,0_75_p3_6_12_h1_3_6_12,0.75,False,False,highs
milp_h6,22,231.61461089551443,322.87499999999994,91.2603891044855,9,240,0.998002002939284,8.425713800002995,29.255950694454846,26.052101237674606,3,0_75_p3_6_12_h1_3_6_12,0.75,False,False,highs
milp_h6,23,211.5517953336239,320.625,109.0732046663761,10,240,0.8948727759490069,6.751914799962833,23.444148610982058,5.9892856757840605,3,0_75_p3_6_12_h1_3_6_12,0.75,False,False,highs
milp_h6,24,204.88800196746985,321.575,116.68699803253014,10,236,0.7750767328475426,6.56218159992568,22.78535277751972,-0.6745076903699783,3,0_75_p3_6_12_h1_3_6_12,0.75,False,False,highs
milp_h6,25,161.32512223720548,322.54999999999995,161.22487776279448,11,240,0.8671700873866698,6.471451299963519,22.47031701376222,-44.23738742063435,3,0_75_p3_6_12_h1_3_6_12,0.75,False,False,highs
milp_h6,26,202.53845277130603,322.22499999999997,119.68654722869395,8,211,0.9978895542273741,6.603935300008743,22.930330902808137,-3.024056886533799,3,0_75_p3_6_12_h1_3_6_12,0.75,False,False,highs
milp_h6,27,245.34912679394085,321.9,76.55087320605914,9,256,0.9984370188035769,6.310185799971805,21.91036736101321,39.78661713610103,3,0_75_p3_6_12_h1_3_6_12,0.75,False,False,highs
milp_h6,28,187.5405699898799,321.42499999999995,133.88443001012004,8,252,0.9966333304020967,7.523677500008489,26.12388020836281,-18.021939667959913,3,0_75_p3_6_12_h1_3_6_12,0.75,False,False,highs
milp_h6,29,197.49917346239087,319.97499999999997,122.4758265376091,8,239,0.9978631988953314,6.4601591999671655,22.431108333219324,-8.063336195448954,3,0_75_p3_6_12_h1_3_6_12,0.75,False,False,highs
milp_h12,0,206.08833387096718,321.57499999999993,115.48666612903276,7,226,0.9967111944440056,12.00511589996313,41.68443020820531,0.5258242131273505,3,0_75_p3_6_12_h1_3_6_12,0.75,False,False,highs
milp_h12,1,209.44873154759404,321.42499999999995,111.9762684524059,5,227,0.6389185676218602,13.250238500033447,46.00777256956058,3.8862218897542107,3,0_75_p3_6_12_h1_3_6_12,0.75,False,False,highs
milp_h12,2,213.81284849842393,322.55,108.7371515015761,6,235,0.9986063530989715,8.495008200057782,29.496556250200634,8.250338840584106,3,0_75_p3_6_12_h1_3_6_12,0.75,False,False,highs
milp_h12,3,206.18469930092493,321.09999999999997,114.91530069907505,7,226,0.9988614323107382,11.996938899974339,41.65603784713312,0.6221896430851075,3,0_75_p3_6_12_h1_3_6_12,0.75,False,False,highs
milp_h12,4,199.7165099233389,322.875,123.1584900766611,6,233,0.8582836269246363,9.11099399998784,31.635395833291113,-5.845999734500936,3,0_75_p3_6_12_h1_3_6_12,0.75,False,False,highs
milp_h12,5,211.68735575179255,319.17499999999995,107.4876442482074,11,243,0.9581983394066601,9.29011149987491,32.257331596787886,6.124846093952726,3,0_75_p3_6_12_h1_3_6_12,0.75,False,False,highs
milp_h12,6,200.9530392040809,320.125,119.17196079591909,9,270,0.9975792043781283,8.330336100007116,28.92477812502471,-4.609470453758917,3,0_75_p3_6_12_h1_3_6_12,0.75,False,False,highs
milp_h12,7,232.17133466899395,320.625,88.45366533100604,7,220,0.7696408425849078,9.651828399961232,33.513293055420945,26.608825011154124,3,0_75_p3_6_12_h1_3_6_12,0.75,False,False,highs
milp_h12,8,214.71668495535852,320.45,105.73331504464149,12,234,0.9553967707342087,8.696998899940809,30.197912847016696,9.154175297518691,3,0_75_p3_6_12_h1_3_6_12,0.75,False,False,highs
milp_h12,9,187.01126346488792,321.42499999999995,134.41373653511204,6,261,0.8575412120104131,10.846937899994373,37.66297881942491,-18.551246192951908,3,0_75_p3_6_12_h1_3_6_12,0.75,False,False,highs
milp_h12,10,171.5885810891787,322.22499999999997,150.63641891082128,8,230,0.9181464701849354,9.278752699923643,32.217891319179316,-33.97392856866114,3,0_75_p3_6_12_h1_3_6_12,0.75,False,False,highs
milp_h12,11,204.004552535216,320.59999999999997,116.59544746478397,13,201,0.7241804863216807,8.589957299940579,29.826240624793677,-1.557957122623833,3,0_75_p3_6_12_h1_3_6_12,0.75,False,False,highs
milp_h12,12,205.64412404894827,321.9,116.2558759510517,10,240,0.9933560015795184,9.481112999921606,32.9205312497278,0.08161439110844526,3,0_75_p3_6_12_h1_3_6_12,0.75,False,False,highs
milp_h12,13,207.60848473906515,322.22499999999997,114.61651526093482,8,220,0.997932696115869,9.800486299915065,34.02946631914953,2.045975081225322,3,0_75_p3_6_12_h1_3_6_12,0.75,False,False,highs
milp_h12,14,202.421096838514,322.22499999999997,119.80390316148598,10,246,0.9062898057833072,9.675781000107236,33.5964618059279,-3.1414128193258364,3,0_75_p3_6_12_h1_3_6_12,0.75,False,False,highs
milp_h12,15,211.90883941948414,321.75,109.84116058051585,8,222,0.996716465488038,9.562871700065443,33.204415625227234,6.346329761644313,3,0_75_p3_6_12_h1_3_6_12,0.75,False,False,highs
milp_h12,16,201.17241351107754,322.22499999999997,121.05258648892243,8,228,0.9999089195378799,10.031179399964458,34.830484027654364,-4.390096146762289,3,0_75_p3_6_12_h1_3_6_12,0.75,False,False,highs
milp_h12,17,184.04664547840753,318.025,133.97835452159245,9,232,0.5838705378656405,7.677032599916856,26.65636319415575,-21.5158641794323,3,0_75_p3_6_12_h1_3_6_12,0.75,False,False,highs
milp_h12,18,242.41432639211416,320.775,78.36067360788583,10,234,0.8034264423204414,10.388027700064413,36.06954062522365,36.85181673427434,3,0_75_p3_6_12_h1_3_6_12,0.75,False,False,highs
milp_h12,19,200.01137316226954,318.99999999999994,118.9886268377304,5,202,0.9992915993433429,11.644467500045721,40.432178819603195,-5.55113649557029,3,0_75_p3_6_12_h1_3_6_12,0.75,False,False,highs
milp_h12,20,229.64080338329074,318.525,88.88419661670923,9,239,0.9486685144020233,9.117436800021096,31.657766666739917,24.07829372545092,3,0_75_p3_6_12_h1_3_6_12,0.75,False,False,highs
milp_h12,21,182.05069617927072,318.37499999999994,136.32430382072923,7,238,0.9966820066502171,10.023431699992216,34.803582291639636,-23.51181347856911,3,0_75_p3_6_12_h1_3_6_12,0.75,False,False,highs
milp_h12,22,231.61461089551443,322.87499999999994,91.2603891044855,9,240,0.998002002939284,10.65066869995644,36.98148854151542,26.052101237674606,3,0_75_p3_6_12_h1_3_6_12,0.75,False,False,highs
milp_h12,23,211.55179533362383,320.62499999999994,109.0732046663761,7,243,0.7430307557650159,9.821547600084159,34.10259583362555,5.989285675784004,3,0_75_p3_6_12_h1_3_6_12,0.75,False,False,highs
milp_h12,24,204.88800196746985,321.575,116.68699803253013,8,238,0.8225029854913805,9.611709299970244,33.37399062489668,-0.6745076903699783,3,0_75_p3_6_12_h1_3_6_12,0.75,False,False,highs
milp_h12,25,161.32512223720548,322.54999999999995,161.22487776279448,8,243,0.9964436413739025,8.674990800012893,30.1214958333781,-44.23738742063435,3,0_75_p3_6_12_h1_3_6_12,0.75,False,False,highs
milp_h12,26,202.53845277130603,322.22499999999997,119.68654722869395,8,211,0.9982266110458811,10.20813079992513,35.44489861085114,-3.024056886533799,3,0_75_p3_6_12_h1_3_6_12,0.75,False,False,highs
milp_h12,27,245.34912679394085,321.9,76.55087320605914,9,256,0.9984370188035769,8.903728299919749,30.91572326361024,39.78661713610103,3,0_75_p3_6_12_h1_3_6_12,0.75,False,False,highs
milp_h12,28,186.44310997029143,319.47499999999997,133.03189002970853,10,250,0.9979459794820313,8.717840699915541,30.270280208040074,-19.119399687548395,3,0_75_p3_6_12_h1_3_6_12,0.75,False,False,highs
milp_h12,29,197.4991734623909,319.97499999999997,122.47582653760908,8,239,0.9979295183450602,8.713969600015844,30.256838888943903,-8.063336195448926,3,0_75_p3_6_12_h1_3_6_12,0.75,False,False,highs
equal_share,0,129.67620431526865,202.10038467833814,72.42418036306951,8,225,0.9945230821795376,0.00250859994412167,0.008710416472644688,-75.88630534257118,3,0_75_p3_6_12_h1_3_6_12,0.75,False,False,highs
equal_share,1,111.32410628372946,169.75750936865808,58.43340308492862,2,230,0.6406227845783328,0.002380300087679643,0.008264930859998762,-94.23840337411036,3,0_75_p3_6_12_h1_3_6_12,0.75,False,False,highs
equal_share,2,118.67999274980178,178.76106043457986,60.08106768477808,3,238,0.9982376239275677,0.002137000068614725,0.007420139127134462,-86.88251690803804,3,0_75_p3_6_12_h1_3_6_12,0.75,False,False,highs
equal_share,3,165.80994758905155,260.84256701444417,95.03261942539264,7,226,0.9978373259501343,0.0022685999429086223,0.007877083135099383,-39.75256206878828,3,0_75_p3_6_12_h1_3_6_12,0.75,False,False,highs
equal_share,4,97.7023165969162,155.5331143144217,57.83079771750551,2,237,0.9966434284727544,0.0024356000940315425,0.008456944770942856,-107.86019306092362,3,0_75_p3_6_12_h1_3_6_12,0.75,False,False,highs
equal_share,5,145.84772528183638,220.67447085979398,74.82674557795761,6,248,0.9980665270160616,0.0021548000077018514,0.007481944471186984,-59.71478437600345,3,0_75_p3_6_12_h1_3_6_12,0.75,False,False,highs
equal_share,6,147.09179661470387,234.11087483801634,87.01907822331246,6,273,0.9969955671913019,0.00252719998388784,0.008774999944055,-58.47071304313596,3,0_75_p3_6_12_h1_3_6_12,0.75,False,False,highs
equal_share,7,229.97844352275916,317.57673917880345,87.5982956560443,9,218,0.8816116535195606,0.0027318000138620846,0.009485416714798904,24.41593386491934,3,0_75_p3_6_12_h1_3_6_12,0.75,False,False,highs
equal_share,8,180.87816704645593,271.0851617149421,90.20699466848616,8,238,0.9980808153807884,0.0028273000571061857,0.009817014087174256,-24.684342611383897,3,0_75_p3_6_12_h1_3_6_12,0.75,False,False,highs
equal_share,9,185.5254301499588,318.80011539911044,133.27468524915164,10,257,0.7846772939730045,0.0029173000148148276,0.010129513940329262,-20.03707950788103,3,0_75_p3_6_12_h1_3_6_12,0.75,False,False,highs
equal_share,10,148.29709088668596,278.76299335141744,130.46590246473147,11,227,0.9338356262441522,0.0028773999656550586,0.009990972102968954,-57.26541877115386,3,0_75_p3_6_12_h1_3_6_12,0.75,False,False,highs
equal_share,11,147.06100454239692,231.22783602365828,84.16683148126138,6,208,0.9947447065166739,0.002921000079368241,0.010142361386695282,-58.50150511544291,3,0_75_p3_6_12_h1_3_6_12,0.75,False,False,highs
equal_share,12,161.57107083968347,251.05477694803554,89.48370610835207,8,242,0.9959151943420026,0.002956500022264663,0.010265625077307858,-43.991438818156354,3,0_75_p3_6_12_h1_3_6_12,0.75,False,False,highs
equal_share,13,205.2082020646654,318.47829698208426,113.27009491741887,6,222,0.9952220450507673,0.002969399996800348,0.010310416655556764,-0.3543075931744397,3,0_75_p3_6_12_h1_3_6_12,0.75,False,False,highs
equal_share,14,200.66966749673173,319.3984618176445,118.72879432091277,12,244,0.8404143834755303,0.002956199961772654,0.010264583200599494,-4.892842161108092,3,0_75_p3_6_12_h1_3_6_12,0.75,False,False,highs
equal_share,15,197.84755458028354,298.73406667629513,100.88651209601159,10,220,0.9970108480290975,0.0028705999575322494,0.009967360963653644,-7.714955077556283,3,0_75_p3_6_12_h1_3_6_12,0.75,False,False,highs
equal_share,16,173.42859624087058,277.05472737379125,103.62613113292068,6,229,0.9986632602846172,0.0032716000132495537,0.011359722268227616,-32.13391341696925,3,0_75_p3_6_12_h1_3_6_12,0.75,False,False,highs
equal_share,17,155.78325534798347,265.9239743067466,110.1407189587631,7,234,0.9964993002256387,0.002980499921250157,0.010348958059896378,-49.779254309856356,3,0_75_p3_6_12_h1_3_6_12,0.75,False,False,highs
equal_share,18,240.02294405888637,317.64102571626825,77.6180816573819,11,232,0.8795763167792285,0.002835300037986599,0.00984479179856458,34.46043440104654,3,0_75_p3_6_12_h1_3_6_12,0.75,False,False,highs
equal_share,19,111.86447950438927,176.98623255590428,65.12175305151501,1,206,0.0,0.0028491000120993704,0.009892708375345036,-93.69803015345056,3,0_75_p3_6_12_h1_3_6_12,0.75,False,False,highs
equal_share,20,220.77124882720636,305.96683068140396,85.1955818541976,12,236,0.9700005454800573,0.003006600047228858,0.010439583497322423,15.208739169366538,3,0_75_p3_6_12_h1_3_6_12,0.75,False,False,highs
equal_share,21,179.9234432385068,314.636468895834,134.71302565732722,9,236,0.9963342618647122,0.002913399956014473,0.010115972069494697,-25.639066419333034,3,0_75_p3_6_12_h1_3_6_12,0.75,False,False,highs
equal_share,22,168.30058183411887,236.0663469439237,67.76576510980483,9,240,0.8663495446143976,0.0028688999882433563,0.009961458292511653,-37.26192782372095,3,0_75_p3_6_12_h1_3_6_12,0.75,False,False,highs
equal_share,23,187.73189049436854,282.371626161148,94.63973566677946,10,241,0.868617803573245,0.0028264000357012264,0.009813889012851481,-17.830619163471283,3,0_75_p3_6_12_h1_3_6_12,0.75,False,False,highs
equal_share,24,76.32805360435776,120.15142329982783,43.82336969547007,3,243,0.7330111660717463,0.003056499939702917,0.01061284701285735,-129.23445605348206,3,0_75_p3_6_12_h1_3_6_12,0.75,False,False,highs
equal_share,25,159.92990337707246,319.72476142336194,159.79485804628948,9,242,0.997987757976848,0.0029631000143126585,0.010288541716363397,-45.63260628076736,3,0_75_p3_6_12_h1_3_6_12,0.75,False,False,highs
equal_share,26,127.3990505536572,201.9622970630081,74.56324650935089,3,216,0.9981162002262349,0.002950400041299872,0.010244444587846778,-78.16345910418262,3,0_75_p3_6_12_h1_3_6_12,0.75,False,False,highs
equal_share,27,183.58384238013883,239.95617362514844,56.37233124500961,6,259,0.9984190544786145,0.002916899888077751,0.01012812461138108,-21.978667277700993,3,0_75_p3_6_12_h1_3_6_12,0.75,False,False,highs
equal_share,28,144.871890817359,248.06590520171375,103.19401438435474,7,253,0.9971599368230762,0.002924200067354832,0.010153472456093167,-60.69061884048082,3,0_75_p3_6_12_h1_3_6_12,0.75,False,False,highs
equal_share,29,189.53235766219643,306.72371341025655,117.1913557480601,8,239,0.9973436027659769,0.0029985999572090805,0.010411805406975973,-16.030151995643394,3,0_75_p3_6_12_h1_3_6_12,0.75,False,False,highs
max_charge,0,206.50981553395576,322.22499999999985,115.71518446604408,13,220,0.9954488652558668,0.0012718999132630415,0.00441631914327445,0.9473058761159336,3,0_75_p3_6_12_h1_3_6_12,0.75,False,False,highs
max_charge,1,209.44873154759398,321.4249999999999,111.9762684524059,11,221,0.9268824374094706,0.0012276000052224845,0.004262500018133626,3.886221889754154,3,0_75_p3_6_12_h1_3_6_12,0.75,False,False,highs
max_charge,2,213.5991718371708,322.22499999999985,108.62582816282905,7,234,0.9984183928156549,0.001247499996679835,0.004331597210693872,8.03666217933096,3,0_75_p3_6_12_h1_3_6_12,0.75,False,False,highs
max_charge,3,205.75292596817008,320.4499999999999,114.6970740318298,11,222,0.7782526646569141,0.001241800026036799,0.004311805645961108,0.19041631033024942,3,0_75_p3_6_12_h1_3_6_12,0.75,False,False,highs
max_charge,4,199.7165099233388,322.8749999999999,123.15849007666108,7,232,0.9969857748375461,0.001216000149725005,0.004222222742100712,-5.845999734501021,3,0_75_p3_6_12_h1_3_6_12,0.75,False,False,highs
max_charge,5,211.68735575179252,319.1749999999999,107.48764424820737,10,244,0.998378414143515,0.001313999979174696,0.0045624999276899164,6.124846093952698,3,0_75_p3_6_12_h1_3_6_12,0.75,False,False,highs
max_charge,6,200.95303920408082,320.1249999999999,119.17196079591908,13,266,0.997153332064982,0.0012159000980318524,0.004221875340388376,-4.609470453759002,3,0_75_p3_6_12_h1_3_6_12,0.75,False,False,highs
max_charge,7,232.17133466899386,320.6249999999999,88.45366533100602,9,218,0.8816116535195606,0.0012233000379637815,0.004247569576263131,26.60882501115404,3,0_75_p3_6_12_h1_3_6_12,0.75,False,False,highs
max_charge,8,214.7166849553584,320.4499999999999,105.73331504464147,11,235,0.8586881228052153,0.0012313000624999404,0.004275347439235904,9.154175297518577,3,0_75_p3_6_12_h1_3_6_12,0.75,False,False,highs
max_charge,9,187.01126346488786,321.4249999999999,134.41373653511204,10,257,0.7846772939730045,0.0012471999507397413,0.004330555384512991,-18.551246192951965,3,0_75_p3_6_12_h1_3_6_12,0.75,False,False,highs
max_charge,10,171.5885810891786,322.22499999999985,150.63641891082125,13,225,0.9338356262441522,0.0011951999185839668,0.0041499997173054404,-33.97392856866122,3,0_75_p3_6_12_h1_3_6_12,0.75,False,False,highs
max_charge,11,204.00455253521596,320.5999999999999,116.59544746478396,10,204,0.9022886270155325,0.0012482999736675993,0.004334374908568053,-1.5579571226238613,3,0_75_p3_6_12_h1_3_6_12,0.75,False,False,highs
max_charge,12,205.64412404894819,321.89999999999986,116.25587595105168,12,238,0.9971551239712794,0.0012117000005673617,0.004207291668636672,0.08161439110836,3,0_75_p3_6_12_h1_3_6_12,0.75,False,False,highs
max_charge,13,207.8111114005247,322.5499999999999,114.73888859947519,7,221,0.9952220450507673,0.0012616000894922763,0.004380555866292626,2.248601742684883,3,0_75_p3_6_12_h1_3_6_12,0.75,False,False,highs
max_charge,14,202.20985549887013,321.89999999999986,119.69014450112975,12,244,0.8404143834755303,0.0012777000956702977,0.0044364586655218675,-3.352654158969699,3,0_75_p3_6_12_h1_3_6_12,0.75,False,False,highs
max_charge,15,211.90883941948405,321.7499999999999,109.84116058051583,11,219,0.9974426545316666,0.001254899994819425,0.004357291648678559,6.346329761644228,3,0_75_p3_6_12_h1_3_6_12,0.75,False,False,highs
max_charge,16,201.17241351107745,322.22499999999985,121.0525864889224,8,227,0.9980612067033654,0.0011940000258618966,0.004145833423131585,-4.3900961467623745,3,0_75_p3_6_12_h1_3_6_12,0.75,False,False,highs
max_charge,17,184.04664547840744,318.02499999999986,133.97835452159242,10,232,0.996737490798618,0.0011879999656230211,0.00412499988063549,-21.515864179432384,3,0_75_p3_6_12_h1_3_6_12,0.75,False,False,highs
max_charge,18,242.41432639211405,320.77499999999986,78.36067360788581,12,232,0.8795763167792285,0.001314499975705985,0.004564236026756892,36.85181673427422,3,0_75_p3_6_12_h1_3_6_12,0.75,False,False,highs
max_charge,19,200.0113731622695,318.9999999999999,118.98862683773038,11,196,0.9985683377144811,0.001185699955385644,0.004117013733977931,-5.551136495570319,3,0_75_p3_6_12_h1_3_6_12,0.75,False,False,highs
max_charge,20,229.64080338329066,318.52499999999986,88.8841966167092,13,235,0.9736623266616763,0.0012444999811123125,0.004321180489973308,24.078293725450834,3,0_75_p3_6_12_h1_3_6_12,0.75,False,False,highs
max_charge,21,182.05069617927066,318.3749999999999,136.32430382072923,9,236,0.9963342618647122,0.0012143999701947905,0.004216666563176356,-23.511813478569167,3,0_75_p3_6_12_h1_3_6_12,0.75,False,False,highs
max_charge,22,231.6146108955144,322.8749999999999,91.26038910448548,13,236,0.8884118050608579,0.0013052000067546032,0.004531944467897928,26.052101237674577,3,0_75_p3_6_12_h1_3_6_12,0.75,False,False,highs
max_charge,23,211.5517953336238,320.6249999999999,109.07320466637609,12,239,0.8948335093799965,0.0012885999531135894,0.004474305392755519,5.989285675783975,3,0_75_p3_6_12_h1_3_6_12,0.75,False,False,highs
max_charge,24,204.88800196746976,321.5749999999999,116.68699803253011,10,236,0.9098346035409576,0.00142090002191253,0.0049336806316407295,-0.6745076903700635,3,0_75_p3_6_12_h1_3_6_12,0.75,False,False,highs
max_charge,25,161.32512223720545,322.5499999999999,161.22487776279445,9,242,0.997987757976848,0.0014023999756318517,0.004869444359832819,-44.23738742063438,3,0_75_p3_6_12_h1_3_6_12,0.75,False,False,highs
max_charge,26,202.5384527713059,322.22499999999985,119.68654722869393,9,210,0.9978946464489683,0.0012244999306858517,0.004251735870436985,-3.024056886533913,3,0_75_p3_6_12_h1_3_6_12,0.75,False,False,highs
max_charge,27,245.84740812381102,322.5499999999999,76.70259187618889,10,255,0.9985811031767753,0.0011868000801769085,0.004120833611725377,40.284898465971196,3,0_75_p3_6_12_h1_3_6_12,0.75,False,False,highs
max_charge,28,187.54056998987986,321.4249999999999,133.88443001012004,10,250,0.9971599368230762,0.001217900004121475,0.0042288194587551215,-18.02193966795997,3,0_75_p3_6_12_h1_3_6_12,0.75,False,False,highs
max_charge,29,197.4991734623908,319.97499999999985,122.47582653760907,9,238,0.9979836472733054,0.0012134001808590256,0.004213195072427172,-8.06333619544904,3,0_75_p3_6_12_h1_3_6_12,0.75,False,False,highs
random,0,184.75083075618278,288.23848917178327,103.48765841560049,13,220,0.9974609166744965,0.012695900084509049,0.044082986404545305,-20.811678901657046,3,0_75_p3_6_12_h1_3_6_12,0.75,False,False,highs
random,1,180.84013021969923,277.56731241402133,96.72718219432211,8,224,0.9364387223217784,0.01254239994159434,0.04354999979720257,-24.722379438140592,3,0_75_p3_6_12_h1_3_6_12,0.75,False,False,highs
random,2,186.6889538764832,281.5379072208271,94.8489533443439,7,235,0.9974806168201835,0.012329799988947343,0.042811805517178274,-18.87355578135663,3,0_75_p3_6_12_h1_3_6_12,0.75,False,False,highs
random,3,182.0222971476136,283.89807042021954,101.87577327260593,9,224,0.9969769913336473,0.012094200086721685,0.04199375030111696,-23.540212510226212,3,0_75_p3_6_12_h1_3_6_12,0.75,False,False,highs
random,4,173.53807219600375,280.4107667682263,106.87269457222257,7,232,0.9980684761952595,0.011861500031955075,0.041185763999844006,-32.02443746183607,3,0_75_p3_6_12_h1_3_6_12,0.75,False,False,highs
random,5,186.90502781817557,281.83137064504126,94.92634282686569,10,244,0.98678410191979,0.01192439998703776,0.04140416662165888,-18.657481839664257,3,0_75_p3_6_12_h1_3_6_12,0.75,False,False,highs
random,6,177.39910545863398,282.63596453973986,105.23685908110588,6,273,0.9995824738348882,0.01184309991367627,0.04112187470026482,-28.163404199205843,3,0_75_p3_6_12_h1_3_6_12,0.75,False,False,highs
random,7,200.02772895235253,276.67295795121464,76.64522899886211,6,221,0.9978819240477697,0.011809500050731003,0.04100520850948265,-5.534780705487293,3,0_75_p3_6_12_h1_3_6_12,0.75,False,False,highs
random,8,187.59606482872374,279.9539719638585,92.3579071351348,9,237,0.8350203009821946,0.012061399960657582,0.041879860974505495,-17.966444829116085,3,0_75_p3_6_12_h1_3_6_12,0.75,False,False,highs
random,9,168.00212703714573,288.9058985666896,120.90377152954386,10,257,0.9028904306784731,0.012169300003733952,0.042254513901854,-37.5603826206941,3,0_75_p3_6_12_h1_3_6_12,0.75,False,False,highs
random,10,152.94972580949525,287.5365241175035,134.58679830800827,10,228,0.99800215226156,0.01173370001197327,0.04074201393046274,-52.61278384834458,3,0_75_p3_6_12_h1_3_6_12,0.75,False,False,highs
random,11,176.15069432505175,277.0363646721926,100.88567034714083,9,205,0.9379207398183091,0.0137313999584876,0.04767847207808194,-29.41181533278808,3,0_75_p3_6_12_h1_3_6_12,0.75,False,False,highs
random,12,179.2880692742462,280.8711231705942,101.58305389634803,8,242,0.9175867815843173,0.012176200005342253,0.04227847224077171,-26.274440383593628,3,0_75_p3_6_12_h1_3_6_12,0.75,False,False,highs
random,13,183.3705255914153,284.3849583890898,101.01443279767449,7,221,0.9973435892985427,0.011275600008957554,0.03915138891999151,-22.19198406642454,3,0_75_p3_6_12_h1_3_6_12,0.75,False,False,highs
random,14,181.63435409609312,289.1547548844533,107.5204007883602,11,245,0.9971015025233205,0.011477100022602826,0.0398510417451487,-23.928155561746706,3,0_75_p3_6_12_h1_3_6_12,0.75,False,False,highs
random,15,183.38966021131588,278.1730701798285,94.78340996851264,9,221,0.997079835728616,0.01160589994105976,0.04029826368423528,-22.17284944652394,3,0_75_p3_6_12_h1_3_6_12,0.75,False,False,highs
random,16,182.26731707633428,292.226155514755,109.95883843842073,9,226,0.9955813135415035,0.011800900043454021,0.04097534737310424,-23.295192581505546,3,0_75_p3_6_12_h1_3_6_12,0.75,False,False,highs
random,17,163.6471207452633,283.34573264738543,119.69861190212212,8,233,0.9968305079663529,0.012381300053675659,0.04299062518637382,-41.91538891257653,3,0_75_p3_6_12_h1_3_6_12,0.75,False,False,highs
random,18,213.0113022933927,281.8018316010373,68.7905293076446,7,236,0.7517311664703754,0.011788199997681659,0.040931249991950205,7.448792635552877,3,0_75_p3_6_12_h1_3_6_12,0.75,False,False,highs
random,19,178.3535616810101,284.37583115214215,106.02226947113205,8,199,0.9970319280578718,0.011551399940799456,0.04010902757222033,-27.208947976829734,3,0_75_p3_6_12_h1_3_6_12,0.75,False,False,highs
random,20,200.70427670404476,278.29999743292905,77.59572072888429,9,239,0.9980805081781396,0.01200789996801177,0.04169409711115198,-4.858232953795067,3,0_75_p3_6_12_h1_3_6_12,0.75,False,False,highs
random,21,161.36914411435112,281.8759757928891,120.50683167853799,8,238,0.9965509216569964,0.012467799992009532,0.04329097219447754,-44.19336554348871,3,0_75_p3_6_12_h1_3_6_12,0.75,False,False,highs
random,22,207.0768126200008,288.85784791468427,81.78103529468349,9,240,0.9960407264129894,0.011515700018208008,0.0399850695076667,1.5143029621609685,3,0_75_p3_6_12_h1_3_6_12,0.75,False,False,highs
random,23,186.90558904212202,283.0436301477219,96.1380411055999,9,242,0.6815005746905909,0.011239200073760003,0.03902500025611112,-18.65692061571781,3,0_75_p3_6_12_h1_3_6_12,0.75,False,False,highs
random,24,183.5676563393261,287.821477472738,104.2538211334119,10,236,0.8945386569397125,0.012174199924629647,0.042271527516075165,-21.99485331851372,3,0_75_p3_6_12_h1_3_6_12,0.75,False,False,highs
random,25,140.15810535669635,281.0427479569104,140.88464260021402,10,241,0.9945691825643436,0.011480200060759671,0.039861805766526634,-65.40440430114347,3,0_75_p3_6_12_h1_3_6_12,0.75,False,False,highs
random,26,173.78661161151823,276.72077832813596,102.93416671661774,8,211,0.9978423992775878,0.01143709990719799,0.03971215245554857,-31.7758980463216,3,0_75_p3_6_12_h1_3_6_12,0.75,False,False,highs
random,27,213.92943599396207,280.7186507617976,66.78921476783555,10,255,0.9941577743473855,0.012560400005895644,0.043612500020470985,8.366926336122248,3,0_75_p3_6_12_h1_3_6_12,0.75,False,False,highs
random,28,166.24446143622447,285.1629202765497,118.91845884032524,10,250,0.9967545478931227,0.012659999963943847,0.043958333208138356,-39.318048221615356,3,0_75_p3_6_12_h1_3_6_12,0.75,False,False,highs
random,29,174.1431181150001,282.35512074136017,108.21200262636007,7,240,0.8230841267743687,0.01225549996161135,0.042553819311150515,-31.41939154283972,3,0_75_p3_6_12_h1_3_6_12,0.75,False,False,highs
milp_h1,0,410.7630617221197,640.9,230.13693827788032,21,209,0.6724811687327794,4.048884900061239,14.058628125212635,1.2781133895451262,6,0_75_p3_6_12_h1_3_6_12,0.75,False,False,highs
milp_h1,1,417.5691151022911,640.75,223.18088489770886,21,209,0.9973886775110813,4.162352200095484,14.452611805887095,8.084166769716546,6,0_75_p3_6_12_h1_3_6_12,0.75,False,False,highs
milp_h1,2,424.9470810691515,641.05,216.1029189308484,19,219,0.997806958350937,4.038579600084631,14.022845833627192,15.462132736576962,6,0_75_p3_6_12_h1_3_6_12,0.75,False,False,highs
milp_h1,3,410.9181785960992,639.9499999999999,229.03182140390075,20,210,0.9898002413758584,3.926264899993839,13.63286423608972,1.4332302635246492,6,0_75_p3_6_12_h1_3_6_12,0.75,False,False,highs
milp_h1,4,398.1941198348999,643.8,245.60588016510005,18,218,0.9858001649197531,3.897697800050082,13.533672916840564,-11.290828497674681,6,0_75_p3_6_12_h1_3_6_12,0.75,False,False,highs
milp_h1,5,422.4516028165817,636.9,214.44839718341825,15,238,0.7797112054795806,3.8138492999059963,13.242532291340265,12.966654484007165,6,0_75_p3_6_12_h1_3_6_12,0.75,False,False,highs
milp_h1,6,397.2753584384918,633.0,235.72464156150815,16,260,0.8928059844247865,3.7744647000727127,13.105780208585808,-12.20958989408274,6,0_75_p3_6_12_h1_3_6_12,0.75,False,False,highs
milp_h1,7,463.4691906670729,639.9499999999999,176.48080933292707,23,201,0.7100100751382654,7.811577100008435,27.12353159725151,53.98424233449833,6,0_75_p3_6_12_h1_3_6_12,0.75,False,False,highs
milp_h1,8,427.00581656098365,637.05,210.0441834390163,20,223,0.9302922680209248,5.569141299994953,19.337296180538033,17.520868228409086,6,0_75_p3_6_12_h1_3_6_12,0.75,False,False,highs
milp_h1,9,373.526633610328,642.05,268.52336638967193,19,245,0.8914596507222807,3.9609179000544827,13.753187152966953,-35.95831472224654,6,0_75_p3_6_12_h1_3_6_12,0.75,False,False,highs
milp_h1,10,341.10964216391244,640.9,299.79035783608754,23,212,0.9496273439932743,4.26824379995378,14.820290972061734,-68.37530616866212,6,0_75_p3_6_12_h1_3_6_12,0.75,False,False,highs
milp_h1,11,404.16743844151495,634.9499999999999,230.782561558485,20,191,0.932041092392636,3.921203899968532,13.61529131933518,-5.317509891059615,6,0_75_p3_6_12_h1_3_6_12,0.75,False,False,highs
milp_h1,12,408.767709416151,640.0999999999999,231.33229058384893,16,231,0.7913086819578986,4.2900394000607776,14.895970139099923,-0.7172389164235824,6,0_75_p3_6_12_h1_3_6_12,0.75,False,False,highs
milp_h1,13,414.2919708093008,643.0,228.70802919069925,16,209,0.7195823426952814,4.082461400110333,14.175213194827544,4.8070224767262175,6,0_75_p3_6_12_h1_3_6_12,0.75,False,False,highs
milp_h1,14,403.92500030994404,642.9999999999999,239.07499969005582,15,238,0.902008208804936,4.242637800067314,14.73138125023373,-5.559948022630522,6,0_75_p3_6_12_h1_3_6_12,0.75,False,False,highs
milp_h1,15,423.34787617226436,642.8499999999999,219.50212382773555,19,208,0.8132638004862749,4.355611700040754,15.123651736252619,13.862927839689803,6,0_75_p3_6_12_h1_3_6_12,0.75,False,False,highs
milp_h1,16,401.32044303218515,642.8499999999999,241.52955696781473,22,210,0.9245388205569437,4.528922999888891,15.72542708294754,-8.164505300389408,6,0_75_p3_6_12_h1_3_6_12,0.75,False,False,highs
milp_h1,17,364.0265602032342,629.6499999999999,265.62343979676564,16,222,0.8667519676553476,4.2410478998717736,14.725860763443658,-45.458388129340335,6,0_75_p3_6_12_h1_3_6_12,0.75,False,False,highs
milp_h1,18,482.48255210121465,638.4999999999999,156.01744789878526,22,218,0.9004225756907143,4.306543000071542,14.953274305803966,72.99760376864009,6,0_75_p3_6_12_h1_3_6_12,0.75,False,False,highs
milp_h1,19,397.5238130092621,634.0,236.4761869907379,14,190,0.853704840821309,4.404883299925132,15.294733680295597,-11.961135323312476,6,0_75_p3_6_12_h1_3_6_12,0.75,False,False,highs
milp_h1,20,457.6160387486219,634.65,177.03396125137803,20,225,0.9672656906748162,4.44190659999731,15.423286805546216,48.13109041604736,6,0_75_p3_6_12_h1_3_6_12,0.75,False,False,highs
milp_h1,21,363.71573435068126,636.0999999999999,272.38426564931865,28,214,0.8067955272647462,4.629813900035515,16.075742708456648,-45.7692139818933,6,0_75_p3_6_12_h1_3_6_12,0.75,False,False,highs
milp_h1,22,462.8112284461656,645.0999999999999,182.28877155383427,22,224,0.9197632517432566,4.437046699960774,15.406412152641577,53.326280113591054,6,0_75_p3_6_12_h1_3_6_12,0.75,False,False,highs
milp_h1,23,422.28072530825926,639.9499999999999,217.66927469174067,19,230,0.9300409019460758,4.090419699990889,14.20284618052392,12.795776975684703,6,0_75_p3_6_12_h1_3_6_12,0.75,False,False,highs
milp_h1,24,408.25689855217934,640.75,232.49310144782066,18,225,0.9173310816508725,4.38533349998761,15.226852430512533,-1.2280497803952244,6,0_75_p3_6_12_h1_3_6_12,0.75,False,False,highs
milp_h1,25,321.8572878241539,643.65,321.7927121758461,15,233,0.9978557901386348,4.701198700029636,16.323606597325124,-87.62766050842066,6,0_75_p3_6_12_h1_3_6_12,0.75,False,False,highs
milp_h1,26,403.61950554847715,642.1999999999999,238.5804944515228,17,199,0.9980388996074747,4.428998600022169,15.378467361188086,-5.865442784097411,6,0_75_p3_6_12_h1_3_6_12,0.75,False,False,highs
milp_h1,27,491.08156824906666,644.3,153.21843175093332,25,237,0.7821010295959029,4.134354600057122,14.355397916865009,81.5966199164921,6,0_75_p3_6_12_h1_3_6_12,0.75,False,False,highs
milp_h1,28,372.65238196055094,638.8,266.147618039449,18,239,0.9858023306712526,4.467158500054211,15.51096701407712,-36.83256637202362,6,0_75_p3_6_12_h1_3_6_12,0.75,False,False,highs
milp_h1,29,393.57391691207886,637.6999999999999,244.1260830879211,19,225,0.9704411807903524,4.685717499931343,16.26985243031716,-15.911031420495704,6,0_75_p3_6_12_h1_3_6_12,0.75,False,False,highs
milp_h3,0,410.7630617221196,640.8999999999999,230.13693827788032,16,217,0.842048756675931,7.070165300065128,24.549185069670582,1.2781133895450125,6,0_75_p3_6_12_h1_3_6_12,0.75,False,False,highs
milp_h3,1,417.569115102291,640.7499999999999,223.18088489770886,17,214,0.8827874207863523,7.25172929999826,25.179615624993957,8.084166769716433,6,0_75_p3_6_12_h1_3_6_12,0.75,False,False,highs
milp_h3,2,424.9470810691515,641.05,216.1029189308484,17,221,0.8895295636692636,5.744878700046684,19.94749548627321,15.462132736576962,6,0_75_p3_6_12_h1_3_6_12,0.75,False,False,highs
milp_h3,3,410.9181785960992,639.9499999999999,229.03182140390075,17,213,0.8300143906705107,6.107131100005063,21.205316319462025,1.4332302635246492,6,0_75_p3_6_12_h1_3_6_12,0.75,False,False,highs
milp_h3,4,398.1941198348999,643.8,245.60588016510007,12,225,0.9367170483354528,5.370562099975359,18.647785069358886,-11.290828497674681,6,0_75_p3_6_12_h1_3_6_12,0.75,False,False,highs
milp_h3,5,422.4516028165816,636.8999999999999,214.44839718341825,16,235,0.6686250710487971,7.159380899975076,24.858961458246792,12.966654484007051,6,0_75_p3_6_12_h1_3_6_12,0.75,False,False,highs
milp_h3,6,397.2753584384917,632.9999999999999,235.72464156150815,13,263,0.9955755535741222,6.307365899956494,21.900576041515606,-12.209589894082853,6,0_75_p3_6_12_h1_3_6_12,0.75,False,False,highs
milp_h3,7,463.4691906670729,639.9499999999999,176.48080933292704,12,212,0.9991826181169818,6.459692699958396,22.429488541522208,53.98424233449833,6,0_75_p3_6_12_h1_3_6_12,0.75,False,False,highs
milp_h3,8,426.5862979034582,636.3999999999999,209.81370209654168,18,225,0.9499832815229202,6.689653099987481,23.22796215273431,17.101349570883656,6,0_75_p3_6_12_h1_3_6_12,0.75,False,False,highs
milp_h3,9,373.5266336103279,642.0499999999998,268.52336638967193,16,248,0.802092992679165,9.908972499943047,34.406154513691135,-35.958314722246655,6,0_75_p3_6_12_h1_3_6_12,0.75,False,False,highs
milp_h3,10,341.10964216391244,640.9,299.79035783608754,15,220,0.9338132504518836,5.637136800054577,19.57339166685617,-68.37530616866212,6,0_75_p3_6_12_h1_3_6_12,0.75,False,False,highs
milp_h3,11,402.65132647156713,632.3499999999999,229.6986735284328,19,192,0.947292618635857,6.680177600006573,23.195061111133935,-6.83362186100743,6,0_75_p3_6_12_h1_3_6_12,0.75,False,False,highs
milp_h3,12,408.767709416151,640.0999999999999,231.3322905838489,16,231,0.7924990026669897,6.609927199977392,22.95113611103261,-0.7172389164235824,6,0_75_p3_6_12_h1_3_6_12,0.75,False,False,highs
milp_h3,13,414.29197080930066,642.9999999999999,228.70802919069922,9,216,0.8580041235545489,7.3770940999093,25.614910069129515,4.807022476726104,6,0_75_p3_6_12_h1_3_6_12,0.75,False,False,highs
milp_h3,14,403.92500030994404,642.9999999999999,239.07499969005582,16,237,0.9906172659743995,5.117621599914855,17.769519444148802,-5.559948022630522,6,0_75_p3_6_12_h1_3_6_12,0.75,False,False,highs
milp_h3,15,423.34787617226436,642.8499999999999,219.50212382773555,15,213,0.9983353690774777,6.543189299911319,22.719407291358745,13.862927839689803,6,0_75_p3_6_12_h1_3_6_12,0.75,False,False,highs
milp_h3,16,401.32044303218515,642.8499999999999,241.52955696781473,12,220,0.9983749196791043,6.647151799996209,23.08038819443128,-8.164505300389408,6,0_75_p3_6_12_h1_3_6_12,0.75,False,False,highs
milp_h3,17,364.0265602032344,629.65,265.6234397967656,17,222,0.9137305990640447,5.674106400008895,19.70175833336422,-45.458388129340165,6,0_75_p3_6_12_h1_3_6_12,0.75,False,False,highs
milp_h3,18,482.48255210121465,638.4999999999999,156.01744789878526,14,228,0.9391762466522934,5.47448309999163,19.008621874970938,72.99760376864009,6,0_75_p3_6_12_h1_3_6_12,0.75,False,False,highs
milp_h3,19,397.52381300926197,633.9999999999999,236.4761869907379,16,188,0.888833976543079,6.382730099954642,22.162257291509174,-11.96113532331259,6,0_75_p3_6_12_h1_3_6_12,0.75,False,False,highs
milp_h3,20,457.6160387486218,634.6499999999999,177.03396125137803,15,230,0.9981772283039341,5.200011699984316,18.055596180501098,48.13109041604724,6,0_75_p3_6_12_h1_3_6_12,0.75,False,False,highs
milp_h3,21,363.71573435068126,636.0999999999999,272.38426564931865,16,227,0.8831266301223338,7.1612097000397625,24.865311458471396,-45.7692139818933,6,0_75_p3_6_12_h1_3_6_12,0.75,False,False,highs
milp_h3,22,461.9877217610677,643.8,181.81227823893227,15,231,0.9984031870941954,5.444387499905133,18.90412326355949,52.50277342849313,6,0_75_p3_6_12_h1_3_6_12,0.75,False,False,highs
milp_h3,23,418.2196000615754,633.1499999999999,214.93039993842442,17,231,0.9307208629803551,5.1889161000653985,18.017069791893746,8.73465172900086,6,0_75_p3_6_12_h1_3_6_12,0.75,False,False,highs
milp_h3,24,407.37750922044114,639.4499999999999,232.0724907795588,17,227,0.9290084844375391,5.809884899943427,20.173211458136898,-2.10743911213342,6,0_75_p3_6_12_h1_3_6_12,0.75,False,False,highs
milp_h3,25,321.8572878241538,643.6499999999999,321.7927121758461,11,237,0.9988549845856479,6.691525100075523,23.234462153040013,-87.62766050842077,6,0_75_p3_6_12_h1_3_6_12,0.75,False,False,highs
milp_h3,26,403.61950554847715,642.1999999999999,238.58049445152278,20,197,0.8911339010652832,6.0263733999672695,20.92490763877524,-5.865442784097411,6,0_75_p3_6_12_h1_3_6_12,0.75,False,False,highs
milp_h3,27,491.08156824906666,644.3,153.2184317509333,14,249,0.9975965189692939,7.504300600026909,26.056599305648987,81.5966199164921,6,0_75_p3_6_12_h1_3_6_12,0.75,False,False,highs
milp_h3,28,372.65238196055094,638.8,266.147618039449,14,243,0.9643827408985455,5.905958500014094,20.50680034727116,-36.83256637202362,6,0_75_p3_6_12_h1_3_6_12,0.75,False,False,highs
milp_h3,29,393.57391691207886,637.6999999999999,244.1260830879211,16,230,0.9966581502655805,7.681780400038406,26.672848611244465,-15.911031420495704,6,0_75_p3_6_12_h1_3_6_12,0.75,False,False,highs
milp_h6,0,410.7630617221196,640.8999999999999,230.13693827788032,16,217,0.842048756675931,9.070824900045409,31.495919791824335,1.2781133895450125,6,0_75_p3_6_12_h1_3_6_12,0.75,False,False,highs
milp_h6,1,417.569115102291,640.7499999999999,223.18088489770886,17,213,0.9104753742829009,9.693409099978453,33.657670486036295,8.084166769716433,6,0_75_p3_6_12_h1_3_6_12,0.75,False,False,highs
milp_h6,2,424.9470810691515,641.05,216.1029189308484,16,223,0.7436897402799497,6.947059499994793,24.121734374981923,15.462132736576962,6,0_75_p3_6_12_h1_3_6_12,0.75,False,False,highs
milp_h6,3,410.9181785960992,639.9499999999999,229.03182140390075,17,213,0.8300143906705107,8.335162899980787,28.941537847155512,1.4332302635246492,6,0_75_p3_6_12_h1_3_6_12,0.75,False,False,highs
milp_h6,4,398.1941198348999,643.8,245.60588016510005,12,225,0.9986352988405671,7.79507499995816,27.066232638743614,-11.290828497674681,6,0_75_p3_6_12_h1_3_6_12,0.75,False,False,highs
milp_h6,5,422.4516028165816,636.8999999999999,214.44839718341825,14,237,0.5864190205204608,9.485927500085381,32.93724826418535,12.966654484007051,6,0_75_p3_6_12_h1_3_6_12,0.75,False,False,highs
milp_h6,6,397.2753584384917,632.9999999999999,235.72464156150815,13,263,0.9955755535741222,9.042257799948857,31.396728472044643,-12.209589894082853,6,0_75_p3_6_12_h1_3_6_12,0.75,False,False,highs
milp_h6,7,461.34065733353293,636.6999999999999,175.359342666467,13,211,0.9988119022574229,8.427128799972706,29.26086388879412,51.85570900095837,6,0_75_p3_6_12_h1_3_6_12,0.75,False,False,highs
milp_h6,8,426.5862979034582,636.3999999999999,209.81370209654168,18,225,0.9499832815229202,9.11080960000254,31.634755555564375,17.101349570883656,6,0_75_p3_6_12_h1_3_6_12,0.75,False,False,highs
milp_h6,9,373.5266336103279,642.0499999999998,268.52336638967193,16,248,0.802092992679165,12.4466628999362,43.21757951366736,-35.958314722246655,6,0_75_p3_6_12_h1_3_6_12,0.75,False,False,highs
milp_h6,10,341.10964216391244,640.9,299.79035783608754,15,220,0.9338132504518836,7.505531500028155,26.06087326398665,-68.37530616866212,6,0_75_p3_6_12_h1_3_6_12,0.75,False,False,highs
milp_h6,11,402.65132647156713,632.3499999999999,229.6986735284328,19,192,0.9485033255134999,7.897245799947996,27.42099236093054,-6.83362186100743,6,0_75_p3_6_12_h1_3_6_12,0.75,False,False,highs
milp_h6,12,408.767709416151,640.0999999999999,231.33229058384893,14,233,0.7584745255387637,7.922954200010281,27.510257638924585,-0.7172389164235824,6,0_75_p3_6_12_h1_3_6_12,0.75,False,False,highs
milp_h6,13,414.29197080930066,642.9999999999999,228.70802919069922,9,216,0.8580041235545489,9.431811600006768,32.749345833356834,4.807022476726104,6,0_75_p3_6_12_h1_3_6_12,0.75,False,False,highs
milp_h6,14,403.92500030994404,642.9999999999999,239.07499969005582,16,237,0.992109737644932,7.079897199982952,24.582976388829692,-5.559948022630522,6,0_75_p3_6_12_h1_3_6_12,0.75,False,False,highs
milp_h6,15,423.34787617226436,642.8499999999999,219.50212382773555,17,211,0.9976534726596856,7.2566606000764295,25.196738194709823,13.862927839689803,6,0_75_p3_6_12_h1_3_6_12,0.75,False,False,highs
milp_h6,16,401.32044303218515,642.8499999999999,241.52955696781473,13,219,0.7712320808229994,10.52348869999696,36.53989131943389,-8.164505300389408,6,0_75_p3_6_12_h1_3_6_12,0.75,False,False,highs
milp_h6,17,364.0265602032344,629.65,265.6234397967656,17,222,0.9137305990640447,7.443883599953551,25.846818055394277,-45.458388129340165,6,0_75_p3_6_12_h1_3_6_12,0.75,False,False,highs
milp_h6,18,482.48255210121465,638.4999999999999,156.01744789878526,20,220,0.8322033518347768,8.530205300012312,29.61876840282053,72.99760376864009,6,0_75_p3_6_12_h1_3_6_12,0.75,False,False,highs
milp_h6,19,397.52381300926197,633.9999999999999,236.4761869907379,16,188,0.8891092687733737,8.576648500020383,29.78002951395966,-11.96113532331259,6,0_75_p3_6_12_h1_3_6_12,0.75,False,False,highs
milp_h6,20,457.6160387486218,634.6499999999999,177.03396125137803,16,229,0.8553101426778964,8.560513199983689,29.72400416661003,48.13109041604724,6,0_75_p3_6_12_h1_3_6_12,0.75,False,False,highs
milp_h6,21,363.71573435068126,636.0999999999999,272.38426564931865,16,227,0.8835474751347906,9.82017780001479,34.09783958338468,-45.7692139818933,6,0_75_p3_6_12_h1_3_6_12,0.75,False,False,highs
milp_h6,22,462.8112284461656,645.0999999999999,182.28877155383427,13,233,0.9981106809486844,8.171044999915466,28.371684027484257,53.326280113591054,6,0_75_p3_6_12_h1_3_6_12,0.75,False,False,highs
milp_h6,23,422.2807253082593,639.9499999999999,217.66927469174064,17,230,0.924403544397881,7.882733200036455,27.37060138901547,12.79577697568476,6,0_75_p3_6_12_h1_3_6_12,0.75,False,False,highs
milp_h6,24,408.2568985521792,640.7499999999999,232.49310144782064,17,227,0.9976378308863748,8.392973799971514,29.142270138789982,-1.228049780395338,6,0_75_p3_6_12_h1_3_6_12,0.75,False,False,highs
milp_h6,25,321.8572878241538,643.6499999999999,321.7927121758461,13,235,0.9981963058116046,9.315217499992286,32.34450520830655,-87.62766050842077,6,0_75_p3_6_12_h1_3_6_12,0.75,False,False,highs
milp_h6,26,403.61950554847715,642.1999999999999,238.58049445152278,16,200,0.9234908216411728,12.079626500068116,41.94314756968096,-5.865442784097411,6,0_75_p3_6_12_h1_3_6_12,0.75,False,False,highs
milp_h6,27,491.08156824906655,644.2999999999998,153.2184317509333,16,247,0.9975965189692939,10.918667199955962,37.91203888873598,81.59661991649199,6,0_75_p3_6_12_h1_3_6_12,0.75,False,False,highs
milp_h6,28,372.65238196055094,638.8,266.147618039449,14,243,0.9644319056984435,7.666211199990357,26.618788888855406,-36.83256637202362,6,0_75_p3_6_12_h1_3_6_12,0.75,False,False,highs
milp_h6,29,393.57391691207886,637.6999999999999,244.1260830879211,17,228,0.9969764407173225,10.363829500034626,35.985519097342454,-15.911031420495704,6,0_75_p3_6_12_h1_3_6_12,0.75,False,False,highs
milp_h12,0,410.3896583894888,640.2499999999999,229.8603416105111,17,213,0.8802907016731382,11.886007099965354,41.270857985990816,0.9047100569142117,6,0_75_p3_6_12_h1_3_6_12,0.75,False,False,highs
milp_h12,1,417.569115102291,640.7499999999999,223.18088489770886,21,208,0.8599947939874263,15.866063299959933,55.09049756930532,8.084166769716433,6,0_75_p3_6_12_h1_3_6_12,0.75,False,False,highs
milp_h12,2,424.9470810691515,641.05,216.1029189308484,17,222,0.8075622019932827,13.341199099981168,46.32360798604572,15.462132736576962,6,0_75_p3_6_12_h1_3_6_12,0.75,False,False,highs
milp_h12,3,410.9181785960992,639.9499999999999,229.03182140390075,16,214,0.9985098840932048,11.78395839996665,40.91652222210642,1.4332302635246492,6,0_75_p3_6_12_h1_3_6_12,0.75,False,False,highs
milp_h12,4,398.1941198348999,643.8,245.60588016510005,11,226,0.9987932910017939,11.892954699957045,41.294981597073075,-11.290828497674681,6,0_75_p3_6_12_h1_3_6_12,0.75,False,False,highs
milp_h12,5,422.4516028165816,636.8999999999999,214.44839718341825,16,235,0.8889400154921587,15.75963940002839,54.72097013898747,12.966654484007051,6,0_75_p3_6_12_h1_3_6_12,0.75,False,False,highs
milp_h12,6,396.8549644470214,632.3499999999999,235.4950355529785,14,262,0.9987580344175828,13.960508999982267,48.47398958327176,-12.629983885553145,6,0_75_p3_6_12_h1_3_6_12,0.75,False,False,highs
milp_h12,7,463.4691906670729,639.9499999999999,176.48080933292704,16,209,0.9978741138688454,12.007251299946802,41.69184479148195,53.98424233449833,6,0_75_p3_6_12_h1_3_6_12,0.75,False,False,highs
milp_h12,8,427.00581656098365,637.05,210.0441834390163,16,227,0.9250540322303448,15.533161099985591,53.934587152727744,17.520868228409086,6,0_75_p3_6_12_h1_3_6_12,0.75,False,False,highs
milp_h12,9,373.5266336103279,642.0499999999998,268.52336638967193,16,248,0.8031642388914985,19.87417340005777,69.00754652797838,-35.958314722246655,6,0_75_p3_6_12_h1_3_6_12,0.75,False,False,highs
milp_h12,10,341.1096421639124,640.8999999999999,299.7903578360875,16,219,0.9120487649749628,12.153644599988183,42.20015486107008,-68.37530616866218,6,0_75_p3_6_12_h1_3_6_12,0.75,False,False,highs
milp_h12,11,403.74710509578387,634.3,230.5528949042161,15,196,0.9378321639842988,15.49769469997409,53.81143993046559,-5.737843236790695,6,0_75_p3_6_12_h1_3_6_12,0.75,False,False,highs
milp_h12,12,408.767709416151,640.0999999999999,231.33229058384893,16,231,0.792902840066714,12.672759099943505,44.00263576369272,-0.7172389164235824,6,0_75_p3_6_12_h1_3_6_12,0.75,False,False,highs
milp_h12,13,414.29197080930066,642.9999999999999,228.70802919069922,11,214,0.8771892407623375,16.605673600039154,57.65858888902484,4.807022476726104,6,0_75_p3_6_12_h1_3_6_12,0.75,False,False,highs
milp_h12,14,403.92500030994404,642.9999999999999,239.07499969005582,19,234,0.9884246532999195,11.479464800024289,39.85925277786211,-5.559948022630522,6,0_75_p3_6_12_h1_3_6_12,0.75,False,False,highs
milp_h12,15,423.34787617226436,642.8499999999999,219.50212382773555,15,213,0.9979840418978689,12.216026300018711,42.41675798617608,13.862927839689803,6,0_75_p3_6_12_h1_3_6_12,0.75,False,False,highs
milp_h12,16,401.32044303218515,642.8499999999999,241.52955696781473,12,220,0.9983749196791043,13.173684700013837,45.74196076393693,-8.164505300389408,6,0_75_p3_6_12_h1_3_6_12,0.75,False,False,highs
milp_h12,17,364.0265602032344,629.65,265.6234397967656,19,220,0.9271277191340673,11.153941399948962,38.72896319426723,-45.458388129340165,6,0_75_p3_6_12_h1_3_6_12,0.75,False,False,highs
milp_h12,18,482.48255210121465,638.4999999999999,156.01744789878526,15,225,0.8494331004732603,11.229585099979886,38.99161493048572,72.99760376864009,6,0_75_p3_6_12_h1_3_6_12,0.75,False,False,highs
milp_h12,19,397.523813009262,633.9999999999999,236.47618699073786,15,189,0.8534293082292672,13.34676040001068,46.34291805559264,-11.961135323312533,6,0_75_p3_6_12_h1_3_6_12,0.75,False,False,highs
milp_h12,20,457.6160387486218,634.6499999999999,177.03396125137803,12,233,0.997338213924461,11.178587600006722,38.814540277801115,48.13109041604724,6,0_75_p3_6_12_h1_3_6_12,0.75,False,False,highs
milp_h12,21,363.71573435068126,636.0999999999999,272.38426564931865,15,229,0.8261563206878193,14.982588799997757,52.02287777776999,-45.7692139818933,6,0_75_p3_6_12_h1_3_6_12,0.75,False,False,highs
milp_h12,22,460.75246173342066,641.8499999999999,181.09753826657928,14,232,0.9988134152424379,11.488761999964481,39.891534722098896,51.2675134008461,6,0_75_p3_6_12_h1_3_6_12,0.75,False,False,highs
milp_h12,23,422.2807253082593,639.9499999999999,217.66927469174064,16,231,0.8506987476481394,13.006212699910975,45.16046076357978,12.79577697568476,6,0_75_p3_6_12_h1_3_6_12,0.75,False,False,highs
milp_h12,24,408.2568985521792,640.7499999999999,232.49310144782064,16,228,0.997276049929641,11.482531499976176,39.869901041583944,-1.228049780395338,6,0_75_p3_6_12_h1_3_6_12,0.75,False,False,highs
milp_h12,25,321.8572878241538,643.6499999999999,321.7927121758461,13,235,0.998436350205508,13.80544410001312,47.93556979171222,-87.62766050842077,6,0_75_p3_6_12_h1_3_6_12,0.75,False,False,highs
milp_h12,26,403.61950554847715,642.1999999999999,238.58049445152278,16,200,0.8960881709647376,11.91490640003758,41.371202777908266,-5.865442784097411,6,0_75_p3_6_12_h1_3_6_12,0.75,False,False,highs
milp_h12,27,491.08156824906655,644.2999999999998,153.2184317509333,15,247,0.9015710398724968,15.364993599978334,53.35067222214699,81.59661991649199,6,0_75_p3_6_12_h1_3_6_12,0.75,False,False,highs
milp_h12,28,372.6523819605508,638.7999999999998,266.147618039449,18,239,0.9696273134551543,12.270970599973225,42.60753680546259,-36.832566372023734,6,0_75_p3_6_12_h1_3_6_12,0.75,False,False,highs
milp_h12,29,393.57391691207886,637.6999999999999,244.1260830879211,15,230,0.8833549370557352,11.637099900006433,40.40659687502234,-15.911031420495704,6,0_75_p3_6_12_h1_3_6_12,0.75,False,False,highs
equal_share,0,324.5593857930147,504.32642730203077,179.76704150901602,19,211,0.47239527559058797,0.0036705000093206763,0.012744791699030126,-84.92556253955985,6,0_75_p3_6_12_h1_3_6_12,0.75,False,False,highs
equal_share,1,340.59303961857574,520.4191980328544,179.8261584142787,19,210,0.9240221560737132,0.003574299975298345,0.012410763803119253,-68.89190871399882,6,0_75_p3_6_12_h1_3_6_12,0.75,False,False,highs
equal_share,2,360.1646984908915,542.0610831421143,181.8963846512228,15,223,0.9968673428093261,0.0035851999928127043,0.012448611086155224,-49.32024984168305,6,0_75_p3_6_12_h1_3_6_12,0.75,False,False,highs
equal_share,3,357.8317205861179,559.6250339520426,201.7933133659247,19,211,0.8872156023162154,0.0034768000041367486,0.012072222236585932,-51.65322774645665,6,0_75_p3_6_12_h1_3_6_12,0.75,False,False,highs
equal_share,4,274.9945647951581,441.77836690025924,166.7838021051011,8,228,0.9972995497434946,0.003614300032495521,0.012549652890609449,-134.49038353741645,6,0_75_p3_6_12_h1_3_6_12,0.75,False,False,highs
equal_share,5,326.1133133370762,493.3914056866059,167.27809234952971,12,239,0.7289236974547028,0.0036359000150696374,0.012624652830102908,-83.37163499549837,6,0_75_p3_6_12_h1_3_6_12,0.75,False,False,highs
equal_share,6,255.32345837453641,405.9421519791837,150.61869360464726,6,270,0.9933597209196346,0.003946500022721011,0.0137031250788924,-154.16148995803815,6,0_75_p3_6_12_h1_3_6_12,0.75,False,False,highs
equal_share,7,374.2403086527373,511.9956744439702,137.75536579123286,18,206,0.900275997239176,0.003572300040104892,0.012403819583697542,-35.244639679837235,6,0_75_p3_6_12_h1_3_6_12,0.75,False,False,highs
equal_share,8,369.53672020009304,549.670030023134,180.13330982304097,15,228,0.997682670197846,0.003521500009810552,0.012227430589619972,-39.94822813248152,6,0_75_p3_6_12_h1_3_6_12,0.75,False,False,highs
equal_share,9,296.1236846085983,504.15556713392044,208.03188252532215,17,247,0.8298865514320928,0.0034086000232491642,0.011835416747392932,-113.36126372397626,6,0_75_p3_6_12_h1_3_6_12,0.75,False,False,highs
equal_share,10,217.96406072873432,406.7869432402505,188.82288251151616,12,223,0.6839349494818774,0.0034785999887390062,0.012078472183121549,-191.52088760384024,6,0_75_p3_6_12_h1_3_6_12,0.75,False,False,highs
equal_share,11,281.7297397805762,442.27205081754647,160.5423110369703,10,201,0.7414838379050295,0.003529899906425271,0.01225659689730997,-127.75520855199835,6,0_75_p3_6_12_h1_3_6_12,0.75,False,False,highs
equal_share,12,371.58001525413425,580.1951616989709,208.61514644483663,16,231,0.8162461790737547,0.0035890999497496523,0.012462152603297404,-37.90493307844031,6,0_75_p3_6_12_h1_3_6_12,0.75,False,False,highs
equal_share,13,341.1171623633464,529.171044969043,188.05388260569663,12,213,0.6651421728961397,0.003475399993476458,0.012067361088459924,-68.36778596922818,6,0_75_p3_6_12_h1_3_6_12,0.75,False,False,highs
equal_share,14,309.5062898032561,492.5441095350174,183.0378197317613,9,244,0.9977500592226989,0.003501600047457032,0.012158333498114694,-99.97865852931847,6,0_75_p3_6_12_h1_3_6_12,0.75,False,False,highs
equal_share,15,236.93406943240385,350.5496538973651,113.61558446496124,7,220,0.9931384947049453,0.003698299937241245,0.0128413192265321,-172.55087890017072,6,0_75_p3_6_12_h1_3_6_12,0.75,False,False,highs
equal_share,16,306.95741577195736,489.915616436613,182.95820066465566,14,218,0.8957565309865806,0.0036937999684596434,0.012825694334929317,-102.5275325606172,6,0_75_p3_6_12_h1_3_6_12,0.75,False,False,highs
equal_share,17,276.68420171267235,473.01518146078877,196.33097974811642,10,228,0.8964236815303417,0.003641999988758471,0.012645833294300246,-132.8007466199022,6,0_75_p3_6_12_h1_3_6_12,0.75,False,False,highs
equal_share,18,341.04533897328196,449.3394160610382,108.29407708775626,11,229,0.8690877766611955,0.0034892999537987635,0.01211562483957904,-68.4396093592926,6,0_75_p3_6_12_h1_3_6_12,0.75,False,False,highs
equal_share,19,357.5291397885503,569.7890796652724,212.2599398767221,16,188,0.8069381870592136,0.00350399999297224,0.012166666642264722,-51.95580854402425,6,0_75_p3_6_12_h1_3_6_12,0.75,False,False,highs
equal_share,20,419.36279137146823,581.4407071312013,162.07791575973303,17,228,0.8763727610437968,0.0034166999685112387,0.01186354155733069,9.877843038893673,6,0_75_p3_6_12_h1_3_6_12,0.75,False,False,highs
equal_share,21,294.9525263010603,514.0989909068593,219.14646460579897,18,224,0.863058266183899,0.0033526000697747804,0.011640972464495766,-114.53242203151427,6,0_75_p3_6_12_h1_3_6_12,0.75,False,False,highs
equal_share,22,264.8211925705368,374.9549966059189,110.13380403538204,11,235,0.9969006041665981,0.0036733999659190886,0.012754860992774612,-144.66375576203774,6,0_75_p3_6_12_h1_3_6_12,0.75,False,False,highs
equal_share,23,264.5770926742082,397.476279979951,132.8991873057428,9,238,0.8492869738762175,0.003777200123295188,0.01311527820588607,-144.90785565836637,6,0_75_p3_6_12_h1_3_6_12,0.75,False,False,highs
equal_share,24,344.3684310980273,539.3770842023944,195.00865310436706,20,223,0.8492621679727926,0.0051221999965491705,0.01778541665468462,-65.11651723454725,6,0_75_p3_6_12_h1_3_6_12,0.75,False,False,highs
equal_share,25,215.12640200069382,425.4399753483643,210.3135733476705,7,241,0.9970874256858044,0.005110899975989014,0.017746180472184077,-194.35854633188075,6,0_75_p3_6_12_h1_3_6_12,0.75,False,False,highs
equal_share,26,202.02919796313694,320.1500323090162,118.12083434587923,7,209,0.9929623231533972,0.005659399954311084,0.019650694285802375,-207.45575036943762,6,0_75_p3_6_12_h1_3_6_12,0.75,False,False,highs
equal_share,27,355.9893177516171,466.2864712690782,110.29715351746114,17,245,0.8942395017207712,0.005446000010124408,0.018909722257376416,-53.49563058095748,6,0_75_p3_6_12_h1_3_6_12,0.75,False,False,highs
equal_share,28,270.2330660898833,463.39747870195094,193.16441261206765,10,247,0.9719802276266827,0.0052444999673753045,0.01821006933116425,-139.25188224269124,6,0_75_p3_6_12_h1_3_6_12,0.75,False,False,highs
equal_share,29,334.1355773426698,540.6118511940915,206.4762738514217,19,225,0.995895875882578,0.004698400021879934,0.01631388896486088,-75.34937098990474,6,0_75_p3_6_12_h1_3_6_12,0.75,False,False,highs
max_charge,0,410.7630617221196,640.8999999999999,230.13693827788032,27,203,0.6793857851814975,0.0018688000418478623,0.0064888890341939665,1.2781133895450125,6,0_75_p3_6_12_h1_3_6_12,0.75,False,False,highs
max_charge,1,417.569115102291,640.7499999999999,223.18088489770886,25,204,0.937884020538042,0.0017444000986870378,0.00605694478710777,8.084166769716433,6,0_75_p3_6_12_h1_3_6_12,0.75,False,False,highs
max_charge,2,424.9470810691514,641.0499999999998,216.1029189308484,18,220,0.997653273212586,0.001636400047573261,0.005681944609629379,15.462132736576848,6,0_75_p3_6_12_h1_3_6_12,0.75,False,False,highs
max_charge,3,410.9181785960992,639.9499999999999,229.03182140390075,23,207,0.8872156023162154,0.0014610000434913673,0.005072916817678358,1.4332302635246492,6,0_75_p3_6_12_h1_3_6_12,0.75,False,False,highs
max_charge,4,398.19411983489977,643.7999999999998,245.60588016510007,18,218,0.9960543472322695,0.001583399971423205,0.005497916567441684,-11.290828497674795,6,0_75_p3_6_12_h1_3_6_12,0.75,False,False,highs
max_charge,5,422.4516028165816,636.8999999999999,214.44839718341825,16,235,0.7793579642651576,0.001583300021593459,0.005497569519421732,12.966654484007051,6,0_75_p3_6_12_h1_3_6_12,0.75,False,False,highs
max_charge,6,397.2753584384917,632.9999999999999,235.72464156150815,17,259,0.9969510615758187,0.0013543000604840927,0.004702430765569766,-12.209589894082853,6,0_75_p3_6_12_h1_3_6_12,0.75,False,False,highs
max_charge,7,463.4691906670729,639.9499999999999,176.48080933292704,28,196,0.9250619163612622,0.0013750000216532499,0.004774305630740451,53.98424233449833,6,0_75_p3_6_12_h1_3_6_12,0.75,False,False,highs
max_charge,8,427.00581656098353,637.0499999999998,210.0441834390163,22,221,0.9348185469870951,0.001406000039423816,0.004881944581332694,17.520868228408972,6,0_75_p3_6_12_h1_3_6_12,0.75,False,False,highs
max_charge,9,373.5266336103279,642.0499999999998,268.52336638967193,25,239,0.8679675299143553,0.0014255999776651151,0.004949999922448317,-35.958314722246655,6,0_75_p3_6_12_h1_3_6_12,0.75,False,False,highs
max_charge,10,341.1096421639124,640.8999999999999,299.7903578360875,21,214,0.8193242502421872,0.0014033999395905994,0.004872916456911803,-68.37530616866218,6,0_75_p3_6_12_h1_3_6_12,0.75,False,False,highs
max_charge,11,404.16743844151495,634.9499999999999,230.78256155848499,20,191,0.9255589421781848,0.0015891999937593937,0.005518055533886784,-5.317509891059615,6,0_75_p3_6_12_h1_3_6_12,0.75,False,False,highs
max_charge,12,408.767709416151,640.0999999999999,231.33229058384893,18,229,0.8526564386110251,0.0014229999942472205,0.004940972202247294,-0.7172389164235824,6,0_75_p3_6_12_h1_3_6_12,0.75,False,False,highs
max_charge,13,414.29197080930066,642.9999999999999,228.70802919069922,20,205,0.615273350075105,0.0014943999776733108,0.005188888811365662,4.807022476726104,6,0_75_p3_6_12_h1_3_6_12,0.75,False,False,highs
max_charge,14,403.92500030994404,642.9999999999999,239.07499969005582,16,237,0.9028865100303556,0.0014351999707287177,0.004983333231696936,-5.559948022630522,6,0_75_p3_6_12_h1_3_6_12,0.75,False,False,highs
max_charge,15,423.34787617226436,642.8499999999999,219.50212382773555,20,207,0.996475033305462,0.001476500037824735,0.005126736242446996,13.862927839689803,6,0_75_p3_6_12_h1_3_6_12,0.75,False,False,highs
max_charge,16,401.32044303218515,642.8499999999999,241.52955696781473,17,215,0.8818620503607922,0.0014889999947627075,0.005170138870703845,-8.164505300389408,6,0_75_p3_6_12_h1_3_6_12,0.75,False,False,highs
max_charge,17,364.0265602032343,629.6499999999999,265.6234397967656,18,220,0.9257087726860759,0.0014436000856221654,0.005012500297299185,-45.45838812934028,6,0_75_p3_6_12_h1_3_6_12,0.75,False,False,highs
max_charge,18,482.48255210121465,638.4999999999999,156.01744789878524,20,220,0.8980431635606939,0.0014121000058366917,0.004903125020266291,72.99760376864009,6,0_75_p3_6_12_h1_3_6_12,0.75,False,False,highs
max_charge,19,397.52381300926197,633.9999999999999,236.4761869907379,18,186,0.8262705542205481,0.001412899982824456,0.004905902718140472,-11.96113532331259,6,0_75_p3_6_12_h1_3_6_12,0.75,False,False,highs
max_charge,20,457.6160387486218,634.6499999999999,177.03396125137803,19,226,0.9008868673694345,0.0013372000321396627,0.004643055667151607,48.13109041604724,6,0_75_p3_6_12_h1_3_6_12,0.75,False,False,highs
max_charge,21,363.71573435068126,636.0999999999999,272.38426564931865,25,218,0.8688335128930876,0.0013354999464354478,0.0046371525917897494,-45.7692139818933,6,0_75_p3_6_12_h1_3_6_12,0.75,False,False,highs
max_charge,22,462.8112284461656,645.0999999999999,182.28877155383427,20,226,0.9966900351945464,0.0013732000152231194,0.004768055608413609,53.326280113591054,6,0_75_p3_6_12_h1_3_6_12,0.75,False,False,highs
max_charge,23,422.2807253082593,639.9499999999999,217.66927469174064,19,229,0.9058810113123421,0.0013506999384844676,0.004689930341959957,12.79577697568476,6,0_75_p3_6_12_h1_3_6_12,0.75,False,False,highs
max_charge,24,408.2568985521792,640.7499999999999,232.49310144782064,24,219,0.8620215009395036,0.0013529000643757172,0.00469756966797124,-1.228049780395338,6,0_75_p3_6_12_h1_3_6_12,0.75,False,False,highs
max_charge,25,321.85728782415384,643.6499999999999,321.792712175846,14,234,0.9989613394224574,0.0013894999647163786,0.004824652655265204,-87.62766050842072,6,0_75_p3_6_12_h1_3_6_12,0.75,False,False,highs
max_charge,26,403.61950554847715,642.1999999999999,238.5804944515228,21,195,0.9976059685783607,0.0013739000423811376,0.0047704862582678385,-5.865442784097411,6,0_75_p3_6_12_h1_3_6_12,0.75,False,False,highs
max_charge,27,491.08156824906655,644.2999999999998,153.2184317509333,24,238,0.855508679946329,0.0013927000254625455,0.004835763977300505,81.59661991649199,6,0_75_p3_6_12_h1_3_6_12,0.75,False,False,highs
max_charge,28,372.6523819605508,638.7999999999998,266.147618039449,23,234,0.899826019269114,0.0014436000274145044,0.005012500095189252,-36.832566372023734,6,0_75_p3_6_12_h1_3_6_12,0.75,False,False,highs
max_charge,29,393.57391691207886,637.6999999999999,244.1260830879211,24,220,0.997025777503453,0.0013884999352740124,0.004821180330812543,-15.911031420495704,6,0_75_p3_6_12_h1_3_6_12,0.75,False,False,highs
random,0,378.7273346717816,590.8071239159564,212.07978924417478,16,214,0.7880842169704306,0.014148400012345519,0.04912638893175528,-30.75761366079297,6,0_75_p3_6_12_h1_3_6_12,0.75,False,False,highs
random,1,380.8466690410809,584.509580215756,203.66291117467517,23,206,0.8855886171407977,0.013386299957346637,0.04648020818523138,-28.63827929149369,6,0_75_p3_6_12_h1_3_6_12,0.75,False,False,highs
random,2,387.38539287850557,584.2669808565171,196.8815879780115,21,217,0.8978772755006325,0.013785500013909768,0.047866319492742254,-22.09955545406899,6,0_75_p3_6_12_h1_3_6_12,0.75,False,False,highs
random,3,375.1606541639586,583.9030092472661,208.7423550833075,18,212,0.8063644303693187,0.013416999994660728,0.04658680553701641,-34.32429416861595,6,0_75_p3_6_12_h1_3_6_12,0.75,False,False,highs
random,4,366.9095826103966,593.2413001643031,226.33171755390646,13,223,0.9981599133732412,0.013700900024559814,0.04757256952972158,-42.575365722177935,6,0_75_p3_6_12_h1_3_6_12,0.75,False,False,highs
random,5,390.2798903039916,588.5027929339429,198.22290262995134,21,231,0.868807013871295,0.013714499946217984,0.047619791479923554,-19.205058028582982,6,0_75_p3_6_12_h1_3_6_12,0.75,False,False,highs
random,6,363.07321597541517,578.7326341131866,215.6594181377714,17,259,0.9977133012325274,0.013446200006001163,0.046688194465281815,-46.411732357159394,6,0_75_p3_6_12_h1_3_6_12,0.75,False,False,highs
random,7,429.46402409832467,592.6090345704848,163.14501047216015,20,204,0.8336833112578806,0.013462800066918135,0.04674583356568797,19.97907576575011,6,0_75_p3_6_12_h1_3_6_12,0.75,False,False,highs
random,8,396.99320441776223,591.7620471250505,194.76884270728823,17,226,0.9970029220740679,0.01393479992839275,0.04838472197358593,-12.491743914812332,6,0_75_p3_6_12_h1_3_6_12,0.75,False,False,highs
random,9,346.65026360607885,596.469592228665,249.81932862258614,24,241,0.8254615646974995,0.013828399976773653,0.04801527769713074,-62.83468472649571,6,0_75_p3_6_12_h1_3_6_12,0.75,False,False,highs
random,10,310.19271114253297,583.7933533968188,273.60064225428584,20,215,0.9469812220222658,0.013906300002417993,0.0482857638972847,-99.29223719004159,6,0_75_p3_6_12_h1_3_6_12,0.75,False,False,highs
random,11,376.6118992583207,591.540018925925,214.9281196676043,24,187,0.7742465159238227,0.013863199994375464,0.048136111091581474,-32.873049074253856,6,0_75_p3_6_12_h1_3_6_12,0.75,False,False,highs
random,12,374.17955125316246,586.4818775222783,212.30232626911587,19,228,0.7369737401718853,0.013832900032866746,0.048030902891898423,-35.3053970794121,6,0_75_p3_6_12_h1_3_6_12,0.75,False,False,highs
random,13,375.08006330791176,581.7479909028131,206.6679275949013,17,208,0.7857028753167372,0.01356869996379828,0.04711354154096625,-34.4048850246628,6,0_75_p3_6_12_h1_3_6_12,0.75,False,False,highs
random,14,372.61900546483844,592.9656940529768,220.34668858813836,11,242,0.9092216684760791,0.0137113999662688,0.047609027660655556,-36.86594286773612,6,0_75_p3_6_12_h1_3_6_12,0.75,False,False,highs
random,15,388.1693485326381,589.155308541652,200.9859600090139,17,210,0.9973461816462591,0.01398709999921266,0.04856631944171062,-21.31559979993648,6,0_75_p3_6_12_h1_3_6_12,0.75,False,False,highs
random,16,366.6854946561291,587.016288243632,220.33079358750282,17,215,0.9407168832305063,0.013709099985135254,0.047601041615052964,-42.79945367644547,6,0_75_p3_6_12_h1_3_6_12,0.75,False,False,highs
random,17,330.27696496605734,571.6296583620784,241.3526933960211,18,220,0.822809955429193,0.013450700003886595,0.04670381945793957,-79.20798336651723,6,0_75_p3_6_12_h1_3_6_12,0.75,False,False,highs
random,18,441.0439700401377,583.7349816644097,142.691011624272,20,221,0.892963399775689,0.013432200001261663,0.046639583337714105,31.559021707563147,6,0_75_p3_6_12_h1_3_6_12,0.75,False,False,highs
random,19,367.2773466577746,585.8487066164126,218.571359958638,15,189,0.8694078781740053,0.013374499983910937,0.04643923605524631,-42.207601674799946,6,0_75_p3_6_12_h1_3_6_12,0.75,False,False,highs
random,20,425.81413065600645,589.2547835446836,163.44065288867714,17,228,0.8711404126679086,0.013765099924057722,0.047795485847422645,16.329182323431894,6,0_75_p3_6_12_h1_3_6_12,0.75,False,False,highs
random,21,336.90434413995104,588.77558415552,251.871240015569,19,223,0.9978341658696367,0.013802899928123225,0.04792673586153898,-72.58060419262353,6,0_75_p3_6_12_h1_3_6_12,0.75,False,False,highs
random,22,431.6344302645808,601.3957935124222,169.76136324784133,20,226,0.9981644176157219,0.013825999965774827,0.04800694432560704,22.149481932006267,6,0_75_p3_6_12_h1_3_6_12,0.75,False,False,highs
random,23,390.441106107937,591.3600606722587,200.9189545643217,20,228,0.9133295647744661,0.013595400065241847,0.04720625022653419,-19.043842224637558,6,0_75_p3_6_12_h1_3_6_12,0.75,False,False,highs
random,24,372.4578556558185,584.3454369060023,211.8875812501838,21,222,0.9162924646534933,0.013323299986950587,0.046261458288022875,-37.02709267675607,6,0_75_p3_6_12_h1_3_6_12,0.75,False,False,highs
random,25,296.2868960540485,593.270556398395,296.9836603443465,16,232,0.99940515759073,0.013431099934678059,0.04663576366207659,-113.19805227852606,6,0_75_p3_6_12_h1_3_6_12,0.75,False,False,highs
random,26,362.5325741557218,576.9989216798623,214.46634752414045,18,198,0.999215122935251,0.01431240001693368,0.04969583339213083,-46.95237417685274,6,0_75_p3_6_12_h1_3_6_12,0.75,False,False,highs
random,27,448.2628077156926,588.0951682513756,139.83236053568305,23,240,0.9879649380665034,0.013667400045960676,0.04745625015958568,38.77785938311803,6,0_75_p3_6_12_h1_3_6_12,0.75,False,False,highs
random,28,337.9526660001638,579.7294218501414,241.77675584997763,19,238,0.9858391801770665,0.01431270001194207,0.04969687504146552,-71.53228233241077,6,0_75_p3_6_12_h1_3_6_12,0.75,False,False,highs
random,29,362.02790292439755,586.5957531444897,224.5678502200921,17,227,0.8549976535872771,0.014750199952686671,0.05121597205793983,-47.45704540817701,6,0_75_p3_6_12_h1_3_6_12,0.75,False,False,highs
milp_h1,0,812.3091500600177,1267.2999999999997,454.990849939982,26,198,0.8270906033586524,4.644025699941267,16.125089235907176,0.2176778106556867,12,0_75_p3_6_12_h1_3_6_12,0.75,False,False,highs
milp_h1,1,831.2796955585479,1275.3999999999999,444.12030444145194,33,190,0.9234646855361641,4.553625600019586,15.811200000068007,19.1882233091859,12,0_75_p3_6_12_h1_3_6_12,0.75,False,False,highs
milp_h1,2,835.5777384420235,1260.4999999999998,424.9222615579763,32,200,0.884997616153129,4.506605999973544,15.64793749990814,23.486266192661446,12,0_75_p3_6_12_h1_3_6_12,0.75,False,False,highs
milp_h1,3,818.9339171806969,1275.3999999999996,456.4660828193028,25,199,0.9235998661627342,4.598893799971847,15.968381249902247,6.842444931334853,12,0_75_p3_6_12_h1_3_6_12,0.75,False,False,highs
milp_h1,4,787.3665062506993,1273.3999999999999,486.03349374930053,32,198,0.857501082817252,4.722595900078886,16.397902430829465,-24.724965998662697,12,0_75_p3_6_12_h1_3_6_12,0.75,False,False,highs
milp_h1,5,838.091893494129,1263.0999999999997,425.0081065058707,35,210,0.7742664429856186,4.775781699907384,16.58257534690064,26.000421244766926,12,0_75_p3_6_12_h1_3_6_12,0.75,False,False,highs
milp_h1,6,782.466258128484,1247.1999999999998,464.7337418715158,38,232,0.9479095396533532,4.77637429999595,16.58463298609705,-29.625214120878013,12,0_75_p3_6_12_h1_3_6_12,0.75,False,False,highs
milp_h1,7,913.0876039425531,1258.9999999999998,345.9123960574467,36,182,0.7980029656336348,4.657303400046658,16.171192361273118,100.99613169319105,12,0_75_p3_6_12_h1_3_6_12,0.75,False,False,highs
milp_h1,8,848.0215664148328,1264.5999999999997,416.57843358516686,29,209,0.92191825255945,4.640861400017457,16.114102083393945,35.93009416547079,12,0_75_p3_6_12_h1_3_6_12,0.75,False,False,highs
milp_h1,9,740.420694073041,1273.3999999999996,532.9793059269587,37,221,0.7837384548256523,4.729938000011316,16.423395833372624,-71.67077817632105,12,0_75_p3_6_12_h1_3_6_12,0.75,False,False,highs
milp_h1,10,675.9293642838795,1270.9999999999998,595.0706357161203,41,188,0.8440035111328517,4.715845500068099,16.374463541903122,-136.1621079654825,12,0_75_p3_6_12_h1_3_6_12,0.75,False,False,highs
milp_h1,11,801.8194102803864,1259.2999999999997,457.4805897196133,31,174,0.9017718322912867,4.819356200066977,16.733875694677003,-10.272061968975663,12,0_75_p3_6_12_h1_3_6_12,0.75,False,False,highs
milp_h1,12,809.6331894516943,1268.5999999999997,458.96681054830543,32,210,0.9316079123307477,4.830527199985227,16.77266388883759,-2.458282797667721,12,0_75_p3_6_12_h1_3_6_12,0.75,False,False,highs
milp_h1,13,822.2494083245595,1275.9999999999998,453.7505916754404,24,195,0.8991819481442468,4.653082400029234,16.156536111212617,10.157936075197426,12,0_75_p3_6_12_h1_3_6_12,0.75,False,False,highs
milp_h1,14,803.662960553169,1279.3999999999996,475.73703944683064,34,213,0.9987351324617874,4.69227609992231,16.292625346952466,-8.428511696193027,12,0_75_p3_6_12_h1_3_6_12,0.75,False,False,highs
milp_h1,15,843.6601043442884,1281.4999999999998,437.8398956557114,39,182,0.8339425277495615,4.663178000024345,16.19159027786231,31.56863209492633,12,0_75_p3_6_12_h1_3_6_12,0.75,False,False,highs
milp_h1,16,788.3913822253544,1263.4999999999998,475.1086177746454,31,195,0.987200848919932,4.884435299922188,16.95984479139649,-23.700090024007636,12,0_75_p3_6_12_h1_3_6_12,0.75,False,False,highs
milp_h1,17,720.8568630218505,1247.9999999999998,527.1431369781493,38,195,0.8156884226080608,4.607637899956899,15.998742708183677,-91.23460922751156,12,0_75_p3_6_12_h1_3_6_12,0.75,False,False,highs
milp_h1,18,959.1190828283627,1269.3999999999999,310.28091717163716,32,202,0.9687325143449363,6.241299200009962,21.671177777812368,147.02761057900068,12,0_75_p3_6_12_h1_3_6_12,0.75,False,False,highs
milp_h1,19,787.4429527163505,1255.8999999999999,468.45704728364933,33,168,0.9331812863229133,4.1856442999778665,14.533487152700925,-24.648519533011495,12,0_75_p3_6_12_h1_3_6_12,0.75,False,False,highs
milp_h1,20,910.512968113025,1262.4999999999998,351.9870318869749,30,209,0.8776161620198482,4.856151300009515,16.86163645836637,98.42149586366293,12,0_75_p3_6_12_h1_3_6_12,0.75,False,False,highs
milp_h1,21,723.693552625179,1265.8999999999996,542.2064473748206,39,198,0.9519110693631007,4.92318589988281,17.0943954857042,-88.39791962418303,12,0_75_p3_6_12_h1_3_6_12,0.75,False,False,highs
milp_h1,22,919.3847100536027,1280.4999999999998,361.11528994639707,37,203,0.9062379954357477,4.825436099978106,16.75498645825731,107.29323780424068,12,0_75_p3_6_12_h1_3_6_12,0.75,False,False,highs
milp_h1,23,841.3965838511782,1274.8999999999996,433.50341614882143,28,215,0.8109429249381273,4.884989299971494,16.9617684026788,29.30511160181618,12,0_75_p3_6_12_h1_3_6_12,0.75,False,False,highs
milp_h1,24,806.3324234684308,1265.4999999999998,459.16757653156907,29,209,0.997903885678864,4.674285499997495,16.230157986102412,-5.759048780931266,12,0_75_p3_6_12_h1_3_6_12,0.75,False,False,highs
milp_h1,25,633.7005158265431,1268.9999999999998,635.2994841734567,30,212,0.9441469359115071,4.409836600047129,15.31193263905253,-178.39095642281893,12,0_75_p3_6_12_h1_3_6_12,0.75,False,False,highs
milp_h1,26,797.5230111360547,1269.3999999999996,471.8769888639449,38,172,0.9228806817714903,5.836296800182026,20.26491944507648,-14.568461113307308,12,0_75_p3_6_12_h1_3_6_12,0.75,False,False,highs
milp_h1,27,978.7902725060779,1284.1999999999998,305.4097274939219,28,229,0.9974856116246675,4.843326699905447,16.81710659689391,166.6988002567159,12,0_75_p3_6_12_h1_3_6_12,0.75,False,False,highs
milp_h1,28,739.4277692079543,1267.7999999999997,528.3722307920455,36,215,0.854492405842839,4.775721300000441,16.582365625001533,-72.66370304140776,12,0_75_p3_6_12_h1_3_6_12,0.75,False,False,highs
milp_h1,29,782.3364257812498,1267.7999999999997,485.4635742187499,26,212,0.9540397043281937,4.7999823998397915,16.666605554999276,-29.755046468112255,12,0_75_p3_6_12_h1_3_6_12,0.75,False,False,highs
milp_h3,0,812.3091500600177,1267.2999999999997,454.990849939982,28,197,0.773837326911891,9.784132200031308,33.97268125010871,0.2176778106556867,12,0_75_p3_6_12_h1_3_6_12,0.75,False,False,highs
milp_h3,1,831.2796955585477,1275.3999999999996,444.12030444145194,29,196,0.9750741747671104,7.094442699701176,24.633481596184637,19.188223309185673,12,0_75_p3_6_12_h1_3_6_12,0.75,False,False,highs
milp_h3,2,835.5777384420235,1260.4999999999998,424.9222615579763,25,209,0.8794576724103891,7.6688395000383025,26.62791493068855,23.486266192661446,12,0_75_p3_6_12_h1_3_6_12,0.75,False,False,highs
milp_h3,3,818.9339171806969,1275.3999999999996,456.46608281930276,26,200,0.9268964327990694,7.144286700029625,24.80655104176953,6.842444931334853,12,0_75_p3_6_12_h1_3_6_12,0.75,False,False,highs
milp_h3,4,787.3665062506993,1273.3999999999999,486.03349374930053,33,199,0.9056025932575269,6.715260400189436,23.316876389546653,-24.724965998662697,12,0_75_p3_6_12_h1_3_6_12,0.75,False,False,highs
milp_h3,5,838.091893494129,1263.0999999999997,425.0081065058707,30,217,0.7937919952818743,9.996004899876425,34.70835034679314,26.000421244766926,12,0_75_p3_6_12_h1_3_6_12,0.75,False,False,highs
milp_h3,6,782.466258128484,1247.1999999999998,464.7337418715158,21,249,0.9972260051675644,7.406205199964461,25.715990277654377,-29.625214120878013,12,0_75_p3_6_12_h1_3_6_12,0.75,False,False,highs
milp_h3,7,920.8240306377409,1270.7999999999997,349.97596936225887,27,192,0.8871041101844046,7.516273999848636,26.09817361058554,108.73255838837883,12,0_75_p3_6_12_h1_3_6_12,0.75,False,False,highs
milp_h3,8,848.0215664148328,1264.5999999999997,416.57843358516686,24,215,0.8762470338010071,7.147577600306249,24.817977778841144,35.93009416547079,12,0_75_p3_6_12_h1_3_6_12,0.75,False,False,highs
milp_h3,9,740.4206940730412,1273.3999999999999,532.9793059269587,24,237,0.6794591172953298,7.6742891999165295,26.646837499710173,-71.67077817632082,12,0_75_p3_6_12_h1_3_6_12,0.75,False,False,highs
milp_h3,10,675.9293642838795,1270.9999999999998,595.0706357161203,22,208,0.8947952348646612,7.963305300028878,27.65036562510027,-136.1621079654825,12,0_75_p3_6_12_h1_3_6_12,0.75,False,False,highs
milp_h3,11,801.8194102803864,1259.2999999999997,457.4805897196133,34,171,0.8917183414022797,7.048063799942611,24.472443749800732,-10.272061968975663,12,0_75_p3_6_12_h1_3_6_12,0.75,False,False,highs
milp_h3,12,808.0668560783066,1266.0999999999997,458.03314392169307,29,212,0.9394342998936361,8.091878099978203,28.09679895825765,-4.024616171055413,12,0_75_p3_6_12_h1_3_6_12,0.75,False,False,highs
milp_h3,13,822.2494083245595,1275.9999999999998,453.7505916754404,25,195,0.8949629442048983,7.768865200021537,26.97522638896367,10.157936075197426,12,0_75_p3_6_12_h1_3_6_12,0.75,False,False,highs
milp_h3,14,803.6629605531691,1279.3999999999999,475.7370394468307,20,227,0.9985973076137946,7.92092169992975,27.503200346978296,-8.428511696192913,12,0_75_p3_6_12_h1_3_6_12,0.75,False,False,highs
milp_h3,15,843.6601043442884,1281.4999999999998,437.8398956557114,25,197,0.8358741813461278,7.797272299911128,27.073862152469196,31.56863209492633,12,0_75_p3_6_12_h1_3_6_12,0.75,False,False,highs
milp_h3,16,788.3913822253544,1263.4999999999998,475.1086177746454,27,200,0.9397971823375098,7.714734099979978,26.787271180486034,-23.700090024007636,12,0_75_p3_6_12_h1_3_6_12,0.75,False,False,highs
milp_h3,17,720.8568630218505,1247.9999999999998,527.1431369781493,27,206,0.8794999087062935,7.337022699983208,25.475773263830586,-91.23460922751156,12,0_75_p3_6_12_h1_3_6_12,0.75,False,False,highs
milp_h3,18,959.1190828283627,1269.3999999999999,310.28091717163716,28,208,0.9521326859813518,7.7346394999622134,26.856387152646576,147.02761057900068,12,0_75_p3_6_12_h1_3_6_12,0.75,False,False,highs
milp_h3,19,787.2521807193754,1255.5999999999997,468.3478192806243,28,174,0.9723994314796426,8.461804500038852,29.3812656251349,-24.839291529986667,12,0_75_p3_6_12_h1_3_6_12,0.75,False,False,highs
milp_h3,20,910.512968113025,1262.4999999999998,351.9870318869749,28,211,0.9268490121555585,8.039892799963127,27.916294444316414,98.42149586366293,12,0_75_p3_6_12_h1_3_6_12,0.75,False,False,highs
milp_h3,21,723.693552625179,1265.8999999999996,542.2064473748206,27,211,0.9455450182112725,7.176760799833573,24.919308332755463,-88.39791962418303,12,0_75_p3_6_12_h1_3_6_12,0.75,False,False,highs
milp_h3,22,918.5612033685047,1279.1999999999998,360.6387966314951,29,214,0.9546352961256692,8.07451840005524,28.03652222241403,106.4697311191427,12,0_75_p3_6_12_h1_3_6_12,0.75,False,False,highs
milp_h3,23,841.3965838511784,1274.8999999999999,433.50341614882143,28,216,0.9032515891165034,7.533692500001052,26.158654513892543,29.305111601816407,12,0_75_p3_6_12_h1_3_6_12,0.75,False,False,highs
milp_h3,24,806.3324234684308,1265.4999999999998,459.16757653156907,25,214,0.8228373154394374,7.4364909000869375,25.8211489586352,-5.759048780931266,12,0_75_p3_6_12_h1_3_6_12,0.75,False,False,highs
milp_h3,25,633.7005158265431,1268.9999999999998,635.2994841734567,24,218,0.9982430389853268,8.179680999819539,28.401670138262286,-178.39095642281893,12,0_75_p3_6_12_h1_3_6_12,0.75,False,False,highs
milp_h3,26,797.523011136055,1269.3999999999999,471.8769888639449,26,186,0.8718993068650533,9.431356699802564,32.7477663187589,-14.56846111330708,12,0_75_p3_6_12_h1_3_6_12,0.75,False,False,highs
milp_h3,27,978.7902725060779,1284.1999999999998,305.4097274939219,29,229,0.9434110855990961,8.216649800015148,28.530034027830375,166.6988002567159,12,0_75_p3_6_12_h1_3_6_12,0.75,False,False,highs
milp_h3,28,739.4277692079543,1267.7999999999997,528.3722307920455,25,227,0.9541285130789108,6.999434000041219,24.3035902779209,-72.66370304140776,12,0_75_p3_6_12_h1_3_6_12,0.75,False,False,highs
milp_h3,29,782.3364257812498,1267.7999999999997,485.4635742187499,19,220,0.9989243263411608,8.364445500104921,29.043213542030976,-29.755046468112255,12,0_75_p3_6_12_h1_3_6_12,0.75,False,False,highs
milp_h6,0,812.3091500600177,1267.2999999999997,454.990849939982,24,201,0.9401435476365921,10.974549799968372,38.10607569433463,0.2176778106556867,12,0_75_p3_6_12_h1_3_6_12,0.75,False,False,highs
milp_h6,1,829.6027195930478,1272.5999999999997,442.9972804069518,29,194,0.9985907809015199,10.425387500072247,36.199262153028634,17.511247343685795,12,0_75_p3_6_12_h1_3_6_12,0.75,False,False,highs
milp_h6,2,835.5777384420235,1260.4999999999998,424.9222615579763,25,209,0.8794576724103891,11.383162200043444,39.524868750150844,23.486266192661446,12,0_75_p3_6_12_h1_3_6_12,0.75,False,False,highs
milp_h6,3,818.9339171806969,1275.3999999999996,456.46608281930276,27,199,0.8954904554887673,10.31037659998401,35.79991874994448,6.842444931334853,12,0_75_p3_6_12_h1_3_6_12,0.75,False,False,highs
milp_h6,4,787.3665062506993,1273.3999999999999,486.03349374930053,40,191,0.8526765322824187,9.772614599845838,33.93268958279805,-24.724965998662697,12,0_75_p3_6_12_h1_3_6_12,0.75,False,False,highs
milp_h6,5,838.091893494129,1263.0999999999997,425.0081065058707,26,221,0.8086154081379823,12.903066400016542,44.80231388894632,26.000421244766926,12,0_75_p3_6_12_h1_3_6_12,0.75,False,False,highs
milp_h6,6,782.466258128484,1247.1999999999998,464.7337418715158,21,249,0.9980148193490866,10.812821800005622,37.54452013890841,-29.625214120878013,12,0_75_p3_6_12_h1_3_6_12,0.75,False,False,highs
milp_h6,7,920.8240306377409,1270.7999999999997,349.97596936225887,27,192,0.8871041101844046,10.763126899779309,37.37196840201149,108.73255838837883,12,0_75_p3_6_12_h1_3_6_12,0.75,False,False,highs
milp_h6,8,848.0215664148328,1264.5999999999997,416.57843358516686,32,208,0.9334294201375934,10.203306500072358,35.42814756969569,35.93009416547079,12,0_75_p3_6_12_h1_3_6_12,0.75,False,False,highs
milp_h6,9,740.4206940730412,1273.3999999999999,532.9793059269587,24,237,0.6794591172953298,14.27966010007367,49.5821531252558,-71.67077817632082,12,0_75_p3_6_12_h1_3_6_12,0.75,False,False,highs
milp_h6,10,675.9293642838795,1270.9999999999998,595.0706357161203,29,202,0.9985532995795968,11.288159799922141,39.194999305285215,-136.1621079654825,12,0_75_p3_6_12_h1_3_6_12,0.75,False,False,highs
milp_h6,11,801.8194102803864,1259.2999999999997,457.4805897196133,34,171,0.8917183414022797,9.334685999929206,32.41210416642085,-10.272061968975663,12,0_75_p3_6_12_h1_3_6_12,0.75,False,False,highs
milp_h6,12,808.0668560783066,1266.0999999999997,458.03314392169307,31,210,0.9471639498814456,11.643083799965098,40.42737430543437,-4.024616171055413,12,0_75_p3_6_12_h1_3_6_12,0.75,False,False,highs
milp_h6,13,822.2494083245595,1275.9999999999998,453.7505916754404,26,194,0.8660321868219499,9.579663100012112,33.26271909726428,10.157936075197426,12,0_75_p3_6_12_h1_3_6_12,0.75,False,False,highs
milp_h6,14,803.6629605531691,1279.3999999999999,475.7370394468307,27,220,0.9585049188875537,10.778229300078237,37.42440729193832,-8.428511696192913,12,0_75_p3_6_12_h1_3_6_12,0.75,False,False,highs
milp_h6,15,843.6601043442884,1281.4999999999998,437.8398956557114,29,195,0.8709204744200549,10.169182199897477,35.309660416310685,31.56863209492633,12,0_75_p3_6_12_h1_3_6_12,0.75,False,False,highs
milp_h6,16,788.3913822253544,1263.4999999999998,475.1086177746454,26,202,0.9978652308560618,12.082145599910291,41.951894444132954,-23.700090024007636,12,0_75_p3_6_12_h1_3_6_12,0.75,False,False,highs
milp_h6,17,720.8568630218505,1247.9999999999998,527.1431369781493,25,209,0.876153689522683,10.797866700027953,37.492592708430394,-91.23460922751156,12,0_75_p3_6_12_h1_3_6_12,0.75,False,False,highs
milp_h6,18,959.1190828283627,1269.3999999999999,310.28091717163716,30,207,0.9982316712618143,9.903501799999503,34.38715902777605,147.02761057900068,12,0_75_p3_6_12_h1_3_6_12,0.75,False,False,highs
milp_h6,19,789.0327193578084,1258.3999999999999,469.3672806421915,24,175,0.9565047172700994,12.00718849999248,41.691626736085,-23.05875289155358,12,0_75_p3_6_12_h1_3_6_12,0.75,False,False,highs
milp_h6,20,910.512968113025,1262.4999999999998,351.9870318869749,28,212,0.9200925727924247,10.998679599942989,38.189859722024266,98.42149586366293,12,0_75_p3_6_12_h1_3_6_12,0.75,False,False,highs
milp_h6,21,723.6935526251792,1265.8999999999999,542.2064473748206,27,211,0.9974705696314377,10.534220000059577,36.577152777984644,-88.3979196241828,12,0_75_p3_6_12_h1_3_6_12,0.75,False,False,highs
milp_h6,22,919.3847100536027,1280.4999999999998,361.11528994639707,29,211,0.9340482307436139,12.16786760011746,42.24954027818563,107.29323780424068,12,0_75_p3_6_12_h1_3_6_12,0.75,False,False,highs
milp_h6,23,841.3965838511784,1274.8999999999999,433.50341614882143,28,216,0.9032515891165034,10.983469200029504,38.13704583343578,29.305111601816407,12,0_75_p3_6_12_h1_3_6_12,0.75,False,False,highs
milp_h6,24,806.3324234684308,1265.4999999999998,459.16757653156907,25,214,0.8228373154394374,11.034615000040503,38.314635416807306,-5.759048780931266,12,0_75_p3_6_12_h1_3_6_12,0.75,False,False,highs
milp_h6,25,633.7005158265431,1268.9999999999998,635.2994841734567,24,218,0.919054413863225,11.029560500057414,38.2970850696438,-178.39095642281893,12,0_75_p3_6_12_h1_3_6_12,0.75,False,False,highs
milp_h6,26,797.523011136055,1269.3999999999999,471.8769888639449,26,186,0.8718993068650533,12.809551500016823,44.477609375058414,-14.56846111330708,12,0_75_p3_6_12_h1_3_6_12,0.75,False,False,highs
milp_h6,27,978.7902725060779,1284.1999999999998,305.4097274939219,28,230,0.9776562177574248,10.817486500061932,37.56071701410393,166.6988002567159,12,0_75_p3_6_12_h1_3_6_12,0.75,False,False,highs
milp_h6,28,739.4277692079543,1267.7999999999997,528.3722307920455,25,227,0.9541285130789108,9.977702200078056,34.64479930582658,-72.66370304140776,12,0_75_p3_6_12_h1_3_6_12,0.75,False,False,highs
milp_h6,29,782.3364257812498,1267.7999999999997,485.4635742187499,22,217,0.9978446839339066,10.9590171999007,38.05214305521076,-29.755046468112255,12,0_75_p3_6_12_h1_3_6_12,0.75,False,False,highs
milp_h12,0,812.3091500600177,1267.2999999999997,454.990849939982,27,197,0.9320113116001573,17.234759999948437,59.84291666648763,0.2176778106556867,12,0_75_p3_6_12_h1_3_6_12,0.75,False,False,highs
milp_h12,1,831.2796955585477,1275.3999999999996,444.12030444145194,26,198,0.9401772753914528,17.745398300045053,61.61596631960088,19.188223309185673,12,0_75_p3_6_12_h1_3_6_12,0.75,False,False,highs
milp_h12,2,835.5777384420235,1260.4999999999998,424.9222615579763,22,212,0.917067980779939,17.22008140006801,59.791949305791704,23.486266192661446,12,0_75_p3_6_12_h1_3_6_12,0.75,False,False,highs
milp_h12,3,818.9339171806969,1275.3999999999996,456.46608281930276,26,199,0.8672624703194637,16.43085409986088,57.05157673562806,6.842444931334853,12,0_75_p3_6_12_h1_3_6_12,0.75,False,False,highs
milp_h12,4,787.0819129268327,1272.8999999999999,485.8180870731671,38,192,0.9451348470178936,16.79307329990843,58.30928229134871,-25.0095593225293,12,0_75_p3_6_12_h1_3_6_12,0.75,False,False,highs
milp_h12,5,838.091893494129,1263.0999999999997,425.0081065058707,28,218,0.8085087222622402,82.39214260000153,286.08382847222754,26.000421244766926,12,0_75_p3_6_12_h1_3_6_12,0.75,False,False,highs
milp_h12,6,782.466258128484,1247.1999999999998,464.7337418715158,22,248,0.9983006552092926,18.27674070005014,63.460905208507434,-29.625214120878013,12,0_75_p3_6_12_h1_3_6_12,0.75,False,False,highs
milp_h12,7,920.8240306377409,1270.7999999999997,349.9759693622588,26,193,0.8944295976570765,17.699784999946132,61.457586805368514,108.73255838837883,12,0_75_p3_6_12_h1_3_6_12,0.75,False,False,highs
milp_h12,8,848.0215664148328,1264.5999999999997,416.57843358516686,31,207,0.884049758096324,16.486758099970757,57.245687847120685,35.93009416547079,12,0_75_p3_6_12_h1_3_6_12,0.75,False,False,highs
milp_h12,9,740.420694073041,1273.3999999999996,532.9793059269587,24,237,0.6794591172953298,18.219904799901997,63.26355833299304,-71.67077817632105,12,0_75_p3_6_12_h1_3_6_12,0.75,False,False,highs
milp_h12,10,675.9293642838795,1270.9999999999998,595.0706357161203,22,208,0.8947952348646612,27.115489500007243,94.15100520835848,-136.1621079654825,12,0_75_p3_6_12_h1_3_6_12,0.75,False,False,highs
milp_h12,11,801.8194102803865,1259.2999999999997,457.48058971961325,31,175,0.954129228819441,17.92089439991105,62.22532777746892,-10.27206196897555,12,0_75_p3_6_12_h1_3_6_12,0.75,False,False,highs
milp_h12,12,809.6331894516943,1268.5999999999997,458.96681054830543,29,213,0.9238564072263086,24.432467800113955,84.83495763928457,-2.458282797667721,12,0_75_p3_6_12_h1_3_6_12,0.75,False,False,highs
milp_h12,13,822.2494083245595,1275.9999999999998,453.7505916754404,23,197,0.9350621521796926,20.33667659992352,70.61346041640111,10.157936075197426,12,0_75_p3_6_12_h1_3_6_12,0.75,False,False,highs
milp_h12,14,803.662960553169,1279.3999999999996,475.73703944683064,24,223,0.9095712643502724,19.436391800059937,67.48747152798589,-8.428511696193027,12,0_75_p3_6_12_h1_3_6_12,0.75,False,False,highs
milp_h12,15,843.6601043442884,1281.4999999999998,437.8398956557114,28,193,0.8372779857889763,19.26818520000961,66.90342083336671,31.56863209492633,12,0_75_p3_6_12_h1_3_6_12,0.75,False,False,highs
milp_h12,16,788.3913822253544,1263.4999999999998,475.1086177746454,26,202,0.9919609525734999,19.32582600011665,67.10356250040503,-23.700090024007636,12,0_75_p3_6_12_h1_3_6_12,0.75,False,False,highs
milp_h12,17,720.8568630218505,1247.9999999999998,527.1431369781493,20,214,0.7173191239771028,18.873699600080727,65.53367916694697,-91.23460922751156,12,0_75_p3_6_12_h1_3_6_12,0.75,False,False,highs
milp_h12,18,959.1190828283625,1269.3999999999996,310.28091717163716,28,207,0.9511265665040264,17.75873169998522,61.6622628471709,147.02761057900045,12,0_75_p3_6_12_h1_3_6_12,0.75,False,False,highs
milp_h12,19,789.0327193578084,1258.3999999999999,469.3672806421915,32,166,0.9376223249061448,20.77665439985867,72.14116111062039,-23.05875289155358,12,0_75_p3_6_12_h1_3_6_12,0.75,False,False,highs
milp_h12,20,910.512968113025,1262.4999999999998,351.9870318869749,27,212,0.8004959412656882,18.405397000111407,63.90762847260905,98.42149586366293,12,0_75_p3_6_12_h1_3_6_12,0.75,False,False,highs
milp_h12,21,723.1524459640185,1264.8999999999999,541.7475540359814,31,206,0.9581329360977163,17.744858799982467,61.61409305549468,-88.93902628534352,12,0_75_p3_6_12_h1_3_6_12,0.75,False,False,highs
milp_h12,22,919.3847100536027,1280.4999999999998,361.11528994639707,30,210,0.9391867780149559,21.315271699990262,74.01136006941063,107.29323780424068,12,0_75_p3_6_12_h1_3_6_12,0.75,False,False,highs
milp_h12,23,837.5600612401961,1268.4999999999998,430.9399387598037,32,214,0.9377280494257934,18.663979200209724,64.80548333406153,25.468588990834064,12,0_75_p3_6_12_h1_3_6_12,0.75,False,False,highs
milp_h12,24,806.3324234684308,1265.4999999999998,459.16757653156907,25,213,0.9228470699079783,19.248075199924642,66.83359444418278,-5.759048780931266,12,0_75_p3_6_12_h1_3_6_12,0.75,False,False,highs
milp_h12,25,633.7005158265431,1268.9999999999998,635.2994841734567,24,218,0.919054413863225,20.399297499941895,70.83089409702046,-178.39095642281893,12,0_75_p3_6_12_h1_3_6_12,0.75,False,False,highs
milp_h12,26,797.5230111360547,1269.3999999999996,471.8769888639449,23,189,0.9974557068846214,23.327612199966097,80.99865347210451,-14.568461113307308,12,0_75_p3_6_12_h1_3_6_12,0.75,False,False,highs
milp_h12,27,978.790272506078,1284.1999999999998,305.4097274939218,23,234,0.9980893151315265,20.115929299747222,69.84697673523341,166.69880025671603,12,0_75_p3_6_12_h1_3_6_12,0.75,False,False,highs
milp_h12,28,739.4277692079543,1267.7999999999997,528.3722307920455,25,227,0.9541285130789108,17.843702700047288,61.95730104183086,-72.66370304140776,12,0_75_p3_6_12_h1_3_6_12,0.75,False,False,highs
milp_h12,29,782.0364257891971,1267.2999999999997,485.26357421080263,27,211,0.9649273167788753,18.11713529996632,62.906719791549726,-30.05504646016493,12,0_75_p3_6_12_h1_3_6_12,0.75,False,False,highs
equal_share,0,703.0225132524995,1094.8086846644483,391.78617141194877,35,191,0.8946870983562462,0.004529399986495264,0.015727083286441887,-109.06895899686253,12,0_75_p3_6_12_h1_3_6_12,0.75,False,False,highs
equal_share,1,567.4398136169903,868.5720763488729,301.1322627318827,20,203,0.9319321660757488,0.004450199965503998,0.015452083213555548,-244.65165863237178,12,0_75_p3_6_12_h1_3_6_12,0.75,False,False,highs
equal_share,2,654.9951220770182,987.326398555117,332.33127647809874,29,203,0.926687188566079,0.004533699888270348,0.01574201350093871,-157.09635017234382,12,0_75_p3_6_12_h1_3_6_12,0.75,False,False,highs
equal_share,3,630.5306922530142,986.1577167423535,355.6270244893393,27,197,0.9150407010732791,0.0057447999133728445,0.019947221921433486,-181.56077999634783,12,0_75_p3_6_12_h1_3_6_12,0.75,False,False,highs
equal_share,4,652.8482230311345,1052.989475384461,400.1412523533265,33,197,0.9854542398761454,0.0043175997998332605,0.014991665971643265,-159.24324921822756,12,0_75_p3_6_12_h1_3_6_12,0.75,False,False,highs
equal_share,5,682.7425118253293,1030.4466350568537,347.7041232315244,30,215,0.762118317022892,0.004556300220428966,0.015820486876489466,-129.34896042403273,12,0_75_p3_6_12_h1_3_6_12,0.75,False,False,highs
equal_share,6,606.5582080992931,965.2072805967575,358.64907249746443,30,240,0.9956255765621396,0.004715100018074736,0.0163718750627595,-205.53326415006893,12,0_75_p3_6_12_h1_3_6_12,0.75,False,False,highs
equal_share,7,799.6739568944381,1101.8431473784399,302.1691904840017,28,190,0.8678885014045212,0.004464999889023602,0.015503471836887507,-12.417515354923921,12,0_75_p3_6_12_h1_3_6_12,0.75,False,False,highs
equal_share,8,723.5146842957089,1079.828751329036,356.3140670333272,30,207,0.9274483617068574,0.004405799874803051,0.01529791623195504,-88.57678795365314,12,0_75_p3_6_12_h1_3_6_12,0.75,False,False,highs
equal_share,9,600.8927909888788,1024.2879809931917,423.3951900043129,24,234,0.8304089562161278,0.004379700010758825,0.015207291704023696,-211.19868126048323,12,0_75_p3_6_12_h1_3_6_12,0.75,False,False,highs
equal_share,10,505.80377107395304,947.9150991407782,442.1113280668252,24,205,0.9041634282583332,0.004411900008562952,0.015319097251954695,-306.287701175409,12,0_75_p3_6_12_h1_3_6_12,0.75,False,False,highs
equal_share,11,645.9994295772126,1012.637669945762,366.6382403685494,30,176,0.9559099698911505,0.004370700160507113,0.01517604222398303,-166.09204267214943,12,0_75_p3_6_12_h1_3_6_12,0.75,False,False,highs
equal_share,12,587.0550864863587,914.9210717081306,327.8659852217719,29,212,0.8334043719038571,0.004361199869890697,0.015143055103787143,-225.0363857630033,12,0_75_p3_6_12_h1_3_6_12,0.75,False,False,highs
equal_share,13,621.5425338078204,960.356199418608,338.81366561078755,23,196,0.8422212706703087,0.0045020000980002806,0.015631944784723198,-190.54893844154162,12,0_75_p3_6_12_h1_3_6_12,0.75,False,False,highs
equal_share,14,658.9146524955884,1049.8244144835817,390.90976198799336,20,227,0.9972766288996553,0.004875099810305983,0.016927429896895774,-153.17681975377366,12,0_75_p3_6_12_h1_3_6_12,0.75,False,False,highs
equal_share,15,816.1671607104668,1238.0267533631852,421.8595926527185,38,184,0.9080208403578149,0.004161899967584759,0.014451041554113746,4.075688461104733,12,0_75_p3_6_12_h1_3_6_12,0.75,False,False,highs
equal_share,16,557.216825352482,888.4029254613253,331.1861001088432,22,204,0.99532066228776,0.0044457000476541,0.015436458498798957,-254.87464689688,12,0_75_p3_6_12_h1_3_6_12,0.75,False,False,highs
equal_share,17,570.0759912205028,971.7834692426146,401.70747802211184,29,203,0.8083373434987687,0.004542299997410737,0.015771874991009502,-242.0154810288592,12,0_75_p3_6_12_h1_3_6_12,0.75,False,False,highs
equal_share,18,519.2064333469943,682.1836364818527,162.9772031348583,12,222,0.8259337529688471,0.004585299975587986,0.01592118047079162,-292.8850389023677,12,0_75_p3_6_12_h1_3_6_12,0.75,False,False,highs
equal_share,19,530.9235639169731,840.9074543496545,309.98389043268133,17,181,0.7272352412282536,0.004678599842009135,0.016245138340309495,-281.16790833238895,12,0_75_p3_6_12_h1_3_6_12,0.75,False,False,highs
equal_share,20,748.6604094187934,1035.9200043335968,287.2595949148034,32,207,0.8850261335675446,0.004969900182913989,0.01725659785734024,-63.431062830568635,12,0_75_p3_6_12_h1_3_6_12,0.75,False,False,highs
equal_share,21,549.3598060552213,957.7214271928299,408.36162113760867,25,213,0.9013141396735597,0.004636100027710199,0.016097569540660415,-262.73166619414076,12,0_75_p3_6_12_h1_3_6_12,0.75,False,False,highs
equal_share,22,767.4287711052791,1068.0957027041763,300.6669315988973,29,211,0.9150544482960141,0.004756599955726415,0.016515972068494495,-44.66270114408292,12,0_75_p3_6_12_h1_3_6_12,0.75,False,False,highs
equal_share,23,687.0528118917445,1035.7225954601024,348.66978356835796,23,218,0.8658201471759512,0.004781299998285249,0.016601736105157115,-125.03866035761757,12,0_75_p3_6_12_h1_3_6_12,0.75,False,False,highs
equal_share,24,519.134178029298,813.8695206709231,294.7353426416251,15,222,0.9950126580129999,0.004797099871211685,0.016656596775040573,-292.957294220064,12,0_75_p3_6_12_h1_3_6_12,0.75,False,False,highs
equal_share,25,473.7058047311244,938.450520228469,464.74471549734466,24,218,0.9953704856256378,0.004770499741425738,0.01656423521328381,-338.38566751823765,12,0_75_p3_6_12_h1_3_6_12,0.75,False,False,highs
equal_share,26,685.6575999634565,1092.4270587881756,406.76945882471915,27,183,0.9418129556027798,0.00468399997043889,0.016263888786246145,-126.43387228590552,12,0_75_p3_6_12_h1_3_6_12,0.75,False,False,highs
equal_share,27,726.38785998854,951.1518600227024,224.76400003416242,20,236,0.9610642644465255,0.004598699990310706,0.01596770829968995,-85.70361226082207,12,0_75_p3_6_12_h1_3_6_12,0.75,False,False,highs
equal_share,28,511.01505515626906,875.7438384769239,364.7287833206548,23,228,0.6285576849865616,0.00471659998584073,0.016377083284169203,-301.07641709309297,12,0_75_p3_6_12_h1_3_6_12,0.75,False,False,highs
equal_share,29,525.8322294749385,848.1217907068051,322.2895612318666,21,217,0.9889455470763381,0.004632300027878955,0.016084375096801926,-286.25924277442357,12,0_75_p3_6_12_h1_3_6_12,0.75,False,False,highs
max_charge,0,812.3091500600177,1267.2999999999997,454.990849939982,39,187,0.8955688183530749,0.0019382999162189662,0.006730208042426966,0.2176778106556867,12,0_75_p3_6_12_h1_3_6_12,0.75,False,False,highs
max_charge,1,831.2796955585479,1275.3999999999999,444.120304441452,41,182,0.964782600386167,0.0017902000690810382,0.006215972462086938,19.1882233091859,12,0_75_p3_6_12_h1_3_6_12,0.75,False,False,highs
max_charge,2,835.5777384420235,1260.4999999999998,424.92226155797636,35,197,0.9057877148929259,0.0019159999646944925,0.0066527776551892105,23.486266192661446,12,0_75_p3_6_12_h1_3_6_12,0.75,False,False,highs
max_charge,3,818.9339171806971,1275.3999999999999,456.4660828193028,37,187,0.9389401162033668,0.0018043998861685395,0.006265277382529651,6.842444931335081,12,0_75_p3_6_12_h1_3_6_12,0.75,False,False,highs
max_charge,4,787.3665062506993,1273.3999999999999,486.0334937493006,43,187,0.9089711971686169,0.0018023997981799766,0.006258332632569363,-24.724965998662697,12,0_75_p3_6_12_h1_3_6_12,0.75,False,False,highs
max_charge,5,838.0918934941292,1263.1,425.0081065058708,43,203,0.8495210074102768,0.0020611000654753298,0.007156597449567117,26.000421244767153,12,0_75_p3_6_12_h1_3_6_12,0.75,False,False,highs
max_charge,6,782.466258128484,1247.1999999999998,464.73374187151586,41,229,0.9961480287547907,0.0019054999138461426,0.006616319145299106,-29.625214120878013,12,0_75_p3_6_12_h1_3_6_12,0.75,False,False,highs
max_charge,7,920.8240306377409,1270.7999999999997,349.97596936225887,35,183,0.8797805945475088,0.002005400136113167,0.006963194917059607,108.73255838837883,12,0_75_p3_6_12_h1_3_6_12,0.75,False,False,highs
max_charge,8,848.021566414833,1264.6,416.57843358516686,40,197,0.9516399793644877,0.0018107998766936362,0.006287499571852904,35.93009416547102,12,0_75_p3_6_12_h1_3_6_12,0.75,False,False,highs
max_charge,9,740.4206940730412,1273.3999999999999,532.9793059269587,38,220,0.8831937883083713,0.00239329990290571,0.008310069107311493,-71.67077817632082,12,0_75_p3_6_12_h1_3_6_12,0.75,False,False,highs
max_charge,10,675.9293642838794,1270.9999999999998,595.0706357161204,40,189,0.9069967578140683,0.0034547999675851315,0.011995833220781706,-136.16210796548262,12,0_75_p3_6_12_h1_3_6_12,0.75,False,False,highs
max_charge,11,801.8194102803864,1259.2999999999997,457.4805897196133,38,167,0.9675340542214251,0.0032582999556325376,0.011313541512612978,-10.272061968975663,12,0_75_p3_6_12_h1_3_6_12,0.75,False,False,highs
max_charge,12,809.6331894516943,1268.5999999999997,458.96681054830543,42,200,0.8768028466246841,0.0034701999684330076,0.012049305445947943,-2.458282797667721,12,0_75_p3_6_12_h1_3_6_12,0.75,False,False,highs
max_charge,13,822.2494083245593,1275.9999999999998,453.75059167544043,40,179,0.8560321397408357,0.003596899929107167,0.01248923586495544,10.157936075197313,12,0_75_p3_6_12_h1_3_6_12,0.75,False,False,highs
max_charge,14,803.6629605531691,1279.3999999999999,475.7370394468307,32,215,0.9975022324910681,0.003260099852923304,0.011319791155983694,-8.428511696192913,12,0_75_p3_6_12_h1_3_6_12,0.75,False,False,highs
max_charge,15,843.6601043442884,1281.4999999999998,437.8398956557114,42,180,0.9123298078613389,0.0023713002156000584,0.00823368130416687,31.56863209492633,12,0_75_p3_6_12_h1_3_6_12,0.75,False,False,highs
max_charge,16,788.3913822253544,1263.4999999999998,475.10861777464544,37,189,0.9967987704002462,0.002116800198564306,0.007350000689459396,-23.700090024007636,12,0_75_p3_6_12_h1_3_6_12,0.75,False,False,highs
max_charge,17,720.8568630218505,1247.9999999999998,527.1431369781493,42,190,0.8487137220071888,0.0021119999582879245,0.0073333331884997376,-91.23460922751156,12,0_75_p3_6_12_h1_3_6_12,0.75,False,False,highs
max_charge,18,959.1190828283627,1269.3999999999999,310.28091717163716,37,197,0.9169481990145427,0.0021477001282619312,0.007457292112020595,147.02761057900068,12,0_75_p3_6_12_h1_3_6_12,0.75,False,False,highs
max_charge,19,789.0327193578083,1258.3999999999999,469.36728064219153,40,158,0.8865175111894673,0.0018830001208698377,0.006538194864131381,-23.058752891553695,12,0_75_p3_6_12_h1_3_6_12,0.75,False,False,highs
max_charge,20,910.5129681130248,1262.4999999999998,351.98703188697493,41,198,0.9036422023084038,0.0019402999605517834,0.006737152640804804,98.42149586366281,12,0_75_p3_6_12_h1_3_6_12,0.75,False,False,highs
max_charge,21,723.6935526251792,1265.8999999999999,542.2064473748206,40,198,0.9366054945394486,0.0019434000132605433,0.00674791671271022,-88.3979196241828,12,0_75_p3_6_12_h1_3_6_12,0.75,False,False,highs
max_charge,22,919.3847100536027,1280.4999999999998,361.11528994639707,39,201,0.8882395027768435,0.0019123001693515107,0.006639931143581634,107.29323780424068,12,0_75_p3_6_12_h1_3_6_12,0.75,False,False,highs
max_charge,23,841.3965838511783,1274.8999999999999,433.5034161488215,37,206,0.9163414928750355,0.0020109998004045337,0.006982638195849076,29.305111601816293,12,0_75_p3_6_12_h1_3_6_12,0.75,False,False,highs
max_charge,24,806.3324234684306,1265.4999999999998,459.1675765315691,37,200,0.9852946488880845,0.0019417999865254387,0.00674236106432444,-5.75904878093138,12,0_75_p3_6_12_h1_3_6_12,0.75,False,False,highs
max_charge,25,633.7005158265431,1268.9999999999998,635.2994841734567,43,199,0.9970413937404117,0.0019091000722255558,0.006628819695227624,-178.39095642281893,12,0_75_p3_6_12_h1_3_6_12,0.75,False,False,highs
max_charge,26,797.523011136055,1269.3999999999999,471.876988863945,42,170,0.9367666038224087,0.0016855000430950895,0.005852430705191283,-14.56846111330708,12,0_75_p3_6_12_h1_3_6_12,0.75,False,False,highs
max_charge,27,978.7902725060779,1284.1999999999998,305.4097274939219,33,223,0.975701866100674,0.0018727001588558778,0.006502431107138464,166.6988002567159,12,0_75_p3_6_12_h1_3_6_12,0.75,False,False,highs
max_charge,28,739.4277692079542,1267.7999999999997,528.3722307920456,41,210,0.9258407416535476,0.0018683000380406156,0.0064871529098632485,-72.66370304140787,12,0_75_p3_6_12_h1_3_6_12,0.75,False,False,highs
max_charge,29,782.3364257812498,1267.7999999999997,485.46357421874995,41,197,0.9039679553697075,0.002013900040765293,0.006992708474879489,-29.755046468112255,12,0_75_p3_6_12_h1_3_6_12,0.75,False,False,highs
random,0,766.7502929298117,1196.5216527276339,429.77135979782213,27,197,0.92670183721499,0.02223750003031455,0.07721354177192552,-45.34117931955029,12,0_75_p3_6_12_h1_3_6_12,0.75,False,False,highs
random,1,776.5502221145737,1190.041725428224,413.49150331365036,33,190,0.9805889427804433,0.021844899994903244,0.07585034720452516,-35.541250134788356,12,0_75_p3_6_12_h1_3_6_12,0.75,False,False,highs
random,2,784.1416948214729,1182.8824866258622,398.74079180438923,37,196,0.8989311456690264,0.020177399957901798,0.07006041652049236,-27.949777427889103,12,0_75_p3_6_12_h1_3_6_12,0.75,False,False,highs
random,3,778.1279855698551,1212.1266287268159,433.99864315696067,31,193,0.8980621195697592,0.020304899968323298,0.07050312489001145,-33.9634866795069,12,0_75_p3_6_12_h1_3_6_12,0.75,False,False,highs
random,4,740.7852895200677,1198.8994331876615,458.1141436675938,40,190,0.905169189245421,0.019407899977522902,0.06738854158862119,-71.30618272929428,12,0_75_p3_6_12_h1_3_6_12,0.75,False,False,highs
random,5,792.7775883218865,1194.3743648372226,401.59677651533616,43,202,0.8035660410842816,0.019342900093761273,0.06716284754778219,-19.31388392747556,12,0_75_p3_6_12_h1_3_6_12,0.75,False,False,highs
random,6,733.2639666325649,1169.177295362655,435.91332873009014,32,238,0.9977409785703018,0.020068900106707588,0.06968368092606801,-78.82750561679711,12,0_75_p3_6_12_h1_3_6_12,0.75,False,False,highs
random,7,858.337205317313,1182.7987406376924,324.4615353203795,32,186,0.8849649549296339,0.018856399939977564,0.06547361090269987,46.24573306795094,12,0_75_p3_6_12_h1_3_6_12,0.75,False,False,highs
random,8,807.0043505778629,1202.434614213494,395.43026363563104,34,203,0.9273255734125825,0.020506499990005977,0.07120312496529853,-5.087121671499176,12,0_75_p3_6_12_h1_3_6_12,0.75,False,False,highs
random,9,685.0384621114597,1180.7178311751088,495.6793690636492,33,225,0.7934576364579337,0.02204689996142406,0.07655173597716687,-127.05301013790233,12,0_75_p3_6_12_h1_3_6_12,0.75,False,False,highs
random,10,639.5957042986066,1203.865648007399,564.2699437087923,34,195,0.9420892441487744,0.021512199920834973,0.07469513861401032,-172.4957679507554,12,0_75_p3_6_12_h1_3_6_12,0.75,False,False,highs
random,11,749.3939507138944,1176.1202435238115,426.7262928099171,36,169,0.9517630830647238,0.021596000049612485,0.07498611128337668,-62.69752153546767,12,0_75_p3_6_12_h1_3_6_12,0.75,False,False,highs
random,12,761.0099331431903,1193.8754265228501,432.8654933796598,36,205,0.8783503641098364,0.022552800117409788,0.07830833374100621,-51.081539106171704,12,0_75_p3_6_12_h1_3_6_12,0.75,False,False,highs
random,13,766.6032041572151,1190.1242968144284,423.5210926572132,39,180,0.8914528237050324,0.02088100001856219,0.07250347228667427,-45.48826809214688,12,0_75_p3_6_12_h1_3_6_12,0.75,False,False,highs
random,14,750.5357401150663,1195.2039737577775,444.6682336427111,31,216,0.9846009424635263,0.024107800039928406,0.08370763902752919,-61.55573213429568,12,0_75_p3_6_12_h1_3_6_12,0.75,False,False,highs
random,15,793.8491057328182,1208.1726596453382,414.32355391251997,38,183,0.834295358408154,0.02219479992345441,0.07706527751199449,-18.242366516543825,12,0_75_p3_6_12_h1_3_6_12,0.75,False,False,highs
random,16,736.9739764416954,1181.6829223760988,444.70894593440335,36,190,0.8192281653335572,0.021432500128867105,0.074418403225233,-75.11749580766661,12,0_75_p3_6_12_h1_3_6_12,0.75,False,False,highs
random,17,669.8830439148579,1161.8836921233565,492.00064820849855,31,202,0.9380056487090576,0.019305200039525516,0.06703194458168582,-142.2084283345041,12,0_75_p3_6_12_h1_3_6_12,0.75,False,False,highs
random,18,893.9273033303621,1183.3210900206082,289.39378669024603,31,203,0.997823037645514,0.018521500096539967,0.06431076422409711,81.83583108100004,12,0_75_p3_6_12_h1_3_6_12,0.75,False,False,highs
random,19,725.6012768380175,1156.9016280685864,431.30035123056894,37,161,0.8665114582300605,0.02023899990308564,0.07027430521904737,-86.49019541134453,12,0_75_p3_6_12_h1_3_6_12,0.75,False,False,highs
random,20,843.7183764126768,1169.2643128906498,325.545936477973,38,201,0.9072310745016504,0.021136599985766225,0.07339097217279938,31.626904163314748,12,0_75_p3_6_12_h1_3_6_12,0.75,False,False,highs
random,21,680.029610711018,1191.3573754603772,511.32776474935923,32,204,0.9978608949769555,0.02114479993178975,0.0734194442076033,-132.06186153834403,12,0_75_p3_6_12_h1_3_6_12,0.75,False,False,highs
random,22,868.2344544910234,1206.1810870517436,337.9466325607203,38,202,0.8900587709553517,0.021614400029648095,0.07505000010294477,56.14298224166134,12,0_75_p3_6_12_h1_3_6_12,0.75,False,False,highs
random,23,783.5397033400814,1185.7611238498193,402.2214205097379,31,210,0.9197251600007532,0.020890500090899877,0.07253645864895791,-28.551768909280668,12,0_75_p3_6_12_h1_3_6_12,0.75,False,False,highs
random,24,750.6112889702035,1177.883506246728,427.27221727652454,34,203,0.8472346605176141,0.01899760018568486,0.06596388953362799,-61.480183279158496,12,0_75_p3_6_12_h1_3_6_12,0.75,False,False,highs
random,25,596.8859598248235,1196.7052955513052,599.8193357264817,31,211,0.9317037807886194,0.022743799854652025,0.07897152727309731,-215.20551242453848,12,0_75_p3_6_12_h1_3_6_12,0.75,False,False,highs
random,26,739.6624344766253,1177.7288248265081,438.06639034988285,40,170,0.8923845200367027,0.022856699986732565,0.07936354162059918,-72.4290377727367,12,0_75_p3_6_12_h1_3_6_12,0.75,False,False,highs
random,27,929.3512387880269,1219.408384859782,290.0571460717552,33,224,0.9984450924571132,0.023143200087361038,0.08035833363667028,117.25976653866485,12,0_75_p3_6_12_h1_3_6_12,0.75,False,False,highs
random,28,697.9053809840323,1197.063958366927,499.15857738289463,37,214,0.978688337314118,0.021071699957246892,0.0731656248515517,-114.18609126532976,12,0_75_p3_6_12_h1_3_6_12,0.75,False,False,highs
random,29,727.5062676736595,1178.6892803157325,451.183012642073,31,207,0.9688930860716809,0.020788399924640544,0.07218194418277966,-84.5852045757025,12,0_75_p3_6_12_h1_3_6_12,0.75,False,False,highs
