controller,seed,net_profit,total_revenue,total_cost,served_customers,rejected_customers,mean_soc_fulfillment,total_compute_s,mean_step_ms,gap_to_best,ports,grid_cap_strain,experiment_id,tariff,bess_enabled,v2g_enabled,solver
milp_h1,0,58.80996534623078,172.74104907829533,113.93108373206455,9,224,0.9966674304666521,4.334372299927054,15.04990381919116,-0.48913334385914453,3,1.0,dynamic_1_5_p3_h1_3_6_12,dynamic:1.5,True,True,highs
milp_h1,1,57.61509811560137,169.12498677567544,111.50988866007407,9,223,0.7795695473590564,4.252105700026732,14.764255902870596,-1.6840005744885573,3,1.0,dynamic_1_5_p3_h1_3_6_12,dynamic:1.5,True,True,highs
milp_h1,2,55.571330753310804,163.28568457094858,107.71435381763777,6,235,0.9983711705837773,5.355401999870082,18.59514583288223,-3.7277679367791237,3,1.0,dynamic_1_5_p3_h1_3_6_12,dynamic:1.5,True,True,highs
milp_h1,3,59.00631504276399,173.42459707875057,114.41828203598658,8,225,0.9988173624404765,6.939204500144115,24.094460069944844,-0.2927836473259404,3,1.0,dynamic_1_5_p3_h1_3_6_12,dynamic:1.5,True,True,highs
milp_h1,4,63.059196823244804,185.4855138413929,122.4263170181481,7,232,0.9985805703405464,6.926577899925178,24.050617708073535,3.7600981331548766,3,1.0,dynamic_1_5_p3_h1_3_6_12,dynamic:1.5,True,True,highs
milp_h1,5,55.379434459049634,162.45929959144902,107.07986513239939,9,245,0.9986918062025767,7.115231599993422,24.705665277754935,-3.9196642310402936,3,1.0,dynamic_1_5_p3_h1_3_6_12,dynamic:1.5,True,True,highs
milp_h1,6,60.850376175502376,178.8933369583482,118.04296078284581,9,270,0.7968468199094542,5.471971699895221,18.999901735747294,1.5512774854124487,3,1.0,dynamic_1_5_p3_h1_3_6_12,dynamic:1.5,True,True,highs
milp_h1,7,45.7134628749523,133.81856761055087,88.10510473559857,8,219,0.9970233026422637,7.549207600022783,26.212526388967994,-13.585635815137628,3,1.0,dynamic_1_5_p3_h1_3_6_12,dynamic:1.5,True,True,highs
milp_h1,8,54.24746465661164,159.0016930458748,104.75422838926315,7,239,0.8042142756700751,6.880882200101041,23.89195208368417,-5.051634033478287,3,1.0,dynamic_1_5_p3_h1_3_6_12,dynamic:1.5,True,True,highs
milp_h1,9,68.94342473109896,202.98161348386301,134.03818875276406,9,259,0.7258890959602696,7.771799100009957,26.98541354170124,9.64432604100903,3,1.0,dynamic_1_5_p3_h1_3_6_12,dynamic:1.5,True,True,highs
milp_h1,10,76.84057853446956,226.29374823443248,149.45316969996293,9,229,0.8638596251223897,5.4092737002065405,18.782200347939376,17.54147984437963,3,1.0,dynamic_1_5_p3_h1_3_6_12,dynamic:1.5,True,True,highs
milp_h1,11,59.3759631562434,174.22655442100472,114.85059126476132,8,207,0.998632730522574,4.790717800031416,16.634436805664638,0.07686446615347364,3,1.0,dynamic_1_5_p3_h1_3_6_12,dynamic:1.5,True,True,highs
milp_h1,12,59.33880910094858,174.7890115860331,115.45020248508452,7,243,0.997985801950094,3.2615199001011206,11.324721875351113,0.03971041085865323,3,1.0,dynamic_1_5_p3_h1_3_6_12,dynamic:1.5,True,True,highs
milp_h1,13,58.9885868826468,173.25463702994736,114.26605014730056,7,221,0.9969233610040176,3.277870499921846,11.3814947913953,-0.31051180744312745,3,1.0,dynamic_1_5_p3_h1_3_6_12,dynamic:1.5,True,True,highs
milp_h1,14,61.46996406444319,180.70836113809355,119.23839707365036,12,244,0.9246322476637214,3.3975384000950726,11.797008333663447,2.170865374353262,3,1.0,dynamic_1_5_p3_h1_3_6_12,dynamic:1.5,True,True,highs
milp_h1,15,56.15334606480795,165.6532731428762,109.49992707806825,6,224,0.997693578897724,3.261938700074097,11.326176041923949,-3.145752625281979,3,1.0,dynamic_1_5_p3_h1_3_6_12,dynamic:1.5,True,True,highs
milp_h1,16,62.12264293672608,182.72552941781248,120.6028864810864,7,228,0.9973861224501605,3.344837299970095,11.614018402673942,2.8235442466361533,3,1.0,dynamic_1_5_p3_h1_3_6_12,dynamic:1.5,True,True,highs
milp_h1,17,68.21951744661271,200.96743762248613,132.74792017587342,7,234,0.9988404486839312,3.3265480999980355,11.55051423610429,8.920418756522785,3,1.0,dynamic_1_5_p3_h1_3_6_12,dynamic:1.5,True,True,highs
milp_h1,18,40.11496748126342,118.00829810000255,77.89333061873913,8,235,0.7669653578677006,3.473046800092561,12.059190278099171,-19.184131208826507,3,1.0,dynamic_1_5_p3_h1_3_6_12,dynamic:1.5,True,True,highs
milp_h1,19,60.80766270079482,178.62358119108546,117.81591849029064,7,200,0.9952246366467055,3.2870899000990903,11.413506597566286,1.5085640107048945,3,1.0,dynamic_1_5_p3_h1_3_6_12,dynamic:1.5,True,True,highs
milp_h1,20,45.390391204515936,133.0729138583341,87.68252265381815,8,240,0.9987069177820255,3.242653799999971,11.259214583333232,-13.908707485573991,3,1.0,dynamic_1_5_p3_h1_3_6_12,dynamic:1.5,True,True,highs
milp_h1,21,70.19037244315348,206.4536742656966,136.26330182254313,7,238,0.99843217513287,3.317576899964479,11.519364235987773,10.891273753063551,3,1.0,dynamic_1_5_p3_h1_3_6_12,dynamic:1.5,True,True,highs
milp_h1,22,47.38958329429883,138.55492780324636,91.16534450894753,14,235,0.805686793928608,3.628022900011274,12.597301736150257,-11.909515395791097,3,1.0,dynamic_1_5_p3_h1_3_6_12,dynamic:1.5,True,True,highs
milp_h1,23,56.339544164854445,165.30264083715096,108.96309667229652,9,241,0.8359233813936192,3.643453499957104,12.65088020818439,-2.9595545252354825,3,1.0,dynamic_1_5_p3_h1_3_6_12,dynamic:1.5,True,True,highs
milp_h1,24,59.689113878827726,175.38187155958,115.69275768075227,12,234,0.9132923403274047,3.3995841000578366,11.804111458534155,0.3900151887377987,3,1.0,dynamic_1_5_p3_h1_3_6_12,dynamic:1.5,True,True,highs
milp_h1,25,82.63864044394379,243.3281734967856,160.68953305284182,6,245,0.9965903122330529,3.537010799802374,12.281287499313798,23.339541753853858,3,1.0,dynamic_1_5_p3_h1_3_6_12,dynamic:1.5,True,True,highs
milp_h1,26,61.31417268027582,180.3759867833944,119.06181410311859,5,214,0.9994728645041572,3.332120900056907,11.569864236308705,2.01507399018589,3,1.0,dynamic_1_5_p3_h1_3_6_12,dynamic:1.5,True,True,highs
milp_h1,27,39.27043392413785,115.44782974993717,76.17739582579932,9,256,0.9987100004084294,3.390917300028377,11.77401840287631,-20.02866476595208,3,1.0,dynamic_1_5_p3_h1_3_6_12,dynamic:1.5,True,True,highs
milp_h1,28,68.59229391786755,201.7239653614094,133.13167144354185,7,253,0.9978816482621602,3.269375700096134,11.351998958667131,9.293195227777623,3,1.0,dynamic_1_5_p3_h1_3_6_12,dynamic:1.5,True,True,highs
milp_h1,29,62.838515415479264,184.8006539609924,121.96213854551314,6,241,0.0,3.474649099909584,12.0647538191305,3.539416725389337,3,1.0,dynamic_1_5_p3_h1_3_6_12,dynamic:1.5,True,True,highs
milp_h3,0,59.02305967219202,173.42126713371283,114.39820746152081,9,224,0.9966581834038105,5.302803099897574,18.41251076353324,-0.27603901789790797,3,1.0,dynamic_1_5_p3_h1_3_6_12,dynamic:1.5,True,True,highs
milp_h3,1,57.678340843536304,169.3147149594802,111.6363741159439,6,226,0.881176477339384,5.7012629998789635,19.796052082913068,-1.620757846553623,3,1.0,dynamic_1_5_p3_h1_3_6_12,dynamic:1.5,True,True,highs
milp_h3,2,55.8387394109166,164.1259544661566,108.28721505524,9,232,0.880207950475335,4.321435799894971,15.004985416301983,-3.460359279173325,3,1.0,dynamic_1_5_p3_h1_3_6_12,dynamic:1.5,True,True,highs
milp_h3,3,58.77881108939371,172.74208521863977,113.96327412924606,9,224,0.9990898519002801,4.030342700047186,13.99424548627495,-0.5202876006962143,3,1.0,dynamic_1_5_p3_h1_3_6_12,dynamic:1.5,True,True,highs
milp_h3,4,63.3432333538603,186.33762343323937,122.99439007937907,9,230,0.996916037900582,4.726374500169186,16.411022570031896,4.044134663770372,3,1.0,dynamic_1_5_p3_h1_3_6_12,dynamic:1.5,True,True,highs
milp_h3,5,55.44251685572179,162.6485467814655,107.20602992574372,7,247,0.9682909955940991,5.354196400032379,18.59095972233465,-3.8565818343681357,3,1.0,dynamic_1_5_p3_h1_3_6_12,dynamic:1.5,True,True,highs
milp_h3,6,60.90454043087328,179.08298134449169,118.1784409136184,9,270,0.9985416208245869,4.76031109993346,16.52885798588007,1.6054417407833554,3,1.0,dynamic_1_5_p3_h1_3_6_12,dynamic:1.5,True,True,highs
milp_h3,7,45.67177410888766,133.69350131235694,88.02172720346928,7,220,0.9976654642346119,5.393919000009191,18.72888541669858,-13.627324581202267,3,1.0,dynamic_1_5_p3_h1_3_6_12,dynamic:1.5,True,True,highs
milp_h3,8,54.20500378221628,158.9020203563034,104.69701657408713,10,236,0.9983476799088206,5.3158333999308525,18.457754860871017,-5.094094907873647,3,1.0,dynamic_1_5_p3_h1_3_6_12,dynamic:1.5,True,True,highs
milp_h3,9,69.01240695018228,203.18856014111296,134.17615319093068,10,258,0.9262035644310641,4.716727999970317,16.37752777767471,9.713308260092354,3,1.0,dynamic_1_5_p3_h1_3_6_12,dynamic:1.5,True,True,highs
milp_h3,10,77.10076841297516,227.1212274791436,150.02045906616846,13,225,0.5508484791732206,5.519710099877557,19.165660069019296,17.80166972288523,3,1.0,dynamic_1_5_p3_h1_3_6_12,dynamic:1.5,True,True,highs
milp_h3,11,59.487488549590964,174.5611857892649,115.07369723967393,9,206,0.9979188639153578,4.539215599899762,15.76116527742973,0.18838985950103648,3,1.0,dynamic_1_5_p3_h1_3_6_12,dynamic:1.5,True,True,highs
milp_h3,12,59.296718211814394,174.698546531871,115.4018283200566,8,242,0.7509324063518168,4.904285400218214,17.02876875075769,-0.0023804782755334486,3,1.0,dynamic_1_5_p3_h1_3_6_12,dynamic:1.5,True,True,highs
milp_h3,13,59.05547827358356,173.45531120275766,114.3998329291741,8,220,0.7495755532655637,5.881744700105628,20.42272465314454,-0.24362041650636712,3,1.0,dynamic_1_5_p3_h1_3_6_12,dynamic:1.5,True,True,highs
milp_h3,14,61.64236544950015,181.22556529326445,119.5831998437643,11,245,0.9453543717242703,4.474394999895594,15.53609374963748,2.34326675941022,3,1.0,dynamic_1_5_p3_h1_3_6_12,dynamic:1.5,True,True,highs
milp_h3,15,56.30317081603606,166.1027473965605,109.79957658052443,11,219,0.8568161443645091,4.513156799890567,15.670683332953356,-2.9959278740538693,3,1.0,dynamic_1_5_p3_h1_3_6_12,dynamic:1.5,True,True,highs
milp_h3,16,62.05278538514261,182.51595676306212,120.46317137791951,10,226,0.8488203479793164,5.753774000040721,19.978381944585838,2.7536866950526857,3,1.0,dynamic_1_5_p3_h1_3_6_12,dynamic:1.5,True,True,highs
milp_h3,17,68.21948579921539,200.96740623585197,132.74792043663658,9,232,0.9985834359324169,4.491118199977791,15.594160416589553,8.920387109125464,3,1.0,dynamic_1_5_p3_h1_3_6_12,dynamic:1.5,True,True,highs
milp_h3,18,40.11929468989506,118.02993439076795,77.91063970087289,8,236,0.8415078303988807,5.783148400034406,20.080376389008354,-19.17980400019487,3,1.0,dynamic_1_5_p3_h1_3_6_12,dynamic:1.5,True,True,highs
milp_h3,19,60.877997156872595,178.83464078306181,117.95664362618922,7,200,0.9985977255323746,5.4634682999312645,18.970376041428,1.5788984667826682,3,1.0,dynamic_1_5_p3_h1_3_6_12,dynamic:1.5,True,True,highs
milp_h3,20,45.65254661160495,133.85938007960107,88.20683346799612,9,239,0.8881519035747351,4.935204500055988,17.136126736305513,-13.64655207848498,3,1.0,dynamic_1_5_p3_h1_3_6_12,dynamic:1.5,True,True,highs
milp_h3,21,70.19037244315348,206.4536742656966,136.26330182254313,5,240,0.9980077701538494,4.597733900009189,15.96435381947635,10.891273753063551,3,1.0,dynamic_1_5_p3_h1_3_6_12,dynamic:1.5,True,True,highs
milp_h3,22,47.41033559339819,138.61718470054444,91.20684910714625,11,238,0.9885632723183588,5.443099100055406,18.899649652970158,-11.88876309669174,3,1.0,dynamic_1_5_p3_h1_3_6_12,dynamic:1.5,True,True,highs
milp_h3,23,56.339544164854445,165.30264083715096,108.96309667229652,9,241,0.7531867628327673,5.690918599953875,19.76013402761762,-2.9595545252354825,3,1.0,dynamic_1_5_p3_h1_3_6_12,dynamic:1.5,True,True,highs
milp_h3,24,59.881832256396436,175.97367745193304,116.0918451955366,11,235,0.8699757103105904,4.064609000037308,14.113225694573986,0.5827335663065085,3,1.0,dynamic_1_5_p3_h1_3_6_12,dynamic:1.5,True,True,highs
milp_h3,25,82.73072362786814,243.60442304855866,160.8736994206905,7,244,0.9974378933264136,6.650306100025773,23.09134062508949,23.431624937778217,3,1.0,dynamic_1_5_p3_h1_3_6_12,dynamic:1.5,True,True,highs
milp_h3,26,61.37995257457217,180.5733264662834,119.19337389171122,7,212,0.0,6.1584403999877395,21.38347361106854,2.080853884482245,3,1.0,dynamic_1_5_p3_h1_3_6_12,dynamic:1.5,True,True,highs
milp_h3,27,39.4230796758454,115.90576700505981,76.48268732921441,9,257,0.9986423509664005,4.109097499938798,14.267699652565272,-19.876019014244527,3,1.0,dynamic_1_5_p3_h1_3_6_12,dynamic:1.5,True,True,highs
milp_h3,28,68.74603389200144,202.2301573833586,133.48412349135717,8,252,0.8219475780758198,4.431164899739088,15.385989235205166,9.446935201911508,3,1.0,dynamic_1_5_p3_h1_3_6_12,dynamic:1.5,True,True,highs
milp_h3,29,62.838515415479264,184.8006539609924,121.96213854551314,9,238,0.9985836744433817,4.197048600064591,14.57308541689094,3.539416725389337,3,1.0,dynamic_1_5_p3_h1_3_6_12,dynamic:1.5,True,True,highs
milp_h6,0,59.19540917894125,173.97919563671826,114.78378645777701,10,223,0.9978187500920603,7.073772000090685,24.561708333648212,-0.10368951114867997,3,1.0,dynamic_1_5_p3_h1_3_6_12,dynamic:1.5,True,True,highs
milp_h6,1,57.705952375299745,169.45256249225835,111.7466101169586,6,226,0.8816206355165409,6.813353800156619,23.65747847276604,-1.5931463147901823,3,1.0,dynamic_1_5_p3_h1_3_6_12,dynamic:1.5,True,True,highs
milp_h6,2,55.85788821718886,164.27208291302713,108.41419469583828,6,235,0.9968463421072966,6.241810200022883,21.67295208341279,-3.4412104729010693,3,1.0,dynamic_1_5_p3_h1_3_6_12,dynamic:1.5,True,True,highs
milp_h6,3,59.01965505125871,173.4911890868619,114.4715340356032,7,226,0.999042904248258,6.46406599986949,22.44467361065795,-0.2794436388312178,3,1.0,dynamic_1_5_p3_h1_3_6_12,dynamic:1.5,True,True,highs
milp_h6,4,63.311231201376884,186.29620134760376,122.98497014622687,11,228,0.8617249634326378,5.592627899881336,19.41884687458797,4.012132511286957,3,1.0,dynamic_1_5_p3_h1_3_6_12,dynamic:1.5,True,True,highs
milp_h6,5,55.45616855557013,162.71670447921005,107.26053592363992,7,247,0.9984964369157551,7.633032499856199,26.503585068945135,-3.842930134519797,3,1.0,dynamic_1_5_p3_h1_3_6_12,dynamic:1.5,True,True,highs
milp_h6,6,60.90456835916862,179.08300931585495,118.17844095668633,6,273,0.9971638858664607,5.525482000070042,19.185701389132092,1.605469669078694,3,1.0,dynamic_1_5_p3_h1_3_6_12,dynamic:1.5,True,True,highs
milp_h6,7,45.85085335134727,134.2553046828435,88.40445133149623,10,217,0.7120413902201955,6.087801200177637,21.138198611727905,-13.448245338742659,3,1.0,dynamic_1_5_p3_h1_3_6_12,dynamic:1.5,True,True,highs
milp_h6,8,54.26131968948478,159.07096807810896,104.80964838862418,11,235,0.9980239987469536,6.326487600264954,21.966970834253313,-5.037779000605148,3,1.0,dynamic_1_5_p3_h1_3_6_12,dynamic:1.5,True,True,highs
milp_h6,9,69.01240695018225,203.18856014111293,134.17615319093068,9,258,0.7801863104901497,7.226851299972623,25.093233680460497,9.713308260092326,3,1.0,dynamic_1_5_p3_h1_3_6_12,dynamic:1.5,True,True,highs
milp_h6,10,77.12432940047583,227.23874831638335,150.11441891590752,8,230,0.9487598494120469,7.021024899862823,24.378558680079248,17.825230710385902,3,1.0,dynamic_1_5_p3_h1_3_6_12,dynamic:1.5,True,True,highs
milp_h6,11,59.49417748464309,174.58114297591888,115.08696549127579,9,206,0.998906749922942,5.921389699928113,20.56038090252817,0.19507879455316157,3,1.0,dynamic_1_5_p3_h1_3_6_12,dynamic:1.5,True,True,highs
milp_h6,12,59.41891525921346,175.07709121790649,115.65817595869302,6,244,0.9958416005962027,5.994960200026981,20.81583402787146,0.119816569123536,3,1.0,dynamic_1_5_p3_h1_3_6_12,dynamic:1.5,True,True,highs
milp_h6,13,59.08302312483717,173.59282005519,114.50979693035283,8,220,0.9986844343065409,5.367698200105224,18.637840972587583,-0.2160755652527584,3,1.0,dynamic_1_5_p3_h1_3_6_12,dynamic:1.5,True,True,highs
milp_h6,14,61.60459697639111,181.16698722364785,119.56239024725674,16,240,0.8548176072918358,4.752137200121069,16.50047638930927,2.30549828630118,3,1.0,dynamic_1_5_p3_h1_3_6_12,dynamic:1.5,True,True,highs
milp_h6,15,56.30317081603606,166.1027473965605,109.79957658052443,7,223,0.9341081820108786,5.110477800175431,17.744714583942468,-2.9959278740538693,3,1.0,dynamic_1_5_p3_h1_3_6_12,dynamic:1.5,True,True,highs
milp_h6,16,61.994729647986944,182.3417895515951,120.34705990360816,13,222,0.900201183413276,4.831217100116191,16.775059375403444,2.6956309578970163,3,1.0,dynamic_1_5_p3_h1_3_6_12,dynamic:1.5,True,True,highs
milp_h6,17,68.21954885497718,200.96746900912032,132.74792015414315,7,235,0.9978952071615089,4.426916099793743,15.371236457617165,8.92045016488725,3,1.0,dynamic_1_5_p3_h1_3_6_12,dynamic:1.5,True,True,highs
milp_h6,18,40.12364042847604,118.05158904641121,77.92794861793517,9,234,0.8387971724671873,5.457379299987224,18.949233680511195,-19.17545826161389,3,1.0,dynamic_1_5_p3_h1_3_6_12,dynamic:1.5,True,True,highs
milp_h6,19,60.87805303391728,178.83469670484178,117.95664367092449,8,199,0.9979884225216472,5.608749700069893,19.474825347464908,1.5789543438273554,3,1.0,dynamic_1_5_p3_h1_3_6_12,dynamic:1.5,True,True,highs
milp_h6,20,45.76169734831048,134.1868740492037,88.42517670089323,10,238,0.964343990672219,5.432932900061132,18.86435034743449,-13.53740134177945,3,1.0,dynamic_1_5_p3_h1_3_6_12,dynamic:1.5,True,True,highs
milp_h6,21,70.19037244315345,206.45367426569658,136.26330182254313,10,235,0.9973673108141686,6.017641400118009,20.894588194854197,10.891273753063523,3,1.0,dynamic_1_5_p3_h1_3_6_12,dynamic:1.5,True,True,highs
milp_h6,22,47.41033559339819,138.61718470054444,91.20684910714625,9,240,0.9822830746068476,5.911057999663171,20.5245069432749,-11.88876309669174,3,1.0,dynamic_1_5_p3_h1_3_6_12,dynamic:1.5,True,True,highs
milp_h6,23,56.02322022417955,164.38114492230193,108.35792469812237,10,241,0.876477832139316,4.653989899947192,16.159687152594415,-3.275878465910374,3,1.0,dynamic_1_5_p3_h1_3_6_12,dynamic:1.5,True,True,highs
milp_h6,24,59.95691033876163,176.21256148231566,116.25565114355403,8,238,0.8711722732178178,6.357847999999649,22.07586111110989,0.6578116486717036,3,1.0,dynamic_1_5_p3_h1_3_6_12,dynamic:1.5,True,True,highs
milp_h6,25,82.74775403522443,243.6894234576125,160.94166942238806,6,245,0.9983181888998832,5.685033400019165,19.7396993056221,23.448655345134505,3,1.0,dynamic_1_5_p3_h1_3_6_12,dynamic:1.5,True,True,highs
milp_h6,26,61.393190723826606,180.63940461592884,119.24621389210223,8,211,0.9987962101513237,5.399725999857765,18.749048610617237,2.094092033736679,3,1.0,dynamic_1_5_p3_h1_3_6_12,dynamic:1.5,True,True,highs
milp_h6,27,39.46008194876839,116.01677382382879,76.5566918750604,8,257,0.9987383218372654,4.741809000101057,16.464614583684224,-19.839016741321537,3,1.0,dynamic_1_5_p3_h1_3_6_12,dynamic:1.5,True,True,highs
milp_h6,28,68.55554149932172,201.763509386469,133.20796788714728,11,249,0.998074255502593,5.398407999993651,18.744472222200177,9.256442809231793,3,1.0,dynamic_1_5_p3_h1_3_6_12,dynamic:1.5,True,True,highs
milp_h6,29,62.65421859098059,184.27522489086888,121.6210062998883,9,238,0.9979715945163851,6.855594600026961,23.804147916760282,3.3551199008906636,3,1.0,dynamic_1_5_p3_h1_3_6_12,dynamic:1.5,True,True,highs
milp_h12,0,59.19540917894125,173.97919563671826,114.78378645777701,10,223,0.9963768303565406,9.287024800112704,32.24661388928022,-0.10368951114867997,3,1.0,dynamic_1_5_p3_h1_3_6_12,dynamic:1.5,True,True,highs
milp_h12,1,57.705952375299745,169.45256249225835,111.7466101169586,6,226,0.8256903283853899,8.144193299900508,28.278448957987873,-1.5931463147901823,3,1.0,dynamic_1_5_p3_h1_3_6_12,dynamic:1.5,True,True,highs
milp_h12,2,55.54860487364486,163.34423288239512,107.79562800875026,8,233,0.9971658125573828,6.835150599887129,23.733161805163643,-3.750493816445065,3,1.0,dynamic_1_5_p3_h1_3_6_12,dynamic:1.5,True,True,highs
milp_h12,3,58.9650984444812,173.32751926652938,114.36242082204818,9,224,0.9965594509962554,8.569398900144733,29.754857292169213,-0.33400024560872765,3,1.0,dynamic_1_5_p3_h1_3_6_12,dynamic:1.5,True,True,highs
milp_h12,4,63.25537851204474,186.1559355959296,122.90055708388486,9,230,0.9140793179341863,6.4350271000294015,22.34384409732431,3.9562798219548156,3,1.0,dynamic_1_5_p3_h1_3_6_12,dynamic:1.5,True,True,highs
milp_h12,5,55.40209078292459,162.5544711612734,107.15238037834881,7,247,0.9741979716215119,7.89819079991139,27.42427361080344,-3.8970079071653387,3,1.0,dynamic_1_5_p3_h1_3_6_12,dynamic:1.5,True,True,highs
milp_h12,6,60.90454025860156,179.08298134449169,118.17844108589013,11,268,0.9978670514969769,6.749245599989081,23.43488055551764,1.6054415685116297,3,1.0,dynamic_1_5_p3_h1_3_6_12,dynamic:1.5,True,True,highs
milp_h12,7,45.863177529548324,134.31684286055437,88.45366533100605,10,217,0.8658555587327035,7.457347999923513,25.893569444178866,-13.435921160541604,3,1.0,dynamic_1_5_p3_h1_3_6_12,dynamic:1.5,True,True,highs
milp_h12,8,54.33059497497116,159.27879340604179,104.94819843107062,7,239,0.8749189787954059,10.510285800002748,36.49404791667621,-4.968503715118764,3,1.0,dynamic_1_5_p3_h1_3_6_12,dynamic:1.5,True,True,highs
milp_h12,9,68.9323704167908,202.94845054093852,134.01608012414772,9,258,0.7802145272870259,8.414681400186964,29.21764375064918,9.633271726700876,3,1.0,dynamic_1_5_p3_h1_3_6_12,dynamic:1.5,True,True,highs
milp_h12,10,77.12432940047583,227.23874831638335,150.11441891590752,8,230,0.8341894879631842,8.660336399989319,30.070612499962913,17.825230710385902,3,1.0,dynamic_1_5_p3_h1_3_6_12,dynamic:1.5,True,True,highs
milp_h12,11,59.540309416414956,174.71964894096064,115.17933952454568,7,208,0.9982573010971827,7.716992600093363,26.79511319476862,0.24121072632502916,3,1.0,dynamic_1_5_p3_h1_3_6_12,dynamic:1.5,True,True,highs
milp_h12,12,59.41891525921346,175.07709121790649,115.65817595869302,7,243,0.997000700995891,8.555344199936371,29.706056249779067,0.119816569123536,3,1.0,dynamic_1_5_p3_h1_3_6_12,dynamic:1.5,True,True,highs
milp_h12,13,59.08302312483717,173.59282005519,114.50979693035283,8,220,0.9966746802153711,8.676403299934464,30.126400346994664,-0.2160755652527584,3,1.0,dynamic_1_5_p3_h1_3_6_12,dynamic:1.5,True,True,highs
milp_h12,14,61.54577850652538,180.99053181405068,119.4447533075253,12,244,0.9973149974931198,7.09821209985239,24.646569791154132,2.246679816435453,3,1.0,dynamic_1_5_p3_h1_3_6_12,dynamic:1.5,True,True,highs
milp_h12,15,56.3135926572034,166.15475323771926,109.84116058051586,7,223,0.799829902554594,6.982963500209735,24.24640104239491,-2.9855060328865264,3,1.0,dynamic_1_5_p3_h1_3_6_12,dynamic:1.5,True,True,highs
milp_h12,16,62.12264293672608,182.72552941781248,120.6028864810864,10,225,0.9982229355705611,6.861135999948601,23.823388888710422,2.8235442466361533,3,1.0,dynamic_1_5_p3_h1_3_6_12,dynamic:1.5,True,True,highs
milp_h12,17,68.2194856253733,200.96740623585197,132.74792061047867,8,233,0.9974246666767745,7.7506137000600575,26.911853125208534,8.920386935283368,3,1.0,dynamic_1_5_p3_h1_3_6_12,dynamic:1.5,True,True,highs
milp_h12,18,40.08570863630304,117.93779366989224,77.8520850335892,8,235,0.8804308346317191,8.717075600055978,30.267623611305478,-19.21339005378689,3,1.0,dynamic_1_5_p3_h1_3_6_12,dynamic:1.5,True,True,highs
milp_h12,19,60.8779969779315,178.83464078306181,117.95664380513031,7,200,0.9976150574581576,8.207729599889717,28.499061110728185,1.5788982878415752,3,1.0,dynamic_1_5_p3_h1_3_6_12,dynamic:1.5,True,True,highs
milp_h12,20,45.76169738479011,134.1868740492037,88.4251766644136,9,239,0.9583987243749126,7.647752000048058,26.554694444611314,-13.537401305299817,3,1.0,dynamic_1_5_p3_h1_3_6_12,dynamic:1.5,True,True,highs
milp_h12,21,70.20565493590644,206.5299587566357,136.32430382072926,11,235,0.9995490575523204,6.635856400011107,23.041168055594124,10.90655624581651,3,1.0,dynamic_1_5_p3_h1_3_6_12,dynamic:1.5,True,True,highs
milp_h12,22,47.39700093354183,138.60390809684552,91.20690716330368,10,239,0.9982513987244692,8.006100699902163,27.798960763549175,-11.902097756548095,3,1.0,dynamic_1_5_p3_h1_3_6_12,dynamic:1.5,True,True,highs
milp_h12,23,56.36712225471858,165.44032692109468,109.0732046663761,6,244,0.7556128164150011,9.920798499937518,34.44721701367194,-2.9319764353713467,3,1.0,dynamic_1_5_p3_h1_3_6_12,dynamic:1.5,True,True,highs
milp_h12,24,59.9569103821554,176.21256148231566,116.25565110016026,8,238,0.8706242305557785,8.91679559997283,30.96109583323899,0.6578116920654722,3,1.0,dynamic_1_5_p3_h1_3_6_12,dynamic:1.5,True,True,highs
milp_h12,25,82.7477540352244,243.68942345761246,160.94166942238806,9,242,0.8281275361031758,8.120860600014566,28.197432638939468,23.448655345134476,3,1.0,dynamic_1_5_p3_h1_3_6_12,dynamic:1.5,True,True,highs
milp_h12,26,61.393190723826606,180.63940461592884,119.24621389210223,8,211,0.7391129608189231,8.427411400014535,29.261845138939357,2.094092033736679,3,1.0,dynamic_1_5_p3_h1_3_6_12,dynamic:1.5,True,True,highs
milp_h12,27,39.46008194876839,116.01677382382879,76.5566918750604,8,257,0.995206049216981,8.935801400031778,31.027088194554786,-19.839016741321537,3,1.0,dynamic_1_5_p3_h1_3_6_12,dynamic:1.5,True,True,highs
milp_h12,28,68.76867672895696,202.4029150753747,133.63423834641773,8,252,0.9966275718269193,6.785221299898694,23.5597961802038,9.469578038867034,3,1.0,dynamic_1_5_p3_h1_3_6_12,dynamic:1.5,True,True,highs
milp_h12,29,62.44996281015736,183.6624575483992,121.21249473824184,9,238,0.9986519681711311,8.993779100157553,31.22839965332484,3.150864120067432,3,1.0,dynamic_1_5_p3_h1_3_6_12,dynamic:1.5,True,True,highs
equal_share,0,36.21209018153475,108.63627054460426,72.42418036306951,8,225,0.9945230821795376,0.0022545999090652913,0.007828471906476706,-23.08700850855518,3,1.0,dynamic_1_5_p3_h1_3_6_12,dynamic:1.5,True,True,highs
equal_share,1,29.216701542464314,87.65010462739293,58.43340308492862,2,230,0.6406227845783328,0.0021309999719960615,0.007399305458319658,-30.082397147625613,3,1.0,dynamic_1_5_p3_h1_3_6_12,dynamic:1.5,True,True,highs
equal_share,2,30.04053384238904,90.12160152716712,60.08106768477808,3,238,0.9982376239275677,0.0021183999051572755,0.00735555522624054,-29.25856484770089,3,1.0,dynamic_1_5_p3_h1_3_6_12,dynamic:1.5,True,True,highs
equal_share,3,47.51630971269633,142.54892913808897,95.03261942539264,7,226,0.9978373259501343,0.0020973001373931766,0.007282292143726308,-11.7827889773936,3,1.0,dynamic_1_5_p3_h1_3_6_12,dynamic:1.5,True,True,highs
equal_share,4,28.91539885875276,86.74619657625827,57.83079771750551,2,237,0.9966434284727544,0.002185100005590357,0.007587152797188739,-30.383699831337168,3,1.0,dynamic_1_5_p3_h1_3_6_12,dynamic:1.5,True,True,highs
equal_share,5,37.413372788978805,112.24011836693641,74.82674557795761,6,248,0.9980665270160616,0.0021067000488983467,0.007314930725341482,-21.885725901111122,3,1.0,dynamic_1_5_p3_h1_3_6_12,dynamic:1.5,True,True,highs
equal_share,6,43.50953911165625,130.52861733496871,87.01907822331246,6,273,0.9969955671913019,0.0023754000576445833,0.00824791686682147,-15.789559578433675,3,1.0,dynamic_1_5_p3_h1_3_6_12,dynamic:1.5,True,True,highs
equal_share,7,43.79914782802213,131.39744348406643,87.5982956560443,9,218,0.8816116535195606,0.0020570000197039917,0.007142361179527749,-15.499950862067799,3,1.0,dynamic_1_5_p3_h1_3_6_12,dynamic:1.5,True,True,highs
equal_share,8,45.10349733424307,135.31049200272923,90.20699466848616,8,238,0.9980808153807884,0.002092699854983948,0.007266318940916487,-14.195601355846854,3,1.0,dynamic_1_5_p3_h1_3_6_12,dynamic:1.5,True,True,highs
equal_share,9,66.63734262457584,199.91202787372748,133.27468524915164,10,257,0.7846772939730045,0.002128600186551921,0.007390972869971948,7.338243934485909,3,1.0,dynamic_1_5_p3_h1_3_6_12,dynamic:1.5,True,True,highs
equal_share,10,65.2329518459598,195.6988555378794,130.4659036919196,11,227,0.9338356262441522,0.002117100011673756,0.007351041707200541,5.933853155869876,3,1.0,dynamic_1_5_p3_h1_3_6_12,dynamic:1.5,True,True,highs
equal_share,11,42.083415740630684,126.25024722189207,84.16683148126138,6,208,0.9947447065166739,0.0021246999531285837,0.007377430392807582,-17.215682949459243,3,1.0,dynamic_1_5_p3_h1_3_6_12,dynamic:1.5,True,True,highs
equal_share,12,44.74185305417603,134.2255591625281,89.48370610835207,8,242,0.9959151943420026,0.002128999854903668,0.0073923606073044035,-14.557245635913894,3,1.0,dynamic_1_5_p3_h1_3_6_12,dynamic:1.5,True,True,highs
equal_share,13,56.63504745870944,169.9051423761283,113.27009491741887,6,222,0.9952220450507673,0.0021295999904396012,0.007394444411248615,-2.6640512313804905,3,1.0,dynamic_1_5_p3_h1_3_6_12,dynamic:1.5,True,True,highs
equal_share,14,59.36439716045639,178.09319148136916,118.72879432091277,12,244,0.8404143834755303,0.002130899971234612,0.007398958233453514,0.0652984703664643,3,1.0,dynamic_1_5_p3_h1_3_6_12,dynamic:1.5,True,True,highs
equal_share,15,50.44325604800579,151.32976814401738,100.88651209601159,10,220,0.9970108480290975,0.0021700998913729563,0.007535069067267209,-8.855842642084134,3,1.0,dynamic_1_5_p3_h1_3_6_12,dynamic:1.5,True,True,highs
equal_share,16,51.81306556646035,155.43919669938103,103.62613113292068,6,229,0.9986632602846172,0.002387600135989487,0.008290278249963498,-7.486033123629575,3,1.0,dynamic_1_5_p3_h1_3_6_12,dynamic:1.5,True,True,highs
equal_share,17,55.07035947938155,165.21107843814465,110.1407189587631,7,234,0.9964993002256387,0.002122900143149309,0.007371181052601767,-4.228739210708376,3,1.0,dynamic_1_5_p3_h1_3_6_12,dynamic:1.5,True,True,highs
equal_share,18,38.80904082869094,116.42712248607283,77.6180816573819,11,232,0.8795763167792285,0.002245700001367368,0.007797569449192249,-20.490057861398988,3,1.0,dynamic_1_5_p3_h1_3_6_12,dynamic:1.5,True,True,highs
equal_share,19,32.56087652575751,97.68262957727252,65.12175305151501,1,206,0.0,0.002114899907610379,0.007343402456980484,-26.73822216433242,3,1.0,dynamic_1_5_p3_h1_3_6_12,dynamic:1.5,True,True,highs
equal_share,20,42.5977909270988,127.7933727812964,85.1955818541976,12,236,0.9700005454800573,0.0021581998153124005,0.0074937493587236125,-16.701307762991128,3,1.0,dynamic_1_5_p3_h1_3_6_12,dynamic:1.5,True,True,highs
equal_share,21,67.3565128286636,202.06953848599082,134.71302565732722,9,236,0.9963342618647122,0.0023587000760016963,0.008189930819450334,8.05741413857367,3,1.0,dynamic_1_5_p3_h1_3_6_12,dynamic:1.5,True,True,highs
equal_share,22,33.88288255490241,101.64864766470724,67.76576510980483,9,240,0.8663495446143976,0.0021373999770730734,0.007421527698170394,-25.41621613518752,3,1.0,dynamic_1_5_p3_h1_3_6_12,dynamic:1.5,True,True,highs
equal_share,23,47.31986783338972,141.95960350016918,94.63973566677946,10,241,0.868617803573245,0.002047399859293364,0.00710902728921307,-11.979230856700205,3,1.0,dynamic_1_5_p3_h1_3_6_12,dynamic:1.5,True,True,highs
equal_share,24,21.91168484773504,65.73505454320511,43.82336969547007,3,243,0.7330111660717463,0.002286600079969503,0.007939583611005219,-37.38741384235489,3,1.0,dynamic_1_5_p3_h1_3_6_12,dynamic:1.5,True,True,highs
equal_share,25,79.89742902314472,239.6922870694342,159.79485804628948,9,242,0.997987757976848,0.0022142002562759444,0.007688195334291474,20.598330333054797,3,1.0,dynamic_1_5_p3_h1_3_6_12,dynamic:1.5,True,True,highs
equal_share,26,37.28162325467545,111.84486976402634,74.56324650935089,3,216,0.9981162002262349,0.002187100049923174,0.007594097395566577,-22.017475435414475,3,1.0,dynamic_1_5_p3_h1_3_6_12,dynamic:1.5,True,True,highs
equal_share,27,28.186165622504795,84.5584968675144,56.37233124500961,6,259,0.9984190544786145,0.0021867999603273347,0.007593055417803246,-31.112933067585132,3,1.0,dynamic_1_5_p3_h1_3_6_12,dynamic:1.5,True,True,highs
equal_share,28,51.59700719217736,154.7910215765321,103.19401438435474,7,253,0.9971599368230762,0.0021228999248705804,0.007371180294689516,-7.702091497912569,3,1.0,dynamic_1_5_p3_h1_3_6_12,dynamic:1.5,True,True,highs
equal_share,29,58.595677874030045,175.78703362209015,117.1913557480601,8,239,0.9973436027659769,0.0022236000950215384,0.007720833663269231,-0.7034208160598823,3,1.0,dynamic_1_5_p3_h1_3_6_12,dynamic:1.5,True,True,highs
max_charge,0,57.85759223302203,173.5727766990661,115.71518446604408,13,220,0.9954488652558668,0.0009666999976616353,0.0033565972141029,-1.441506457067895,3,1.0,dynamic_1_5_p3_h1_3_6_12,dynamic:1.5,True,True,highs
max_charge,1,55.988134226202945,167.96440267860885,111.9762684524059,11,221,0.9268824374094706,0.0009403000731253996,0.003264930809463193,-3.3109644638869824,3,1.0,dynamic_1_5_p3_h1_3_6_12,dynamic:1.5,True,True,highs
max_charge,2,54.31291408141452,162.93874224424357,108.62582816282905,7,234,0.9984183928156549,0.0009334999631391838,0.0032413193164554993,-4.9861846086754085,3,1.0,dynamic_1_5_p3_h1_3_6_12,dynamic:1.5,True,True,highs
max_charge,3,57.3485370159149,172.0456110477447,114.6970740318298,11,222,0.7782526646569141,0.0009373999491799623,0.003254860934652647,-1.9505616741750273,3,1.0,dynamic_1_5_p3_h1_3_6_12,dynamic:1.5,True,True,highs
max_charge,4,61.57924503833053,184.7377351149916,123.15849007666108,7,232,0.9969857748375461,0.0009393999935127795,0.0032618055330304843,2.2801463482405993,3,1.0,dynamic_1_5_p3_h1_3_6_12,dynamic:1.5,True,True,highs
max_charge,5,53.7438221241037,161.23146637231108,107.48764424820737,10,244,0.998378414143515,0.0009537999430904165,0.003311805357952835,-5.555276565986226,3,1.0,dynamic_1_5_p3_h1_3_6_12,dynamic:1.5,True,True,highs
max_charge,6,59.58598039795952,178.7579411938786,119.17196079591908,13,266,0.997153332064982,0.0011220999440411106,0.003896180361253856,0.2868817078695898,3,1.0,dynamic_1_5_p3_h1_3_6_12,dynamic:1.5,True,True,highs
max_charge,7,44.226832665503025,132.68049799650905,88.45366533100602,9,218,0.8816116535195606,0.0013023999345023185,0.004522221994799717,-15.072266024586902,3,1.0,dynamic_1_5_p3_h1_3_6_12,dynamic:1.5,True,True,highs
max_charge,8,52.86665752232071,158.59997256696218,105.73331504464147,11,235,0.8586881228052153,0.001398100022925064,0.004854513968489805,-6.43244116776922,3,1.0,dynamic_1_5_p3_h1_3_6_12,dynamic:1.5,True,True,highs
max_charge,9,67.20686826755599,201.62060480266803,134.41373653511204,10,257,0.7846772939730045,0.0013282001455081627,0.004611806060792232,7.907769577466063,3,1.0,dynamic_1_5_p3_h1_3_6_12,dynamic:1.5,True,True,highs
max_charge,10,75.3182094554106,225.95462836623184,150.63641891082125,13,225,0.9338356262441522,0.0012988000526092947,0.004509722404893384,16.01911076532067,3,1.0,dynamic_1_5_p3_h1_3_6_12,dynamic:1.5,True,True,highs
max_charge,11,58.29772373239196,174.89317119717592,116.59544746478396,10,204,0.902288624440168,0.001488200039602816,0.005167361248620889,-1.0013749576979691,3,1.0,dynamic_1_5_p3_h1_3_6_12,dynamic:1.5,True,True,highs
max_charge,12,58.12793797552584,174.38381392657752,116.25587595105168,12,238,0.9971551239712794,0.0013551000447478145,0.0047052084887076896,-1.1711607145640883,3,1.0,dynamic_1_5_p3_h1_3_6_12,dynamic:1.5,True,True,highs
max_charge,13,57.36944429973758,172.10833289921277,114.73888859947519,7,221,0.9952220450507673,0.0013332998496480286,0.004629513366833433,-1.929654390352347,3,1.0,dynamic_1_5_p3_h1_3_6_12,dynamic:1.5,True,True,highs
max_charge,14,59.845072250564854,179.5352167516946,119.69014450112975,12,244,0.8404143834755303,0.0013251999916974455,0.0046013888600605745,0.545973560474927,3,1.0,dynamic_1_5_p3_h1_3_6_12,dynamic:1.5,True,True,highs
max_charge,15,54.9205802902579,164.76174087077374,109.84116058051583,11,219,0.9974426545316666,0.0013080999196972698,0.0045420136100599645,-4.378518399832025,3,1.0,dynamic_1_5_p3_h1_3_6_12,dynamic:1.5,True,True,highs
max_charge,16,60.526293244461186,181.5788797333836,121.0525864889224,8,227,0.9980612067033654,0.0013244001747807488,0.004598611717988711,1.227194554371259,3,1.0,dynamic_1_5_p3_h1_3_6_12,dynamic:1.5,True,True,highs
max_charge,17,66.9891772607962,200.96753178238862,133.97835452159242,10,232,0.996737490798618,0.0013350001972867176,0.0046354173516899915,7.6900785707062695,3,1.0,dynamic_1_5_p3_h1_3_6_12,dynamic:1.5,True,True,highs
max_charge,18,39.18033680394291,117.54101041182872,78.36067360788581,12,232,0.8795763167792285,0.002025499925366603,0.007032985851967371,-20.11876188614702,3,1.0,dynamic_1_5_p3_h1_3_6_12,dynamic:1.5,True,True,highs
max_charge,19,59.494313418865175,178.48294025659555,118.98862683773038,11,196,0.9985683377144811,0.0022480000770883635,0.007805555823223485,0.19521472877524815,3,1.0,dynamic_1_5_p3_h1_3_6_12,dynamic:1.5,True,True,highs
max_charge,20,44.442098308354616,133.32629492506382,88.8841966167092,13,235,0.9736623266616763,0.001374800078338012,0.004773611383118098,-14.857000381735311,3,1.0,dynamic_1_5_p3_h1_3_6_12,dynamic:1.5,True,True,highs
max_charge,21,68.1621519103646,204.48645573109383,136.32430382072923,9,236,0.9963342618647122,0.0012931999081047252,0.004490277458696962,8.863053220274672,3,1.0,dynamic_1_5_p3_h1_3_6_12,dynamic:1.5,True,True,highs
max_charge,22,45.63019455224273,136.8905836567282,91.26038910448548,13,236,0.8884118050608579,0.0012485000770539045,0.004335069711992724,-13.6689041378472,3,1.0,dynamic_1_5_p3_h1_3_6_12,dynamic:1.5,True,True,highs
max_charge,23,54.53660233318803,163.6098069995641,109.07320466637609,12,239,0.8948335093799965,0.001257799842278473,0.0043673605634669205,-4.762496356901899,3,1.0,dynamic_1_5_p3_h1_3_6_12,dynamic:1.5,True,True,highs
max_charge,24,58.34349901626504,175.03049704879516,116.68699803253011,10,236,0.9098346035409576,0.0012499000149546191,0.004339930607481317,-0.9555996738248851,3,1.0,dynamic_1_5_p3_h1_3_6_12,dynamic:1.5,True,True,highs
max_charge,25,80.61243888139722,241.83731664419167,161.22487776279445,9,242,0.997987757976848,0.0012498000724008307,0.004339583584725106,21.313340191307297,3,1.0,dynamic_1_5_p3_h1_3_6_12,dynamic:1.5,True,True,highs
max_charge,26,59.843273614346955,179.52982084304088,119.68654722869393,9,210,0.9978946464489683,0.001261200028238818,0.004379166764718118,0.5441749242570282,3,1.0,dynamic_1_5_p3_h1_3_6_12,dynamic:1.5,True,True,highs
max_charge,27,38.35129593809445,115.05388781428334,76.70259187618889,10,255,0.9985811031767753,0.0012735000345855951,0.004421875120088872,-20.947802751995475,3,1.0,dynamic_1_5_p3_h1_3_6_12,dynamic:1.5,True,True,highs
max_charge,28,66.94221500506,200.82664501518005,133.88443001012004,10,250,0.9971599368230762,0.0012371001357678324,0.004295486582527196,7.643116314970079,3,1.0,dynamic_1_5_p3_h1_3_6_12,dynamic:1.5,True,True,highs
max_charge,29,61.23791326880453,183.7137398064136,122.47582653760907,9,238,0.9979836472733054,0.001258400094229728,0.004369444771631,1.9388145787146058,3,1.0,dynamic_1_5_p3_h1_3_6_12,dynamic:1.5,True,True,highs
random,0,51.743829207800246,155.23148762340074,103.48765841560049,13,220,0.9974609166744965,0.012088100076653063,0.04197256971060091,-7.555269482289681,3,1.0,dynamic_1_5_p3_h1_3_6_12,dynamic:1.5,True,True,highs
random,1,48.36359109716106,145.09077329148317,96.72718219432211,8,224,0.9364387223217784,0.011990199956926517,0.04163263873932818,-10.935507592928865,3,1.0,dynamic_1_5_p3_h1_3_6_12,dynamic:1.5,True,True,highs
random,2,47.42447667217195,142.27343001651585,94.8489533443439,7,235,0.9974805827809454,0.011735700143617578,0.04074895883200548,-11.874622017917979,3,1.0,dynamic_1_5_p3_h1_3_6_12,dynamic:1.5,True,True,highs
random,3,50.93788663630298,152.8136599089089,101.87577327260593,9,224,0.9969770175034935,0.011347799940267578,0.03940208312592909,-8.36121205378695,3,1.0,dynamic_1_5_p3_h1_3_6_12,dynamic:1.5,True,True,highs
random,4,53.43634728611127,160.30904185833384,106.87269457222257,7,232,0.9980684761952595,0.01167979977617506,0.04055486033394118,-5.862751403978656,3,1.0,dynamic_1_5_p3_h1_3_6_12,dynamic:1.5,True,True,highs
random,5,47.46317141343286,142.38951424029855,94.92634282686569,10,244,0.98678410191979,0.011185799987288192,0.03883958328919511,-11.835927276657067,3,1.0,dynamic_1_5_p3_h1_3_6_12,dynamic:1.5,True,True,highs
random,6,52.61842954055294,157.85528862165881,105.23685908110588,6,273,0.9995824738348882,0.01143430003139656,0.03970243066457139,-6.680669149536989,3,1.0,dynamic_1_5_p3_h1_3_6_12,dynamic:1.5,True,True,highs
random,7,38.322614499431054,114.96784349829316,76.64522899886211,6,221,0.9978819240477697,0.01128579989017453,0.03918680517421712,-20.976484190658873,3,1.0,dynamic_1_5_p3_h1_3_6_12,dynamic:1.5,True,True,highs
random,8,46.178953567567405,138.5368607027022,92.3579071351348,9,237,0.8350203009821946,0.011261499865213409,0.03910243008754656,-13.120145122522523,3,1.0,dynamic_1_5_p3_h1_3_6_12,dynamic:1.5,True,True,highs
random,9,60.45188576477193,181.3556572943158,120.90377152954386,10,257,0.9028904306784731,0.011044299986679107,0.03834826384263579,1.1527870746820028,3,1.0,dynamic_1_5_p3_h1_3_6_12,dynamic:1.5,True,True,highs
random,10,67.29339915400413,201.8801974620124,134.58679830800827,10,228,0.9980021724913601,0.011769100063247606,0.0408649307751653,7.9943004639142075,3,1.0,dynamic_1_5_p3_h1_3_6_12,dynamic:1.5,True,True,highs
random,11,50.442835173570415,151.32850552071125,100.88567034714083,9,205,0.9379207291016766,0.011650899716187268,0.04045451290342802,-8.856263516519512,3,1.0,dynamic_1_5_p3_h1_3_6_12,dynamic:1.5,True,True,highs
random,12,50.791526948174024,152.37458084452206,101.58305389634803,8,242,0.9175867815843173,0.011262300075031817,0.03910520859386048,-8.507571741915903,3,1.0,dynamic_1_5_p3_h1_3_6_12,dynamic:1.5,True,True,highs
random,13,50.507216398837244,151.52164919651173,101.01443279767449,7,221,0.9973435892985427,0.011153100145747885,0.03872604217273571,-8.791882291252684,3,1.0,dynamic_1_5_p3_h1_3_6_12,dynamic:1.5,True,True,highs
random,14,53.76020039418009,161.2806011825403,107.5204007883602,11,245,0.9971015025233205,0.01133259988273494,0.03934930514838521,-5.5388982959098385,3,1.0,dynamic_1_5_p3_h1_3_6_12,dynamic:1.5,True,True,highs
random,15,47.391704984256336,142.17511495276898,94.78340996851264,9,221,0.997079835728616,0.011873400129843503,0.04122708378417883,-11.907393705833591,3,1.0,dynamic_1_5_p3_h1_3_6_12,dynamic:1.5,True,True,highs
random,16,54.979419219210385,164.9382576576311,109.95883843842073,9,226,0.9955813135415035,0.0119474999664817,0.04148437488361702,-4.319679470879542,3,1.0,dynamic_1_5_p3_h1_3_6_12,dynamic:1.5,True,True,highs
random,17,59.849305951061055,179.54791785318318,119.69861190212212,8,233,0.9968305079663529,0.01064239998231642,0.03695277771637646,0.5502072609711277,3,1.0,dynamic_1_5_p3_h1_3_6_12,dynamic:1.5,True,True,highs
random,18,34.395264653822295,103.1857939614669,68.7905293076446,7,236,0.7517311664703754,0.011580000020330772,0.040208333403926294,-24.903834036267632,3,1.0,dynamic_1_5_p3_h1_3_6_12,dynamic:1.5,True,True,highs
random,19,53.01113473556602,159.03340420669807,106.02226947113205,8,199,0.9970319280578718,0.01214679995609913,0.042176388736455316,-6.28796395452391,3,1.0,dynamic_1_5_p3_h1_3_6_12,dynamic:1.5,True,True,highs
random,20,38.79786036444213,116.39358109332642,77.59572072888429,9,239,0.9980805081781396,0.012057200015988201,0.041865277833292365,-20.501238325647797,3,1.0,dynamic_1_5_p3_h1_3_6_12,dynamic:1.5,True,True,highs
random,21,60.253415839268996,180.760247517807,120.50683167853799,8,238,0.9965509216569964,0.012949400013894774,0.044963194492690185,0.9543171491790687,3,1.0,dynamic_1_5_p3_h1_3_6_12,dynamic:1.5,True,True,highs
random,22,40.89051764734174,122.67155294202523,81.78103529468349,9,240,0.9960407264129894,0.012502499899710529,0.043411457985106004,-18.40858104274819,3,1.0,dynamic_1_5_p3_h1_3_6_12,dynamic:1.5,True,True,highs
random,23,48.069020552799955,144.20706165839985,96.1380411055999,9,242,0.6815005746905909,0.012591399776283652,0.04372013811209601,-11.230078137289972,3,1.0,dynamic_1_5_p3_h1_3_6_12,dynamic:1.5,True,True,highs
random,24,52.126910566705945,156.38073170011785,104.2538211334119,10,236,0.8945386702551363,0.012468800181522965,0.04329444507473252,-7.172188123383982,3,1.0,dynamic_1_5_p3_h1_3_6_12,dynamic:1.5,True,True,highs
random,25,70.44232130010701,211.32696390032103,140.88464260021402,10,241,0.9945691825643436,0.012029799981974065,0.04177013882629884,11.143222610017084,3,1.0,dynamic_1_5_p3_h1_3_6_12,dynamic:1.5,True,True,highs
random,26,51.467083358308855,154.4012500749266,102.93416671661774,8,211,0.9978423992775878,0.012433300013071857,0.04317118060094395,-7.832015331781072,3,1.0,dynamic_1_5_p3_h1_3_6_12,dynamic:1.5,True,True,highs
random,27,33.39460738391777,100.18382215175332,66.78921476783555,10,255,0.9941577743473855,0.012319500121520832,0.042776042088614,-25.904491306172154,3,1.0,dynamic_1_5_p3_h1_3_6_12,dynamic:1.5,True,True,highs
random,28,59.45922942016263,178.37768826048787,118.91845884032524,10,250,0.9967545478931227,0.012009299869532697,0.041698957880321866,0.1601307300727015,3,1.0,dynamic_1_5_p3_h1_3_6_12,dynamic:1.5,True,True,highs
random,29,54.106001313180045,162.31800393954012,108.21200262636007,7,240,0.8230841267743687,0.012364000169327483,0.0429305561434982,-5.193097376909883,3,1.0,dynamic_1_5_p3_h1_3_6_12,dynamic:1.5,True,True,highs
milp_h1,0,116.32538373338153,345.2873042397476,228.96192050636606,15,215,0.8017615748281814,3.212492499995278,11.154487847205827,-0.19527443894057228,6,1.0,dynamic_1_5_p6_h1_3_6_12,dynamic:1.5,True,True,highs
milp_h1,1,113.01883856377782,335.3362081202048,222.31736955642697,16,214,0.9987245676375259,3.473390399973141,12.060383333240074,-3.501819608544281,6,1.0,dynamic_1_5_p6_h1_3_6_12,dynamic:1.5,True,True,highs
milp_h1,2,109.19420310508036,324.1543021775049,214.96009907242455,15,223,0.997975326701361,3.303037499921629,11.468880208061213,-7.326455067241739,6,1.0,dynamic_1_5_p6_h1_3_6_12,dynamic:1.5,True,True,highs
milp_h1,3,115.9802597291172,344.34643113781016,228.36617140869296,11,219,0.7952736384620245,3.3805180998751894,11.737910069011074,-0.5403984432049072,6,1.0,dynamic_1_5_p6_h1_3_6_12,dynamic:1.5,True,True,highs
milp_h1,4,124.13388673858552,368.70958358741507,244.57569684882955,12,224,0.9969081448444731,3.3035092996724416,11.470518401640422,7.613228566263416,6,1.0,dynamic_1_5_p6_h1_3_6_12,dynamic:1.5,True,True,highs
milp_h1,5,108.66398983332027,322.312965714261,213.64897588094072,16,235,0.7069343633179429,3.3364197000919376,11.584790625319227,-7.856668339001828,6,1.0,dynamic_1_5_p6_h1_3_6_12,dynamic:1.5,True,True,highs
milp_h1,6,118.95762381621782,353.2150798804945,234.25745606427668,15,261,0.9523389279105362,3.3114082000101916,11.497945138924276,2.436965643895718,6,1.0,dynamic_1_5_p6_h1_3_6_12,dynamic:1.5,True,True,highs
milp_h1,7,89.61833467643513,265.53318301499934,175.9148483385642,13,211,0.9969758136435166,3.1578131997957826,10.964629165957579,-26.902323495886975,6,1.0,dynamic_1_5_p6_h1_3_6_12,dynamic:1.5,True,True,highs
milp_h1,8,106.04145283416224,314.38365757852665,208.3422047443644,19,224,0.8354817401636357,3.187407000194071,11.067385417340525,-10.479205338159858,6,1.0,dynamic_1_5_p6_h1_3_6_12,dynamic:1.5,True,True,highs
milp_h1,9,135.7963768650954,403.5404698858524,267.744093020757,22,242,0.7434280033344504,3.154822299897205,10.954244096865295,19.275718692773296,6,1.0,dynamic_1_5_p6_h1_3_6_12,dynamic:1.5,True,True,highs
milp_h1,10,150.86225701350287,448.3587836715324,297.49652665802955,19,216,0.900660316407046,3.0423167000699323,10.563599653020598,34.34159884118077,6,1.0,dynamic_1_5_p6_h1_3_6_12,dynamic:1.5,True,True,highs
milp_h1,11,116.69169861446008,346.1737607956547,229.4820621811946,19,192,0.8240330573523016,3.0533305998542346,10.601842360604982,0.1710404421379792,6,1.0,dynamic_1_5_p6_h1_3_6_12,dynamic:1.5,True,True,highs
milp_h1,12,116.76583125190416,347.07007803889985,230.3042467869957,14,233,0.6393109044020862,3.5279551000567153,12.24984409741915,0.24517307958205947,6,1.0,dynamic_1_5_p6_h1_3_6_12,dynamic:1.5,True,True,highs
milp_h1,13,115.77888406639602,343.6255285811951,227.8466445147991,13,212,0.7575139112401427,3.290552000136813,11.425527778252823,-0.7417741059260834,6,1.0,dynamic_1_5_p6_h1_3_6_12,dynamic:1.5,True,True,highs
milp_h1,14,120.95868538452393,359.1745250983358,238.21583971381185,7,246,0.9979399457659412,3.228540999640245,11.210211804306406,4.438027212201831,6,1.0,dynamic_1_5_p6_h1_3_6_12,dynamic:1.5,True,True,highs
milp_h1,15,111.06781110632616,330.3966682674308,219.32885716110465,14,213,0.8575939747535276,3.3348182998306584,11.579230207745342,-5.45284706599594,6,1.0,dynamic_1_5_p6_h1_3_6_12,dynamic:1.5,True,True,highs
milp_h1,16,122.36112817617226,363.44098513615097,241.0798569599787,11,221,0.3042237815302345,3.3196013001143,11.526393403174653,5.840470003850157,6,1.0,dynamic_1_5_p6_h1_3_6_12,dynamic:1.5,True,True,highs
milp_h1,17,133.90989786272428,398.03857887082074,264.12868100809646,15,225,0.9343883326923713,3.324097999749938,11.542006943576174,17.389239690402178,6,1.0,dynamic_1_5_p6_h1_3_6_12,dynamic:1.5,True,True,highs
milp_h1,18,78.88854279465272,234.32902404017042,155.4404812455177,13,227,0.972439664617858,3.4282887003209908,11.903780209447884,-37.63211537766938,6,1.0,dynamic_1_5_p6_h1_3_6_12,dynamic:1.5,True,True,highs
milp_h1,19,119.55144277729855,354.85492142059667,235.30347864329812,14,190,0.8551349272104797,3.394399099954171,11.786107985951983,3.0307846049764464,6,1.0,dynamic_1_5_p6_h1_3_6_12,dynamic:1.5,True,True,highs
milp_h1,20,89.70654484542194,266.0213747810521,176.31482993563014,11,234,0.998227515415436,3.44207020002068,11.951632638960696,-26.814113326900156,6,1.0,dynamic_1_5_p6_h1_3_6_12,dynamic:1.5,True,True,highs
milp_h1,21,137.5085882033344,408.4083215462394,270.899733342905,16,226,0.874083105946285,3.365995899628615,11.687485762599358,20.987930031012297,6,1.0,dynamic_1_5_p6_h1_3_6_12,dynamic:1.5,True,True,highs
milp_h1,22,92.58544016825732,274.14249842512186,181.55705825686454,15,231,0.9972957591436481,3.3852960001677275,11.754500000582388,-23.93521800406478,6,1.0,dynamic_1_5_p6_h1_3_6_12,dynamic:1.5,True,True,highs
milp_h1,23,110.24567368971003,327.0210294117178,216.77535572200776,17,230,0.9238100105498498,3.2699933002877515,11.354143403776915,-6.274984482612069,6,1.0,dynamic_1_5_p6_h1_3_6_12,dynamic:1.5,True,True,highs
milp_h1,24,117.52961540019137,348.9033761236709,231.37376072347953,17,226,0.8378834988356821,3.4051663995196577,11.823494442776589,1.0089572278692742,6,1.0,dynamic_1_5_p6_h1_3_6_12,dynamic:1.5,True,True,highs
milp_h1,25,162.5615076247879,483.096775039318,320.5352674145301,12,236,0.8847206072700624,3.271256199950585,11.358528472050644,46.04084945246581,6,1.0,dynamic_1_5_p6_h1_3_6_12,dynamic:1.5,True,True,highs
milp_h1,26,120.55832295564926,358.10843760951474,237.55011465386548,19,197,0.9683609664952485,3.3018500002508517,11.464756945315457,4.037664783327159,6,1.0,dynamic_1_5_p6_h1_3_6_12,dynamic:1.5,True,True,highs
milp_h1,27,77.7180018861406,230.7905336359454,153.0725317498048,13,250,0.9981208250281504,3.235132099944167,11.23309756925058,-38.8026562861815,6,1.0,dynamic_1_5_p6_h1_3_6_12,dynamic:1.5,True,True,highs
milp_h1,28,134.42474984312548,399.2213331371833,264.7965832940578,12,245,0.9724383290678231,3.2526234998367727,11.29383159665546,17.904091670803382,6,1.0,dynamic_1_5_p6_h1_3_6_12,dynamic:1.5,True,True,highs
milp_h1,29,123.489356693317,366.75317779450563,243.26382110118863,11,234,0.8417073236823688,3.371295999881113,11.705888888476087,6.968698520994906,6,1.0,dynamic_1_5_p6_h1_3_6_12,dynamic:1.5,True,True,highs
milp_h3,0,116.41416661895849,345.48539142830623,229.07122480934774,14,216,0.8414681154980403,7.1132004995888565,24.698612845794642,-0.10649155336361105,6,1.0,dynamic_1_5_p6_h1_3_6_12,dynamic:1.5,True,True,highs
milp_h3,1,113.01883856377782,335.3362081202048,222.31736955642697,18,212,0.9132011526820122,4.286062200349988,14.882160417881904,-3.501819608544281,6,1.0,dynamic_1_5_p6_h1_3_6_12,dynamic:1.5,True,True,highs
milp_h3,2,109.1941774162635,324.15427677124904,214.96009935498554,16,223,0.9959933131628386,4.173901499947533,14.49271354148449,-7.326480756058601,6,1.0,dynamic_1_5_p6_h1_3_6_12,dynamic:1.5,True,True,highs
milp_h3,3,115.9802597291172,344.34643113781016,228.36617140869296,12,218,0.9982341880888763,5.071784000145271,17.610361111615525,-0.5403984432049072,6,1.0,dynamic_1_5_p6_h1_3_6_12,dynamic:1.5,True,True,highs
milp_h3,4,124.14984079630881,368.7437711520563,244.5939303557475,11,225,0.8560227533652697,5.3932159000542015,18.726444097410422,7.629182623986708,6,1.0,dynamic_1_5_p6_h1_3_6_12,dynamic:1.5,True,True,highs
milp_h3,5,108.66398983332027,322.312965714261,213.64897588094072,17,235,0.8734102276811714,4.764757999771973,16.544298610319352,-7.856668339001828,6,1.0,dynamic_1_5_p6_h1_3_6_12,dynamic:1.5,True,True,highs
milp_h3,6,119.0815289094202,353.5868520072548,234.50532309783458,15,261,0.8700768677206782,4.193534099787939,14.560882290930344,2.5608707370980994,6,1.0,dynamic_1_5_p6_h1_3_6_12,dynamic:1.5,True,True,highs
milp_h3,7,89.61833467643513,265.53318301499934,175.9148483385642,12,212,0.9983966576044341,6.949271699908422,24.12941562468202,-26.902323495886975,6,1.0,dynamic_1_5_p6_h1_3_6_12,dynamic:1.5,True,True,highs
milp_h3,8,106.37285515696718,315.33634913696955,208.96349398000237,18,225,0.9964372530799737,5.348572800314287,18.571433334424608,-10.147803015354924,6,1.0,dynamic_1_5_p6_h1_3_6_12,dynamic:1.5,True,True,highs
milp_h3,9,135.79637686509545,403.5404698858524,267.74409302075696,16,248,0.802092992679165,7.774515200260794,26.99484444534998,19.275718692773353,6,1.0,dynamic_1_5_p6_h1_3_6_12,dynamic:1.5,True,True,highs
milp_h3,10,151.43493695247116,450.076895148221,298.64195819574985,14,221,0.9104923130427874,4.234843499958515,14.704317708189288,34.91427878014906,6,1.0,dynamic_1_5_p6_h1_3_6_12,dynamic:1.5,True,True,highs
milp_h3,11,116.69167097441598,346.17373361496374,229.48206264054775,13,198,0.8452850462241496,5.164931300183525,17.933789236748353,0.17101280209388392,6,1.0,dynamic_1_5_p6_h1_3_6_12,dynamic:1.5,True,True,highs
milp_h3,12,116.83155104841296,347.23143010019123,230.39987905177827,18,229,0.8156363119650809,5.013914000010118,17.40942361114624,0.31089287609086114,6,1.0,dynamic_1_5_p6_h1_3_6_12,dynamic:1.5,True,True,highs
milp_h3,13,115.65459983100959,343.2526758750358,227.5980760440262,14,211,0.9062165953909265,5.332589299971005,18.51593506934377,-0.8660583413125096,6,1.0,dynamic_1_5_p6_h1_3_6_12,dynamic:1.5,True,True,highs
milp_h3,14,120.84558547466202,358.8352253687501,237.9896398940881,12,241,0.9984161667285495,5.06448269970133,17.58500937396295,4.3249273023399155,6,1.0,dynamic_1_5_p6_h1_3_6_12,dynamic:1.5,True,True,highs
milp_h3,15,111.06781110632616,330.3966682674308,219.32885716110465,15,213,0.996971471559953,4.18982120018336,14.547990278414444,-5.45284706599594,6,1.0,dynamic_1_5_p6_h1_3_6_12,dynamic:1.5,True,True,highs
milp_h3,16,122.3611281761722,363.4409851361509,241.0798569599787,9,225,0.9984907816079918,4.810556400276255,16.70332083429255,5.8404700038501005,6,1.0,dynamic_1_5_p6_h1_3_6_12,dynamic:1.5,True,True,highs
milp_h3,17,134.0420282629599,398.4350341486117,264.3930058856518,13,225,0.9264890705367058,4.265340199985076,14.810209027725957,17.521370090637788,6,1.0,dynamic_1_5_p6_h1_3_6_12,dynamic:1.5,True,True,highs
milp_h3,18,78.93179684623416,234.45882317227776,155.5270263260436,13,228,0.9637468899989704,4.317014899948845,14.989635069266821,-37.58886132608794,6,1.0,dynamic_1_5_p6_h1_3_6_12,dynamic:1.5,True,True,highs
milp_h3,19,119.62177705443526,355.06598101257305,235.4442039581378,11,193,0.855176156962663,4.15120990012656,14.413923264328332,3.1011188821131555,6,1.0,dynamic_1_5_p6_h1_3_6_12,dynamic:1.5,True,True,highs
milp_h3,20,89.70654484542194,266.0213747810521,176.31482993563014,16,229,0.9971065864929641,5.123184499680065,17.788835068333558,-26.814113326900156,6,1.0,dynamic_1_5_p6_h1_3_6_12,dynamic:1.5,True,True,highs
milp_h3,21,137.93059386606416,409.6743385344286,271.74374466836446,16,226,0.8422504177700119,5.2212513998674694,18.129345138428715,21.409935693742057,6,1.0,dynamic_1_5_p6_h1_3_6_12,dynamic:1.5,True,True,highs
milp_h3,22,92.58544016825732,274.14249842512186,181.55705825686454,16,230,0.9100434886121281,4.277019300061511,14.850761458546913,-23.93521800406478,6,1.0,dynamic_1_5_p6_h1_3_6_12,dynamic:1.5,True,True,highs
milp_h3,23,110.46324152024403,327.6737329033197,217.2104913830757,14,233,0.9254558138543174,4.269791299680946,14.825664235003286,-6.057416652078075,6,1.0,dynamic_1_5_p6_h1_3_6_12,dynamic:1.5,True,True,highs
milp_h3,24,117.11411681601365,347.5886814611561,230.47456464514246,20,224,0.8182530488862962,4.309487299935427,14.96349756922023,0.5934586436915481,6,1.0,dynamic_1_5_p6_h1_3_6_12,dynamic:1.5,True,True,highs
milp_h3,25,162.6379742548216,483.2412116170315,320.60323736220994,10,238,0.9977506826935203,4.757087099715136,16.517663540677557,46.117316082499485,6,1.0,dynamic_1_5_p6_h1_3_6_12,dynamic:1.5,True,True,highs
milp_h3,26,120.49860167914153,357.8632231496008,237.36462147045927,14,202,0.9986145450274653,5.590290499851108,19.41073090226079,3.977943506819429,6,1.0,dynamic_1_5_p6_h1_3_6_12,dynamic:1.5,True,True,highs
milp_h3,27,77.71800188614057,230.79053363594537,153.0725317498048,18,244,0.848855406160404,4.354139799979748,15.118540972151903,-38.80265628618153,6,1.0,dynamic_1_5_p6_h1_3_6_12,dynamic:1.5,True,True,highs
milp_h3,28,134.4247182017536,399.2213018298533,264.7965836280997,17,240,0.9822822399270115,4.809896400052821,16.701029166850073,17.90406002943149,6,1.0,dynamic_1_5_p6_h1_3_6_12,dynamic:1.5,True,True,highs
milp_h3,29,123.489356693317,366.75317779450563,243.26382110118863,13,232,0.9976332957326491,4.382162000343669,15.215840278971074,6.968698520994906,6,1.0,dynamic_1_5_p6_h1_3_6_12,dynamic:1.5,True,True,highs
milp_h6,0,116.45287853878594,345.5878639273192,229.13498538853324,16,214,0.5544874289478077,6.05868799999007,21.037111111076634,-0.06777963353616201,6,1.0,dynamic_1_5_p6_h1_3_6_12,dynamic:1.5,True,True,highs
milp_h6,1,112.14517263032602,332.7152629827707,220.57009035244468,19,210,0.8778125587561744,6.049001499806764,21.003477429884597,-4.375485541996085,6,1.0,dynamic_1_5_p6_h1_3_6_12,dynamic:1.5,True,True,highs
milp_h6,2,109.19417729516593,324.15427677124904,214.96009947608312,15,224,0.9702228279693383,6.81437599984929,23.66102777725448,-7.326480877156172,6,1.0,dynamic_1_5_p6_h1_3_6_12,dynamic:1.5,True,True,highs
milp_h6,3,116.04679772004744,344.5460992547446,228.49930153469717,12,218,0.997767056383321,6.82067129999632,23.682886458320556,-0.4738604522746641,6,1.0,dynamic_1_5_p6_h1_3_6_12,dynamic:1.5,True,True,highs
milp_h6,4,124.30254529735157,369.1882089381288,244.88566364077724,13,223,0.9977608714934608,6.379580700042425,22.151321875147307,7.7818871250294706,6,1.0,dynamic_1_5_p6_h1_3_6_12,dynamic:1.5,True,True,highs
milp_h6,5,108.89339470141257,322.9602500295099,214.06685532809732,15,238,0.8734227564521715,6.561923900066176,22.78445798634089,-7.627263470909526,6,1.0,dynamic_1_5_p6_h1_3_6_12,dynamic:1.5,True,True,highs
milp_h6,6,119.08152878021642,353.5868520072548,234.50532322703836,12,264,0.9988588355499787,6.021069399866974,20.906490971760327,2.5608706078943158,6,1.0,dynamic_1_5_p6_h1_3_6_12,dynamic:1.5,True,True,highs
milp_h6,7,89.73521813060773,265.8715295843014,176.13631145369368,13,211,0.9965057053808996,9.880716100189602,34.308042014547226,-26.785440041714367,6,1.0,dynamic_1_5_p6_h1_3_6_12,dynamic:1.5,True,True,highs
milp_h6,8,106.41211107793563,315.4402616357715,209.02815055783586,14,230,0.873868676701767,6.71374950002064,23.311630208405,-10.108547094386466,6,1.0,dynamic_1_5_p6_h1_3_6_12,dynamic:1.5,True,True,highs
milp_h6,9,135.86762040392102,403.7542634311868,267.8866430272658,16,248,0.802092992679165,10.32918179986882,35.86521458287785,19.346962231598923,6,1.0,dynamic_1_5_p6_h1_3_6_12,dynamic:1.5,True,True,highs
milp_h6,10,151.4349368031257,450.076895148221,298.6419583450953,17,218,0.9465582685843847,5.939094900153577,20.62185729219992,34.91427863080361,6,1.0,dynamic_1_5_p6_h1_3_6_12,dynamic:1.5,True,True,highs
milp_h6,11,116.69167083661,346.1737336149637,229.48206277835368,14,198,0.9274611397870859,6.034776599932229,20.95408541643135,0.1710126642879004,6,1.0,dynamic_1_5_p6_h1_3_6_12,dynamic:1.5,True,True,highs
milp_h6,12,116.8654207906481,347.32108509904504,230.45566430839693,15,232,0.709204963497349,7.167770799977006,24.888093055475718,0.3447626183260013,6,1.0,dynamic_1_5_p6_h1_3_6_12,dynamic:1.5,True,True,highs
milp_h6,13,115.84758464165327,343.8316842890131,227.9840996473598,12,213,0.8797315022449147,7.266235399816651,25.22998402714115,-0.6730735306688302,6,1.0,dynamic_1_5_p6_h1_3_6_12,dynamic:1.5,True,True,highs
milp_h6,14,121.02720722043526,359.380147061205,238.35293984076972,16,237,0.9983247343146429,6.628237799770432,23.01471458253622,4.506549048113158,6,1.0,dynamic_1_5_p6_h1_3_6_12,dynamic:1.5,True,True,highs
milp_h6,15,111.11976536428992,330.5525825253731,219.4328171610832,15,212,0.8293166171282823,6.590032899694052,22.882058679493234,-5.400892808032182,6,1.0,dynamic_1_5_p6_h1_3_6_12,dynamic:1.5,True,True,highs
milp_h6,16,122.42855479649339,363.64332180170965,241.21476700521626,11,222,0.996890389563861,6.371735699940473,22.124082291459974,5.907896624171286,6,1.0,dynamic_1_5_p6_h1_3_6_12,dynamic:1.5,True,True,highs
milp_h6,17,134.0420281325783,398.4350341486117,264.3930060160334,15,224,0.9253041869000901,5.972002000111388,20.73611805594232,17.52136996025621,6,1.0,dynamic_1_5_p6_h1_3_6_12,dynamic:1.5,True,True,highs
milp_h6,18,78.93179676369843,234.45882317227776,155.52702640857933,11,229,0.9400447000399446,6.192805899889208,21.502798263504197,-37.58886140862367,6,1.0,dynamic_1_5_p6_h1_3_6_12,dynamic:1.5,True,True,highs
milp_h6,19,119.62177692022942,355.06598101257305,235.44420409234363,9,195,0.7830014384052828,5.896926600369625,20.47543958461675,3.1011187479073214,6,1.0,dynamic_1_5_p6_h1_3_6_12,dynamic:1.5,True,True,highs
milp_h6,20,89.76390146427585,266.1934865065387,176.42958504226286,13,232,0.9975378752788118,5.974255499837454,20.743942707768937,-26.756756708046254,6,1.0,dynamic_1_5_p6_h1_3_6_12,dynamic:1.5,True,True,highs
milp_h6,21,138.00681451603043,409.90306417986017,271.89624966382974,14,228,0.9976362208173164,7.340263799909735,25.487027083019914,21.48615634370833,6,1.0,dynamic_1_5_p6_h1_3_6_12,dynamic:1.5,True,True,highs
milp_h6,22,92.09603635386941,272.6340888505569,180.5380524966875,18,228,0.9977326924989388,6.272486299480079,21.779466317639162,-24.424621818452692,6,1.0,dynamic_1_5_p6_h1_3_6_12,dynamic:1.5,True,True,highs
milp_h6,23,110.53203355837766,327.8801599778058,217.34812641942816,17,231,0.8763730381723903,5.902263999887509,20.49397222183163,-5.988624613944438,6,1.0,dynamic_1_5_p6_h1_3_6_12,dynamic:1.5,True,True,highs
milp_h6,24,116.9932729196419,347.1850347810615,230.19176186141962,12,231,0.9980528184855307,6.064436500048032,21.057071180722332,0.47261474731979547,6,1.0,dynamic_1_5_p6_h1_3_6_12,dynamic:1.5,True,True,highs
milp_h6,25,162.82779937316468,483.7935432490417,320.965743875877,12,236,0.767498168291923,5.954246200242778,20.674465973065203,46.30714120084258,6,1.0,dynamic_1_5_p6_h1_3_6_12,dynamic:1.5,True,True,highs
milp_h6,26,120.77854606923563,358.6633139749239,237.88476790568825,13,204,0.9987280901943496,7.182279500149889,24.93847048663156,4.25788789691353,6,1.0,dynamic_1_5_p6_h1_3_6_12,dynamic:1.5,True,True,highs
milp_h6,27,77.76175395674875,230.92182570723065,153.1600717504819,18,244,0.9983217529756172,6.088490199850639,21.14059097170361,-38.75890421557335,6,1.0,dynamic_1_5_p6_h1_3_6_12,dynamic:1.5,True,True,highs
milp_h6,28,134.42471805859276,399.2213018298533,264.79658377126054,14,244,0.8955834197941385,6.641591200081166,23.061080555837382,17.90405988627066,6,1.0,dynamic_1_5_p6_h1_3_6_12,dynamic:1.5,True,True,highs
milp_h6,29,123.55812539415638,366.95954162444866,243.40141623029228,9,236,0.9986838893977783,6.152421199833043,21.3625736105314,7.037467221834277,6,1.0,dynamic_1_5_p6_h1_3_6_12,dynamic:1.5,True,True,highs
milp_h12,0,116.45287853878594,345.5878639273192,229.13498538853324,15,215,0.7420446457171734,9.48634740000125,32.938706250004344,-0.06777963353616201,6,1.0,dynamic_1_5_p6_h1_3_6_12,dynamic:1.5,True,True,highs
milp_h12,1,113.11988832993333,335.61179848412337,222.49191015419004,13,216,0.997920568814376,13.666212099982658,47.45212534716201,-3.400769842388769,6,1.0,dynamic_1_5_p6_h1_3_6_12,dynamic:1.5,True,True,highs
milp_h12,2,109.19417729516593,324.15427677124904,214.96009947608312,15,223,0.9979461700834621,8.951435699942522,31.081373958133756,-7.326480877156172,6,1.0,dynamic_1_5_p6_h1_3_6_12,dynamic:1.5,True,True,highs
milp_h12,3,116.04679772004741,344.5460992547446,228.4993015346972,16,214,0.9979880098562001,10.291610599990236,35.73475902774388,-0.47386045227469253,6,1.0,dynamic_1_5_p6_h1_3_6_12,dynamic:1.5,True,True,highs
milp_h12,4,124.40285756844753,369.46173787302246,245.05888030457493,13,224,0.998282128830435,9.504352999676485,33.001225693321125,7.882199396125429,6,1.0,dynamic_1_5_p6_h1_3_6_12,dynamic:1.5,True,True,highs
milp_h12,5,108.86387048926642,322.8580511535021,213.9941806642357,16,235,0.8969298149063083,9.50421839984483,33.000758332794554,-7.656787683055683,6,1.0,dynamic_1_5_p6_h1_3_6_12,dynamic:1.5,True,True,highs
milp_h12,6,119.08152878021642,353.5868520072548,234.50532322703836,10,266,0.9990479237389844,9.750702099961927,33.85660451375669,2.5608706078943158,6,1.0,dynamic_1_5_p6_h1_3_6_12,dynamic:1.5,True,True,highs
milp_h12,7,89.70856054753992,265.7792533352205,176.0706927876806,16,208,0.9975551637809609,10.458095700305421,36.31283229272716,-26.812097624782183,6,1.0,dynamic_1_5_p6_h1_3_6_12,dynamic:1.5,True,True,highs
milp_h12,8,106.41211107793563,315.4402616357715,209.02815055783586,16,227,0.9979755938051283,10.114052500139223,35.118237847705636,-10.108547094386466,6,1.0,dynamic_1_5_p6_h1_3_6_12,dynamic:1.5,True,True,highs
milp_h12,9,136.0054820349273,404.1107017841554,268.1052197492281,16,248,0.8043641933003784,15.94730029994389,55.372570485916285,19.484823862605197,6,1.0,dynamic_1_5_p6_h1_3_6_12,dynamic:1.5,True,True,highs
milp_h12,10,151.4349368031257,450.076895148221,298.6419583450953,16,219,0.8669682889576655,8.934640900028171,31.02305868065337,34.91427863080361,6,1.0,dynamic_1_5_p6_h1_3_6_12,dynamic:1.5,True,True,highs
milp_h12,11,116.69167083661006,346.17373361496374,229.48206277835368,15,196,0.9376267408570287,9.301644999854034,32.2973784717154,0.17101266428795725,6,1.0,dynamic_1_5_p6_h1_3_6_12,dynamic:1.5,True,True,highs
milp_h12,12,116.8654207906481,347.32108509904504,230.45566430839693,16,231,0.793207225429197,10.549652200279525,36.63073680652613,0.3447626183260013,6,1.0,dynamic_1_5_p6_h1_3_6_12,dynamic:1.5,True,True,highs
milp_h12,13,115.94841213094938,344.1066214468422,228.15820931589283,12,213,0.8939957730432311,11.165729900298174,38.76989548714644,-0.572246041372722,6,1.0,dynamic_1_5_p6_h1_3_6_12,dynamic:1.5,True,True,highs
milp_h12,14,121.12777560865888,359.65437544462685,238.52659983596797,13,240,0.8812614250697314,8.860104900057195,30.764253125198593,4.607117436336779,6,1.0,dynamic_1_5_p6_h1_3_6_12,dynamic:1.5,True,True,highs
milp_h12,15,111.00551715663337,330.2098379024035,219.2043207457701,20,207,0.9579333772369932,9.039556200179504,31.387347917289944,-5.515141015688727,6,1.0,dynamic_1_5_p6_h1_3_6_12,dynamic:1.5,True,True,highs
milp_h12,16,122.42855479649339,363.64332180170965,241.21476700521626,14,219,0.99730093874492,9.762439500133041,33.897359375461946,5.907896624171286,6,1.0,dynamic_1_5_p6_h1_3_6_12,dynamic:1.5,True,True,highs
milp_h12,17,134.0420281325783,398.43503414861175,264.39300601603344,15,223,0.935173192463985,8.626343100011582,29.952580208373547,17.52136996025621,6,1.0,dynamic_1_5_p6_h1_3_6_12,dynamic:1.5,True,True,highs
milp_h12,18,78.93179676369843,234.45882317227776,155.52702640857933,16,224,0.8446530061804829,9.41983049979899,32.70774479096872,-37.58886140862367,6,1.0,dynamic_1_5_p6_h1_3_6_12,dynamic:1.5,True,True,highs
milp_h12,19,119.62177692022942,355.06598101257305,235.44420409234363,13,191,0.8753687542525913,8.77980189959635,30.485423262487327,3.1011187479073214,6,1.0,dynamic_1_5_p6_h1_3_6_12,dynamic:1.5,True,True,highs
milp_h12,20,89.84807620014573,266.4230175721874,176.57494137204168,15,230,0.9982894026804585,8.895676300191553,30.887764931220673,-26.672581972176374,6,1.0,dynamic_1_5_p6_h1_3_6_12,dynamic:1.5,True,True,highs
milp_h12,21,138.04243121421888,409.9793489253194,271.93691771110053,13,230,0.7694478730989923,10.773646100162296,37.4084934033413,21.52177304189678,6,1.0,dynamic_1_5_p6_h1_3_6_12,dynamic:1.5,True,True,highs
milp_h12,22,92.78177501598313,274.67791996521265,181.89614494922952,13,233,0.9965080103687042,9.03294169990113,31.36438090243448,-23.73888315633897,6,1.0,dynamic_1_5_p6_h1_3_6_12,dynamic:1.5,True,True,highs
milp_h12,23,110.5320335583776,327.88015997780576,217.34812641942816,18,229,0.9066729455169883,9.055501899973024,31.44271493046189,-5.988624613944495,6,1.0,dynamic_1_5_p6_h1_3_6_12,dynamic:1.5,True,True,highs
milp_h12,24,117.75717869663612,349.4767521120442,231.7195734154081,14,230,0.9184393998018324,12.189204900059849,42.32362812520781,1.2365205243140167,6,1.0,dynamic_1_5_p6_h1_3_6_12,dynamic:1.5,True,True,highs
milp_h12,25,162.73894708046333,483.5385804554848,320.7996333750215,17,231,0.9980968185550438,8.875502699811477,30.81771770767874,46.21828890814123,6,1.0,dynamic_1_5_p6_h1_3_6_12,dynamic:1.5,True,True,highs
milp_h12,26,120.75652927642568,358.6633139749239,237.9067846984982,13,203,0.915302682184149,10.582902100140927,36.74618784771155,4.23587110410358,6,1.0,dynamic_1_5_p6_h1_3_6_12,dynamic:1.5,True,True,highs
milp_h12,27,77.76175395674878,230.92182570723068,153.1600717504819,20,243,0.998546629653476,9.127930499817012,31.694203124364623,-38.758904215573324,6,1.0,dynamic_1_5_p6_h1_3_6_12,dynamic:1.5,True,True,highs
milp_h12,28,134.42471805859276,399.2213018298533,264.79658377126054,15,242,0.9501911777531081,9.873982899734983,34.28466284630203,17.90405988627066,6,1.0,dynamic_1_5_p6_h1_3_6_12,dynamic:1.5,True,True,highs
milp_h12,29,123.59025979018,367.0283681511285,243.43810836094852,11,234,0.9987452367150045,9.239859599794727,32.08284583262058,7.069601617857899,6,1.0,dynamic_1_5_p6_h1_3_6_12,dynamic:1.5,True,True,highs
equal_share,0,89.883520754508,269.650562263524,179.76704150901602,19,211,0.47239527559058797,0.002793299936456606,0.009698958112696547,-26.637137417814102,6,1.0,dynamic_1_5_p6_h1_3_6_12,dynamic:1.5,True,True,highs
equal_share,1,89.9130792071393,269.739237621418,179.8261584142787,19,210,0.9240221560737132,0.002855900180293247,0.009916320070462663,-26.607578965182796,6,1.0,dynamic_1_5_p6_h1_3_6_12,dynamic:1.5,True,True,highs
equal_share,2,90.94819232561142,272.8445769768342,181.8963846512228,15,223,0.9968673428093261,0.0027898002590518445,0.009686806455041127,-25.572465846710685,6,1.0,dynamic_1_5_p6_h1_3_6_12,dynamic:1.5,True,True,highs
equal_share,3,100.89665668296232,302.689970048887,201.7933133659247,19,211,0.8872156023162154,0.0028515995654743165,0.009901387380119154,-15.624001489359785,6,1.0,dynamic_1_5_p6_h1_3_6_12,dynamic:1.5,True,True,highs
equal_share,4,83.39190105255057,250.17570315765167,166.7838021051011,8,228,0.9972995497434946,0.0029058001819066703,0.010089583964953717,-33.128757119771535,6,1.0,dynamic_1_5_p6_h1_3_6_12,dynamic:1.5,True,True,highs
equal_share,5,83.63904617476484,250.91713852429456,167.27809234952971,12,239,0.7289236974547028,0.002939999831141904,0.0102083327470205,-32.88161199755726,6,1.0,dynamic_1_5_p6_h1_3_6_12,dynamic:1.5,True,True,highs
equal_share,6,75.30934680232363,225.9280404069709,150.61869360464726,6,270,0.9933597209196346,0.002822800277499482,0.009801389852428757,-41.21131136999847,6,1.0,dynamic_1_5_p6_h1_3_6_12,dynamic:1.5,True,True,highs
equal_share,7,68.87768289561643,206.6330486868493,137.75536579123286,18,206,0.900275997239176,0.0027705000538844615,0.009619791853765491,-47.64297527670567,6,1.0,dynamic_1_5_p6_h1_3_6_12,dynamic:1.5,True,True,highs
equal_share,8,90.06665491152046,270.19996473456143,180.13330982304097,15,228,0.997682670197846,0.002863799687474966,0.009943748914843632,-26.45400326080164,6,1.0,dynamic_1_5_p6_h1_3_6_12,dynamic:1.5,True,True,highs
equal_share,9,104.0159412626611,312.04782378798325,208.03188252532215,17,247,0.8298865514320928,0.002990500215673819,0.010383681304422984,-12.504716909661,6,1.0,dynamic_1_5_p6_h1_3_6_12,dynamic:1.5,True,True,highs
equal_share,10,94.41144125575809,283.23432376727425,188.82288251151616,12,223,0.6839349494818774,0.003148200368741527,0.010931251280352525,-22.10921691656401,6,1.0,dynamic_1_5_p6_h1_3_6_12,dynamic:1.5,True,True,highs
equal_share,11,80.27115551848513,240.81346655545542,160.5423110369703,10,201,0.7414838379050295,0.0028460996400099248,0.009882290416701127,-36.24950265383697,6,1.0,dynamic_1_5_p6_h1_3_6_12,dynamic:1.5,True,True,highs
equal_share,12,104.30757322241834,312.92271966725497,208.61514644483663,16,231,0.8162461790737547,0.0030751999584026635,0.010677777633342581,-12.21308494990376,6,1.0,dynamic_1_5_p6_h1_3_6_12,dynamic:1.5,True,True,highs
equal_share,13,94.02694130284829,282.0808239085449,188.05388260569663,12,213,0.665142169231352,0.003070899983868003,0.010662847166208344,-22.493716869473815,6,1.0,dynamic_1_5_p6_h1_3_6_12,dynamic:1.5,True,True,highs
equal_share,14,91.51890986588066,274.55672959764195,183.0378197317613,9,244,0.9977500592226989,0.0028927998791914433,0.01004444402497029,-25.001748306441442,6,1.0,dynamic_1_5_p6_h1_3_6_12,dynamic:1.5,True,True,highs
equal_share,15,56.80779223248064,170.42337669744188,113.61558446496124,7,220,0.9931384947049453,0.003094599727774039,0.010745137943659857,-59.712865939841464,6,1.0,dynamic_1_5_p6_h1_3_6_12,dynamic:1.5,True,True,highs
equal_share,16,91.47910091988658,274.43730275965976,182.95820183977318,14,218,0.8957565309865806,0.002777799585601315,0.009645137450004566,-25.041557252435524,6,1.0,dynamic_1_5_p6_h1_3_6_12,dynamic:1.5,True,True,highs
equal_share,17,98.16548987405821,294.49646962217463,196.33097974811642,10,228,0.8964236815303417,0.0028169995930511504,0.009781248586983161,-18.35516829826389,6,1.0,dynamic_1_5_p6_h1_3_6_12,dynamic:1.5,True,True,highs
equal_share,18,54.14703854387814,162.4411156316344,108.29407708775626,11,229,0.8690877766611955,0.0028612998430617154,0.009935068899519846,-62.37361962844396,6,1.0,dynamic_1_5_p6_h1_3_6_12,dynamic:1.5,True,True,highs
equal_share,19,106.12996993836109,318.3899098150832,212.2599398767221,16,188,0.8069381870592136,0.002827100019203499,0.00981631951112326,-10.390688233961015,6,1.0,dynamic_1_5_p6_h1_3_6_12,dynamic:1.5,True,True,highs
equal_share,20,81.0389578798665,243.11687363959953,162.07791575973303,17,228,0.8763727610437968,0.002728599909460172,0.009474305241181154,-35.4817002924556,6,1.0,dynamic_1_5_p6_h1_3_6_12,dynamic:1.5,True,True,highs
equal_share,21,109.57323230289953,328.7196969086985,219.14646460579897,18,224,0.863058266183899,0.0029738002631347626,0.010325695358106814,-6.947425869422574,6,1.0,dynamic_1_5_p6_h1_3_6_12,dynamic:1.5,True,True,highs
equal_share,22,55.066902017691035,165.20070605307308,110.13380403538204,11,235,0.9969006041665981,0.0028123999072704464,0.00976527745580016,-61.453756154631066,6,1.0,dynamic_1_5_p6_h1_3_6_12,dynamic:1.5,True,True,highs
equal_share,23,66.44959365287141,199.3487809586142,132.8991873057428,9,238,0.8492869738762175,0.002945200103567913,0.010226389248499699,-50.07106451945069,6,1.0,dynamic_1_5_p6_h1_3_6_12,dynamic:1.5,True,True,highs
equal_share,24,97.5043265521835,292.51297965655056,195.00865310436706,20,223,0.8492621679727926,0.0027761000383179635,0.009639236244159596,-19.0163316201386,6,1.0,dynamic_1_5_p6_h1_3_6_12,dynamic:1.5,True,True,highs
equal_share,25,105.15678667383526,315.47036002150577,210.3135733476705,7,241,0.9970874256858044,0.002885700232582167,0.010019792474243635,-11.363871498486844,6,1.0,dynamic_1_5_p6_h1_3_6_12,dynamic:1.5,True,True,highs
equal_share,26,59.06041717293961,177.18125151881884,118.12083434587923,7,209,0.9929623231533972,0.0028198999352753162,0.00979131921970596,-57.46024099938249,6,1.0,dynamic_1_5_p6_h1_3_6_12,dynamic:1.5,True,True,highs
equal_share,27,55.14857675873057,165.4457302761917,110.29715351746114,17,245,0.8942395017207712,0.0028299998375587165,0.009826388324856654,-61.37208141359153,6,1.0,dynamic_1_5_p6_h1_3_6_12,dynamic:1.5,True,True,highs
equal_share,28,96.58220630603378,289.74661891810143,193.16441261206765,10,247,0.9719802276266827,0.002864500100258738,0.009946180903676173,-19.938451866288318,6,1.0,dynamic_1_5_p6_h1_3_6_12,dynamic:1.5,True,True,highs
equal_share,29,103.23813692571088,309.71441077713257,206.4762738514217,19,225,0.995895875882578,0.0028769999917130917,0.009989583304559346,-13.282521246611225,6,1.0,dynamic_1_5_p6_h1_3_6_12,dynamic:1.5,True,True,highs
max_charge,0,115.06846913894017,345.2054074168205,230.13693827788032,27,203,0.6793857851814975,0.0011574997624848038,0.00401909639751668,-1.4521890333819272,6,1.0,dynamic_1_5_p6_h1_3_6_12,dynamic:1.5,True,True,highs
max_charge,1,111.59044244885442,334.7713273465633,223.18088489770886,25,204,0.937884020538042,0.0011192000238224864,0.003886111193828078,-4.930215723467683,6,1.0,dynamic_1_5_p6_h1_3_6_12,dynamic:1.5,True,True,highs
max_charge,2,108.05145946542419,324.1543783962726,216.1029189308484,18,220,0.997653273212586,0.0011743000359274447,0.004077430680303628,-8.469198706897913,6,1.0,dynamic_1_5_p6_h1_3_6_12,dynamic:1.5,True,True,highs
max_charge,3,114.51591070195039,343.54773210585114,229.03182140390075,23,207,0.8872156023162154,0.0012248996645212173,0.004253123835143115,-2.0047474703717114,6,1.0,dynamic_1_5_p6_h1_3_6_12,dynamic:1.5,True,True,highs
max_charge,4,122.80294008255004,368.4088202476501,245.60588016510007,18,218,0.9960543472322695,0.001178799953777343,0.004093055395060219,6.282281910227937,6,1.0,dynamic_1_5_p6_h1_3_6_12,dynamic:1.5,True,True,highs
max_charge,5,107.22419859170913,321.6725957751274,214.44839718341825,16,235,0.7793579642651576,0.0010798000439535826,0.003749305708172162,-9.296459580612975,6,1.0,dynamic_1_5_p6_h1_3_6_12,dynamic:1.5,True,True,highs
max_charge,6,117.86232078075406,353.5869623422622,235.72464156150815,17,259,0.9969510615758187,0.001117299951147288,0.003879513719261417,1.3416626084319603,6,1.0,dynamic_1_5_p6_h1_3_6_12,dynamic:1.5,True,True,highs
max_charge,7,88.24040466646352,264.72121399939056,176.48080933292704,28,196,0.9250619163612622,0.001107600110117346,0.0038458337156852293,-28.28025350585858,6,1.0,dynamic_1_5_p6_h1_3_6_12,dynamic:1.5,True,True,highs
max_charge,8,105.02209171950813,315.06627515852443,210.0441834390163,22,221,0.9348185469870951,0.0016444000939372927,0.005709722548393377,-11.498566452813975,6,1.0,dynamic_1_5_p6_h1_3_6_12,dynamic:1.5,True,True,highs
max_charge,9,134.26168319483594,402.7850495845079,268.52336638967193,25,239,0.8679675299143553,0.0011258000158704817,0.003909027832883617,17.74102502251384,6,1.0,dynamic_1_5_p6_h1_3_6_12,dynamic:1.5,True,True,highs
max_charge,10,149.89517891804377,449.68553675413125,299.7903578360875,21,214,0.8193242502421872,0.0011488001036923379,0.003988889248931728,33.37452074572167,6,1.0,dynamic_1_5_p6_h1_3_6_12,dynamic:1.5,True,True,highs
max_charge,11,115.39128077924249,346.1738423377275,230.78256155848499,20,191,0.9255589421781848,0.0011122998839709908,0.0038621523748992737,-1.1293773930796078,6,1.0,dynamic_1_5_p6_h1_3_6_12,dynamic:1.5,True,True,highs
max_charge,12,115.66614529192447,346.9984358757734,231.33229058384893,18,229,0.8526564386110251,0.00109039997914806,0.003786111038708542,-0.8545128803976354,6,1.0,dynamic_1_5_p6_h1_3_6_12,dynamic:1.5,True,True,highs
max_charge,13,114.35401459534961,343.06204378604883,228.70802919069922,20,205,0.6152733474573994,0.00109919992974028,0.0038166664227093053,-2.16664357697249,6,1.0,dynamic_1_5_p6_h1_3_6_12,dynamic:1.5,True,True,highs
max_charge,14,119.5374998450279,358.6124995350837,239.07499969005582,16,237,0.9028865100303556,0.0011405997793190181,0.003960415900413257,3.0168416727057945,6,1.0,dynamic_1_5_p6_h1_3_6_12,dynamic:1.5,True,True,highs
max_charge,15,109.75106191386777,329.2531857416033,219.50212382773555,20,207,0.996475033305462,0.0011416999623179436,0.003964235980270637,-6.769596258454328,6,1.0,dynamic_1_5_p6_h1_3_6_12,dynamic:1.5,True,True,highs
max_charge,16,120.76477848390735,362.2943354517221,241.52955696781473,17,215,0.8818620503607922,0.0011168000928591937,0.0038777781002055337,4.244120311585249,6,1.0,dynamic_1_5_p6_h1_3_6_12,dynamic:1.5,True,True,highs
max_charge,17,132.81171989838282,398.4351596951484,265.6234397967656,18,220,0.9257087726860759,0.0011139996640849859,0.0038680543891839786,16.29106172606072,6,1.0,dynamic_1_5_p6_h1_3_6_12,dynamic:1.5,True,True,highs
max_charge,18,78.00872394939265,234.02617184817788,156.01744789878524,20,220,0.8980431635606939,0.001270100096007809,0.0044100697778048925,-38.511934222929455,6,1.0,dynamic_1_5_p6_h1_3_6_12,dynamic:1.5,True,True,highs
max_charge,19,118.23809349536893,354.7142804861068,236.4761869907379,18,186,0.8262705542205481,0.001132799923652783,0.00393333306823883,1.7174353230468284,6,1.0,dynamic_1_5_p6_h1_3_6_12,dynamic:1.5,True,True,highs
max_charge,20,88.516980625689,265.55094187706703,177.03396125137803,19,226,0.9008868673694345,0.0011770999117288738,0.004087152471280812,-28.0036775466331,6,1.0,dynamic_1_5_p6_h1_3_6_12,dynamic:1.5,True,True,highs
max_charge,21,136.19213282465932,408.576398473978,272.38426564931865,25,218,0.8688335128930876,0.0011000999948009849,0.003819791648614531,19.671474652337224,6,1.0,dynamic_1_5_p6_h1_3_6_12,dynamic:1.5,True,True,highs
max_charge,22,91.14438577691712,273.4331573307514,182.28877155383427,20,226,0.9966900351945464,0.0011387000849936157,0.003953819739561166,-25.376272395404982,6,1.0,dynamic_1_5_p6_h1_3_6_12,dynamic:1.5,True,True,highs
max_charge,23,108.83463734587033,326.503912037611,217.66927469174064,19,229,0.9058810113123421,0.0011235000856686383,0.0039010419641272165,-7.686020826451767,6,1.0,dynamic_1_5_p6_h1_3_6_12,dynamic:1.5,True,True,highs
max_charge,24,116.2465507239103,348.73965217173094,232.49310144782064,24,219,0.8620215009395036,0.0011959998519159853,0.004152777263597172,-0.27410744841179735,6,1.0,dynamic_1_5_p6_h1_3_6_12,dynamic:1.5,True,True,highs
max_charge,25,160.8963560879231,482.6890682637691,321.792712175846,14,234,0.9989613394224574,0.001140499982284382,0.003960069382931882,44.375697915600995,6,1.0,dynamic_1_5_p6_h1_3_6_12,dynamic:1.5,True,True,highs
max_charge,26,119.29024722576136,357.8707416772842,238.5804944515228,21,195,0.9976059685783607,0.0011397001799196005,0.003957292291387502,2.7695890534392618,6,1.0,dynamic_1_5_p6_h1_3_6_12,dynamic:1.5,True,True,highs
max_charge,27,76.60921587546667,229.82764762639997,153.2184317509333,24,238,0.855508679946329,0.0011269001697655767,0.003912847811686031,-39.91144229685543,6,1.0,dynamic_1_5_p6_h1_3_6_12,dynamic:1.5,True,True,highs
max_charge,28,133.07380901972454,399.22142705917355,266.147618039449,23,234,0.899826019269114,0.001093800092348829,0.0037979169873223226,16.553150847402435,6,1.0,dynamic_1_5_p6_h1_3_6_12,dynamic:1.5,True,True,highs
max_charge,29,122.06304154396057,366.18912463188167,244.1260830879211,24,220,0.997025777503453,0.001135500060627237,0.003942708543844573,5.542383371638465,6,1.0,dynamic_1_5_p6_h1_3_6_12,dynamic:1.5,True,True,highs
random,0,106.03989462208739,318.11968386626216,212.07978924417478,16,214,0.7880842132382497,0.010758400312624872,0.03735555664105858,-10.480763550234713,6,1.0,dynamic_1_5_p6_h1_3_6_12,dynamic:1.5,True,True,highs
random,1,101.83145558733759,305.49436676201276,203.66291117467517,23,206,0.8855886189259965,0.010969200026011094,0.0380875000903163,-14.689202584984514,6,1.0,dynamic_1_5_p6_h1_3_6_12,dynamic:1.5,True,True,highs
random,2,98.44079398900573,295.32238196701724,196.8815879780115,21,217,0.8978772836237309,0.010686399939004332,0.03710555534376504,-18.079864183316374,6,1.0,dynamic_1_5_p6_h1_3_6_12,dynamic:1.5,True,True,highs
random,3,104.3711775416538,313.1135326249613,208.7423550833075,18,212,0.806364429391967,0.01054600000497885,0.03661805557284323,-12.149480630668307,6,1.0,dynamic_1_5_p6_h1_3_6_12,dynamic:1.5,True,True,highs
random,4,113.16585877695326,339.4975763308597,226.33171755390646,13,223,0.9981599133732412,0.011152499908348545,0.03872395801509912,-3.3547993953688433,6,1.0,dynamic_1_5_p6_h1_3_6_12,dynamic:1.5,True,True,highs
random,5,99.11145131497571,297.33435394492705,198.22290262995134,21,231,0.8688070120090714,0.010607099742628634,0.03683020743968276,-17.40920685734639,6,1.0,dynamic_1_5_p6_h1_3_6_12,dynamic:1.5,True,True,highs
random,6,107.82970906888573,323.48912720665714,215.6594181377714,17,259,0.9977133012325274,0.010593099927064031,0.03678159696897233,-8.690949103436367,6,1.0,dynamic_1_5_p6_h1_3_6_12,dynamic:1.5,True,True,highs
random,7,81.57250523608005,244.7175157082402,163.14501047216015,20,204,0.8336833100626214,0.010954200552077964,0.03803541858360404,-34.94815293624205,6,1.0,dynamic_1_5_p6_h1_3_6_12,dynamic:1.5,True,True,highs
random,8,97.38442135364409,292.1532640609323,194.76884270728823,17,226,0.9970029220740679,0.010852500243345276,0.03768229251161554,-19.136236818678015,6,1.0,dynamic_1_5_p6_h1_3_6_12,dynamic:1.5,True,True,highs
random,9,124.90966431129308,374.7289929338792,249.81932862258614,24,241,0.8254615646974995,0.011230899894144386,0.03899618018800134,8.389006138970984,6,1.0,dynamic_1_5_p6_h1_3_6_12,dynamic:1.5,True,True,highs
random,10,136.80032112714292,410.40096338142877,273.60064225428584,20,215,0.9469812144809219,0.011202599882381037,0.03889791625826749,20.27966295482082,6,1.0,dynamic_1_5_p6_h1_3_6_12,dynamic:1.5,True,True,highs
random,11,107.46405983380217,322.3921795014065,214.9281196676043,24,187,0.7742465159238227,0.010619500244501978,0.03687326473785409,-9.056598338519933,6,1.0,dynamic_1_5_p6_h1_3_6_12,dynamic:1.5,True,True,highs
random,12,106.15116313455789,318.45348940367376,212.30232626911587,19,228,0.7369737428932377,0.010831100167706609,0.03760798669342572,-10.36949503776421,6,1.0,dynamic_1_5_p6_h1_3_6_12,dynamic:1.5,True,True,highs
random,13,103.33396379745068,310.001891392352,206.6679275949013,17,208,0.7857028726990317,0.01130879929405637,0.03926666421547351,-13.186694374871422,6,1.0,dynamic_1_5_p6_h1_3_6_12,dynamic:1.5,True,True,highs
random,14,110.17334429406918,330.52003288220754,220.34668858813836,11,242,0.9092216684760791,0.011066800216212869,0.038426389639628016,-6.347313878252919,6,1.0,dynamic_1_5_p6_h1_3_6_12,dynamic:1.5,True,True,highs
random,15,100.49298000450696,301.47894001352086,200.9859600090139,17,210,0.9973461816462591,0.0108788997749798,0.037773957552013196,-16.02767816781514,6,1.0,dynamic_1_5_p6_h1_3_6_12,dynamic:1.5,True,True,highs
random,16,110.1653967937514,330.4961903812542,220.33079358750282,17,215,0.9407168832305063,0.0112185999751091,0.03895347213579549,-6.355261378570702,6,1.0,dynamic_1_5_p6_h1_3_6_12,dynamic:1.5,True,True,highs
random,17,120.67634669801055,362.02904009403164,241.3526933960211,18,220,0.822809955429193,0.01070689968764782,0.03717673502655493,4.155688525688447,6,1.0,dynamic_1_5_p6_h1_3_6_12,dynamic:1.5,True,True,highs
random,18,71.345505812136,214.036517436408,142.691011624272,20,221,0.892963399775689,0.010950899857562035,0.03802395783875707,-45.175152360186104,6,1.0,dynamic_1_5_p6_h1_3_6_12,dynamic:1.5,True,True,highs
random,19,109.28567997931899,327.857039937957,218.571359958638,15,189,0.8694078661597701,0.010755599825643003,0.037345832727927096,-7.234978193003116,6,1.0,dynamic_1_5_p6_h1_3_6_12,dynamic:1.5,True,True,highs
random,20,81.72032644433858,245.16097933301572,163.44065288867714,17,228,0.8711404126679086,0.010932100034551695,0.03795868067552672,-34.80033172798352,6,1.0,dynamic_1_5_p6_h1_3_6_12,dynamic:1.5,True,True,highs
random,21,125.93562000778448,377.80686002335347,251.871240015569,19,223,0.9978341658696367,0.010556100023677573,0.03665312508221379,9.414961835462378,6,1.0,dynamic_1_5_p6_h1_3_6_12,dynamic:1.5,True,True,highs
random,22,84.88068162392068,254.642044871762,169.76136324784133,20,226,0.9981644176157219,0.010547100013354793,0.03662187504637081,-31.63997654840142,6,1.0,dynamic_1_5_p6_h1_3_6_12,dynamic:1.5,True,True,highs
random,23,100.45947728216086,301.37843184648256,200.9189545643217,20,228,0.9133295647744661,0.010934800084214658,0.03796805584796756,-16.06118089016124,6,1.0,dynamic_1_5_p6_h1_3_6_12,dynamic:1.5,True,True,highs
random,24,105.94379062509194,317.83137187527575,211.8875812501838,21,222,0.9162924594123376,0.010986700159264728,0.03814826444189142,-10.576867547230165,6,1.0,dynamic_1_5_p6_h1_3_6_12,dynamic:1.5,True,True,highs
random,25,148.49183017217325,445.47549051651976,296.9836603443465,16,232,0.99940515759073,0.01090609998209402,0.03786840271560424,31.97117199985115,6,1.0,dynamic_1_5_p6_h1_3_6_12,dynamic:1.5,True,True,highs
random,26,107.23317376207027,321.6995212862107,214.46634752414045,18,198,0.999215122935251,0.010902300011366606,0.037855208372800715,-9.287484410251835,6,1.0,dynamic_1_5_p6_h1_3_6_12,dynamic:1.5,True,True,highs
random,27,69.91618026784153,209.74854080352458,139.83236053568305,23,240,0.9879649380665034,0.010854100255528465,0.037687848109473836,-46.604477904480575,6,1.0,dynamic_1_5_p6_h1_3_6_12,dynamic:1.5,True,True,highs
random,28,120.88837792498879,362.6651337749664,241.77675584997763,19,238,0.9858391801770665,0.011821300140582025,0.04104618104368759,4.367719752666687,6,1.0,dynamic_1_5_p6_h1_3_6_12,dynamic:1.5,True,True,highs
random,29,112.28392511004603,336.85177533013814,224.5678502200921,17,227,0.8549976523181574,0.010949400078970939,0.03801875027420465,-4.236733062276073,6,1.0,dynamic_1_5_p6_h1_3_6_12,dynamic:1.5,True,True,highs
milp_h1,0,228.7250139555971,682.4861949063944,453.7611809507973,27,197,0.7614741961393285,3.925991299765883,13.631914235298204,-0.692573791093281,12,1.0,dynamic_1_5_p12_h1_3_6_12,dynamic:1.5,True,True,highs
milp_h1,1,223.40127816817943,666.4835269334095,443.0822487652301,23,200,0.9343648261965195,4.075264599843649,14.15022430501267,-6.016309578510942,12,1.0,dynamic_1_5_p12_h1_3_6_12,dynamic:1.5,True,True,highs
milp_h1,2,213.60387513894273,637.3833182790918,423.77944314014906,23,209,0.8466661931196366,4.027219000126934,13.983399305996297,-15.813712607747647,12,1.0,dynamic_1_5_p12_h1_3_6_12,dynamic:1.5,True,True,highs
milp_h1,3,229.5864487709502,685.1649982633093,455.57854949235906,24,200,0.8540206487927201,4.128165500063915,14.333907986333038,0.16886102425982585,12,1.0,dynamic_1_5_p12_h1_3_6_12,dynamic:1.5,True,True,highs
milp_h1,4,244.24741060112626,729.0501551750372,484.8027445739109,22,208,0.9768260191803735,3.949190999905113,13.712468749670531,14.82982285443589,12,1.0,dynamic_1_5_p12_h1_3_6_12,dynamic:1.5,True,True,highs
milp_h1,5,213.73036307045805,637.5120854256743,423.78172235521623,31,214,0.8397502273736426,3.901282100181561,13.546118403408197,-15.687224676232319,12,1.0,dynamic_1_5_p12_h1_3_6_12,dynamic:1.5,True,True,highs
milp_h1,6,233.58610758359686,697.1005311826317,463.51442359903484,28,242,0.9394916378367747,3.92957299988484,13.644350694044583,4.1685198369064835,12,1.0,dynamic_1_5_p12_h1_3_6_12,dynamic:1.5,True,True,highs
milp_h1,7,176.09523805558098,524.9638931524369,348.8686550968559,27,191,0.8289741770584006,4.013297799858265,13.93506180506342,-53.322349691109395,12,1.0,dynamic_1_5_p12_h1_3_6_12,dynamic:1.5,True,True,highs
milp_h1,8,209.53609257005883,624.8675767862163,415.3314842161575,25,212,0.8331616860775617,3.952157099993201,13.722767708309725,-19.881495176631546,12,1.0,dynamic_1_5_p12_h1_3_6_12,dynamic:1.5,True,True,highs
milp_h1,9,267.77250860611446,799.4688651089097,531.6963565027952,27,231,0.7941206576722386,4.047879800084047,14.055138194736275,38.354920859424084,12,1.0,dynamic_1_5_p12_h1_3_6_12,dynamic:1.5,True,True,highs
milp_h1,10,298.94461200989633,892.6058486607128,593.6612366508165,26,203,0.9478851069752358,4.01654980002786,13.94635347231896,69.52702426320596,12,1.0,dynamic_1_5_p12_h1_3_6_12,dynamic:1.5,True,True,highs
milp_h1,11,230.04071290173312,686.2208036574739,456.18009075574076,21,184,0.9433232740824998,3.9747208000626415,13.801113889106395,0.623125155042743,12,1.0,dynamic_1_5_p12_h1_3_6_12,dynamic:1.5,True,True,highs
milp_h1,12,230.5591834909431,688.4501347560166,457.8909512650735,25,216,0.8414134186524272,3.9751178000005893,13.802492361113158,1.1415957442527258,12,1.0,dynamic_1_5_p12_h1_3_6_12,dynamic:1.5,True,True,highs
milp_h1,13,228.11231034764114,680.6258074249305,452.51349707728934,25,194,0.9065038035133813,4.145822700113058,14.395217708725896,-1.3052773990492312,12,1.0,dynamic_1_5_p12_h1_3_6_12,dynamic:1.5,True,True,highs
milp_h1,14,239.14803526682857,713.7425747452497,474.59453947842115,18,229,0.9975718045201055,3.983647399873007,13.83210902733683,9.730447520138199,12,1.0,dynamic_1_5_p12_h1_3_6_12,dynamic:1.5,True,True,highs
milp_h1,15,219.7766652401109,656.523230668785,436.7465654286741,31,190,0.8756210291356157,3.978615100175375,13.81463576449783,-9.640922506579471,12,1.0,dynamic_1_5_p12_h1_3_6_12,dynamic:1.5,True,True,highs
milp_h1,16,238.76841463658377,712.6628445173856,473.8944298808018,31,196,0.9480941843280247,4.015813499892829,13.943796874627878,9.350826889893398,12,1.0,dynamic_1_5_p12_h1_3_6_12,dynamic:1.5,True,True,highs
milp_h1,17,264.8019091590727,790.7146127598663,525.9127036007936,23,209,0.8879082575266596,4.118636899976991,14.300822569364552,35.38432141238232,12,1.0,dynamic_1_5_p12_h1_3_6_12,dynamic:1.5,True,True,highs
milp_h1,18,155.91930845934024,465.421321034233,309.5020125748928,23,211,0.9369835022187876,3.981827500159852,13.825789931110599,-73.49827928735013,12,1.0,dynamic_1_5_p12_h1_3_6_12,dynamic:1.5,True,True,highs
milp_h1,19,235.739455640377,703.4189600098321,467.67950436945506,24,174,0.9604881590807526,4.019378999975743,13.956177083249107,6.32186789368663,12,1.0,dynamic_1_5_p12_h1_3_6_12,dynamic:1.5,True,True,highs
milp_h1,20,177.02624850700045,527.9804857657875,350.9542372587871,29,210,0.7947219561047644,3.964338100136956,13.765062847697765,-52.39133923968993,12,1.0,dynamic_1_5_p12_h1_3_6_12,dynamic:1.5,True,True,highs
milp_h1,21,272.5875097363729,813.6450861453551,541.0575764089822,32,204,0.7562809008613885,3.9480394998390693,13.708470485552324,43.169921989682535,12,1.0,dynamic_1_5_p12_h1_3_6_12,dynamic:1.5,True,True,highs
milp_h1,22,180.4793651221591,537.8242732868271,357.34490816466797,32,211,0.9568294126270189,4.196220900164917,14.570211458905963,-48.93822262453128,12,1.0,dynamic_1_5_p12_h1_3_6_12,dynamic:1.5,True,True,highs
milp_h1,23,218.09127876432552,650.5578446355642,432.46656587123863,24,217,0.9056301717268597,3.994405099831056,13.869462152191167,-11.32630898236485,12,1.0,dynamic_1_5_p12_h1_3_6_12,dynamic:1.5,True,True,highs
milp_h1,24,230.81225152774743,688.7512845063392,457.93903297859174,25,212,0.8824152393926497,4.014625499781687,13.939671874241968,1.3946637810570621,12,1.0,dynamic_1_5_p12_h1_3_6_12,dynamic:1.5,True,True,highs
milp_h1,25,319.1789544675437,952.9491155675855,633.7701611000418,22,220,0.8817105004001863,3.971103700052481,13.788554514071116,89.76136672085332,12,1.0,dynamic_1_5_p12_h1_3_6_12,dynamic:1.5,True,True,highs
milp_h1,26,237.1273104447297,707.815400076756,470.6880896320263,23,188,0.8739420043173264,4.010737699834863,13.926172568871051,7.7097226980393145,12,1.0,dynamic_1_5_p12_h1_3_6_12,dynamic:1.5,True,True,highs
milp_h1,27,153.52184975537784,458.20207724365713,304.6802274882793,22,234,0.9976344289290565,4.1262670998694375,14.327316318991102,-75.89573799131253,12,1.0,dynamic_1_5_p12_h1_3_6_12,dynamic:1.5,True,True,highs
milp_h1,28,265.4277565539426,792.2303532696343,526.8025967156917,22,229,0.9810485295331177,4.013909700006479,13.937186458355832,36.0101688072522,12,1.0,dynamic_1_5_p12_h1_3_6_12,dynamic:1.5,True,True,highs
milp_h1,29,243.97005596939118,728.1952756227281,484.2252196533369,19,219,0.9975511946995257,4.2152735997515265,14.636366665803912,14.55246822270081,12,1.0,dynamic_1_5_p12_h1_3_6_12,dynamic:1.5,True,True,highs
milp_h3,0,228.64528016826955,682.2470485740375,453.601768405768,30,196,0.8587509272078304,9.247381400171435,32.108963195039706,-0.772307578420822,12,1.0,dynamic_1_5_p12_h1_3_6_12,dynamic:1.5,True,True,highs
milp_h3,1,223.4701494030587,666.6901933009688,443.22004389791005,28,196,0.9313327825770106,8.796066399809206,30.541897221559744,-5.94743834363166,12,1.0,dynamic_1_5_p12_h1_3_6_12,dynamic:1.5,True,True,highs
milp_h3,2,213.60384969022516,637.3832935931341,423.77944390290895,27,207,0.9161202469786037,8.944744000065839,31.058138889117497,-15.813738056465212,12,1.0,dynamic_1_5_p12_h1_3_6_12,dynamic:1.5,True,True,highs
milp_h3,3,229.65298676188047,685.3646663802438,455.7116796183633,30,194,0.9336005464947045,8.152319500164595,28.306664931127063,0.23539901519009732,12,1.0,dynamic_1_5_p12_h1_3_6_12,dynamic:1.5,True,True,highs
milp_h3,4,243.81934224266513,727.7660085653683,483.9466663227032,32,198,0.9859315946960855,7.855320600414416,27.275418751438945,14.401754495974757,12,1.0,dynamic_1_5_p12_h1_3_6_12,dynamic:1.5,True,True,highs
milp_h3,5,213.7303377943843,637.5120606479637,423.7817228535794,27,219,0.7565256360969953,12.120889600075316,42.08642222248373,-15.687249952306075,12,1.0,dynamic_1_5_p12_h1_3_6_12,dynamic:1.5,True,True,highs
milp_h3,6,233.58607956514118,697.1005039744177,463.51442440927656,25,245,0.9767212799392726,9.509131800179603,33.01781875062362,4.1684918184508035,12,1.0,dynamic_1_5_p12_h1_3_6_12,dynamic:1.5,True,True,highs
milp_h3,7,176.00895092201358,524.7050732257171,348.69612230370353,27,191,0.9022500682329065,9.638575000019046,33.467274305621686,-53.40863682467679,12,1.0,dynamic_1_5_p12_h1_3_6_12,dynamic:1.5,True,True,highs
milp_h3,8,209.24461801721566,623.9932035100252,414.7485854928095,28,211,0.9229840252238911,8.682997499854537,30.14929687449492,-20.172969729474715,12,1.0,dynamic_1_5_p12_h1_3_6_12,dynamic:1.5,True,True,highs
milp_h3,9,267.6585770595027,799.1271343495561,531.4685572900534,38,221,0.9220014810331165,9.701921200117795,33.6872263892979,38.24098931281233,12,1.0,dynamic_1_5_p12_h1_3_6_12,dynamic:1.5,True,True,highs
milp_h3,10,298.9445764662498,892.605813689557,593.6612372233071,28,202,0.9986814613461666,8.368701600003988,29.05799166668051,69.52698871955945,12,1.0,dynamic_1_5_p12_h1_3_6_12,dynamic:1.5,True,True,highs
milp_h3,11,230.04068533059205,686.2207766834919,456.1800913528998,39,169,0.9700365710931836,8.316025400039507,28.875088194581622,0.6230975839016821,12,1.0,dynamic_1_5_p12_h1_3_6_12,dynamic:1.5,True,True,highs
milp_h3,12,230.55915603178738,688.4501077338695,457.8909517020821,25,216,0.9299964797783411,9.32553389997338,32.380326041574236,1.1415682850970086,12,1.0,dynamic_1_5_p12_h1_3_6_12,dynamic:1.5,True,True,highs
milp_h3,13,228.1122832801504,680.6257807288538,452.5134974487034,23,196,0.8797254285462898,9.567224900150904,33.21953090330175,-1.3053044665399796,12,1.0,dynamic_1_5_p12_h1_3_6_12,dynamic:1.5,True,True,highs
milp_h3,14,239.20284782223706,713.9344874276161,474.73163960537903,16,231,0.9986694226602238,9.64111799976672,33.47610416585667,9.785260075546688,12,1.0,dynamic_1_5_p12_h1_3_6_12,dynamic:1.5,True,True,highs
milp_h3,15,220.00798524343526,657.2379822326059,437.2299969891706,29,194,0.8713224313681127,5.895080200047232,20.469028472386224,-9.409602503255115,12,1.0,dynamic_1_5_p12_h1_3_6_12,dynamic:1.5,True,True,highs
milp_h3,16,238.76838631722245,712.6628171358581,473.8944308186356,29,199,0.9361305363319902,6.071324000018649,21.080986111175864,9.350798570532078,12,1.0,dynamic_1_5_p12_h1_3_6_12,dynamic:1.5,True,True,highs
milp_h3,17,264.8018774992273,790.7145818574139,525.9127043581866,28,205,0.9244507056343582,5.765253299934557,20.018240624772766,35.384289752536944,12,1.0,dynamic_1_5_p12_h1_3_6_12,dynamic:1.5,True,True,highs
milp_h3,18,155.91928994314685,465.42130279315876,309.5020128500119,27,208,0.9524430540899427,5.441423000156647,18.89382986165502,-73.49829780354352,12,1.0,dynamic_1_5_p12_h1_3_6_12,dynamic:1.5,True,True,highs
milp_h3,19,235.95005408420383,704.0508121018788,468.100758017675,26,172,0.9666364551162829,5.563398199592484,19.317354859696124,6.532466337513455,12,1.0,dynamic_1_5_p12_h1_3_6_12,dynamic:1.5,True,True,highs
milp_h3,20,177.02622750869864,527.9804650775626,350.95423756886396,27,212,0.9626691537947762,5.56179980043089,19.311804862607257,-52.391360237991734,12,1.0,dynamic_1_5_p12_h1_3_6_12,dynamic:1.5,True,True,highs
milp_h3,21,272.6459700209946,813.8357174260467,541.1897474050521,26,212,0.9986047989923171,5.56267179994029,19.314832638681562,43.22838227430421,12,1.0,dynamic_1_5_p12_h1_3_6_12,dynamic:1.5,True,True,highs
milp_h3,22,181.76220966773263,541.6728501845938,359.9106405168612,30,210,0.9157908080769497,6.309828000026755,21.9091250000929,-47.65537807895774,12,1.0,dynamic_1_5_p12_h1_3_6_12,dynamic:1.5,True,True,highs
milp_h3,23,218.13715739052458,650.7230069220161,432.58584953149153,25,219,0.9054625247073861,6.125862500019139,21.27035590284423,-11.280430356165795,12,1.0,dynamic_1_5_p12_h1_3_6_12,dynamic:1.5,True,True,highs
milp_h3,24,230.8122240717737,688.7512577426678,457.9390336708941,22,217,0.9978935848873048,6.363915100111626,22.096927430943147,1.3946363250833258,12,1.0,dynamic_1_5_p12_h1_3_6_12,dynamic:1.5,True,True,highs
milp_h3,25,319.1789166269896,952.9490786700524,633.7701620430628,21,221,0.9991049284525566,6.9453573998762295,24.1158243051258,89.7613288802992,12,1.0,dynamic_1_5_p12_h1_3_6_12,dynamic:1.5,True,True,highs
milp_h3,26,237.12728222208438,707.8153723370355,470.6880901149511,20,192,0.9976436067377193,7.490561800368596,26.008895140168736,7.709694475394002,12,1.0,dynamic_1_5_p12_h1_3_6_12,dynamic:1.5,True,True,highs
milp_h3,27,153.52184975537784,458.20207724365713,304.6802274882793,28,229,0.9983734640225703,5.590456900128629,19.411308681002183,-75.89573799131253,12,1.0,dynamic_1_5_p12_h1_3_6_12,dynamic:1.5,True,True,highs
milp_h3,28,262.5827934729275,783.6955276433753,521.1127341704478,33,218,0.9531565933614327,5.46452079989831,18.974030555202464,33.16520572623713,12,1.0,dynamic_1_5_p12_h1_3_6_12,dynamic:1.5,True,True,highs
milp_h3,29,243.97002702913318,728.1952470542624,484.2252200251292,27,213,0.9796254854206295,6.336535900132731,22.001860764349757,14.552439282442805,12,1.0,dynamic_1_5_p12_h1_3_6_12,dynamic:1.5,True,True,highs
milp_h6,0,228.72498659280149,682.4861682385349,453.7611816457334,25,200,0.8619950503955818,9.26998490007827,32.18744756971622,-0.6926011538888872,12,1.0,dynamic_1_5_p12_h1_3_6_12,dynamic:1.5,True,True,highs
milp_h6,1,223.5229971845252,666.8624635482794,443.3394663637542,26,198,0.9365737269459437,8.905942900019,30.92341284728819,-5.8945905621651775,12,1.0,dynamic_1_5_p12_h1_3_6_12,dynamic:1.5,True,True,highs
milp_h6,2,213.6038495691276,637.3832935931341,423.7794440240065,25,209,0.918958320617085,8.45885070017539,29.371009375608992,-15.813738177562783,12,1.0,dynamic_1_5_p12_h1_3_6_12,dynamic:1.5,True,True,highs
milp_h6,3,229.6529866349178,685.3646663802438,455.71167974532597,28,197,0.9353229479467542,8.323327500402229,28.900442709729962,0.23539888822742228,12,1.0,dynamic_1_5_p12_h1_3_6_12,dynamic:1.5,True,True,highs
milp_h6,4,244.24738148781609,729.050126692066,484.8027452042499,28,203,0.8939364606515179,8.30664829959278,28.842528818030488,14.829793741125712,12,1.0,dynamic_1_5_p12_h1_3_6_12,dynamic:1.5,True,True,highs
milp_h6,5,213.7303376644319,637.5120606479637,423.78172298353184,34,212,0.8517011189358953,8.459541299554985,29.373407290121477,-15.687250082258487,12,1.0,dynamic_1_5_p12_h1_3_6_12,dynamic:1.5,True,True,highs
milp_h6,6,233.5860794359374,697.1005039744177,463.51442453848034,24,246,0.9987257245592132,8.798384100140538,30.549944792154648,4.16849168924702,12,1.0,dynamic_1_5_p12_h1_3_6_12,dynamic:1.5,True,True,highs
milp_h6,7,176.09521719147642,524.963872855453,348.8686556639766,25,193,0.8865697903769738,8.794503699813504,30.536471179908,-53.32237055521395,12,1.0,dynamic_1_5_p12_h1_3_6_12,dynamic:1.5,True,True,highs
milp_h6,8,209.53606746697739,624.867552255705,415.33148478872766,31,208,0.93861790259586,8.299894500087248,28.819078125302944,-19.881520279712987,12,1.0,dynamic_1_5_p12_h1_3_6_12,dynamic:1.5,True,True,highs
milp_h6,9,267.7724767565045,799.4688338484002,531.6963570918957,29,230,0.7863234286756053,8.927930100180674,30.999757292294007,38.354889009814116,12,1.0,dynamic_1_5_p12_h1_3_6_12,dynamic:1.5,True,True,highs
milp_h6,10,298.94457631690443,892.605813689557,593.6612373726525,29,200,0.998009335288265,8.202288299886277,28.480167707938463,69.52698857021406,12,1.0,dynamic_1_5_p12_h1_3_6_12,dynamic:1.5,True,True,highs
milp_h6,11,230.0406851927861,686.2207766834919,456.18009149070576,34,177,0.9460336950790219,8.186935900128447,28.426860764334883,0.623097446095727,12,1.0,dynamic_1_5_p12_h1_3_6_12,dynamic:1.5,True,True,highs
milp_h6,12,230.31640272842805,687.7218481657981,457.40544543737,27,214,0.9502124160747376,9.647100599773694,33.49687708254755,0.8988149817376723,12,1.0,dynamic_1_5_p12_h1_3_6_12,dynamic:1.5,True,True,highs
milp_h6,13,228.1122831490631,680.6257807288538,452.5134975797907,19,200,0.8712746249084677,8.812040799995884,30.597363888874597,-1.30530459762727,12,1.0,dynamic_1_5_p12_h1_3_6_12,dynamic:1.5,True,True,highs
milp_h6,14,239.20284751715667,713.9344874276161,474.7316399104594,21,226,0.9989334285441167,9.223813400021754,32.027129861186644,9.785259770466297,12,1.0,dynamic_1_5_p12_h1_3_6_12,dynamic:1.5,True,True,highs
milp_h6,15,220.0998680855867,657.5239238405279,437.4240557549412,32,190,0.8798659835855382,8.430295599857345,29.271859721726894,-9.317719661103666,12,1.0,dynamic_1_5_p12_h1_3_6_12,dynamic:1.5,True,True,highs
milp_h6,16,238.76838618856226,712.6628171358581,473.8944309472958,27,200,0.9418354218958199,8.517917899676831,29.57610381832233,9.350798441871888,12,1.0,dynamic_1_5_p12_h1_3_6_12,dynamic:1.5,True,True,highs
milp_h6,17,264.80187736884557,790.7145818574138,525.9127044885682,22,212,0.8831832201824846,8.84415110014379,30.708857986610383,35.384289622155194,12,1.0,dynamic_1_5_p12_h1_3_6_12,dynamic:1.5,True,True,highs
milp_h6,18,155.91928986061112,465.42130279315876,309.50201293254764,25,209,0.9451973216097566,7.998951600166038,27.77413750057652,-73.49829788607926,12,1.0,dynamic_1_5_p12_h1_3_6_12,dynamic:1.5,True,True,highs
milp_h6,19,235.95005394999805,704.0508121018788,468.10075815188077,27,171,0.9660158981093008,8.211602300521918,28.512507987923325,6.532466203307678,12,1.0,dynamic_1_5_p12_h1_3_6_12,dynamic:1.5,True,True,highs
milp_h6,20,177.02622739925977,527.9804650775626,350.95423767830283,29,210,0.9984158433431966,7.837030899769161,27.2119128464207,-52.391360347430606,12,1.0,dynamic_1_5_p12_h1_3_6_12,dynamic:1.5,True,True,highs
milp_h6,21,272.7222227368875,814.0644752828449,541.3422525459574,33,207,0.904783005564295,8.09286829989287,28.1002371524058,43.304634990197115,12,1.0,dynamic_1_5_p12_h1_3_6_12,dynamic:1.5,True,True,highs
milp_h6,22,181.76220954008335,541.6728501845938,359.91064064451047,25,215,0.9161704793332002,9.852927000116324,34.21155208373724,-47.655378206607026,12,1.0,dynamic_1_5_p12_h1_3_6_12,dynamic:1.5,True,True,highs
milp_h6,23,218.2060001699786,650.9294848253286,432.72348465535,23,220,0.914923292401473,8.399636999878567,29.165406249578357,-11.211587576711764,12,1.0,dynamic_1_5_p12_h1_3_6_12,dynamic:1.5,True,True,highs
milp_h6,24,230.81222394159238,688.7512577426678,457.9390338010754,22,216,0.8767170380272947,8.585459700087085,29.810623958635713,1.3946361949020059,12,1.0,dynamic_1_5_p12_h1_3_6_12,dynamic:1.5,True,True,highs
milp_h6,25,319.1789164649365,952.9490786700524,633.7701622051159,26,216,0.9896632859480273,10.390237899875501,36.07721493012327,89.76132871824612,12,1.0,dynamic_1_5_p12_h1_3_6_12,dynamic:1.5,True,True,highs
milp_h6,26,237.127282096104,707.8153723370355,470.68809024093144,25,188,0.936200140268229,10.603299899987178,36.817013541622146,7.709694349413638,12,1.0,dynamic_1_5_p12_h1_3_6_12,dynamic:1.5,True,True,highs
milp_h6,27,153.5568480902864,458.3246157740403,304.7677676837539,30,227,0.9666805724401389,8.393235599913169,29.14317916636517,-75.86073965640398,12,1.0,dynamic_1_5_p12_h1_3_6_12,dynamic:1.5,True,True,highs
milp_h6,28,265.5370247212127,792.5582218177129,527.0211970965003,30,222,0.9485844628511929,8.177669600321678,28.39468611222805,36.1194369745223,12,1.0,dynamic_1_5_p12_h1_3_6_12,dynamic:1.5,True,True,highs
milp_h6,29,243.97002689791236,728.1952470542624,484.22522015635,20,220,0.9969337222224802,9.152335499646142,31.77894270710466,14.55243915122199,12,1.0,dynamic_1_5_p12_h1_3_6_12,dynamic:1.5,True,True,highs
milp_h12,0,228.72498659280149,682.4861682385349,453.7611816457334,24,201,0.8409024103337254,14.743845100223552,51.19390659799845,-0.6926011538888872,12,1.0,dynamic_1_5_p12_h1_3_6_12,dynamic:1.5,True,True,highs
milp_h12,1,223.03056771134794,665.3851751287477,442.3546074173998,34,189,0.9291390799452028,13.798316099884687,47.91081979126628,-6.387020035342431,12,1.0,dynamic_1_5_p12_h1_3_6_12,dynamic:1.5,True,True,highs
milp_h12,2,213.6038495691276,637.3832935931341,423.7794440240065,27,207,0.8924636542827948,14.95210480003152,51.917030555665,-15.813738177562783,12,1.0,dynamic_1_5_p12_h1_3_6_12,dynamic:1.5,True,True,highs
milp_h12,3,229.6529866349178,685.3646663802438,455.71167974532597,25,199,0.7896081303646586,20.75819939977373,72.07708124921434,0.23539888822742228,12,1.0,dynamic_1_5_p12_h1_3_6_12,dynamic:1.5,True,True,highs
milp_h12,4,244.24738148781609,729.050126692066,484.8027452042499,32,199,0.9749781287055427,20.84290139982477,72.37118541605822,14.829793741125712,12,1.0,dynamic_1_5_p12_h1_3_6_12,dynamic:1.5,True,True,highs
milp_h12,5,213.7303376644319,637.5120606479637,423.78172298353184,40,207,0.876917821433626,20.903911600005813,72.58302638890908,-15.687250082258487,12,1.0,dynamic_1_5_p12_h1_3_6_12,dynamic:1.5,True,True,highs
milp_h12,6,233.5860794359374,697.1005039744177,463.51442453848034,32,238,0.9731110700583391,22.1668604000879,76.96826527808298,4.16849168924702,12,1.0,dynamic_1_5_p12_h1_3_6_12,dynamic:1.5,True,True,highs
milp_h12,7,176.09521719147642,524.963872855453,348.8686556639766,30,188,0.8348920243152802,22.175095999933546,76.99686111088037,-53.32237055521395,12,1.0,dynamic_1_5_p12_h1_3_6_12,dynamic:1.5,True,True,highs
milp_h12,8,209.53606746697739,624.867552255705,415.33148478872766,28,211,0.8974504997680816,20.32993019997957,70.59003541659574,-19.881520279712987,12,1.0,dynamic_1_5_p12_h1_3_6_12,dynamic:1.5,True,True,highs
milp_h12,9,267.7724767565045,799.4688338484002,531.6963570918957,26,234,0.8754990726592914,23.293453299847897,80.88004618002742,38.354889009814116,12,1.0,dynamic_1_5_p12_h1_3_6_12,dynamic:1.5,True,True,highs
milp_h12,10,298.94457631690443,892.605813689557,593.6612373726525,32,197,0.9869421829209959,20.48172599982354,71.11710416605395,69.52698857021406,12,1.0,dynamic_1_5_p12_h1_3_6_12,dynamic:1.5,True,True,highs
milp_h12,11,230.04068519278604,686.2207766834917,456.1800914907057,27,179,0.9535868213731876,21.17445020013838,73.52239652825827,0.6230974460956702,12,1.0,dynamic_1_5_p12_h1_3_6_12,dynamic:1.5,True,True,highs
milp_h12,12,230.55915591778518,688.4501077338695,457.8909518160843,26,216,0.8355223265990499,24.06466979967081,83.55788124885697,1.1415681710948036,12,1.0,dynamic_1_5_p12_h1_3_6_12,dynamic:1.5,True,True,highs
milp_h12,13,228.1122831490631,680.6257807288538,452.5134975797907,25,196,0.935288997200973,21.976019399939105,76.30562291645522,-1.30530459762727,12,1.0,dynamic_1_5_p12_h1_3_6_12,dynamic:1.5,True,True,highs
milp_h12,14,239.20284751715667,713.9344874276161,474.7316399104594,32,215,0.9424082172636405,23.732884399563773,82.40584860959643,9.785259770466297,12,1.0,dynamic_1_5_p12_h1_3_6_12,dynamic:1.5,True,True,highs
milp_h12,15,220.0998680855867,657.5239238405279,437.4240557549412,31,191,0.8858857831489122,20.08250189991668,69.73090937471069,-9.317719661103666,12,1.0,dynamic_1_5_p12_h1_3_6_12,dynamic:1.5,True,True,highs
milp_h12,16,238.76838618856226,712.6628171358581,473.8944309472958,27,200,0.997834700304426,21.89991670011659,76.04137743096038,9.350798441871888,12,1.0,dynamic_1_5_p12_h1_3_6_12,dynamic:1.5,True,True,highs
milp_h12,17,264.80187736884557,790.7145818574138,525.9127044885682,28,205,0.9146221715808159,22.692396499885945,78.79304340238176,35.384289622155194,12,1.0,dynamic_1_5_p12_h1_3_6_12,dynamic:1.5,True,True,highs
milp_h12,18,155.85774995098762,465.23668306428834,309.3789331133007,31,203,0.9967541688933126,19.804789900168544,68.76663159780745,-73.55983779570275,12,1.0,dynamic_1_5_p12_h1_3_6_12,dynamic:1.5,True,True,highs
milp_h12,19,235.95005394999805,704.0508121018788,468.10075815188077,24,174,0.9716146913355569,20.28904689999763,70.44807951388066,6.532466203307678,12,1.0,dynamic_1_5_p12_h1_3_6_12,dynamic:1.5,True,True,highs
milp_h12,20,177.02622739925977,527.9804650775626,350.95423767830283,30,209,0.9734685224904468,20.658387299918104,71.73051145804897,-52.391360347430606,12,1.0,dynamic_1_5_p12_h1_3_6_12,dynamic:1.5,True,True,highs
milp_h12,21,272.7196806439879,814.0619331899453,541.3422525459574,33,208,0.9194453674167592,19.231943999853684,66.77758333282529,43.30209289729751,12,1.0,dynamic_1_5_p12_h1_3_6_12,dynamic:1.5,True,True,highs
milp_h12,22,181.7622095400833,541.6728501845938,359.9106406445105,28,212,0.934200721422116,25.2875307998911,87.80392638851077,-47.65537820660708,12,1.0,dynamic_1_5_p12_h1_3_6_12,dynamic:1.5,True,True,highs
milp_h12,23,218.2060001699786,650.9294848253286,432.72348465535,24,220,0.8932000408212389,22.265190000092844,77.30968750032237,-11.211587576711764,12,1.0,dynamic_1_5_p12_h1_3_6_12,dynamic:1.5,True,True,highs
milp_h12,24,230.81222394159244,688.7512577426678,457.93903380107537,25,213,0.8897020876462656,24.07163430028595,83.58206354265955,1.3946361949020627,12,1.0,dynamic_1_5_p12_h1_3_6_12,dynamic:1.5,True,True,highs
milp_h12,25,319.1789164649365,952.9490786700524,633.7701622051159,26,216,0.9069191581049232,25.391451799921924,88.16476319417335,89.76132871824612,12,1.0,dynamic_1_5_p12_h1_3_6_12,dynamic:1.5,True,True,highs
milp_h12,26,237.127282096104,707.8153723370355,470.68809024093144,27,185,0.997764181456788,28.04077679978218,97.36380833257701,7.709694349413638,12,1.0,dynamic_1_5_p12_h1_3_6_12,dynamic:1.5,True,True,highs
milp_h12,27,153.5568480902864,458.3246157740403,304.7677676837539,29,230,0.9982161310654549,20.911385400075233,72.60897708359455,-75.86073965640398,12,1.0,dynamic_1_5_p12_h1_3_6_12,dynamic:1.5,True,True,highs
milp_h12,28,265.5370247212127,792.5582218177129,527.0211970965003,40,211,0.8791607662311843,21.427373100072145,74.40060104191717,36.1194369745223,12,1.0,dynamic_1_5_p12_h1_3_6_12,dynamic:1.5,True,True,highs
milp_h12,29,243.97002689791236,728.1952470542624,484.22522015635,23,216,0.9978672009086724,24.212613000010606,84.07157291670349,14.55243915122199,12,1.0,dynamic_1_5_p12_h1_3_6_12,dynamic:1.5,True,True,highs
equal_share,0,195.89308570597439,587.6792571179232,391.78617141194877,35,191,0.8946870983562462,0.005844800180057064,0.02029444506964258,-33.52450204071599,12,1.0,dynamic_1_5_p12_h1_3_6_12,dynamic:1.5,True,True,highs
equal_share,1,150.56613136594137,451.69839409782406,301.1322627318827,20,203,0.9319321660757488,0.005173299461603165,0.017962845352788765,-78.851456380749,12,1.0,dynamic_1_5_p12_h1_3_6_12,dynamic:1.5,True,True,highs
equal_share,2,166.16563823904931,498.49691471714806,332.33127647809874,29,203,0.926687188566079,0.005641499941702932,0.01958854146424629,-63.25194950764106,12,1.0,dynamic_1_5_p12_h1_3_6_12,dynamic:1.5,True,True,highs
equal_share,3,177.8135122446697,533.440536734009,355.6270244893393,27,197,0.9150407010732791,0.005096699809655547,0.01769687433908176,-51.60407550202066,12,1.0,dynamic_1_5_p12_h1_3_6_12,dynamic:1.5,True,True,highs
equal_share,4,200.07062510473344,600.2118753142001,400.1412502094667,33,197,0.9854542398761454,0.004963200073689222,0.01723333358919869,-29.346962641956935,12,1.0,dynamic_1_5_p12_h1_3_6_12,dynamic:1.5,True,True,highs
equal_share,5,173.85206161576224,521.5561848472867,347.7041232315244,30,215,0.762118317022892,0.004342399974120781,0.015077777687919378,-55.565526130928134,12,1.0,dynamic_1_5_p12_h1_3_6_12,dynamic:1.5,True,True,highs
equal_share,6,179.32453624873222,537.9736087461966,358.64907249746443,30,240,0.9956255765621396,0.004318800230976194,0.014995834135334007,-50.09305149795816,12,1.0,dynamic_1_5_p12_h1_3_6_12,dynamic:1.5,True,True,highs
equal_share,7,151.0845952420009,453.2537857260026,302.1691904840017,28,190,0.8678885014045212,0.004121999634662643,0.014312498731467511,-78.33299250468949,12,1.0,dynamic_1_5_p12_h1_3_6_12,dynamic:1.5,True,True,highs
equal_share,8,178.15703351666355,534.4711005499908,356.3140670333272,30,207,0.9274483617068574,0.004056400270201266,0.014084723160421062,-51.26055423002683,12,1.0,dynamic_1_5_p12_h1_3_6_12,dynamic:1.5,True,True,highs
equal_share,9,211.6975950021564,635.0927850064693,423.3951900043129,24,234,0.8304089562161278,0.00443470009486191,0.01539826421827052,-17.719992744533982,12,1.0,dynamic_1_5_p12_h1_3_6_12,dynamic:1.5,True,True,highs
equal_share,10,221.05566403341265,663.1669921002378,442.1113280668252,24,205,0.9041634282583332,0.004361899744253606,0.015145485223102797,-8.361923713277719,12,1.0,dynamic_1_5_p12_h1_3_6_12,dynamic:1.5,True,True,highs
equal_share,11,183.31912018427465,549.9573605528241,366.6382403685494,30,176,0.9559099698911505,0.004223899624776095,0.014666318141583664,-46.09846756241572,12,1.0,dynamic_1_5_p12_h1_3_6_12,dynamic:1.5,True,True,highs
equal_share,12,163.93299261088595,491.79897783265784,327.8659852217719,29,212,0.8334043719038571,0.004356899909907952,0.015128124687180389,-65.48459513580443,12,1.0,dynamic_1_5_p12_h1_3_6_12,dynamic:1.5,True,True,highs
equal_share,13,169.40683280539383,508.2204984161814,338.81366561078755,23,196,0.8422212706703087,0.0047227997565642,0.016398610265847918,-60.01075494129654,12,1.0,dynamic_1_5_p12_h1_3_6_12,dynamic:1.5,True,True,highs
equal_share,14,195.4548809939967,586.3646429819901,390.90976198799336,20,227,0.9972766288996553,0.004147800093051046,0.014402083656427244,-33.96270675269366,12,1.0,dynamic_1_5_p12_h1_3_6_12,dynamic:1.5,True,True,highs
equal_share,15,210.92979632635928,632.7893889790778,421.8595926527185,38,184,0.9080208403578149,0.004172999877482653,0.014489582907925878,-18.487791420331092,12,1.0,dynamic_1_5_p12_h1_3_6_12,dynamic:1.5,True,True,highs
equal_share,16,165.5930500544216,496.77915016326483,331.1861001088432,22,204,0.99532066228776,0.004299600055674091,0.014929166859979482,-63.82453769226876,12,1.0,dynamic_1_5_p12_h1_3_6_12,dynamic:1.5,True,True,highs
equal_share,17,200.8537390110559,602.5612170331677,401.70747802211184,29,203,0.8083373434987687,0.004157599993050098,0.014436111086979508,-28.56384873563448,12,1.0,dynamic_1_5_p12_h1_3_6_12,dynamic:1.5,True,True,highs
equal_share,18,81.48860156742916,244.46580470228747,162.9772031348583,12,222,0.8259337529688471,0.004236299719195813,0.014709374024985462,-147.92898617926122,12,1.0,dynamic_1_5_p12_h1_3_6_12,dynamic:1.5,True,True,highs
equal_share,19,154.99194521634064,464.975835649022,309.98389043268133,17,181,0.7272352412282536,0.0042201996257063,0.01465347092259132,-74.42564253034973,12,1.0,dynamic_1_5_p12_h1_3_6_12,dynamic:1.5,True,True,highs
equal_share,20,143.6297974574017,430.8893923722051,287.2595949148034,32,207,0.8850261335675446,0.004144599661231041,0.014390971045941114,-85.78779028928867,12,1.0,dynamic_1_5_p12_h1_3_6_12,dynamic:1.5,True,True,highs
equal_share,21,204.18081056880436,612.542431706413,408.36162113760867,25,213,0.9013141396735597,0.004252900020219386,0.014767013959095089,-25.23677717788601,12,1.0,dynamic_1_5_p12_h1_3_6_12,dynamic:1.5,True,True,highs
equal_share,22,150.33346579944867,451.00039739834597,300.6669315988973,29,211,0.9150544482960141,0.004166200087638572,0.014465972526522819,-79.0841219472417,12,1.0,dynamic_1_5_p12_h1_3_6_12,dynamic:1.5,True,True,highs
equal_share,23,174.33489178417904,523.004675352537,348.66978356835796,23,218,0.8658201471759512,0.004258600238244981,0.014786806382795071,-55.08269596251134,12,1.0,dynamic_1_5_p12_h1_3_6_12,dynamic:1.5,True,True,highs
equal_share,24,147.36767132081252,442.1030139624376,294.7353426416251,15,222,0.9950126580129999,0.004304600093746558,0.01494652810328666,-82.04991642587785,12,1.0,dynamic_1_5_p12_h1_3_6_12,dynamic:1.5,True,True,highs
equal_share,25,232.3723577486724,697.1170732460171,464.74471549734466,24,218,0.9953704856256378,0.004158199793891981,0.014438193728791602,2.954770001982041,12,1.0,dynamic_1_5_p12_h1_3_6_12,dynamic:1.5,True,True,highs
equal_share,26,203.3847294123596,610.1541882370788,406.76945882471915,27,183,0.9418129556027798,0.004055300116306171,0.01408090318161865,-26.03285833433077,12,1.0,dynamic_1_5_p12_h1_3_6_12,dynamic:1.5,True,True,highs
equal_share,27,112.3820000170812,337.1460000512436,224.76400003416242,20,236,0.9610642644465255,0.0041710001532919705,0.014482639421152676,-117.03558772960918,12,1.0,dynamic_1_5_p12_h1_3_6_12,dynamic:1.5,True,True,highs
equal_share,28,182.36439166032739,547.0931749809822,364.7287833206548,23,228,0.6285576849865616,0.004460100084543228,0.01548645862688621,-47.05319608636299,12,1.0,dynamic_1_5_p12_h1_3_6_12,dynamic:1.5,True,True,highs
equal_share,29,161.1447806159333,483.43434184779994,322.2895612318666,21,217,0.9889455470763381,0.004066999768838286,0.014121526975132939,-68.27280713075706,12,1.0,dynamic_1_5_p12_h1_3_6_12,dynamic:1.5,True,True,highs
max_charge,0,227.49542496999106,682.4862749099731,454.990849939982,39,187,0.8955688183530749,0.001660300011280924,0.005764930594725431,-1.9221627766993095,12,1.0,dynamic_1_5_p12_h1_3_6_12,dynamic:1.5,True,True,highs
max_charge,1,222.0601522207259,666.1804566621779,444.120304441452,41,182,0.964782600386167,0.0016165002307388932,0.005612848023398935,-7.357435525964462,12,1.0,dynamic_1_5_p12_h1_3_6_12,dynamic:1.5,True,True,highs
max_charge,2,212.4611307789881,637.3833923369644,424.92226155797636,35,197,0.9057877148929259,0.0022876999573782086,0.007943402629785446,-16.95645696770228,12,1.0,dynamic_1_5_p12_h1_3_6_12,dynamic:1.5,True,True,highs
max_charge,3,228.23304140965143,684.6991242289542,456.4660828193028,37,187,0.9389401162033668,0.00154020034824498,0.005347917875850625,-1.1845463370389382,12,1.0,dynamic_1_5_p12_h1_3_6_12,dynamic:1.5,True,True,highs
max_charge,4,243.0167468746502,729.0502406239508,486.0334937493006,43,187,0.9089711971686169,0.0015932002570480108,0.00553194533697226,13.599159127959837,12,1.0,dynamic_1_5_p12_h1_3_6_12,dynamic:1.5,True,True,highs
max_charge,5,212.5040532529353,637.5121597588061,425.0081065058708,43,203,0.8495210074102768,0.0015184000658337027,0.005272222450811468,-16.913534493755066,12,1.0,dynamic_1_5_p12_h1_3_6_12,dynamic:1.5,True,True,highs
max_charge,6,232.36687093575785,697.1006128072737,464.73374187151586,41,229,0.9961480287547907,0.0015528002113569528,0.005391667400544975,2.949283189067472,12,1.0,dynamic_1_5_p12_h1_3_6_12,dynamic:1.5,True,True,highs
max_charge,7,174.98798468112943,524.9639540433883,349.97596936225887,35,183,0.8797805945475088,0.0015553996490780264,0.0054006932259653695,-54.42960306556094,12,1.0,dynamic_1_5_p12_h1_3_6_12,dynamic:1.5,True,True,highs
max_charge,8,208.2892167925835,624.8676503777504,416.57843358516686,40,197,0.9516399793644877,0.0015378001262433827,0.005339583771678412,-21.128370954106884,12,1.0,dynamic_1_5_p12_h1_3_6_12,dynamic:1.5,True,True,highs
max_charge,9,266.48965296347933,799.468958890438,532.9793059269587,38,220,0.8831937883083713,0.0015904000028967857,0.005522222232280506,37.07206521678896,12,1.0,dynamic_1_5_p12_h1_3_6_12,dynamic:1.5,True,True,highs
max_charge,10,297.5353178580601,892.6059535741805,595.0706357161204,40,189,0.9069967578140683,0.0015869003836996853,0.005510070776735019,68.11773011136975,12,1.0,dynamic_1_5_p12_h1_3_6_12,dynamic:1.5,True,True,highs
max_charge,11,228.74029485980674,686.22088457942,457.4805897196133,38,167,0.9675340542214251,0.0015470993821509182,0.005371872854690689,-0.6772928868836345,12,1.0,dynamic_1_5_p12_h1_3_6_12,dynamic:1.5,True,True,highs
max_charge,12,229.48340527415274,688.4502158224582,458.96681054830543,42,200,0.8768028466246841,0.0015328000008594245,0.005322222225206335,0.06581752746237157,12,1.0,dynamic_1_5_p12_h1_3_6_12,dynamic:1.5,True,True,highs
max_charge,13,226.87529583772016,680.6258875131606,453.75059167544043,40,179,0.8560321397408357,0.0016847000806592405,0.005849653057844585,-2.5422919089702134,12,1.0,dynamic_1_5_p12_h1_3_6_12,dynamic:1.5,True,True,highs
max_charge,14,237.86851972341532,713.605559170246,475.7370394468307,32,215,0.9975022324910681,0.0017384001112077385,0.006036111497249092,8.450931976724945,12,1.0,dynamic_1_5_p12_h1_3_6_12,dynamic:1.5,True,True,highs
max_charge,15,218.9199478278557,656.7598434835671,437.8398956557114,42,180,0.9123298078613389,0.0020785998494829983,0.007217360588482633,-10.497639918834665,12,1.0,dynamic_1_5_p12_h1_3_6_12,dynamic:1.5,True,True,highs
max_charge,16,237.55430888732263,712.6629266619681,475.10861777464544,37,189,0.9967987704002462,0.001931399863678962,0.006706249526663062,8.136721140632261,12,1.0,dynamic_1_5_p12_h1_3_6_12,dynamic:1.5,True,True,highs
max_charge,17,263.5715684890747,790.714705467224,527.1431369781493,42,190,0.8487137220071888,0.0018429999181535095,0.006399305271366352,34.153980742384334,12,1.0,dynamic_1_5_p12_h1_3_6_12,dynamic:1.5,True,True,highs
max_charge,18,155.14045858581864,465.4213757574558,310.28091717163716,37,197,0.9169481990145427,0.0016843002522364259,0.005848264764709812,-74.27712916087174,12,1.0,dynamic_1_5_p12_h1_3_6_12,dynamic:1.5,True,True,highs
max_charge,19,234.6836403210957,704.0509209632872,469.36728064219153,40,158,0.8865175111894673,0.0018448995251674205,0.006405901129053543,5.266052574405336,12,1.0,dynamic_1_5_p12_h1_3_6_12,dynamic:1.5,True,True,highs
max_charge,20,175.9935159434874,527.9805478304623,351.98703188697493,41,198,0.9036422023084038,0.0018359000969212502,0.006374653114309897,-53.42407180320296,12,1.0,dynamic_1_5_p12_h1_3_6_12,dynamic:1.5,True,True,highs
max_charge,21,271.10322368741026,813.3096710622309,542.2064473748206,40,198,0.9366054945394486,0.0017311997944489121,0.006011110397392056,41.68563594071989,12,1.0,dynamic_1_5_p12_h1_3_6_12,dynamic:1.5,True,True,highs
max_charge,22,180.55764497319853,541.6729349195956,361.11528994639707,39,201,0.888239504115682,0.0018384996510576457,0.006383679343950159,-48.85994277349184,12,1.0,dynamic_1_5_p12_h1_3_6_12,dynamic:1.5,True,True,highs
max_charge,23,216.75170807441071,650.2551242232322,433.5034161488215,37,206,0.9163414928750355,0.0017376993491780013,0.006033678295756949,-12.665879672279658,12,1.0,dynamic_1_5_p12_h1_3_6_12,dynamic:1.5,True,True,highs
max_charge,24,229.5837882657845,688.7513647973536,459.1675765315691,37,200,0.9852946488880845,0.0018251995497848839,0.006337498436753069,0.16620051909413291,12,1.0,dynamic_1_5_p12_h1_3_6_12,dynamic:1.5,True,True,highs
max_charge,25,317.64974208672845,952.9492262601851,635.2994841734567,43,199,0.9970413937404117,0.0017109000182244927,0.005940625063279488,88.23215434003808,12,1.0,dynamic_1_5_p12_h1_3_6_12,dynamic:1.5,True,True,highs
max_charge,26,235.9384944319724,707.8154832959174,471.876988863945,42,170,0.9367666038224087,0.001849000051151961,0.006420139066499865,6.5209066852820285,12,1.0,dynamic_1_5_p12_h1_3_6_12,dynamic:1.5,True,True,highs
max_charge,27,152.70486374696094,458.1145912408828,305.4097274939219,33,223,0.975701866100674,0.0026676000270526856,0.009262500093932936,-76.71272399972943,12,1.0,dynamic_1_5_p12_h1_3_6_12,dynamic:1.5,True,True,highs
max_charge,28,264.1861153960227,792.5583461880683,528.3722307920456,41,210,0.9258407416535476,0.0021118000731803477,0.007332639142987318,34.768527649332356,12,1.0,dynamic_1_5_p12_h1_3_6_12,dynamic:1.5,True,True,highs
max_charge,29,242.73178710937498,728.1953613281249,485.46357421874995,41,197,0.9039679553697075,0.0020568999752867967,0.007142013803079155,13.314199362684604,12,1.0,dynamic_1_5_p12_h1_3_6_12,dynamic:1.5,True,True,highs
random,0,214.88567989891112,644.6570396967332,429.77135979782213,27,197,0.9267018307547666,0.0211974001431372,0.0736020838303375,-14.531907847779252,12,1.0,dynamic_1_5_p12_h1_3_6_12,dynamic:1.5,True,True,highs
random,1,206.74575165682518,620.2372549704755,413.49150331365036,33,190,0.9805889465021793,0.02086720018996857,0.07245555621516865,-22.671836089865195,12,1.0,dynamic_1_5_p12_h1_3_6_12,dynamic:1.5,True,True,highs
random,2,199.37039590219467,598.1111877065839,398.74079180438923,37,196,0.8989311506656457,0.019816399668343365,0.06880694329285891,-30.0471918444957,12,1.0,dynamic_1_5_p12_h1_3_6_12,dynamic:1.5,True,True,highs
random,3,216.99932157848042,650.9979647354411,433.99864315696067,31,193,0.8980621227444959,0.020497399498708546,0.07117152603718245,-12.418266168209954,12,1.0,dynamic_1_5_p12_h1_3_6_12,dynamic:1.5,True,True,highs
random,4,229.05707183379684,687.1712155013906,458.1141436675938,40,190,0.9051691923046126,0.023140400095144287,0.08034861144147322,-0.3605159128935327,12,1.0,dynamic_1_5_p12_h1_3_6_12,dynamic:1.5,True,True,highs
random,5,200.79838825766808,602.3951647730042,401.59677651533616,43,202,0.8035660380687493,0.021046700043370947,0.07307881959503801,-28.619199489022293,12,1.0,dynamic_1_5_p12_h1_3_6_12,dynamic:1.5,True,True,highs
random,6,217.95666436504507,653.8699930951352,435.91332873009014,32,238,0.9977409785703018,0.019692399830091745,0.06837638829892967,-11.460923381645301,12,1.0,dynamic_1_5_p12_h1_3_6_12,dynamic:1.5,True,True,highs
random,7,162.2307676601897,486.6923029805692,324.4615353203795,32,186,0.8849649544840429,0.019837000058032572,0.0688784724237242,-67.18682008650066,12,1.0,dynamic_1_5_p12_h1_3_6_12,dynamic:1.5,True,True,highs
random,8,197.71513181781552,593.1453954534466,395.43026363563104,34,203,0.9273255720517938,0.020789200178114697,0.07218472284067604,-31.702455928874855,12,1.0,dynamic_1_5_p12_h1_3_6_12,dynamic:1.5,True,True,highs
random,9,247.83968453182462,743.5190535954738,495.6793690636492,33,225,0.7934576297607909,0.02093490047263913,0.07269062664110809,18.422096785134244,12,1.0,dynamic_1_5_p12_h1_3_6_12,dynamic:1.5,True,True,highs
random,10,282.1349718543962,846.4049155631885,564.2699437087923,34,195,0.9420892441487744,0.02117209995049052,0.0735142359392032,52.71738410770584,12,1.0,dynamic_1_5_p12_h1_3_6_12,dynamic:1.5,True,True,highs
random,11,213.36314640495863,640.0894392148757,426.7262928099171,36,169,0.9517630830647238,0.018984600057592615,0.06591875019997435,-16.054441341731746,12,1.0,dynamic_1_5_p12_h1_3_6_12,dynamic:1.5,True,True,highs
random,12,216.43274668982997,649.2982400694898,432.8654933796598,36,205,0.8783503634146875,0.015599400096107274,0.05416458366703915,-12.984841056860404,12,1.0,dynamic_1_5_p12_h1_3_6_12,dynamic:1.5,True,True,highs
random,13,211.76054632860655,635.2816389858198,423.5210926572132,39,180,0.891452824048995,0.015670000109821558,0.054409722603547074,-17.65704141808382,12,1.0,dynamic_1_5_p12_h1_3_6_12,dynamic:1.5,True,True,highs
random,14,222.3341168213555,667.0023504640666,444.6682336427111,31,216,0.9846009424635263,0.01509460000670515,0.052411805578837324,-7.083470925334865,12,1.0,dynamic_1_5_p12_h1_3_6_12,dynamic:1.5,True,True,highs
random,15,207.16177695625993,621.4853308687799,414.32355391251997,38,183,0.8342953588540168,0.015461999748367816,0.05368749912627714,-22.255810790430445,12,1.0,dynamic_1_5_p12_h1_3_6_12,dynamic:1.5,True,True,highs
random,16,222.35447296720167,667.063418901605,444.70894593440335,36,190,0.8192281613643385,0.015584399836370721,0.054112499431842785,-7.0631147794887,12,1.0,dynamic_1_5_p12_h1_3_6_12,dynamic:1.5,True,True,highs
random,17,246.00032410424933,738.0009723127479,492.00064820849855,31,202,0.9380056492206644,0.015711300104158,0.05455312536165972,16.582736357558957,12,1.0,dynamic_1_5_p12_h1_3_6_12,dynamic:1.5,True,True,highs
random,18,144.69689334512304,434.0906800353691,289.39378669024603,31,203,0.997823042528419,0.01561999981640838,0.054236110473640214,-84.72069440156733,12,1.0,dynamic_1_5_p12_h1_3_6_12,dynamic:1.5,True,True,highs
random,19,215.65017561528452,646.9505268458535,431.30035123056894,37,161,0.8665114594295328,0.015813700098078698,0.05490868089610659,-13.767412131405848,12,1.0,dynamic_1_5_p12_h1_3_6_12,dynamic:1.5,True,True,highs
random,20,162.7729682389865,488.3189047169595,325.545936477973,38,201,0.9072310729386969,0.016160400089574978,0.05611250031102423,-66.64461950770388,12,1.0,dynamic_1_5_p12_h1_3_6_12,dynamic:1.5,True,True,highs
random,21,255.66388237467964,766.9916471240389,511.32776474935923,32,204,0.9978608949769555,0.01667339980485849,0.05789374932242532,26.246294627989272,12,1.0,dynamic_1_5_p12_h1_3_6_12,dynamic:1.5,True,True,highs
random,22,168.9733162803601,506.9199488410804,337.9466325607203,38,202,0.8900587693366262,0.020182299835141748,0.07007742998313107,-60.444271466330264,12,1.0,dynamic_1_5_p12_h1_3_6_12,dynamic:1.5,True,True,highs
random,23,201.11071025486893,603.3321307646069,402.2214205097379,31,210,0.9197251613201811,0.019243400281993672,0.06681736209025581,-28.30687749182144,12,1.0,dynamic_1_5_p12_h1_3_6_12,dynamic:1.5,True,True,highs
random,24,213.63610863826227,640.9083259147868,427.27221727652454,34,203,0.8472346598444047,0.019623899774160236,0.06813854088250082,-15.781479108428101,12,1.0,dynamic_1_5_p12_h1_3_6_12,dynamic:1.5,True,True,highs
random,25,299.90966786324077,899.7290035897224,599.8193357264817,31,211,0.9317037807886194,0.02009899981203489,0.06978819379178781,70.4920801165504,12,1.0,dynamic_1_5_p12_h1_3_6_12,dynamic:1.5,True,True,highs
random,26,219.03319517494145,657.0995855248243,438.06639034988285,40,170,0.8923845155060461,0.016393400088418275,0.05692152808478568,-10.384392571748918,12,1.0,dynamic_1_5_p12_h1_3_6_12,dynamic:1.5,True,True,highs
random,27,145.02857303587763,435.0857191076328,290.0571460717552,33,224,0.9984450924571132,0.0154412999690976,0.0536156248927,-84.38901471081275,12,1.0,dynamic_1_5_p12_h1_3_6_12,dynamic:1.5,True,True,highs
random,28,249.5792886914473,748.7378660743419,499.15857738289463,37,214,0.978688337314118,0.01507740028318949,0.052352084316630174,20.161700944756916,12,1.0,dynamic_1_5_p12_h1_3_6_12,dynamic:1.5,True,True,highs
random,29,225.5915063210365,676.7745189631095,451.183012642073,31,207,0.9688930865965053,0.015208599652396515,0.05280763768193234,-3.826081425653882,12,1.0,dynamic_1_5_p12_h1_3_6_12,dynamic:1.5,True,True,highs
