controller,seed,net_profit,total_revenue,total_cost,served_customers,rejected_customers,mean_soc_fulfillment,total_compute_s,mean_step_ms,gap_to_best,ports,grid_cap_strain,experiment_id,tariff,bess_enabled,v2g_enabled,solver
milp_h1,0,157.5731150741875,243.97485134601592,86.40173627182841,5,228,0.9934898149451237,4.510669200128177,15.662045833778393,0.48765472166292056,3,0.75,0_75_p3_h1_3_6_12_s0_75,0.75,True,True,highs
milp_h1,1,159.61470748525022,243.0873508095741,83.4726433243239,5,227,0.9063061470176538,4.317434999960824,14.991093749863971,2.5292471327256294,3,0.75,0_75_p3_h1_3_6_12_s0_75,0.75,True,True,highs
milp_h1,2,163.4533957118789,244.86234866380687,81.40895295192797,2,239,0.0,4.371210300087114,15.177813541969146,6.3679353593543055,3,0.75,0_75_p3_h1_3_6_12_s0_75,0.75,True,True,highs
milp_h1,3,157.43607369681592,243.30609973669047,85.87002603987455,6,227,0.9985460720937022,5.7411834000231465,19.934664583413703,0.3506133442913324,3,0.75,0_75_p3_h1_3_6_12_s0_75,0.75,True,True,highs
milp_h1,4,153.11270671315987,245.44359973669052,92.33089302353063,5,234,0.9986931096130579,7.620563100135769,26.460288542138088,-3.9727536393647256,3,0.75,0_75_p3_h1_3_6_12_s0_75,0.75,True,True,highs
milp_h1,5,161.7730864329841,242.19985188245772,80.42676544947365,9,245,0.9988171442304771,4.6980457997415215,16.312659026880283,4.687626080459495,3,0.75,0_75_p3_h1_3_6_12_s0_75,0.75,True,True,highs
milp_h1,6,152.15835000723638,240.45610027313228,88.29775026589591,6,273,0.7576123014954262,4.549255199934123,15.79602499977126,-4.927110345288213,3,0.75,0_75_p3_h1_3_6_12_s0_75,0.75,True,True,highs
milp_h1,7,177.50335073843598,243.84359973669052,66.34024899825454,7,220,0.6127070284078633,4.71628650004277,16.375994791815174,20.41789038591139,3,0.75,0_75_p3_h1_3_6_12_s0_75,0.75,True,True,highs
milp_h1,8,162.69243258143385,240.9936018824577,78.30116930102386,11,235,0.7211788732538613,4.32688220005366,15.023896527964098,5.606972228909257,3,0.75,0_75_p3_h1_3_6_12_s0_75,0.75,True,True,highs
milp_h1,9,141.5325055631498,240.64360134601588,99.11109578286607,8,259,0.8326600391296999,4.2947737999638775,14.912409027652352,-15.55295478937478,3,0.75,0_75_p3_h1_3_6_12_s0_75,0.75,True,True,highs
milp_h1,10,131.12653678564547,243.3060997366905,112.17956295104503,6,232,0.9972424074765027,4.328886100018281,15.030854513952363,-25.958923566879122,3,0.75,0_75_p3_h1_3_6_12_s0_75,0.75,True,True,highs
milp_h1,11,155.1642971065839,241.84984979629516,86.68555268971126,8,209,0.9926751908387981,4.4613930000778055,15.490947916936825,-1.9211632459407042,3,0.75,0_75_p3_h1_3_6_12_s0_75,0.75,True,True,highs
milp_h1,12,156.739377695322,243.52484866380686,86.78547096848486,2,248,0.0,4.336590500053717,15.057605902964294,-0.3460826572026008,3,0.75,0_75_p3_h1_3_6_12_s0_75,0.75,True,True,highs
milp_h1,13,158.9382456980129,244.8185992002487,85.8803535022358,6,222,0.9673899386342725,4.334593599967775,15.050672222110329,1.8527853454883143,3,0.75,0_75_p3_h1_3_6_12_s0_75,0.75,True,True,highs
milp_h1,14,153.3818579487411,242.2436013460159,88.86174339727481,9,247,0.997686613960635,4.312186299968744,14.972869097113694,-3.703602403783492,3,0.75,0_75_p3_h1_3_6_12_s0_75,0.75,True,True,highs
milp_h1,15,162.3064787648618,244.6873492002487,82.3808704353869,4,226,0.9994816543362798,4.5277102001418825,15.72121597271487,5.221018412337202,3,0.75,0_75_p3_h1_3_6_12_s0_75,0.75,True,True,highs
milp_h1,16,153.6841747022708,244.1498492002487,90.46567449797789,9,226,0.8199570489930543,4.396161099939491,15.264448263678787,-3.401285650253783,3,0.75,0_75_p3_h1_3_6_12_s0_75,0.75,True,True,highs
milp_h1,17,139.75818639070116,239.23110247850417,99.47291608780301,4,237,0.9977874655730805,5.8556782999803545,20.33221631937623,-17.327273961823437,3,0.75,0_75_p3_h1_3_6_12_s0_75,0.75,True,True,highs
milp_h1,18,184.20484698750073,242.68109920024867,58.47625221274792,5,238,0.7597254614180009,7.692965100053698,26.71168437518645,27.119386634976138,3,0.75,0_75_p3_h1_3_6_12_s0_75,0.75,True,True,highs
milp_h1,19,152.02832037180067,240.45610027313234,88.42777990133166,4,203,0.9978516068894683,7.304634800166241,25.363315278355003,-5.0571399807239175,3,0.75,0_75_p3_h1_3_6_12_s0_75,0.75,True,True,highs
milp_h1,20,174.6877202047209,240.94985080957412,66.26213060485323,8,240,0.9969481498207651,7.4105168999230955,25.730961458066304,17.602259852196312,3,0.75,0_75_p3_h1_3_6_12_s0_75,0.75,True,True,highs
milp_h1,21,139.7686758767323,241.89360402822493,102.12492815149264,7,238,0.9979911067128082,7.477689999985159,25.96420138883736,-17.316784475792304,3,0.75,0_75_p3_h1_3_6_12_s0_75,0.75,True,True,highs
milp_h1,22,176.5294948592782,244.6873492002487,68.1578543409705,4,245,0.9989146621181967,7.831032599991886,27.191085416638494,19.44403450675361,3,0.75,0_75_p3_h1_3_6_12_s0_75,0.75,True,True,highs
milp_h1,23,162.03869623690844,243.84359973669052,81.80490349978209,6,244,0.49701292671213737,7.164094300067518,24.875327430789994,4.953235884383844,3,0.75,0_75_p3_h1_3_6_12_s0_75,0.75,True,True,highs
milp_h1,24,156.35849355995455,243.4810992002487,87.12260564029415,8,238,0.8218011574771861,7.316849500100943,25.405727430906055,-0.7269667925700389,3,0.75,0_75_p3_h1_3_6_12_s0_75,0.75,True,True,highs
milp_h1,25,124.08637895964617,244.77484973669047,120.6884707770443,6,245,0.9980061964989466,6.752869900185033,23.44746493119803,-32.99908139287842,3,0.75,0_75_p3_h1_3_6_12_s0_75,0.75,True,True,highs
milp_h1,26,154.7281149111688,244.19359866380688,89.4654837526381,5,214,0.9985520266383381,7.041895999966073,24.451027777659974,-2.3573454413557897,3,0.75,0_75_p3_h1_3_6_12_s0_75,0.75,True,True,highs
milp_h1,27,187.40165882835782,244.81859920024868,57.41694037189086,6,259,0.9996098974430108,6.926773700164631,24.05129757001608,30.316198475833232,3,0.75,0_75_p3_h1_3_6_12_s0_75,0.75,True,True,highs
milp_h1,28,140.92623519177238,238.95610241889952,98.02986722712714,4,256,0.9980184249427461,6.582370400079526,22.85545277805391,-16.159225160752214,3,0.75,0_75_p3_h1_3_6_12_s0_75,0.75,True,True,highs
milp_h1,29,150.9611118286848,242.50609973669052,91.54498790800571,4,243,0.0,6.654274499989697,23.10511979163089,-6.124348523839785,3,0.75,0_75_p3_h1_3_6_12_s0_75,0.75,True,True,highs
milp_h3,0,157.71690497795737,244.19359866380688,86.4766936858495,8,225,0.9949285513336555,12.095723700040253,41.99904062513977,0.6314446254327777,3,0.75,0_75_p3_h1_3_6_12_s0_75,0.75,True,True,highs
milp_h3,1,160.1925655290484,244.01859920024867,83.82603367120026,4,228,0.8423464361473135,13.720214699947974,47.63963437481935,3.1071051765238167,3,0.75,0_75_p3_h1_3_6_12_s0_75,0.75,True,True,highs
milp_h3,2,163.4533957118789,244.86234866380687,81.40895295192797,5,236,0.7423588328481076,13.007151500016334,45.163720486167826,6.3679353593543055,3,0.75,0_75_p3_h1_3_6_12_s0_75,0.75,True,True,highs
milp_h3,3,157.46513500710324,243.34984920024866,85.88471419314541,7,226,0.9981711741478074,11.826349500144715,41.063713542169154,0.37967465457865046,3,0.75,0_75_p3_h1_3_6_12_s0_75,0.75,True,True,highs
milp_h3,4,153.16223110631103,245.53109866380686,92.36886755749582,6,233,0.9984258840276556,11.970397099852562,41.56387881893251,-3.923229246213566,3,0.75,0_75_p3_h1_3_6_12_s0_75,0.75,True,True,highs
milp_h3,5,161.86980074768263,242.33110027313228,80.46129952544966,6,248,0.7424048255181056,10.654607900112751,36.99516631983594,4.78434039515804,3,0.75,0_75_p3_h1_3_6_12_s0_75,0.75,True,True,highs
milp_h3,6,152.971818413525,241.71854913234705,88.74673071882206,5,274,0.9986982740346426,7.094288400141522,24.63294583382473,-4.113641938999592,3,0.75,0_75_p3_h1_3_6_12_s0_75,0.75,True,True,highs
milp_h3,7,174.07342085834782,238.60610510110854,64.53268424276072,6,221,0.9969545467484645,5.130522999796085,17.814315971514183,16.987960505823224,3,0.75,0_75_p3_h1_3_6_12_s0_75,0.75,True,True,highs
milp_h3,8,163.34045624285932,242.01234920024868,78.67189295738935,6,240,0.7402907436137164,6.1421971999516245,21.327073610943142,6.254995890334726,3,0.75,0_75_p3_h1_3_6_12_s0_75,0.75,True,True,highs
milp_h3,9,143.36985347295797,244.01859920024867,100.64874572729069,3,264,0.6987526803796295,8.29365400003735,28.797409722351908,-13.715606879566622,3,0.75,0_75_p3_h1_3_6_12_s0_75,0.75,True,True,highs
milp_h3,10,131.57124447723228,244.19359866380688,112.6223541865746,6,232,0.998653133443184,5.856496099819196,20.33505590214999,-25.514215875292308,3,0.75,0_75_p3_h1_3_6_12_s0_75,0.75,True,True,highs
milp_h3,11,155.16424683197334,241.84979972839352,86.68555289642016,7,207,0.9983242629837907,7.951715200106264,27.610122222591194,-1.9212135205512482,3,0.75,0_75_p3_h1_3_6_12_s0_75,0.75,True,True,highs
milp_h3,12,156.73937769532202,243.5248486638069,86.78547096848487,5,245,0.9989191171103954,7.134390900027938,24.772190625097007,-0.34608265720257236,3,0.75,0_75_p3_h1_3_6_12_s0_75,0.75,True,True,highs
milp_h3,13,158.9639645492037,244.86234866380687,85.89838411460319,5,223,0.9978396523636887,7.751818900054786,26.916037847412454,1.8785041966791027,3,0.75,0_75_p3_h1_3_6_12_s0_75,0.75,True,True,highs
milp_h3,14,155.07669378370042,244.86234866380684,89.78565488010643,6,250,0.9975173233579705,8.940233399989665,31.04247708329745,-2.0087665688241714,3,0.75,0_75_p3_h1_3_6_12_s0_75,0.75,True,True,highs
milp_h3,15,162.30647876486182,244.6873492002487,82.38087043538688,6,224,0.8200224363029216,7.001570799853653,24.311009721714072,5.22101841233723,3,0.75,0_75_p3_h1_3_6_12_s0_75,0.75,True,True,highs
milp_h3,16,153.70995480244358,244.19359866380688,90.48364386136332,5,230,0.9977698191554596,7.394723500008695,25.67612326391908,-3.375505550081016,3,0.75,0_75_p3_h1_3_6_12_s0_75,0.75,True,True,highs
milp_h3,17,140.28190275631744,240.11855187416072,99.83664911784327,4,237,0.9980841981377598,7.325377799861599,25.435339582852773,-16.803557596207156,3,0.75,0_75_p3_h1_3_6_12_s0_75,0.75,True,True,highs
milp_h3,18,184.2048469875008,242.6810992002487,58.47625221274792,5,238,0.8392537799929021,6.03361640003277,20.950056944558227,27.119386634976195,3,0.75,0_75_p3_h1_3_6_12_s0_75,0.75,True,True,highs
milp_h3,19,152.29004625966547,240.87479984760282,88.58475358793734,4,203,0.996889369532796,8.049957399867708,27.951240971762875,-4.795414092859119,3,0.75,0_75_p3_h1_3_6_12_s0_75,0.75,True,True,highs
milp_h3,20,174.72061980105934,240.99360027313227,66.27298047207294,4,244,0.9977151794834451,11.50785949989222,39.957845485736875,17.63515944853475,3,0.75,0_75_p3_h1_3_6_12_s0_75,0.75,True,True,highs
milp_h3,21,139.91287294402719,242.1561008095741,102.24322786554693,8,237,0.7719129286540802,10.378949799982365,36.038020138827655,-17.172587408497407,3,0.75,0_75_p3_h1_3_6_12_s0_75,0.75,True,True,highs
milp_h3,22,177.08580683544272,245.53109866380686,68.44529182836412,5,244,0.0,14.947520999936387,51.90111458311245,20.000346482918133,3,0.75,0_75_p3_h1_3_6_12_s0_75,0.75,True,True,highs
milp_h3,23,162.03869623690838,243.84359973669046,81.80490349978207,8,242,0.5380030860967459,15.08097480025026,52.364495834202295,4.953235884383787,3,0.75,0_75_p3_h1_3_6_12_s0_75,0.75,True,True,highs
milp_h3,24,156.38771236836908,243.52484866380686,87.1371362954378,6,240,0.7467158359467256,12.32456440012902,42.79362638933688,-0.6977479841555123,3,0.75,0_75_p3_h1_3_6_12_s0_75,0.75,True,True,highs
milp_h3,25,124.13627201318738,244.86234866380687,120.72607665061949,4,247,0.996326032949626,15.149694200110389,52.60310486149441,-32.94918833933721,3,0.75,0_75_p3_h1_3_6_12_s0_75,0.75,True,True,highs
milp_h3,26,154.04808087333362,243.17485134601588,89.12677047268228,4,215,0.9992700826544713,9.01758620009059,31.311063194758997,-3.0373794791909745,3,0.75,0_75_p3_h1_3_6_12_s0_75,0.75,True,True,highs
milp_h3,27,187.4346167574326,244.86234866380687,57.42773190637429,5,260,0.998311523150482,8.336633600003552,28.946644444456776,30.349156404908,3,0.75,0_75_p3_h1_3_6_12_s0_75,0.75,True,True,highs
milp_h3,28,143.77540702397621,244.01859920024867,100.24319217627246,4,256,0.0,14.059638499937137,48.81818923589284,-13.310053328548378,3,0.75,0_75_p3_h1_3_6_12_s0_75,0.75,True,True,highs
milp_h3,29,150.96111182868478,242.5060997366905,91.54498790800571,6,241,0.9990120185665092,8.495569400023669,29.498504861193297,-6.124348523839814,3,0.75,0_75_p3_h1_3_6_12_s0_75,0.75,True,True,highs
milp_h6,0,157.71690497795737,244.19359866380688,86.4766936858495,5,228,0.9987548032451539,9.741895000217482,33.8260243063107,0.6314446254327777,3,0.75,0_75_p3_h1_3_6_12_s0_75,0.75,True,True,highs
milp_h6,1,160.1925655290484,244.01859920024867,83.82603367120026,4,228,0.8423464361473135,10.152289499834296,35.25100520775797,3.1071051765238167,3,0.75,0_75_p3_h1_3_6_12_s0_75,0.75,True,True,highs
milp_h6,2,163.4533957118789,244.86234866380687,81.40895295192797,5,236,0.7423588328481076,9.147720099921571,31.762917013616565,6.3679353593543055,3,0.75,0_75_p3_h1_3_6_12_s0_75,0.75,True,True,highs
milp_h6,3,157.46513500710324,243.34984920024866,85.88471419314541,4,229,0.9984686497067399,10.833014499919955,37.61463368027762,0.37967465457865046,3,0.75,0_75_p3_h1_3_6_12_s0_75,0.75,True,True,highs
milp_h6,4,153.16223110631108,245.5310986638069,92.36886755749582,6,233,0.9985029849667892,8.860095700016245,30.764221180611962,-3.923229246213509,3,0.75,0_75_p3_h1_3_6_12_s0_75,0.75,True,True,highs
milp_h6,5,161.86980074768263,242.33110027313228,80.46129952544966,6,248,0.8707666018972957,8.668118000015966,30.09763194449988,4.78434039515804,3,0.75,0_75_p3_h1_3_6_12_s0_75,0.75,True,True,highs
milp_h6,6,152.97191868507423,241.71864944696424,88.74673076189,4,275,0.9974625189685427,8.802442699874518,30.564037152342078,-4.113541667450363,3,0.75,0_75_p3_h1_3_6_12_s0_75,0.75,True,True,highs
milp_h6,7,177.46981064936577,243.7998502731323,66.33003962376654,3,224,0.9993567540705781,7.014101200009463,24.354518055588414,20.384350296841177,3,0.75,0_75_p3_h1_3_6_12_s0_75,0.75,True,True,highs
milp_h6,8,163.34045624285932,242.01234920024868,78.67189295738935,9,238,0.9345182281169815,13.151931600048556,45.666429166835265,6.254995890334726,3,0.75,0_75_p3_h1_3_6_12_s0_75,0.75,True,True,highs
milp_h6,9,143.36985347295797,244.01859920024867,100.64874572729069,3,264,0.6987526803796295,16.932671299946378,58.79399756925826,-13.715606879566622,3,0.75,0_75_p3_h1_3_6_12_s0_75,0.75,True,True,highs
milp_h6,10,131.57124447723226,244.19359866380685,112.6223541865746,5,233,0.9970154741901706,17.54232719981519,60.91085833269163,-25.514215875292336,3,0.75,0_75_p3_h1_3_6_12_s0_75,0.75,True,True,highs
milp_h6,11,155.16434712855016,241.84989986419674,86.68555273564657,8,206,0.9969484019934892,17.523725600083708,60.8462694447351,-1.9211132239744302,3,0.75,0_75_p3_h1_3_6_12_s0_75,0.75,True,True,highs
milp_h6,12,156.739377695322,243.52484866380686,86.78547096848486,6,244,0.9665676054822739,17.445059999954537,60.57312499984214,-0.3460826572026008,3,0.75,0_75_p3_h1_3_6_12_s0_75,0.75,True,True,highs
milp_h6,13,158.9639645492037,244.86234866380687,85.89838411460319,5,223,0.8220855111306528,17.544678600184852,60.91902291730852,1.8785041966791027,3,0.75,0_75_p3_h1_3_6_12_s0_75,0.75,True,True,highs
milp_h6,14,155.0489787897332,244.81859920024866,89.76962041051544,9,247,0.9976214439105421,17.245826000071247,59.881340278025164,-2.03648156279138,3,0.75,0_75_p3_h1_3_6_12_s0_75,0.75,True,True,highs
milp_h6,15,161.71690747884472,243.7998502731323,82.08294279428759,5,226,0.9980251286461326,15.431778800004395,53.58256527779304,4.631447126320126,3,0.75,0_75_p3_h1_3_6_12_s0_75,0.75,True,True,highs
milp_h6,16,153.70995480244358,244.19359866380688,90.48364386136332,7,228,0.9983449151947189,17.03883240003779,59.16261250013122,-3.375505550081016,3,0.75,0_75_p3_h1_3_6_12_s0_75,0.75,True,True,highs
milp_h6,17,140.28200210173048,240.11865093708033,99.83664883534983,4,237,0.9975764399284939,16.45590759998595,57.13856805550677,-16.803458250794108,3,0.75,0_75_p3_h1_3_6_12_s0_75,0.75,True,True,highs
milp_h6,18,185.16636473375058,243.93110027313227,58.76473553938169,5,239,0.7608489543312529,17.410703199740965,60.45383055465613,28.08090438122599,3,0.75,0_75_p3_h1_3_6_12_s0_75,0.75,True,True,highs
milp_h6,19,152.2901461719195,240.8748998045921,88.58475363267262,4,203,0.996889369532796,17.63649960004841,61.237845833501424,-4.795314180605089,3,0.75,0_75_p3_h1_3_6_12_s0_75,0.75,True,True,highs
milp_h6,20,174.72061980105937,240.99360027313233,66.27298047207296,9,239,0.9976572245559053,11.883849200035911,41.263365277902466,17.63515944853478,3,0.75,0_75_p3_h1_3_6_12_s0_75,0.75,True,True,highs
milp_h6,21,139.91287294402719,242.1561008095741,102.24322786554693,7,238,0.9982236032651004,18.113343100019847,62.89355243062447,-17.172587408497407,3,0.75,0_75_p3_h1_3_6_12_s0_75,0.75,True,True,highs
milp_h6,22,176.89181004316015,245.2248524188995,68.33304237573935,8,241,0.9982113042494639,17.350310100024217,60.24413229175075,19.806349690635557,3,0.75,0_75_p3_h1_3_6_12_s0_75,0.75,True,True,highs
milp_h6,23,162.03869623690838,243.84359973669046,81.80490349978207,6,244,0.8947936051814166,18.632297200034373,64.69547638900823,4.953235884383787,3,0.75,0_75_p3_h1_3_6_12_s0_75,0.75,True,True,highs
milp_h6,24,156.2989289571637,243.3936002731323,87.09467131596863,7,239,0.8731046884278025,13.077830400085077,45.40913333362874,-0.7865313953608961,3,0.75,0_75_p3_h1_3_6_12_s0_75,0.75,True,True,highs
milp_h6,25,124.13627201318738,244.86234866380687,120.72607665061949,4,247,0.996326032949626,20.215892099920893,70.194069791392,-32.94918833933721,3,0.75,0_75_p3_h1_3_6_12_s0_75,0.75,True,True,highs
milp_h6,26,154.7281149111688,244.19359866380688,89.4654837526381,3,216,0.9992792271972734,12.907618299825117,44.81811909661499,-2.3573454413557897,3,0.75,0_75_p3_h1_3_6_12_s0_75,0.75,True,True,highs
milp_h6,27,187.4346167574326,244.86234866380687,57.427731906374284,6,259,0.0,18.28531329992984,63.49067118031194,30.349156404908,3,0.75,0_75_p3_h1_3_6_12_s0_75,0.75,True,True,highs
milp_h6,28,143.77540702397621,244.01859920024867,100.24319217627246,4,256,0.9993902325107973,18.355863999997382,63.7356388888798,-13.310053328548378,3,0.75,0_75_p3_h1_3_6_12_s0_75,0.75,True,True,highs
milp_h6,29,150.96111182868478,242.5060997366905,91.54498790800571,5,242,0.9958561439760314,15.166768299925025,52.66238993029523,-6.124348523839814,3,0.75,0_75_p3_h1_3_6_12_s0_75,0.75,True,True,highs
milp_h12,0,157.71690497795737,244.19359866380688,86.4766936858495,5,228,0.9969508734691866,21.70983289994183,75.38136423590913,0.6314446254327777,3,0.75,0_75_p3_h1_3_6_12_s0_75,0.75,True,True,highs
milp_h12,1,160.1925655290484,244.01859920024867,83.82603367120026,4,228,0.8423464361473135,22.973322499994538,79.76848090275881,3.1071051765238167,3,0.75,0_75_p3_h1_3_6_12_s0_75,0.75,True,True,highs
milp_h12,2,161.85644931082766,242.2436013460159,80.38715203518827,6,235,0.9344822483452003,15.333183400070993,53.240220139135396,4.7709889583030645,3,0.75,0_75_p3_h1_3_6_12_s0_75,0.75,True,True,highs
milp_h12,3,157.46513500710324,243.34984920024866,85.88471419314541,5,228,0.8212078072470614,25.712501900081406,89.27952048639378,0.37967465457865046,3,0.75,0_75_p3_h1_3_6_12_s0_75,0.75,True,True,highs
milp_h12,4,153.16223110631108,245.5310986638069,92.36886755749582,6,233,0.620387968193352,21.098250400129473,73.25781388933845,-3.923229246213509,3,0.75,0_75_p3_h1_3_6_12_s0_75,0.75,True,True,highs
milp_h12,5,161.86980074768263,242.33110027313228,80.46129952544966,5,249,0.9997298142855209,20.186050900025293,70.09045451397671,4.78434039515804,3,0.75,0_75_p3_h1_3_6_12_s0_75,0.75,True,True,highs
milp_h12,6,152.9718182412533,241.71854913234708,88.7467308910938,4,275,0.9974625189685427,19.397180200001458,67.35132013889395,-4.113642111271304,3,0.75,0_75_p3_h1_3_6_12_s0_75,0.75,True,True,highs
milp_h12,7,177.47399893183467,243.7998502731323,66.32585134129762,7,220,0.9985764488530542,14.932994399991003,51.85067499996876,20.38853857931008,3,0.75,0_75_p3_h1_3_6_12_s0_75,0.75,True,True,highs
milp_h12,8,163.57685613251127,242.38729913234707,78.8104429998358,7,239,0.7402907436137164,18.174058000033256,63.104368055671024,6.491395779986675,3,0.75,0_75_p3_h1_3_6_12_s0_75,0.75,True,True,highs
milp_h12,9,143.36985347295797,244.01859920024867,100.64874572729069,3,264,0.6987526803796295,24.09721469989745,83.67088437464392,-13.715606879566622,3,0.75,0_75_p3_h1_3_6_12_s0_75,0.75,True,True,highs
milp_h12,10,131.57124447723226,244.19359866380685,112.6223541865746,5,233,0.9970154741901706,24.556586499980767,85.26592534715545,-25.514215875292336,3,0.75,0_75_p3_h1_3_6_12_s0_75,0.75,True,True,highs
milp_h12,11,155.1642466482321,241.84979972839352,86.68555308016141,6,208,0.9976806295327029,20.011737800043193,69.48520069459443,-1.9212137042924837,3,0.75,0_75_p3_h1_3_6_12_s0_75,0.75,True,True,highs
milp_h12,12,156.73937769532202,243.5248486638069,86.78547096848487,6,244,0.9555082499901193,22.3687849000562,77.66939201408402,-0.34608265720257236,3,0.75,0_75_p3_h1_3_6_12_s0_75,0.75,True,True,highs
milp_h12,13,158.9639645492037,244.86234866380687,85.89838411460319,6,222,0.854992153495083,21.625828100019135,75.08968090284422,1.8785041966791027,3,0.75,0_75_p3_h1_3_6_12_s0_75,0.75,True,True,highs
milp_h12,14,155.0489787897332,244.81859920024866,89.76962041051544,9,247,0.9975643210016997,21.36556230011047,74.1859802087169,-2.03648156279138,3,0.75,0_75_p3_h1_3_6_12_s0_75,0.75,True,True,highs
milp_h12,15,162.30647876486182,244.6873492002487,82.38087043538688,5,225,0.7038069670536987,19.727376799841295,68.49783611056006,5.22101841233723,3,0.75,0_75_p3_h1_3_6_12_s0_75,0.75,True,True,highs
milp_h12,16,153.70995480244358,244.19359866380688,90.48364386136332,6,229,0.9991622796297512,21.829633899993496,75.79733993053297,-3.375505550081016,3,0.75,0_75_p3_h1_3_6_12_s0_75,0.75,True,True,highs
milp_h12,17,140.28190258247537,240.11855187416072,99.83664929168536,4,237,0.9994971871101417,20.457950799973332,71.03455138879629,-16.803557770049224,3,0.75,0_75_p3_h1_3_6_12_s0_75,0.75,True,True,highs
milp_h12,18,184.20484698750073,242.68109920024867,58.47625221274792,6,237,0.6285735364798682,23.218431799992686,80.61955486108572,27.119386634976138,3,0.75,0_75_p3_h1_3_6_12_s0_75,0.75,True,True,highs
milp_h12,19,152.26524898620644,240.83105056285856,88.56580157665212,4,203,0.9995130416931615,17.931321699958062,62.26153368040994,-4.820211366318148,3,0.75,0_75_p3_h1_3_6_12_s0_75,0.75,True,True,highs
milp_h12,20,174.98081505711218,241.36855056285856,66.38773550574639,14,235,0.996900182751523,17.412905900084297,60.461478819737145,17.89535470458759,3,0.75,0_75_p3_h1_3_6_12_s0_75,0.75,True,True,highs
milp_h12,21,139.91287294402719,242.1561008095741,102.24322786554693,8,237,0.7158392313197969,22.907423799901153,79.539665971879,-17.172587408497407,3,0.75,0_75_p3_h1_3_6_12_s0_75,0.75,True,True,highs
milp_h12,22,177.08580683544278,245.5310986638069,68.44529182836412,6,243,0.0,18.822252999947523,65.35504513870667,20.00034648291819,3,0.75,0_75_p3_h1_3_6_12_s0_75,0.75,True,True,highs
milp_h12,23,162.03869623690838,243.84359973669046,81.80490349978207,6,244,0.8723760339887593,23.941135900036898,83.12894409735034,4.953235884383787,3,0.75,0_75_p3_h1_3_6_12_s0_75,0.75,True,True,highs
milp_h12,24,156.6261570854171,243.89979841709135,87.27364133167424,8,238,0.8711997842793431,21.94266639999114,76.18981388885813,-0.4593032671074866,3,0.75,0_75_p3_h1_3_6_12_s0_75,0.75,True,True,highs
milp_h12,25,124.13627201318738,244.86234866380687,120.72607665061949,4,247,0.996326032949626,27.9452856999269,97.03224201363507,-32.94918833933721,3,0.75,0_75_p3_h1_3_6_12_s0_75,0.75,True,True,highs
milp_h12,26,154.7281149111688,244.19359866380688,89.4654837526381,3,216,0.9992792271972734,17.00374350011407,59.04077604206274,-2.3573454413557897,3,0.75,0_75_p3_h1_3_6_12_s0_75,0.75,True,True,highs
milp_h12,27,187.4346167574326,244.86234866380687,57.427731906374284,6,259,0.0,22.698064100026386,78.81272256953606,30.349156404908,3,0.75,0_75_p3_h1_3_6_12_s0_75,0.75,True,True,highs
milp_h12,28,143.77540702397621,244.01859920024867,100.24319217627246,4,256,0.9993902325107973,23.884411100036232,82.93198298623692,-13.310053328548378,3,0.75,0_75_p3_h1_3_6_12_s0_75,0.75,True,True,highs
milp_h12,29,150.96111182868478,242.5060997366905,91.54498790800571,6,241,0.9979521763571366,22.928415500020492,79.6125538195156,-6.124348523839814,3,0.75,0_75_p3_h1_3_6_12_s0_75,0.75,True,True,highs
equal_share,0,154.15013775605982,240.52709445218292,86.3769566961231,12,221,0.9118603729394342,0.0051700001349672675,0.017951389357525233,-2.935322596464772,3,0.75,0_75_p3_h1_3_6_12_s0_75,0.75,True,True,highs
equal_share,1,155.3922616525885,238.46803056875808,83.07576891616958,6,226,0.8691192438862833,0.005509599766810425,0.01913055474586953,-1.6931986999360902,3,0.75,0_75_p3_h1_3_6_12_s0_75,0.75,True,True,highs
equal_share,2,106.11472229864017,161.0457771897316,54.93105489109144,2,239,0.9971375170778302,0.004380300204502419,0.015209375710077843,-50.97073805388442,3,0.75,0_75_p3_h1_3_6_12_s0_75,0.75,True,True,highs
equal_share,3,112.94106285508366,175.73557439501505,62.79451153993139,4,229,0.998714443990122,0.004352800067863427,0.015113889124525789,-44.144397497440934,3,0.75,0_75_p3_h1_3_6_12_s0_75,0.75,True,True,highs
equal_share,4,144.34308060221457,233.07040754916727,88.72732694695272,7,232,0.9980161990099758,0.00474790004955139,0.016485764060942328,-12.742379750310022,3,0.75,0_75_p3_h1_3_6_12_s0_75,0.75,True,True,highs
equal_share,5,151.31514416011183,227.58328032353103,76.2681361634192,8,246,0.9982623018400633,0.0045115999528206885,0.015665277613960724,-5.770316192412764,3,0.75,0_75_p3_h1_3_6_12_s0_75,0.75,True,True,highs
equal_share,6,117.57578358988096,187.19441329750396,69.618629707623,2,277,0.993884117959231,0.004881300148554146,0.01694895884914634,-39.509676762643636,3,0.75,0_75_p3_h1_3_6_12_s0_75,0.75,True,True,highs
equal_share,7,159.22234889869074,218.54582160777568,59.32347270908493,8,219,0.6567337023809282,0.0043951999105047435,0.015261110800363693,2.1368885461661478,3,0.75,0_75_p3_h1_3_6_12_s0_75,0.75,True,True,highs
equal_share,8,146.03354084662368,217.35625255124268,71.322711704619,4,242,0.9982152573520136,0.0045311000576475635,0.015732986311276263,-11.051919505900912,3,0.75,0_75_p3_h1_3_6_12_s0_75,0.75,True,True,highs
equal_share,9,110.22575337444592,187.5647914657947,77.3390380913488,5,262,0.8973252636991397,0.004588199997670017,0.01593124999190978,-46.85970697807868,3,0.75,0_75_p3_h1_3_6_12_s0_75,0.75,True,True,highs
equal_share,10,112.93849378473303,212.21318815986197,99.27469437512895,7,231,0.6602371159375615,0.003950300058932044,0.013716319649069596,-44.146966567791566,3,0.75,0_75_p3_h1_3_6_12_s0_75,0.75,True,True,highs
equal_share,11,117.36363900201711,183.33948627618852,65.97584727417141,5,209,0.9926786947114994,0.0028712999337585643,0.009969791436661681,-39.72182135050748,3,0.75,0_75_p3_h1_3_6_12_s0_75,0.75,True,True,highs
equal_share,12,141.60247457560214,220.8819151237607,79.27944054815856,6,244,0.7280612301988748,0.002175099973101169,0.007552430462156836,-15.482985776922447,3,0.75,0_75_p3_h1_3_6_12_s0_75,0.75,True,True,highs
equal_share,13,127.37845229432747,198.16480710837237,70.7863548140449,3,225,0.9982905410480238,0.0021809998725075275,0.007572916223984471,-29.70700805819712,3,0.75,0_75_p3_h1_3_6_12_s0_75,0.75,True,True,highs
equal_share,14,142.31342298928735,226.79518307907566,84.48176008978831,12,244,0.8030984130340881,0.0021447002509376034,0.007446875871311123,-14.772037363237246,3,0.75,0_75_p3_h1_3_6_12_s0_75,0.75,True,True,highs
equal_share,15,138.30158534426732,208.00642939343948,69.70484404917215,4,226,0.9974141575247201,0.0021368000307120383,0.007419444551083466,-18.78387500825727,3,0.75,0_75_p3_h1_3_6_12_s0_75,0.75,True,True,highs
equal_share,16,113.92098860931077,181.72667048699904,67.80568187768827,4,231,0.9967470827509537,0.0022512000577989966,0.007816666867357627,-43.164471743213824,3,0.75,0_75_p3_h1_3_6_12_s0_75,0.75,True,True,highs
equal_share,17,138.4284102503482,239.01556451459842,100.58715426425022,8,234,0.8222297344216317,0.002284199887071736,0.007931249607887972,-18.657050102176385,3,0.75,0_75_p3_h1_3_6_12_s0_75,0.75,True,True,highs
equal_share,18,181.30614363673297,239.89317449637375,58.58703085964078,9,234,0.9173485516139731,0.0023464998812414706,0.00814756903208844,24.220683284208377,3,0.75,0_75_p3_h1_3_6_12_s0_75,0.75,True,True,highs
equal_share,19,119.58123416988316,190.2712156333082,70.68998146342504,7,200,0.998122286739428,0.0023061999527271837,0.008007638724747166,-37.50422618264143,3,0.75,0_75_p3_h1_3_6_12_s0_75,0.75,True,True,highs
equal_share,20,127.79038169558754,177.0174483338467,49.22706663825915,6,242,0.794673536035874,0.0023318999737966806,0.008096874909016252,-29.29507865693705,3,0.75,0_75_p3_h1_3_6_12_s0_75,0.75,True,True,highs
equal_share,21,112.96922905040796,197.2181425787619,84.24891352835394,8,237,0.9464289689544213,0.0022624999983236194,0.007855902771957012,-44.11623130211663,3,0.75,0_75_p3_h1_3_6_12_s0_75,0.75,True,True,highs
equal_share,22,85.04294833176763,120.93840873241425,35.89546040064661,2,247,0.0,0.002439600109937601,0.008470833715061113,-72.04251202075696,3,0.75,0_75_p3_h1_3_6_12_s0_75,0.75,True,True,highs
equal_share,23,100.10964985773484,151.56562340512914,51.455973547394315,3,247,0.733155195611253,0.002330299947061576,0.008091319260630472,-56.975810494789755,3,0.75,0_75_p3_h1_3_6_12_s0_75,0.75,True,True,highs
equal_share,24,82.84171523541241,129.47847068070203,46.63675544528963,3,243,0.45049000934757205,0.002413100126432255,0.00837881988344533,-74.24374511711218,3,0.75,0_75_p3_h1_3_6_12_s0_75,0.75,True,True,highs
equal_share,25,92.39938872258433,182.54552174657584,90.14613302399151,4,247,0.9967111923405211,0.0022594000038225204,0.00784513890216153,-64.68607162994026,3,0.75,0_75_p3_h1_3_6_12_s0_75,0.75,True,True,highs
equal_share,26,132.7920479822165,211.12109251916408,78.32904453694759,6,213,0.9968188791581767,0.0022875001741340384,0.007942708937965412,-24.29341237030809,3,0.75,0_75_p3_h1_3_6_12_s0_75,0.75,True,True,highs
equal_share,27,106.51680449449094,138.7461969450256,32.22939245053464,2,263,0.9957728048252564,0.00228979998792056,0.007950694402501944,-50.56865585803365,3,0.75,0_75_p3_h1_3_6_12_s0_75,0.75,True,True,highs
equal_share,28,115.60689697872066,198.44620795845987,82.83931097973921,6,254,0.9950110348055351,0.0024188999086618423,0.008398958016186953,-41.47856337380394,3,0.75,0_75_p3_h1_3_6_12_s0_75,0.75,True,True,highs
equal_share,29,111.67203352129407,180.41484313736223,68.74280961606816,5,242,0.9963589204065066,0.002330699877347797,0.00809270790745763,-45.413426831230524,3,0.75,0_75_p3_h1_3_6_12_s0_75,0.75,True,True,highs
max_charge,0,155.13662298520399,242.0687499999999,86.93212701479591,12,221,0.9118603729394342,0.0011929998872801661,0.004142360719722799,-1.948837367320607,3,0.75,0_75_p3_h1_3_6_12_s0_75,0.75,True,True,highs
max_charge,1,157.21305799335232,241.2687499999999,84.05569200664756,7,225,0.8691192438862833,0.0009844000305747613,0.0034180556617179215,0.12759764082773017,3,0.75,0_75_p3_h1_3_6_12_s0_75,0.75,True,True,highs
max_charge,2,160.49191370358062,242.1124999999999,81.62058629641928,6,235,0.9967316869434796,0.0010215001093456522,0.0035468753796724034,3.4064533510560295,3,0.75,0_75_p3_h1_3_6_12_s0_75,0.75,True,True,highs
max_charge,3,154.89651914338265,241.2249999999999,86.32848085661726,9,224,0.9989341703663053,0.001019999894197099,0.0035416662992954822,-2.1889412091419445,3,0.75,0_75_p3_h1_3_6_12_s0_75,0.75,True,True,highs
max_charge,4,149.7873824425041,242.15624999999991,92.3688675574958,8,231,0.9980161990099758,0.0010158999066334218,0.0035274302313660476,-7.298077910020481,3,0.75,0_75_p3_h1_3_6_12_s0_75,0.75,True,True,highs
max_charge,5,158.89284214998278,239.5812499999999,80.68840785001711,9,245,0.9982623018400633,0.0010150001180591062,0.0035243059654830075,1.8073817974581914,3,0.75,0_75_p3_h1_3_6_12_s0_75,0.75,True,True,highs
max_charge,6,151.35349939887715,241.09374999999991,89.74025060112275,6,273,0.9969628963758547,0.0011670000676531345,0.00405208356824005,-5.7319609536474445,3,0.75,0_75_p3_h1_3_6_12_s0_75,0.75,True,True,highs
max_charge,7,174.1285010017454,240.46874999999991,66.34024899825451,9,218,0.6567337023809282,0.0010942000226350501,0.0037993056341494797,17.043040649220814,3,0.75,0_75_p3_h1_3_6_12_s0_75,0.75,True,True,highs
max_charge,8,161.54194038659327,241.1374999999999,79.59555961340664,7,239,0.9736316437807876,0.0009922999161062762,0.003445485819813459,4.456480034068676,3,0.75,0_75_p3_h1_3_6_12_s0_75,0.75,True,True,highs
max_charge,9,140.38242092852784,241.2687499999999,100.88632907147206,8,259,0.9372334397529081,0.0010312000231351703,0.003580555635886008,-16.703039423996756,3,0.75,0_75_p3_h1_3_6_12_s0_75,0.75,True,True,highs
max_charge,10,128.92439581851158,242.0687499999999,113.14435418148832,9,229,0.6602371159375615,0.001021000076434575,0.003545139154286719,-28.161064534013008,3,0.75,0_75_p3_h1_3_6_12_s0_75,0.75,True,True,highs
max_charge,11,153.86394772628938,241.8499999999999,87.98605227371054,8,206,0.9926786947114994,0.0009782000415725634,0.0033965279221269563,-3.22151262623521,3,0.75,0_75_p3_h1_3_6_12_s0_75,0.75,True,True,highs
max_charge,12,154.6418290391564,242.02499999999992,87.38317096084353,7,243,0.7280612301988748,0.0010063998779514804,0.003494444020664863,-2.4436313133682006,3,0.75,0_75_p3_h1_3_6_12_s0_75,0.75,True,True,highs
max_charge,13,155.98502421627435,242.1124999999999,86.12747578372554,7,221,0.5904989818913529,0.000999199997750111,0.0034694444366323296,-1.100436136250238,3,0.75,0_75_p3_h1_3_6_12_s0_75,0.75,True,True,highs
max_charge,14,152.04197295953827,242.02499999999992,89.98302704046166,13,243,0.8030984130340881,0.0009983000927604735,0.003466319766529422,-5.0434873929863215,3,0.75,0_75_p3_h1_3_6_12_s0_75,0.75,True,True,highs
max_charge,15,158.93162956461305,241.31249999999991,82.38087043538687,7,223,0.9977829033762877,0.0010002000344684348,0.0034729167863487317,1.846169212088455,3,0.75,0_75_p3_h1_3_6_12_s0_75,0.75,True,True,highs
max_charge,16,151.1354061308006,242.0687499999999,90.93334386919932,9,226,0.8215945727859278,0.0010128999274456874,0.003517013636964192,-5.9500542217240024,3,0.75,0_75_p3_h1_3_6_12_s0_75,0.75,True,True,highs
max_charge,17,139.0516667972008,240.11874999999992,101.06708320279913,8,234,0.8222297344216317,0.0009857000113697723,0.0034225694839228205,-18.033793555323797,3,0.75,0_75_p3_h1_3_6_12_s0_75,0.75,True,True,highs
max_charge,18,182.27227279730135,241.18124999999992,58.90897720269857,9,234,0.9173485516139731,0.0010817999282153323,0.0037562497507476816,25.186812444776763,3,0.75,0_75_p3_h1_3_6_12_s0_75,0.75,True,True,highs
max_charge,19,150.6050590336322,240.2062499999999,89.6011909663677,9,198,0.998122286739428,0.0008576998807257041,0.0029781245858531394,-6.480401318892405,3,0.75,0_75_p3_h1_3_6_12_s0_75,0.75,True,True,highs
max_charge,20,172.64699454195792,239.49374999999992,66.846755458042,11,237,0.875540820624616,0.00088620008318685,0.0030770836221765624,15.561534189433331,3,0.75,0_75_p3_h1_3_6_12_s0_75,0.75,True,True,highs
max_charge,21,136.538022134453,238.78124999999991,102.24322786554691,10,235,0.9456450073071622,0.0009053000685526058,0.003143403015807659,-20.54743821807159,3,0.75,0_75_p3_h1_3_6_12_s0_75,0.75,True,True,highs
max_charge,22,173.7109581716358,242.15624999999991,68.4452918283641,11,238,0.9982817409673239,0.0009476998093305156,0.003290624337953179,16.625497819111217,3,0.75,0_75_p3_h1_3_6_12_s0_75,0.75,True,True,highs
max_charge,23,158.66384650021786,240.46874999999991,81.80490349978206,7,244,0.8660128885234655,0.0009213999001076445,0.003199305208707099,1.5783861476932657,3,0.75,0_75_p3_h1_3_6_12_s0_75,0.75,True,True,highs
max_charge,24,154.1770254897574,241.9812499999999,87.8042245102425,11,235,0.889072081432072,0.0009475000406382605,0.0032899306966606267,-2.9084348627671943,3,0.75,0_75_p3_h1_3_6_12_s0_75,0.75,True,True,highs
max_charge,25,121.10321500897402,242.1124999999999,121.00928499102588,7,244,0.9972127799195988,0.0009222001244779676,0.003202083765548499,-35.982245343550574,3,0.75,0_75_p3_h1_3_6_12_s0_75,0.75,True,True,highs
max_charge,26,152.1629329107701,242.0687499999999,89.90581708922979,8,211,0.9969981702011183,0.0009487000352237374,0.003294097344526866,-4.922527441754482,3,0.75,0_75_p3_h1_3_6_12_s0_75,0.75,True,True,highs
max_charge,27,184.5388680924971,242.1124999999999,57.573631907502794,10,255,0.9957728048252564,0.0009597000171197578,0.0033322917261102702,27.453407739972505,3,0.75,0_75_p3_h1_3_6_12_s0_75,0.75,True,True,highs
max_charge,28,140.77536616002513,241.2687499999999,100.49338383997477,7,253,0.9950110348055351,0.0010071001306641847,0.003496875453695086,-16.310094192499463,3,0.75,0_75_p3_h1_3_6_12_s0_75,0.75,True,True,highs
max_charge,29,148.37761209905142,240.3812499999999,92.00363790094849,8,239,0.8287147057275025,0.0009920998272718862,0.0034447910669162716,-8.707848253473173,3,0.75,0_75_p3_h1_3_6_12_s0_75,0.75,True,True,highs
random,0,148.78068648839312,232.161562272774,83.38087578438089,8,225,0.998644613686003,0.008652100004837848,0.030042013905686973,-8.304773864131477,3,0.75,0_75_p3_h1_3_6_12_s0_75,0.75,True,True,highs
random,1,148.92630962213875,228.59769630992386,79.67138668778512,7,225,0.8054901033431074,0.008737899930565618,0.030339930314463952,-8.159150730385846,3,0.75,0_75_p3_h1_3_6_12_s0_75,0.75,True,True,highs
random,2,150.47682816799662,226.9431125007362,76.46628433273958,3,238,0.9990069094534333,0.009096100067836232,0.03158368079109803,-6.608632184527977,3,0.75,0_75_p3_h1_3_6_12_s0_75,0.75,True,True,highs
random,3,146.96401747889163,229.0349337547326,82.07091627584097,9,224,0.9953036181864293,0.008928399853175506,0.031001388379081618,-10.121442873632958,3,0.75,0_75_p3_h1_3_6_12_s0_75,0.75,True,True,highs
random,4,142.34558060734236,230.03642063960223,87.69084003225986,5,234,0.9988305832319542,0.008965500004705973,0.03113020834967352,-14.739879745182236,3,0.75,0_75_p3_h1_3_6_12_s0_75,0.75,True,True,highs
random,5,150.43494277394672,226.7833501053039,76.34840733135718,8,246,0.9980124207930148,0.00933430009172298,0.03241076420737146,-6.650517578577876,3,0.75,0_75_p3_h1_3_6_12_s0_75,0.75,True,True,highs
random,6,142.8206284932645,227.52275156892333,84.70212307565883,4,275,0.9987323498756734,0.009109300022828393,0.03162951396815414,-14.264831859260084,3,0.75,0_75_p3_h1_3_6_12_s0_75,0.75,True,True,highs
random,7,161.58395130099927,223.14876438850376,61.564813087504504,7,220,0.997558749081975,0.008960799954365939,0.031113888730437286,4.498490948474682,3,0.75,0_75_p3_h1_3_6_12_s0_75,0.75,True,True,highs
random,8,152.5025710664009,227.63578666903115,75.13321560263026,7,239,0.9978444663103652,0.009010800014948472,0.03128750005190442,-4.582889286123702,3,0.75,0_75_p3_h1_3_6_12_s0_75,0.75,True,True,highs
random,9,134.19482688902895,230.63129645156562,96.43646956253669,7,260,0.9325558579017494,0.009177600135444663,0.03186666713696064,-22.890633463495647,3,0.75,0_75_p3_h1_3_6_12_s0_75,0.75,True,True,highs
random,10,123.58295601885982,231.87420292184788,108.29124690298806,9,229,0.9952926532672176,0.00878699985332787,0.030510416157388438,-33.502504333664774,3,0.75,0_75_p3_h1_3_6_12_s0_75,0.75,True,True,highs
random,11,145.1222526135682,228.0922534659318,82.97000085236358,9,205,0.7140966447019155,0.00902729999506846,0.03134479164954326,-11.963207738956385,3,0.75,0_75_p3_h1_3_6_12_s0_75,0.75,True,True,highs
random,12,145.96992856263063,228.60140407375764,82.63147551112702,9,241,0.9358803935078477,0.00904070000979118,0.0313913194784416,-11.115531789893964,3,0.75,0_75_p3_h1_3_6_12_s0_75,0.75,True,True,highs
random,13,148.40552562584747,230.29403263091743,81.88850700506997,7,221,0.9972140580344736,0.009039299940923229,0.03138645812820565,-8.679934726677118,3,0.75,0_75_p3_h1_3_6_12_s0_75,0.75,True,True,highs
random,14,146.23659414425322,232.81488435993032,86.57829021567711,11,245,0.9970651388251972,0.008810200000880286,0.030590972225278772,-10.848866208271374,3,0.75,0_75_p3_h1_3_6_12_s0_75,0.75,True,True,highs
random,15,148.24842932895973,225.0359540774848,76.78752474852506,6,224,0.9970870690274223,0.008747199943172745,0.030372222024905367,-8.837031023564862,3,0.75,0_75_p3_h1_3_6_12_s0_75,0.75,True,True,highs
random,16,146.0624123260228,234.07130543925507,88.00889311323228,7,228,0.9949652161332195,0.008976800076197833,0.031169444709020253,-11.023048026501783,3,0.75,0_75_p3_h1_3_6_12_s0_75,0.75,True,True,highs
random,17,131.27291677278595,227.0177918100182,95.74487503723223,9,232,0.9985369291427747,0.009824699925957248,0.034113541409573775,-25.812543579738644,3,0.75,0_75_p3_h1_3_6_12_s0_75,0.75,True,True,highs
random,18,171.7702080515504,227.2468670259347,55.4766589743843,8,235,0.8987460239332951,0.00884570024209097,0.03071423695170476,14.68474769902582,3,0.75,0_75_p3_h1_3_6_12_s0_75,0.75,True,True,highs
random,19,142.80267330222588,227.66877300027627,84.86609969805039,5,202,0.9969060583301432,0.009286200220230967,0.032243750764690854,-14.282787050298708,3,0.75,0_75_p3_h1_3_6_12_s0_75,0.75,True,True,highs
random,20,162.71929810509218,225.631921582183,62.91262347709081,6,242,0.9979569709816272,0.009119400143390521,0.03166458383121709,5.633837752567587,3,0.75,0_75_p3_h1_3_6_12_s0_75,0.75,True,True,highs
random,21,129.0974490625445,225.47731688853358,96.37986782598908,8,237,0.8629612047538538,0.009616600000299513,0.0333909722232622,-27.98801128998008,3,0.75,0_75_p3_h1_3_6_12_s0_75,0.75,True,True,highs
random,22,166.1034330620406,231.1048326079277,65.00139954588708,14,235,0.8323212305220276,0.00923390022944659,0.032062153574467324,9.017972709516016,3,0.75,0_75_p3_h1_3_6_12_s0_75,0.75,True,True,highs
random,23,151.11552524513274,228.98810213158964,77.87257688645688,8,242,0.8864393779194936,0.009309300061431713,0.032323958546637895,-5.969935107391848,3,0.75,0_75_p3_h1_3_6_12_s0_75,0.75,True,True,highs
random,24,146.99007398856173,230.64419359798802,83.65411960942629,9,237,0.8127533699496282,0.008796799957053736,0.030544444295325473,-10.09538636396286,3,0.75,0_75_p3_h1_3_6_12_s0_75,0.75,True,True,highs
random,25,114.16062614980602,228.60012621845678,114.43950006865076,6,245,0.9922976780367656,0.009568599969497882,0.03322430544964542,-42.92483420271857,3,0.75,0_75_p3_h1_3_6_12_s0_75,0.75,True,True,highs
random,26,141.4313224299454,225.1967977336751,83.76547530372973,6,213,0.9975416453636601,0.00907369986816775,0.03150590232002691,-15.654137922579196,3,0.75,0_75_p3_h1_3_6_12_s0_75,0.75,True,True,highs
random,27,173.68503322060133,227.93193922356957,54.246906002968245,9,256,0.9959570290889994,0.00992880022386089,0.034475000777294755,16.599572868076734,3,0.75,0_75_p3_h1_3_6_12_s0_75,0.75,True,True,highs
random,28,134.33048178528625,230.37929124584775,96.0488094605615,6,254,0.9971881370347253,0.00880480011983309,0.03057222263830934,-22.75497856723834,3,0.75,0_75_p3_h1_3_6_12_s0_75,0.75,True,True,highs
random,29,141.03811502424907,228.47964942983995,87.44153440559089,7,240,0.9976228798630329,0.009535099903587252,0.03310798577634463,-16.047345328275526,3,0.75,0_75_p3_h1_3_6_12_s0_75,0.75,True,True,highs
milp_h1,0,310.47777361671126,482.5248486638069,172.0470750470956,8,222,0.5713987305131495,3.354310199909378,11.646910416352007,0.4867273543491706,6,0.75,0_75_p6_h1_3_6_12_s0_75,0.75,True,True,highs
milp_h1,1,315.99820719659317,483.0623492002486,167.0641420036554,13,220,0.998082558676947,3.326205299643334,11.54932395709491,6.007160934231081,6,0.75,0_75_p6_h1_3_6_12_s0_75,0.75,True,True,highs
milp_h1,2,321.30803054753136,482.98734925985326,161.6793187123219,9,229,0.9616924770055076,3.2892834002850577,11.42112291765645,11.31698428516927,6,0.75,0_75_p6_h1_3_6_12_s0_75,0.75,True,True,highs
milp_h1,3,310.87012247790886,482.26234920024865,171.39222672233979,13,217,0.996476494795194,3.2985378999146633,11.453256596925915,0.8790762155467746,6,0.75,0_75_p6_h1_3_6_12_s0_75,0.75,True,True,highs
milp_h1,4,301.5915885359048,485.5498486638068,183.958260127902,8,228,0.9944266749901967,3.4108538000728004,11.84324236136389,-8.399457726457285,6,0.75,0_75_p6_h1_3_6_12_s0_75,0.75,True,True,highs
milp_h1,5,319.7997450431187,480.39985027313224,160.6001052300135,11,240,0.7759373337678472,3.250343200052157,11.28591388906999,9.808698780756629,6,0.75,0_75_p6_h1_3_6_12_s0_75,0.75,True,True,highs
milp_h1,6,301.0918497819375,477.7498519420623,176.65800216012477,8,268,0.9973064573997169,3.316849299822934,11.516837846607409,-8.899196480424564,6,0.75,0_75_p6_h1_3_6_12_s0_75,0.75,True,True,highs
milp_h1,7,350.5021962902498,482.6248513460159,132.12265505576607,12,212,0.9975488643779455,3.255945900134975,11.305367708801997,40.51115002788771,6,0.75,0_75_p6_h1_3_6_12_s0_75,0.75,True,True,highs
milp_h1,8,322.3582592967724,479.14984973669044,156.79159043991802,13,230,0.8869420017982437,3.2753917000663932,11.372887847452754,12.367213034410327,6,0.75,0_75_p6_h1_3_6_12_s0_75,0.75,True,True,highs
milp_h1,9,283.25638108203805,484.4873492002487,201.23096811821063,15,249,0.5933679846421162,3.2164984999981243,11.168397569437932,-26.734665180324043,6,0.75,0_75_p6_h1_3_6_12_s0_75,0.75,True,True,highs
milp_h1,10,258.31892028053596,482.52484866380684,224.20592838327087,17,218,0.9458188699777619,3.2671390002942644,11.34423263991064,-51.67212598182613,6,0.75,0_75_p6_h1_3_6_12_s0_75,0.75,True,True,highs
milp_h1,11,305.5323285302917,478.0123503327369,172.48002180244524,11,200,0.8611500941448104,3.2918489999719895,11.430031249902742,-4.458717732070397,6,0.75,0_75_p6_h1_3_6_12_s0_75,0.75,True,True,highs
milp_h1,12,308.6112957308411,481.46235027313224,172.85105454229117,16,232,0.8113582215180307,3.292918000224745,11.43374305633592,-1.3797505315209833,6,0.75,0_75_p6_h1_3_6_12_s0_75,0.75,True,True,highs
milp_h1,13,313.5395551075537,484.74984866380686,171.2102935562531,8,217,0.6498628249170328,3.286598199920263,11.411799305278691,3.548508845191634,6,0.75,0_75_p6_h1_3_6_12_s0_75,0.75,True,True,highs
milp_h1,14,305.7634988874197,484.74984866380686,178.9863497763872,7,246,0.9988707827655793,3.254080500046257,11.298890625160615,-4.2275473749423895,6,0.75,0_75_p6_h1_3_6_12_s0_75,0.75,True,True,highs
milp_h1,15,320.72313232943407,485.2873492002486,164.56421687081456,15,212,0.9954759122116231,3.2547139996895567,11.30109027669985,10.732086067071975,6,0.75,0_75_p6_h1_3_6_12_s0_75,0.75,True,True,highs
milp_h1,16,303.82097694327433,484.6623486638069,180.84137172053255,10,222,0.8623301355915344,3.239547099743504,11.248427429664945,-6.170069319087759,6,0.75,0_75_p6_h1_3_6_12_s0_75,0.75,True,True,highs
milp_h1,17,275.2668885921605,473.8373514056205,198.57046281345998,14,224,0.8685275041115985,3.32418439979665,11.542306943738367,-34.72415767020158,6,0.75,0_75_p6_h1_3_6_12_s0_75,0.75,True,True,highs
milp_h1,18,364.0158685129876,480.66234973669043,116.64648122370282,11,229,0.9608261836597706,3.29076989996247,11.426284374869688,54.024822250625505,6,0.75,0_75_p6_h1_3_6_12_s0_75,0.75,True,True,highs
milp_h1,19,300.1901511698961,476.74984973669046,176.55969856679437,11,193,0.7279067707107375,3.3371452003193554,11.587309723331096,-9.800895092465964,6,0.75,0_75_p6_h1_3_6_12_s0_75,0.75,True,True,highs
milp_h1,20,345.7020463250577,478.0873502731323,132.38530394807458,12,233,0.998247126554814,3.2389638000749983,11.246402083593743,35.71100006269563,6,0.75,0_75_p6_h1_3_6_12_s0_75,0.75,True,True,highs
milp_h1,21,276.0281545698642,480.22485080957404,204.19669623970984,9,233,0.997957478363686,3.3054803999548312,11.477362499843164,-33.96289169249786,6,0.75,0_75_p6_h1_3_6_12_s0_75,0.75,True,True,highs
milp_h1,22,350.33857999444,486.9748486638068,136.6362686693668,12,234,0.99764552014906,3.3092522001534235,11.490459028310498,40.34753373207792,6,0.75,0_75_p6_h1_3_6_12_s0_75,0.75,True,True,highs
milp_h1,23,319.8005557090043,482.8873497366904,163.0867940276861,13,234,0.7483092302845474,3.352508999960264,11.640656249862028,9.80950944664221,6,0.75,0_75_p6_h1_3_6_12_s0_75,0.75,True,True,highs
milp_h1,24,308.55852288708286,482.3498492002486,173.7913263131658,11,232,0.9985616082348485,3.244125000113854,11.264322917061994,-1.4325233752792315,6,0.75,0_75_p6_h1_3_6_12_s0_75,0.75,True,True,highs
milp_h1,25,244.41235120594496,485.46234866380684,241.04999745786188,9,239,0.9983169008420593,3.236056000139797,11.236305556040962,-65.57869505641713,6,0.75,0_75_p6_h1_3_6_12_s0_75,0.75,True,True,highs
milp_h1,26,305.3401106530626,483.8623492002486,178.52223854718602,12,204,0.8760063352387567,3.257124600058887,11.309460416871136,-4.650935609299495,6,0.75,0_75_p6_h1_3_6_12_s0_75,0.75,True,True,highs
milp_h1,27,371.3602368513743,486.17484866380687,114.8146118124326,13,249,0.997089222539203,3.2891369995777495,11.420614581867186,61.36919058901219,6,0.75,0_75_p6_h1_3_6_12_s0_75,0.75,True,True,highs
milp_h1,28,282.15949635586736,481.2998497962951,199.14035344042776,9,248,0.9789925144263641,3.4287850999098737,11.905503819131505,-27.83154990649473,6,0.75,0_75_p6_h1_3_6_12_s0_75,0.75,True,True,highs
milp_h1,29,297.8747264146804,480.57484973669045,182.70012332201003,8,236,0.9985058230306842,3.2596586998843122,11.318259374598306,-12.116319847681666,6,0.75,0_75_p6_h1_3_6_12_s0_75,0.75,True,True,highs
milp_h3,0,310.7160932410112,482.89979841709123,172.18370517608003,9,221,0.6677338664324404,7.6323531003145035,26.50122604275869,0.725046978649118,6,0.75,0_75_p6_h1_3_6_12_s0_75,0.75,True,True,highs
milp_h3,1,315.99820719659317,483.0623492002486,167.0641420036554,9,220,0.9953608127861502,7.824016900063725,27.16672534744349,6.007160934231081,6,0.75,0_75_p6_h1_3_6_12_s0_75,0.75,True,True,highs
milp_h3,2,321.3080305475314,482.9873492598533,161.6793187123219,20,218,0.899244826644174,4.28894160001073,14.892158333370592,11.316984285169326,6,0.75,0_75_p6_h1_3_6_12_s0_75,0.75,True,True,highs
milp_h3,3,310.8701224779088,482.2623492002486,171.39222672233976,12,218,0.9353570090854467,6.747395000071265,23.42845486135856,0.8790762155467178,6,0.75,0_75_p6_h1_3_6_12_s0_75,0.75,True,True,highs
milp_h3,4,301.59158853590486,485.5498486638068,183.95826012790198,11,225,0.9972658418512915,6.264499399956549,21.751734027626906,-8.399457726457229,6,0.75,0_75_p6_h1_3_6_12_s0_75,0.75,True,True,highs
milp_h3,5,319.7997450431187,480.39985027313224,160.6001052300135,12,239,0.7747295682355781,6.573522600025171,22.8247312500874,9.808698780756629,6,0.75,0_75_p6_h1_3_6_12_s0_75,0.75,True,True,highs
milp_h3,6,301.09179986940853,477.7498025894164,176.6580027200079,8,268,0.9985781125572324,6.932692200120073,24.071847917083588,-8.899246392953557,6,0.75,0_75_p6_h1_3_6_12_s0_75,0.75,True,True,highs
milp_h3,7,350.6743847355246,482.88734973669045,132.21296500116586,10,214,0.9976792122552155,5.822550100157969,20.217187847770724,40.68333847316251,6,0.75,0_75_p6_h1_3_6_12_s0_75,0.75,True,True,highs
milp_h3,8,322.6518347476839,479.612299132347,156.96046438466308,12,231,0.9805267501033559,6.87531290014158,23.872614236602708,12.660788485321802,6,0.75,0_75_p6_h1_3_6_12_s0_75,0.75,True,True,highs
milp_h3,9,283.25638108203805,484.4873492002486,201.2309681182106,15,249,0.8243821296149326,7.545661200158065,26.200212500548837,-26.734665180324043,6,0.75,0_75_p6_h1_3_6_12_s0_75,0.75,True,True,highs
milp_h3,10,258.5372698860009,482.89979841709123,224.36252853109036,10,225,0.8217401339068108,7.324718099756865,25.433048957489113,-51.45377637636119,6,0.75,0_75_p6_h1_3_6_12_s0_75,0.75,True,True,highs
milp_h3,11,305.5322781818508,478.01230044364917,172.48002226179835,13,200,0.8403369958467237,7.494596800068393,26.02290555579303,-4.458768080511277,6,0.75,0_75_p6_h1_3_6_12_s0_75,0.75,True,True,highs
milp_h3,12,309.0309243597006,482.0997984170912,173.06887405739064,9,238,0.6271066762435782,7.617865700100083,26.450922569791956,-0.9601219026615126,6,0.75,0_75_p6_h1_3_6_12_s0_75,0.75,True,True,highs
milp_h3,13,313.5395551075537,484.7498486638068,171.21029355625308,11,214,0.7142449943194477,7.7963361000292934,27.070611458435046,3.548508845191634,6,0.75,0_75_p6_h1_3_6_12_s0_75,0.75,True,True,highs
milp_h3,14,305.7634988874196,484.7498486638068,178.9863497763872,11,242,0.9965328778821382,6.695486099953996,23.248215624840263,-4.227547374942503,6,0.75,0_75_p6_h1_3_6_12_s0_75,0.75,True,True,highs
milp_h3,15,320.72313232943407,485.2873492002486,164.56421687081453,11,216,0.9971533842010737,7.418914599722484,25.76012013792529,10.732086067071975,6,0.75,0_75_p6_h1_3_6_12_s0_75,0.75,True,True,highs
milp_h3,16,303.8209769432743,484.6623486638068,180.84137172053255,9,224,0.9975300699489846,5.383417099976214,18.69242048602852,-6.1700693190878155,6,0.75,0_75_p6_h1_3_6_12_s0_75,0.75,True,True,highs
milp_h3,17,275.2668386260955,473.8373018741607,198.57046324806524,11,227,0.8264559963837051,6.7234493001014926,23.34531006979685,-34.72420763626661,6,0.75,0_75_p6_h1_3_6_12_s0_75,0.75,True,True,highs
milp_h3,18,364.0829432681202,480.7498492002486,116.6669059321284,10,230,0.8191668939768518,7.7850530002615415,27.031434028685908,54.091897005758085,6,0.75,0_75_p6_h1_3_6_12_s0_75,0.75,True,True,highs
milp_h3,19,300.4243759659687,477.12479984760273,176.70042388163404,10,194,0.8224923820752039,6.394587900140323,22.203430208820564,-9.566670296393397,6,0.75,0_75_p6_h1_3_6_12_s0_75,0.75,True,True,highs
milp_h3,20,345.7020463250577,478.08735027313224,132.38530394807455,10,235,0.7605290167600457,6.935581700177863,24.08188090339536,35.71100006269563,6,0.75,0_75_p6_h1_3_6_12_s0_75,0.75,True,True,highs
milp_h3,21,276.0281545698642,480.22485080957404,204.1966962397098,10,232,0.9962621145967636,6.821552999870619,23.685947916217426,-33.96289169249786,6,0.75,0_75_p6_h1_3_6_12_s0_75,0.75,True,True,highs
milp_h3,22,350.33857999444,486.9748486638068,136.6362686693668,10,236,0.9969014953087874,6.570545899943681,22.81439548591556,40.34753373207792,6,0.75,0_75_p6_h1_3_6_12_s0_75,0.75,True,True,highs
milp_h3,23,319.80055570900436,482.88734973669045,163.0867940276861,19,229,0.9133572240482012,4.68097809975734,16.253396179712986,9.809509446642267,6,0.75,0_75_p6_h1_3_6_12_s0_75,0.75,True,True,highs
milp_h3,24,308.8519871795725,482.81229841709126,173.96031123751874,11,232,0.9315266040401896,7.632715100015048,26.50248298616336,-1.1390590827895721,6,0.75,0_75_p6_h1_3_6_12_s0_75,0.75,True,True,highs
milp_h3,25,244.412351205945,485.46234866380684,241.04999745786185,7,241,0.9960317465149136,7.136932299676118,24.781014929430967,-65.5786950564171,6,0.75,0_75_p6_h1_3_6_12_s0_75,0.75,True,True,highs
milp_h3,26,305.3931644946336,483.9498486638068,178.5566841691732,10,206,0.997798251922533,7.027448699926026,24.400863541409812,-4.597881767728495,6,0.75,0_75_p6_h1_3_6_12_s0_75,0.75,True,True,highs
milp_h3,27,371.3602368513742,486.1748486638068,114.81461181243259,13,249,0.9967304279477482,6.621310400223592,22.990661111887473,61.369190589012135,6,0.75,0_75_p6_h1_3_6_12_s0_75,0.75,True,True,highs
milp_h3,28,282.1594963558673,481.29984979629506,199.14035344042773,11,246,0.9777242171685708,6.683303400175646,23.205914583943215,-27.831549906494786,6,0.75,0_75_p6_h1_3_6_12_s0_75,0.75,True,True,highs
milp_h3,29,297.87472641468037,480.5748497366904,182.70012332201,10,234,0.9973443284083839,7.816256300284294,27.139778820431577,-12.116319847681723,6,0.75,0_75_p6_h1_3_6_12_s0_75,0.75,True,True,highs
milp_h6,0,310.71609315414423,482.89979841709123,172.18370526294703,9,221,0.6677338664324404,10.367259699618444,35.99742951256404,0.7250468917821422,6,0.75,0_75_p6_h1_3_6_12_s0_75,0.75,True,True,highs
milp_h6,1,316.2353621274232,483.437299132347,167.2019370049238,9,220,0.9958123004216219,10.470214199798647,36.354910415967524,6.244315865061083,6,0.75,0_75_p6_h1_3_6_12_s0_75,0.75,True,True,highs
milp_h6,2,321.1941587397384,482.81230044364924,161.61814170391085,11,227,0.9994706435296078,6.746081600227626,23.42389444523481,11.203112477376294,6,0.75,0_75_p6_h1_3_6_12_s0_75,0.75,True,True,highs
milp_h6,3,310.984779074072,482.4623005628585,171.4775214887865,14,218,0.9987466808728973,7.655768300028285,26.582528819542656,0.99373281170989,6,0.75,0_75_p6_h1_3_6_12_s0_75,0.75,True,True,highs
milp_h6,4,301.59158853590486,485.5498486638068,183.95826012790198,12,224,0.9033599198815613,8.089913500036346,28.089977430681756,-8.399457726457229,6,0.75,0_75_p6_h1_3_6_12_s0_75,0.75,True,True,highs
milp_h6,5,320.0384303381045,480.7748005628585,160.73637022475398,15,237,0.8707139641090309,7.302209199930076,25.35489305531276,10.0473840757424,6,0.75,0_75_p6_h1_3_6_12_s0_75,0.75,True,True,highs
milp_h6,6,301.0917997402047,477.7498025894164,176.65800284921167,8,268,0.9985781125572324,9.220466299855616,32.01550798560978,-8.899246522157398,6,0.75,0_75_p6_h1_3_6_12_s0_75,0.75,True,True,highs
milp_h6,7,350.6743847355246,482.88734973669045,132.21296500116586,12,212,0.9084546456310194,7.875862999790115,27.34674652704901,40.68333847316251,6,0.75,0_75_p6_h1_3_6_12_s0_75,0.75,True,True,highs
milp_h6,8,322.6518344393769,479.612299132347,156.96046469297008,11,232,0.9990116779522549,8.933158899890259,31.017912846841178,12.660788177014808,6,0.75,0_75_p6_h1_3_6_12_s0_75,0.75,True,True,highs
milp_h6,9,283.4887810076276,484.862299132347,201.37351812471942,15,249,0.8243821296149326,10.321720800071489,35.839308333581556,-26.502265254734482,6,0.75,0_75_p6_h1_3_6_12_s0_75,0.75,True,True,highs
milp_h6,10,258.53726978643726,482.89979841709123,224.36252863065397,10,225,0.8217401339068108,10.025958800280932,34.81235694541991,-51.453776475924826,6,0.75,0_75_p6_h1_3_6_12_s0_75,0.75,True,True,highs
milp_h6,11,305.53227804404486,478.01230044364917,172.4800223996043,13,199,0.8206311867761192,10.334821200085571,35.884795833630456,-4.458768218317232,6,0.75,0_75_p6_h1_3_6_12_s0_75,0.75,True,True,highs
milp_h6,12,309.0309242076976,482.0997984170912,173.0688742093936,9,238,0.6271066762435782,10.343079599930206,35.913470833091,-0.9601220546645095,6,0.75,0_75_p6_h1_3_6_12_s0_75,0.75,True,True,highs
milp_h6,13,313.77704985936475,485.12479841709126,171.3477485577265,11,214,0.7142449943194477,10.52497120006592,36.54503888911778,3.7860035970026615,6,0.75,0_75_p6_h1_3_6_12_s0_75,0.75,True,True,highs
milp_h6,14,306.0013486444949,485.12479841709126,179.12344977259633,11,242,0.9963691941033826,8.924670000007609,30.98843750002642,-3.9896976178671935,6,0.75,0_75_p6_h1_3_6_12_s0_75,0.75,True,True,highs
milp_h6,15,320.72313232943407,485.2873492002486,164.56421687081453,11,216,0.9971533842010737,9.64306259987643,33.482856249570936,10.732086067071975,6,0.75,0_75_p6_h1_3_6_12_s0_75,0.75,True,True,highs
milp_h6,16,304.0610166513212,485.0372984170913,180.9762817657701,9,224,0.996236929212878,7.72333150007762,26.817123264158404,-5.9300296110408794,6,0.75,0_75_p6_h1_3_6_12_s0_75,0.75,True,True,highs
milp_h6,17,275.26683849571384,473.8373018741607,198.57046337844682,11,227,0.8264559963837051,9.354270700423513,32.48010659869275,-34.72420776664825,6,0.75,0_75_p6_h1_3_6_12_s0_75,0.75,True,True,highs
milp_h6,18,364.3713481196927,481.124799132347,116.75345101265428,10,230,0.8191668939768518,10.339842000277713,35.90222916763095,54.38030185733061,6,0.75,0_75_p6_h1_3_6_12_s0_75,0.75,True,True,highs
milp_h6,19,300.42437583176286,477.12479984760273,176.70042401583987,11,193,0.7169582250218496,8.83095449989196,30.663036457958192,-9.566670430599231,6,0.75,0_75_p6_h1_3_6_12_s0_75,0.75,True,True,highs
milp_h6,20,345.96224150815124,478.4623005628585,132.50005905470726,12,233,0.9985970843244202,6.7956506000773516,23.59600902804636,35.97119524578915,6,0.75,0_75_p6_h1_3_6_12_s0_75,0.75,True,True,highs
milp_h6,21,276.0281545698642,480.22485080957404,204.1966962397098,11,232,0.9944819472770852,8.823348699515918,30.636627428874718,-33.96289169249786,6,0.75,0_75_p6_h1_3_6_12_s0_75,0.75,True,True,highs
milp_h6,22,350.2289350009663,486.7998497366904,136.5709147357241,15,231,0.8942616378199679,7.353821599856019,25.534102777277845,40.23788873860423,6,0.75,0_75_p6_h1_3_6_12_s0_75,0.75,True,True,highs
milp_h6,23,319.80055570900436,482.88734973669045,163.0867940276861,15,232,0.9147796105319781,7.372791500005405,25.59997048612988,9.809509446642267,6,0.75,0_75_p6_h1_3_6_12_s0_75,0.75,True,True,highs
milp_h6,24,308.8519871795725,482.81229841709126,173.96031123751874,11,232,0.9315266040401896,10.370637299783994,36.00915729091665,-1.1390590827895721,6,0.75,0_75_p6_h1_3_6_12_s0_75,0.75,True,True,highs
milp_h6,25,244.6173759549856,485.8372984170913,241.2199224621057,11,237,0.9986578075905783,8.883622699941043,30.845912152573064,-65.3736703073765,6,0.75,0_75_p6_h1_3_6_12_s0_75,0.75,True,True,highs
milp_h6,26,305.63601420494706,484.32479841709124,178.68878421214418,12,204,0.9982657562913165,9.232804100116482,32.0583475698489,-4.3550320574150305,6,0.75,0_75_p6_h1_3_6_12_s0_75,0.75,True,True,highs
milp_h6,27,371.64764660398157,486.54979841709127,114.9021518131097,14,249,0.9961763065753821,9.230501699988963,32.050353124961674,61.65660034161948,6,0.75,0_75_p6_h1_3_6_12_s0_75,0.75,True,True,highs
milp_h6,28,282.1594460970846,481.29979972839345,199.14035363130884,10,247,0.9771608069038782,9.271884099871386,32.19404201344231,-27.831600165277507,6,0.75,0_75_p6_h1_3_6_12_s0_75,0.75,True,True,highs
milp_h6,29,298.11208148396963,480.9497998476027,182.83771836363312,13,231,0.8842830763767736,9.861960699869087,34.242919096767665,-11.878964778392458,6,0.75,0_75_p6_h1_3_6_12_s0_75,0.75,True,True,highs
milp_h12,0,310.71609302384365,482.89979841709123,172.18370539324755,9,221,0.6677338664324404,15.526451799989445,53.911290972185576,0.7250467614815648,6,0.75,0_75_p6_h1_3_6_12_s0_75,0.75,True,True,highs
milp_h12,1,316.2353620398155,483.437299132347,167.2019370925315,11,218,0.8381608460336137,15.873993399902247,55.118032638549465,6.244315777453437,6,0.75,0_75_p6_h1_3_6_12_s0_75,0.75,True,True,highs
milp_h12,2,321.30798005862067,482.9872990131377,161.67931895451704,13,225,0.8200517186246632,9.642401099787094,33.48055937426074,11.316933796258581,6,0.75,0_75_p6_h1_3_6_12_s0_75,0.75,True,True,highs
milp_h12,3,311.1119423686448,482.637299132347,171.5253567637022,9,221,0.9981639002163832,12.704237699945224,44.11193645814314,1.1208961062827143,6,0.75,0_75_p6_h1_3_6_12_s0_75,0.75,True,True,highs
milp_h12,4,301.59158853590486,485.5498486638068,183.95826012790198,11,225,0.9236450771256832,13.31636009993963,46.237361458123715,-8.399457726457229,6,0.75,0_75_p6_h1_3_6_12_s0_75,0.75,True,True,highs
milp_h12,5,320.0384303381045,480.7748005628585,160.73637022475398,12,239,0.8867721900600006,10.998418199829757,38.18895208274221,10.0473840757424,6,0.75,0_75_p6_h1_3_6_12_s0_75,0.75,True,True,highs
milp_h12,6,301.0917997402047,477.7498025894164,176.65800284921167,8,268,0.9985781125572324,13.964177300018491,48.486726736175314,-8.899246522157398,6,0.75,0_75_p6_h1_3_6_12_s0_75,0.75,True,True,highs
milp_h12,7,350.67438473552454,482.8873497366904,132.21296500116583,8,216,0.9969830561258828,15.168109899677802,52.667048262770145,40.68333847316245,6,0.75,0_75_p6_h1_3_6_12_s0_75,0.75,True,True,highs
milp_h12,8,322.59536123557643,479.52479984760276,156.92943861202636,12,231,0.9987842904952933,10.510078199731652,36.49332708240157,12.604314973214343,6,0.75,0_75_p6_h1_3_6_12_s0_75,0.75,True,True,highs
milp_h12,9,283.4887810076276,484.862299132347,201.37351812471942,14,250,0.6957346135382587,15.088500299869338,52.39062604121298,-26.502265254734482,6,0.75,0_75_p6_h1_3_6_12_s0_75,0.75,True,True,highs
milp_h12,10,258.53726963709187,482.89979841709123,224.36252877999937,10,225,0.8217401339068108,14.634194600163028,50.813175695010514,-51.45377662527022,6,0.75,0_75_p6_h1_3_6_12_s0_75,0.75,True,True,highs
milp_h12,11,305.53227804404486,478.01230044364917,172.4800223996043,13,199,0.8449343625566185,15.839662500133272,54.99882812546275,-4.458768218317232,6,0.75,0_75_p6_h1_3_6_12_s0_75,0.75,True,True,highs
milp_h12,12,309.0309240936954,482.0997984170912,173.06887432339585,9,238,0.6271066762435782,16.11024140016525,55.93833819501823,-0.9601221686667145,6,0.75,0_75_p6_h1_3_6_12_s0_75,0.75,True,True,highs
milp_h12,13,313.77704985936475,485.12479841709126,171.3477485577265,11,214,0.7150269738631083,15.974010199453915,55.465313192548315,3.7860035970026615,6,0.75,0_75_p6_h1_3_6_12_s0_75,0.75,True,True,highs
milp_h12,14,306.0013486444949,485.12479841709126,179.12344977259633,11,242,0.9956475166501194,13.564227799943183,47.09801319424716,-3.9896976178671935,6,0.75,0_75_p6_h1_3_6_12_s0_75,0.75,True,True,highs
milp_h12,15,320.72313232943407,485.2873492002486,164.56421687081453,13,214,0.9162941687987785,10.453677199984668,36.29749027772454,10.732086067071975,6,0.75,0_75_p6_h1_3_6_12_s0_75,0.75,True,True,highs
milp_h12,16,304.0610166513212,485.0372984170913,180.9762817657701,10,223,0.9964224412114683,11.726585399941541,40.71731041646368,-5.9300296110408794,6,0.75,0_75_p6_h1_3_6_12_s0_75,0.75,True,True,highs
milp_h12,17,275.26683849571384,473.8373018741607,198.57046337844682,11,227,0.8264559963837051,14.055885600100737,48.80515833368312,-34.72420776664825,6,0.75,0_75_p6_h1_3_6_12_s0_75,0.75,True,True,highs
milp_h12,18,364.3713481196927,481.124799132347,116.75345101265427,10,230,0.8191668939768518,16.12894630007213,56.00328576413934,54.38030185733061,6,0.75,0_75_p6_h1_3_6_12_s0_75,0.75,True,True,highs
milp_h12,19,300.42437583176286,477.12479984760273,176.70042401583987,10,194,0.8224923820752039,12.992925500235287,45.11432465359475,-9.566670430599231,6,0.75,0_75_p6_h1_3_6_12_s0_75,0.75,True,True,highs
milp_h12,20,345.96224150815124,478.4623005628585,132.50005905470726,12,233,0.9127121174668112,9.45058540001628,32.814532638945415,35.97119524578915,6,0.75,0_75_p6_h1_3_6_12_s0_75,0.75,True,True,highs
milp_h12,21,276.0281545698642,480.22485080957404,204.1966962397098,12,230,0.8520884135614842,12.16836589956074,42.2512704845859,-33.96289169249786,6,0.75,0_75_p6_h1_3_6_12_s0_75,0.75,True,True,highs
milp_h12,22,350.33857999444,486.9748486638068,136.6362686693668,15,231,0.9030748056211876,9.53723709989572,33.11540659686014,40.34753373207792,6,0.75,0_75_p6_h1_3_6_12_s0_75,0.75,True,True,highs
milp_h12,23,319.8005557090043,482.8873497366904,163.0867940276861,12,235,0.6208430685947799,15.029555499728303,52.18595659627883,9.80950944664221,6,0.75,0_75_p6_h1_3_6_12_s0_75,0.75,True,True,highs
milp_h12,24,308.85198704939125,482.81229841709126,173.96031136770003,11,232,0.9308739577065155,15.781943300040439,54.798414236251524,-1.1390592129708352,6,0.75,0_75_p6_h1_3_6_12_s0_75,0.75,True,True,highs
milp_h12,25,244.6173759549856,485.8372984170913,241.2199224621057,7,241,0.9988045844460769,14.376045100012561,49.91682326393251,-65.3736703073765,6,0.75,0_75_p6_h1_3_6_12_s0_75,0.75,True,True,highs
milp_h12,26,305.6360142049471,484.3247984170913,178.68878421214418,9,207,0.998606903816936,10.546705100045074,36.62050381960095,-4.355032057414974,6,0.75,0_75_p6_h1_3_6_12_s0_75,0.75,True,True,highs
milp_h12,27,371.64764660398157,486.54979841709127,114.9021518131097,14,249,0.8995207157856131,13.808688799501397,47.94683610937985,61.65660034161948,6,0.75,0_75_p6_h1_3_6_12_s0_75,0.75,True,True,highs
milp_h12,28,282.1594460016441,481.29979972839345,199.14035372674937,13,244,0.8410569473869672,12.024324399855686,41.7511263883878,-27.831600260718005,6,0.75,0_75_p6_h1_3_6_12_s0_75,0.75,True,True,highs
milp_h12,29,298.11208148396963,480.9497998476027,182.83771836363312,12,233,0.9962228960416695,14.968891600175994,51.97531805616664,-11.878964778392458,6,0.75,0_75_p6_h1_3_6_12_s0_75,0.75,True,True,highs
equal_share,0,307.4312129871193,479.7076362308022,172.27642324368293,15,215,0.7488222274435381,0.002619900507852435,0.009096876763376512,-2.559833275242795,6,0.75,0_75_p6_h1_3_6_12_s0_75,0.75,True,True,highs
equal_share,1,257.21333635008784,394.88613697019446,137.67280062010664,12,217,0.9976686784216451,0.002785700053209439,0.009672569629199441,-52.77770991227425,6,0.75,0_75_p6_h1_3_6_12_s0_75,0.75,True,True,highs
equal_share,2,264.6916991704248,399.67038795711153,134.97868878668675,12,226,0.9971408603665506,0.0026572996575850993,0.009226734922170484,-45.29934709193731,6,0.75,0_75_p6_h1_3_6_12_s0_75,0.75,True,True,highs
equal_share,3,269.84977057534724,422.16204399385225,152.31227341850501,12,218,0.9540216566222157,0.0031331999925896525,0.010879166640936293,-40.141275687014854,6,0.75,0_75_p6_h1_3_6_12_s0_75,0.75,True,True,highs
equal_share,4,240.15926308053727,387.16104443616985,147.00178135563257,9,227,0.9956613115154018,0.002705000282730907,0.00939236209281565,-69.83178318182482,6,0.75,0_75_p6_h1_3_6_12_s0_75,0.75,True,True,highs
equal_share,5,281.75657311148734,425.44541694962425,143.68884383813688,17,234,0.8183572022652698,0.0025836997956503183,0.00897117984600805,-28.23447315087475,6,0.75,0_75_p6_h1_3_6_12_s0_75,0.75,True,True,highs
equal_share,6,222.12233229141202,353.4051258794021,131.28279358799006,9,267,0.9978502392475751,0.0026796998863574117,0.00930451349429657,-87.86871397095007,6,0.75,0_75_p6_h1_3_6_12_s0_75,0.75,True,True,highs
equal_share,7,282.9183704963214,390.2878202084326,107.36944971211119,12,212,0.9957000735726963,0.002602200140245259,0.00903541715362937,-27.072675766040675,6,0.75,0_75_p6_h1_3_6_12_s0_75,0.75,True,True,highs
equal_share,8,263.56322050366396,393.3848842282282,129.82166372456427,12,231,0.8866266692941197,0.0026206996699329466,0.00909965163171162,-46.427825758698134,6,0.75,0_75_p6_h1_3_6_12_s0_75,0.75,True,True,highs
equal_share,9,192.74187042191585,327.0814280229977,134.33955760108188,13,251,0.8235564396489822,0.00271419994533062,0.00942430536573132,-117.24917584044624,6,0.75,0_75_p6_h1_3_6_12_s0_75,0.75,True,True,highs
equal_share,10,233.37636148362387,437.9853013572945,204.6089398736706,15,220,0.9094425808541962,0.002599099709186703,0.009024651768009385,-76.61468477873822,6,0.75,0_75_p6_h1_3_6_12_s0_75,0.75,True,True,highs
equal_share,11,235.51529388591084,368.4072789396456,132.89198505373477,10,201,0.8147317133821813,0.002681300073163584,0.009310069698484667,-74.47575237645125,6,0.75,0_75_p6_h1_3_6_12_s0_75,0.75,True,True,highs
equal_share,12,241.75272141721433,376.3294223592028,134.57670094198846,13,234,0.832702930498663,0.0027680998027790338,0.009611457648538312,-68.23832484514776,6,0.75,0_75_p6_h1_3_6_12_s0_75,0.75,True,True,highs
equal_share,13,213.0864834528423,330.46114093712043,117.37465748427816,7,218,0.569622585816149,0.0026410998543724418,0.009170485605459867,-96.9045628095198,6,0.75,0_75_p6_h1_3_6_12_s0_75,0.75,True,True,highs
equal_share,14,218.7461549959645,348.40294904047767,129.65679404451316,8,245,0.931877601401434,0.002641100436449051,0.009170487626559205,-91.24489126639759,6,0.75,0_75_p6_h1_3_6_12_s0_75,0.75,True,True,highs
equal_share,15,226.06420613000847,338.80052961120344,112.73632348119496,11,216,0.8182009313878907,0.0030666998645756394,0.010648263418665415,-83.92684013235362,6,0.75,0_75_p6_h1_3_6_12_s0_75,0.75,True,True,highs
equal_share,16,227.61377104229996,363.0302441598008,135.41647311750086,6,226,0.998010151126139,0.0027555999404285103,0.009568055348710105,-82.37727522006213,6,0.75,0_75_p6_h1_3_6_12_s0_75,0.75,True,True,highs
equal_share,17,219.9721761392244,375.91162551730537,155.93944937808098,14,224,0.8935871584587908,0.002572800178313628,0.008933333952477874,-90.0188701231377,6,0.75,0_75_p6_h1_3_6_12_s0_75,0.75,True,True,highs
equal_share,18,292.8695127768373,386.33847489977063,93.46896212293332,14,226,0.7727059981735777,0.002634199830936268,0.00914652719075093,-17.121533485524765,6,0.75,0_75_p6_h1_3_6_12_s0_75,0.75,True,True,highs
equal_share,19,272.59323133427324,434.4806543288403,161.88742299456706,14,190,0.8252402544274109,0.002661500300746411,0.009241320488702817,-37.39781492808885,6,0.75,0_75_p6_h1_3_6_12_s0_75,0.75,True,True,highs
equal_share,20,257.5213977961353,350.8507028220922,93.3293050259569,8,237,0.8179949903971726,0.002742400101851672,0.009522222575873861,-52.46964846622677,6,0.75,0_75_p6_h1_3_6_12_s0_75,0.75,True,True,highs
equal_share,21,194.36915969506558,339.08658397700293,144.71742428193735,11,231,0.9969675699701336,0.002636399818584323,0.009154166036751121,-115.62188656729651,6,0.75,0_75_p6_h1_3_6_12_s0_75,0.75,True,True,highs
equal_share,22,202.3651651548018,281.55421956238024,79.18905440757847,7,239,0.996561060548934,0.002600800071377307,0.009030555803393427,-107.6258811075603,6,0.75,0_75_p6_h1_3_6_12_s0_75,0.75,True,True,highs
equal_share,23,216.44175317199932,329.1693077644351,112.72755459243575,12,235,0.8457491003797604,0.002588899922557175,0.008989235842212414,-93.54929309036277,6,0.75,0_75_p6_h1_3_6_12_s0_75,0.75,True,True,highs
equal_share,24,241.17620248412902,378.8027144346989,137.62651195056986,15,228,0.8678902566459656,0.0027199998730793595,0.009444444003747776,-68.81484377823307,6,0.75,0_75_p6_h1_3_6_12_s0_75,0.75,True,True,highs
equal_share,25,173.58774508362902,345.67889429660886,172.09114921297984,9,239,0.9344430189169366,0.0025902000488713384,0.008993750169692147,-136.40330117873307,6,0.75,0_75_p6_h1_3_6_12_s0_75,0.75,True,True,highs
equal_share,26,216.5056966067355,343.9906372031529,127.48494059641739,13,203,0.9439612283694964,0.002681499987374991,0.009310763845052052,-93.48534965562658,6,0.75,0_75_p6_h1_3_6_12_s0_75,0.75,True,True,highs
equal_share,27,345.7696751553183,453.54387382025664,107.77419866493834,16,246,0.9976990090045291,0.002579200197942555,0.008955556242856093,35.77862889295619,6,0.75,0_75_p6_h1_3_6_12_s0_75,0.75,True,True,highs
equal_share,28,190.64175268772945,325.7773975643075,135.13564487657803,7,250,0.9646393361263291,0.002858499501598999,0.009925345491663191,-119.34929357463264,6,0.75,0_75_p6_h1_3_6_12_s0_75,0.75,True,True,highs
equal_share,29,265.50115578595216,428.69883971751835,163.19768393156622,15,229,0.9948855740939365,0.0026504001871217042,0.009202778427505918,-44.489890476409926,6,0.75,0_75_p6_h1_3_6_12_s0_75,0.75,True,True,highs
max_charge,0,309.08934163053823,482.27499999999986,173.18565836946166,15,215,0.7488222274435381,0.0011708000965882093,0.004065278113153504,-0.9017046318238613,6,0.75,0_75_p6_h1_3_6_12_s0_75,0.75,True,True,highs
max_charge,1,313.8093829900025,481.5624999999999,167.75311700999734,19,211,0.9978384430887162,0.0010916999890469015,0.003790624961968408,3.8183367276404283,6,0.75,0_75_p6_h1_3_6_12_s0_75,0.75,True,True,highs
max_charge,2,320.1653614292542,482.9874999999999,162.82213857074575,17,221,0.9971179877092043,0.0010401998297311366,0.003611804964344224,10.174315166892086,6,0.75,0_75_p6_h1_3_6_12_s0_75,0.75,True,True,highs
max_charge,3,308.7046232824523,480.7624999999999,172.05787671754754,16,214,0.9688060609211963,0.0010726001055445522,0.003724305922029695,-1.286422979909787,6,0.75,0_75_p6_h1_3_6_12_s0_75,0.75,True,True,highs
max_charge,4,299.4079898834228,484.0499999999999,184.64201011657713,16,220,0.9944781014154667,0.0010527999547775835,0.003655555398533276,-10.583056378939318,6,0.75,0_75_p6_h1_3_6_12_s0_75,0.75,True,True,highs
max_charge,5,317.2206781208514,478.27499999999986,161.05432187914846,19,232,0.8487030436876183,0.0010370000672992319,0.003600694678122333,7.229631858489313,6,0.75,0_75_p6_h1_3_6_12_s0_75,0.75,True,True,highs
max_charge,6,299.8726788163184,477.7499999999999,177.87732118368146,13,263,0.9982878173117761,0.001123400084907189,0.003900694739261073,-10.118367446043692,6,0.75,0_75_p6_h1_3_6_12_s0_75,0.75,True,True,highs
max_charge,7,348.1394183362523,480.7624999999999,132.6230816637476,28,196,0.9389998060752069,0.0010161996760871261,0.0035284710975247435,38.14837207389019,6,0.75,0_75_p6_h1_3_6_12_s0_75,0.75,True,True,highs
max_charge,8,321.01100242584937,478.9874999999999,157.97649757415053,18,225,0.9962660593747773,0.0010918999323621392,0.003791319209590761,11.01995616348728,6,0.75,0_75_p6_h1_3_6_12_s0_75,0.75,True,True,highs
max_charge,9,280.2689485376079,481.7374999999999,201.46855146239199,23,241,0.83672245127481,0.0010317000560462475,0.0035822918612716925,-29.722097724754178,6,0.75,0_75_p6_h1_3_6_12_s0_75,0.75,True,True,highs
max_charge,10,256.76407162944463,482.27499999999986,225.5109283705552,19,216,0.9225854529062676,0.0010591001773718745,0.0036774311714301198,-53.22697463291746,6,0.75,0_75_p6_h1_3_6_12_s0_75,0.75,True,True,highs
max_charge,11,304.23197882026426,478.0124999999999,173.78052117973562,17,194,0.8879774806419837,0.001126099901739508,0.0039100691032621804,-5.75906744209783,6,0.75,0_75_p6_h1_3_6_12_s0_75,0.75,True,True,highs
max_charge,12,307.52949940115207,481.4749999999999,173.94550059884784,17,230,0.863370498822094,0.0011928000021725893,0.00414166667421038,-2.4615468612100244,6,0.75,0_75_p6_h1_3_6_12_s0_75,0.75,True,True,highs
max_charge,13,311.3524314363797,483.2499999999999,171.8975685636202,20,205,0.84240821536264,0.0010095003817696124,0.0035052096589222653,1.3613851740175846,6,0.75,0_75_p6_h1_3_6_12_s0_75,0.75,True,True,highs
max_charge,14,303.57815024256695,483.2499999999999,179.6718497574329,20,233,0.8937747376064685,0.0011344002559781075,0.003938889777701762,-6.4128960197951415,6,0.75,0_75_p6_h1_3_6_12_s0_75,0.75,True,True,highs
max_charge,15,317.8000164625545,482.5374999999999,164.73748353744543,21,207,0.886093096481981,0.0010618001979310066,0.003686806242815995,7.808970200192391,6,0.75,0_75_p6_h1_3_6_12_s0_75,0.75,True,True,highs
max_charge,16,301.2464282716313,482.5374999999999,181.29107172836856,14,218,0.8729724575150158,0.001039700029650703,0.0036100695473982748,-8.744617990730774,6,0.75,0_75_p6_h1_3_6_12_s0_75,0.75,True,True,highs
max_charge,17,274.0366028408208,473.83749999999986,199.80089715917902,16,222,0.9334421913418008,0.0012760999670717865,0.004430902663443703,-35.95444342154127,6,0.75,0_75_p6_h1_3_6_12_s0_75,0.75,True,True,highs
max_charge,18,362.63112741460395,479.8749999999999,117.24387258539595,18,222,0.8183027647690648,0.0010118001082446426,0.0035131948202938978,52.64008115224186,6,0.75,0_75_p6_h1_3_6_12_s0_75,0.75,True,True,highs
max_charge,19,298.7675930857657,476.4999999999999,177.73240691423413,16,188,0.8440666212000537,0.0010622999689076096,0.003688541558706978,-11.223453176596365,6,0.75,0_75_p6_h1_3_6_12_s0_75,0.75,True,True,highs
max_charge,20,343.6284210659562,476.58749999999986,132.95907893404362,20,225,0.9085683115537903,0.0010503999365027994,0.0036472220017458312,33.63737480359413,6,0.75,0_75_p6_h1_3_6_12_s0_75,0.75,True,True,highs
max_charge,21,273.02412876784797,477.4749999999999,204.45087123215197,21,221,0.9980946997685675,0.0010454003640916198,0.0036298623753181244,-36.96691749451412,6,0.75,0_75_p6_h1_3_6_12_s0_75,0.75,True,True,highs
max_charge,22,347.3656480083862,484.22499999999985,136.8593519916137,18,228,0.8995842878804178,0.0011372999288141727,0.003948958086160322,37.3746017460241,6,0.75,0_75_p6_h1_3_6_12_s0_75,0.75,True,True,highs
max_charge,23,317.2169226636488,480.7624999999999,163.54557733635104,20,227,0.8711478658422137,0.001035100081935525,0.0035940975067205727,7.225876401286712,6,0.75,0_75_p6_h1_3_6_12_s0_75,0.75,True,True,highs
max_charge,24,306.82866059988726,481.5624999999999,174.7338394001126,22,221,0.7868753150967611,0.001023300108499825,0.0035531253767355033,-3.1623856624748328,6,0.75,0_75_p6_h1_3_6_12_s0_75,0.75,True,True,highs
max_charge,25,241.72108586132518,483.33749999999986,241.61641413867468,17,231,0.9012332737315694,0.001035899855196476,0.003596874497209986,-68.26996040103691,6,0.75,0_75_p6_h1_3_6_12_s0_75,0.75,True,True,highs
max_charge,26,303.2328158259391,482.4499999999999,179.21718417406078,22,194,0.9204537361887266,0.001045300072291866,0.0036295141399023123,-6.758230436422991,6,0.75,0_75_p6_h1_3_6_12_s0_75,0.75,True,True,highs
max_charge,27,368.4644881864388,483.4249999999999,114.9605118135611,18,244,0.9980364866913098,0.0010501999640837312,0.003646527653068511,58.473441924076724,6,0.75,0_75_p6_h1_3_6_12_s0_75,0.75,True,True,highs
max_charge,28,280.80861181418095,481.2999999999999,200.49138818581895,19,238,0.9776688357766393,0.0010619000240694731,0.0036871528613523375,-29.18243444818114,6,0.75,0_75_p6_h1_3_6_12_s0_75,0.75,True,True,highs
max_charge,29,295.68690168857563,479.0749999999999,183.38809831142422,15,229,0.995304117929667,0.001033900392940268,0.003589931919931486,-14.30414457378646,6,0.75,0_75_p6_h1_3_6_12_s0_75,0.75,True,True,highs
random,0,300.8752864940854,469.3615260759156,168.4862395818302,15,215,0.8783486893406546,0.010782500059576705,0.03743923631797467,-9.115759768276689,6,0.75,0_75_p6_h1_3_6_12_s0_75,0.75,True,True,highs
random,1,305.7769475799321,469.2386450939761,163.46169751404403,20,209,0.9965504109676762,0.010450000205310062,0.03628472293510438,-4.214098682430006,6,0.75,0_75_p6_h1_3_6_12_s0_75,0.75,True,True,highs
random,2,311.3466260279188,469.61165117845536,158.2650251505366,17,221,0.8881654665221252,0.010762100020656362,0.037368402849501256,1.3555797655566835,6,0.75,0_75_p6_h1_3_6_12_s0_75,0.75,True,True,highs
random,3,301.1230073004118,468.89371232238955,167.7707050219777,18,212,0.8801052572373741,0.010532700107432902,0.03657187537303091,-8.868038961950276,6,0.75,0_75_p6_h1_3_6_12_s0_75,0.75,True,True,highs
random,4,292.4704249522887,472.76190676888086,180.29148181659215,14,222,0.9118458913239784,0.010474400100065395,0.03636944479189373,-17.52062131007341,6,0.75,0_75_p6_h1_3_6_12_s0_75,0.75,True,True,highs
random,5,311.01344888123015,468.9292909459102,157.91584206468008,15,236,0.8390024929153257,0.0103106000169646,0.0358006945033493,1.0224026188680568,6,0.75,0_75_p6_h1_3_6_12_s0_75,0.75,True,True,highs
random,6,289.33432503445226,461.1303461674273,171.79602113297503,15,261,0.9982220233286605,0.010797799797728658,0.03749236040878006,-20.656721227909827,6,0.75,0_75_p6_h1_3_6_12_s0_75,0.75,True,True,highs
random,7,343.2404326205473,473.81997139858794,130.57953877804061,19,205,0.8200574810102337,0.010430199763504788,0.03621597140105829,33.249386358185234,6,0.75,0_75_p6_h1_3_6_12_s0_75,0.75,True,True,highs
random,8,315.9711392902948,471.25387693634343,155.28273764604867,14,230,0.9964743471516221,0.010345999908167869,0.035923610792249545,5.980093027932696,6,0.75,0_75_p6_h1_3_6_12_s0_75,0.75,True,True,highs
random,9,274.14154543819313,471.429812433099,197.28826699490585,21,243,0.7888621264158401,0.010237299953587353,0.03554618039440053,-35.849500824168956,6,0.75,0_75_p6_h1_3_6_12_s0_75,0.75,True,True,highs
random,10,249.2298847303361,468.74233033595925,219.51244560562316,15,220,0.9394150576737665,0.0102803997870069,0.03569583259377396,-60.761161532025994,6,0.75,0_75_p6_h1_3_6_12_s0_75,0.75,True,True,highs
random,11,297.4542375079021,467.1605945339547,169.7063570260526,18,194,0.9405035515710574,0.009879099961835891,0.03430243042304129,-12.536808754459969,6,0.75,0_75_p6_h1_3_6_12_s0_75,0.75,True,True,highs
random,12,299.8126461475788,469.54085075543827,169.72820460785945,18,229,0.7826168395828008,0.010282199829816818,0.03570208274241951,-10.178400114783301,6,0.75,0_75_p6_h1_3_6_12_s0_75,0.75,True,True,highs
random,13,302.09149377542053,469.02439518415673,166.9329014087362,14,211,0.887238647064682,0.01090640015900135,0.03786944499653247,-7.899552486941559,6,0.75,0_75_p6_h1_3_6_12_s0_75,0.75,True,True,highs
random,14,297.334013091357,473.2959455426211,175.9619324512641,17,236,0.9069443451090933,0.010352799639804289,0.03594722097154267,-12.657033171005082,6,0.75,0_75_p6_h1_3_6_12_s0_75,0.75,True,True,highs
random,15,310.3338079604281,471.18402648480634,160.85021852437828,18,209,0.9978076598032279,0.010441399790579453,0.036254860383956436,0.3427616980659991,6,0.75,0_75_p6_h1_3_6_12_s0_75,0.75,True,True,highs
random,16,296.62123587183726,475.1584468102113,178.53721093837405,17,215,0.741139357365966,0.01043490003212355,0.03623229177820678,-13.369810390524833,6,0.75,0_75_p6_h1_3_6_12_s0_75,0.75,True,True,highs
random,17,264.98505636855725,458.60712077945163,193.62206441089435,15,223,0.8925383738570144,0.010364400164689869,0.035987500571839824,-45.00598989380484,6,0.75,0_75_p6_h1_3_6_12_s0_75,0.75,True,True,highs
random,18,351.7219073439106,465.5062052253865,113.78429788147592,13,227,0.9650654995696818,0.01092199987033382,0.03792361066088132,41.73086108154848,6,0.75,0_75_p6_h1_3_6_12_s0_75,0.75,True,True,highs
random,19,291.60285860777503,465.08616891428915,173.4833103065141,13,191,0.8673995871695895,0.010229699953924865,0.03551979150668356,-18.388187654587057,6,0.75,0_75_p6_h1_3_6_12_s0_75,0.75,True,True,highs
random,20,335.90725855597157,465.3970155023464,129.48975694637485,16,229,0.9967203493875952,0.010203900135820732,0.0354302088049331,25.916212293609476,6,0.75,0_75_p6_h1_3_6_12_s0_75,0.75,True,True,highs
random,21,266.7994826493176,466.4874706415656,199.68798799224797,18,224,0.8598771190788431,0.010518600029172376,0.036522916767959636,-43.19156361304448,6,0.75,0_75_p6_h1_3_6_12_s0_75,0.75,True,True,highs
random,22,341.30816847255653,475.3738685934758,134.06570012091925,16,230,0.9967807008663647,0.010258200170937926,0.03561875059353446,31.31712221019444,6,0.75,0_75_p6_h1_3_6_12_s0_75,0.75,True,True,highs
random,23,311.511389616844,472.0102528597538,160.4988632429098,16,231,0.912043843784117,0.010394100070698187,0.03609062524547982,1.520343354481895,6,0.75,0_75_p6_h1_3_6_12_s0_75,0.75,True,True,highs
random,24,297.8969726441419,467.3895260306109,169.492553386469,16,227,0.9841922790778348,0.01045340034761466,0.036296528984773126,-12.094073618220193,6,0.75,0_75_p6_h1_3_6_12_s0_75,0.75,True,True,highs
random,25,236.70757239634509,473.58493484372167,236.87736244737658,11,237,0.9975201396152462,0.010005499818362296,0.03474131881375797,-73.283473866017,6,0.75,0_75_p6_h1_3_6_12_s0_75,0.75,True,True,highs
random,26,293.33999203792587,466.98389704148883,173.64390500356296,16,200,0.8867120759273778,0.01054749998729676,0.036623263844780415,-16.651054224436223,6,0.75,0_75_p6_h1_3_6_12_s0_75,0.75,True,True,highs
random,27,360.5585491325795,473.04673498903503,112.48818585645549,17,245,0.9971851724080014,0.01050720043713227,0.03648333485115371,50.567502870217425,6,0.75,0_75_p6_h1_3_6_12_s0_75,0.75,True,True,highs
random,28,273.18436448971056,468.5239368763469,195.33957238663638,19,238,0.9473196686113469,0.010321800102246925,0.03583958368835738,-36.80668177265153,6,0.75,0_75_p6_h1_3_6_12_s0_75,0.75,True,True,highs
random,29,290.976716604498,471.6014603347423,180.6247437302443,11,233,0.9945291242910691,0.01003940001828596,0.03485902784127069,-19.014329657864096,6,0.75,0_75_p6_h1_3_6_12_s0_75,0.75,True,True,highs
milp_h1,0,613.3694966148837,955.0498508691786,341.68035425429497,16,208,0.7505796051653252,4.009117400186369,13.920546528424893,0.2010433920208925,12,0.75,0_75_p12_h1_3_6_12_s0_75,0.75,True,True,highs
milp_h1,1,626.2653288722038,959.0248492002486,332.75952032804486,16,207,0.997629558779577,4.276469699660083,14.848853123819733,13.096875649340973,12,0.75,0_75_p12_h1_3_6_12_s0_75,0.75,True,True,highs
milp_h1,2,632.7175706806897,952.7498530149459,320.0322823342562,25,207,0.9048499902356756,3.9394813998951577,13.678754860747075,19.549117457826924,12,0.75,0_75_p12_h1_3_6_12_s0_75,0.75,True,True,highs
milp_h1,3,616.9947990834712,959.0248492002486,342.0300501167774,20,204,0.8784120603730738,4.180680000252323,14.516250000876122,3.8263458606083987,12,0.75,0_75_p12_h1_3_6_12_s0_75,0.75,True,True,highs
milp_h1,4,595.3133464330831,960.6498508691786,365.3365044360955,17,213,0.9729357463172714,4.131132800277555,14.344211112074845,-17.85510678977971,12,0.75,0_75_p12_h1_3_6_12_s0_75,0.75,True,True,highs
milp_h1,5,632.6754464477062,951.8498508691787,319.1744044214725,25,221,0.7708719822779861,4.424689799692715,15.363506248933037,19.506993224843427,12,0.75,0_75_p12_h1_3_6_12_s0_75,0.75,True,True,highs
milp_h1,6,591.8049513318238,941.1998540878295,349.3949027560058,21,249,0.996871702801294,4.714957599702757,16.371380554523462,-21.36350189103905,12,0.75,0_75_p12_h1_3_6_12_s0_75,0.75,True,True,highs
milp_h1,7,694.9365127381325,957.8748502731322,262.9383375349998,22,196,0.8802084370897106,4.833018100063782,16.781312847443687,81.76805951526967,12,0.75,0_75_p12_h1_3_6_12_s0_75,0.75,True,True,highs
milp_h1,8,638.6760874236782,950.6998519420622,312.0237645183841,24,215,0.9272933367111089,4.746322499850066,16.48028645781273,25.507634200815346,12,0.75,0_75_p12_h1_3_6_12_s0_75,0.75,True,True,highs
milp_h1,9,559.294740107576,959.399849796295,400.10510968871904,23,235,0.8181544232730955,4.076335500081768,14.153942708617251,-53.87371311528682,12,0.75,0_75_p12_h1_3_6_12_s0_75,0.75,True,True,highs
milp_h1,10,510.9042728527705,957.6248503327369,446.7205774799664,13,216,0.9973472102056163,3.92989219998708,13.645459027732917,-102.26418037009233,12,0.75,0_75_p12_h1_3_6_12_s0_75,0.75,True,True,highs
milp_h1,11,604.6318413937886,947.6748514056204,343.0430100118319,23,182,0.8691553996187142,3.8730118999665137,13.44795798599484,-8.536611829074218,12,0.75,0_75_p12_h1_3_6_12_s0_75,0.75,True,True,highs
milp_h1,12,610.8722325577942,955.2248503327369,344.35261777494264,20,221,0.7489587522863157,3.922685399564216,13.620435415153528,-2.296220665068631,12,0.75,0_75_p12_h1_3_6_12_s0_75,0.75,True,True,highs
milp_h1,13,620.4578139554826,960.999849796295,340.5420358408125,17,202,0.6211386843916199,3.9355613999650814,13.665143749878755,7.289360732619798,12,0.75,0_75_p12_h1_3_6_12_s0_75,0.75,True,True,highs
milp_h1,14,605.7890090733765,962.3998486638068,356.6108395904302,14,233,0.890443251313634,3.8367736002255697,13.322130556338784,-7.3794441494862895,12,0.75,0_75_p12_h1_3_6_12_s0_75,0.75,True,True,highs
milp_h1,15,636.2102741251389,964.6248492002486,328.4145750751097,18,203,0.7942359133800135,3.8746147001802456,13.453523264514741,23.041820902276072,12,0.75,0_75_p12_h1_3_6_12_s0_75,0.75,True,True,highs
milp_h1,16,599.172758094886,957.9998540878295,358.82709599294344,20,206,0.8490696925379229,3.7102491002588067,12.882809375898635,-13.995695127976774,12,0.75,0_75_p12_h1_3_6_12_s0_75,0.75,True,True,highs
milp_h1,17,544.9016133762289,940.7498530149459,395.8482396387171,25,208,0.7569819847525209,3.730974599980982,12.954772916600632,-68.26683984663396,12,0.75,0_75_p12_h1_3_6_12_s0_75,0.75,True,True,highs
milp_h1,18,722.6949314465403,955.399849796295,232.70491834975476,20,214,0.9958323703251867,3.7107691000564955,12.88461493075172,109.52647822367749,12,0.75,0_75_p12_h1_3_6_12_s0_75,0.75,True,True,highs
milp_h1,19,596.0839716505964,948.6498508691786,352.56587921858227,12,186,0.7901836437482193,4.372685300128069,15.182935069889128,-17.08448157226644,12,0.75,0_75_p12_h1_3_6_12_s0_75,0.75,True,True,highs
milp_h1,20,685.9993313550949,949.8748502731322,263.87551891803736,17,222,0.9974900387157536,5.665430299908621,19.671632985793824,72.8308781322321,12,0.75,0_75_p12_h1_3_6_12_s0_75,0.75,True,True,highs
milp_h1,21,544.1931496313094,949.624853491783,405.4317038604736,23,213,0.9375180762741682,5.585611700138543,19.394485069925494,-68.97530359155337,12,0.75,0_75_p12_h1_3_6_12_s0_75,0.75,True,True,highs
milp_h1,22,693.0741478751102,963.9998486638068,270.9257007886966,21,219,0.9145638733085939,5.586390200332971,19.397188195600595,79.90569465224735,12,0.75,0_75_p12_h1_3_6_12_s0_75,0.75,True,True,highs
milp_h1,23,634.4855849603812,959.6498497366904,325.16426477630927,24,220,0.9117668258431951,5.301624899817398,18.40841979103263,21.317131737518366,12,0.75,0_75_p12_h1_3_6_12_s0_75,0.75,True,True,highs
milp_h1,24,609.6388263854615,954.8748514056205,345.236025020159,15,222,0.9544406618901664,4.610504299867898,16.008695485652424,-3.529626837401338,12,0.75,0_75_p12_h1_3_6_12_s0_75,0.75,True,True,highs
milp_h1,25,480.70578701233063,958.8748514056205,478.16906439328983,11,231,0.9978314229244916,4.046635699865874,14.050818402312062,-132.46266621053218,12,0.75,0_75_p12_h1_3_6_12_s0_75,0.75,True,True,highs
milp_h1,26,602.3105817744811,956.6498508691786,354.33926909469756,16,194,0.9984241924193737,4.082085100322729,14.173906598342809,-10.85787144838173,12,0.75,0_75_p12_h1_3_6_12_s0_75,0.75,True,True,highs
milp_h1,27,737.9849810421465,967.1998486638067,229.2148676216602,16,240,0.9984236432374545,4.129927599802613,14.340026388203519,124.81652781928369,12,0.75,0_75_p12_h1_3_6_12_s0_75,0.75,True,True,highs
milp_h1,28,557.6908067949771,953.799849796295,396.1090430013179,20,231,0.9776649790358335,5.744122799951583,19.94487083316522,-55.4776464278857,12,0.75,0_75_p12_h1_3_6_12_s0_75,0.75,True,True,highs
milp_h1,29,590.0163800716399,954.0498497366904,364.03346966505046,16,223,0.9971791139215495,5.663827400130685,19.66606736156488,-23.152073151222908,12,0.75,0_75_p12_h1_3_6_12_s0_75,0.75,True,True,highs
milp_h3,0,613.3694464051246,955.0498011589048,341.68035475378025,20,204,0.7040880349603953,11.75767970000743,40.82527673613691,0.20099318226175455,12,0.75,0_75_p12_h1_3_6_12_s0_75,0.75,True,True,highs
milp_h3,1,626.502483671622,959.3997991323469,332.89731546072477,15,209,0.8757652571604693,14.395094900071854,49.98296840302727,13.334030448759222,12,0.75,0_75_p12_h1_3_6_12_s0_75,0.75,True,True,highs
milp_h3,2,632.7175209820634,952.7498040199278,320.0322830378644,20,213,0.851885312916296,9.137495599716203,31.72741527679237,19.549067759200625,12,0.75,0_75_p12_h1_3_6_12_s0_75,0.75,True,True,highs
milp_h3,3,617.2366188895653,959.3997991323469,342.16318024278155,22,202,0.8454268557189776,10.206823000102304,35.44035763924411,4.068165666702498,12,0.75,0_75_p12_h1_3_6_12_s0_75,0.75,True,True,highs
milp_h3,4,595.3132962228854,960.6498011589049,365.3365049360195,29,202,0.8727805315526017,5.770674499945017,20.037064235920198,-17.855156999977453,12,0.75,0_75_p12_h1_3_6_12_s0_75,0.75,True,True,highs
milp_h3,5,632.6753966074799,951.8498011589048,319.1744045514249,27,219,0.65566164179047,9.423078799969517,32.71902361100527,19.506943384617102,12,0.75,0_75_p12_h1_3_6_12_s0_75,0.75,True,True,highs
milp_h3,6,591.8049018841917,941.1998054504393,349.39490356624754,25,245,0.9283856118361667,6.0710824001871515,21.080147222872053,-21.363551338671073,12,0.75,0_75_p12_h1_3_6_12_s0_75,0.75,True,True,highs
milp_h3,7,695.0511257201432,958.0498497366904,262.99872401654716,20,198,0.8300129659015586,9.560851599904709,33.19740138855801,81.8826724972804,12,0.75,0_75_p12_h1_3_6_12_s0_75,0.75,True,True,highs
milp_h3,8,639.0126544594287,951.2248004436492,312.21214598422046,21,218,0.8131986584707067,8.554003100231057,29.701399653580058,25.844201236565937,12,0.75,0_75_p12_h1_3_6_12_s0_75,0.75,True,True,highs
milp_h3,9,559.294689903728,959.3997997283933,400.1051098246653,17,241,0.7646723573912207,14.144176799745765,49.111724999117236,-53.87376331913481,12,0.75,0_75_p12_h1_3_6_12_s0_75,0.75,True,True,highs
milp_h3,10,510.9042224658647,957.6248004436491,446.7205779777844,21,210,0.9969625541983085,12.36700349979219,42.940984374278436,-102.26423075699813,12,0.75,0_75_p12_h1_3_6_12_s0_75,0.75,True,True,highs
milp_h3,11,604.6317912651696,947.6748018741605,343.0430106089909,18,187,0.828054529890978,14.79747399999178,51.380118055527014,-8.53666195769324,12,0.75,0_75_p12_h1_3_6_12_s0_75,0.75,True,True,highs
milp_h3,12,610.872182288699,955.2248004436491,344.35261815495005,18,223,0.8188825530613174,11.341861599998083,39.38146388888223,-2.296270934163772,12,0.75,0_75_p12_h1_3_6_12_s0_75,0.75,True,True,highs
milp_h3,13,620.4577636909501,960.9997997283934,340.54203603744344,17,202,0.7943529628259511,7.902021999965655,27.437576388769635,7.289310468087251,12,0.75,0_75_p12_h1_3_6_12_s0_75,0.75,True,True,highs
milp_h3,14,606.0268586997031,962.7747984170911,356.7479397173881,15,232,0.8656132339014871,14.351430600101594,49.831356250352755,-7.141594523159711,12,0.75,0_75_p12_h1_3_6_12_s0_75,0.75,True,True,highs
milp_h3,15,636.2102741251388,964.6248492002485,328.4145750751097,21,200,0.8104149451033852,15.967646400036756,55.44321666679429,23.04182090227596,12,0.75,0_75_p12_h1_3_6_12_s0_75,0.75,True,True,highs
milp_h3,16,599.1727580948859,957.9998540878294,358.8270959929434,18,208,0.9974366012754305,14.305070599977626,49.67038402770009,-13.995695127976887,12,0.75,0_75_p12_h1_3_6_12_s0_75,0.75,True,True,highs
milp_h3,17,544.9015637526161,940.7498040199278,395.8482402673116,23,209,0.7744087474548611,14.96395000020857,51.95815972294642,-68.26688947024672,12,0.75,0_75_p12_h1_3_6_12_s0_75,0.75,True,True,highs
milp_h3,18,722.694881296103,955.3997997283934,232.7049184322905,20,216,0.9200380457684412,15.368904099770589,53.364250346425656,109.52642807324014,12,0.75,0_75_p12_h1_3_6_12_s0_75,0.75,True,True,highs
milp_h3,19,596.0839215600727,948.6498011589048,352.56587959883205,18,180,0.9374135633552575,28.54270940000424,99.10662986112584,-17.08453166279014,12,0.75,0_75_p12_h1_3_6_12_s0_75,0.75,True,True,highs
milp_h3,20,686.2595265381883,950.2498005628585,263.9902740246701,27,213,0.9987666227021667,16.097787600156153,55.89509583387553,73.0910733153255,12,0.75,0_75_p12_h1_3_6_12_s0_75,0.75,True,True,highs
milp_h3,21,546.2043472796678,952.899850809574,406.6955035299062,21,217,0.8190798543426676,16.813399299542652,58.379858678967544,-66.96410594319502,12,0.75,0_75_p12_h1_3_6_12_s0_75,0.75,True,True,highs
milp_h3,22,693.3152475073971,964.3747984170911,271.059550909694,20,220,0.9038594078050869,32.02515959989978,111.19847083298535,80.14679428453428,12,0.75,0_75_p12_h1_3_6_12_s0_75,0.75,True,True,highs
milp_h3,23,634.485584960381,959.6498497366903,325.16426477630927,16,227,0.7730539717213755,28.43243860040093,98.723745140281,21.31713173751814,12,0.75,0_75_p12_h1_3_6_12_s0_75,0.75,True,True,highs
milp_h3,24,609.6387762898826,954.8748018741605,345.23602558427797,22,217,0.8887040898671956,23.684258599969326,82.23700902767126,-3.5296769329802373,12,0.75,0_75_p12_h1_3_6_12_s0_75,0.75,True,True,highs
milp_h3,25,480.7057367786407,958.8748018741607,478.16906509551995,22,220,0.9142160861063152,20.352640300465282,70.66888993217111,-132.4627164442221,12,0.75,0_75_p12_h1_3_6_12_s0_75,0.75,True,True,highs
milp_h3,26,602.3105315812825,956.6498011589049,354.33926957762236,21,191,0.9279660029830655,18.012779299984686,62.54437256939127,-10.857921641580333,12,0.75,0_75_p12_h1_3_6_12_s0_75,0.75,True,True,highs
milp_h3,27,737.9849810421465,967.1998486638067,229.21486762166018,25,236,0.9988800745773905,7.943474200204946,27.581507639600506,124.81652781928369,12,0.75,0_75_p12_h1_3_6_12_s0_75,0.75,True,True,highs
milp_h3,28,557.6907563930336,953.7997997283934,396.10904333535984,20,232,0.9405589080338144,8.294122900086222,28.799037847521603,-55.477696829829256,12,0.75,0_75_p12_h1_3_6_12_s0_75,0.75,True,True,highs
milp_h3,29,590.2537350534485,954.4247998476027,364.1710647941541,19,221,0.9982039103754623,8.810807599744294,30.593081943556577,-22.9147181694143,12,0.75,0_75_p12_h1_3_6_12_s0_75,0.75,True,True,highs
milp_h6,0,613.369446274824,955.0498011589048,341.68035488408077,20,204,0.7040880349603953,33.46398419956677,116.19438958182906,0.20099305196117712,12,0.75,0_75_p12_h1_3_6_12_s0_75,0.75,True,True,highs
milp_h6,1,626.5024835402105,959.3997991323469,332.8973155921363,15,209,0.8757652571604693,44.60852749974583,154.8907204852286,13.334030317347697,12,0.75,0_75_p12_h1_3_6_12_s0_75,0.75,True,True,highs
milp_h6,2,632.7175208609658,952.7498040199278,320.03228315896195,21,212,0.8370963034800993,40.536235700099496,140.75081840312325,19.549067638102997,12,0.75,0_75_p12_h1_3_6_12_s0_75,0.75,True,True,highs
milp_h6,3,617.2366188895653,959.3997991323469,342.16318024278155,22,202,0.8454268557189776,45.66292630031239,158.55182743164025,4.068165666702498,12,0.75,0_75_p12_h1_3_6_12_s0_75,0.75,True,True,highs
milp_h6,4,595.3132960924704,960.6498011589049,365.3365050664344,26,206,0.97417466746742,30.587415499961935,106.20630381931227,-17.8551571303924,12,0.75,0_75_p12_h1_3_6_12_s0_75,0.75,True,True,highs
milp_h6,5,632.6753963042576,951.8498011589048,319.17440485464726,28,218,0.6821051454616639,43.98071710014483,152.71082326439176,19.506943081394752,12,0.75,0_75_p12_h1_3_6_12_s0_75,0.75,True,True,highs
milp_h6,6,591.8049017549879,941.1998054504393,349.3949036954513,17,253,0.9222261093925983,25.222249599872157,87.57725555511166,-21.363551467874913,12,0.75,0_75_p12_h1_3_6_12_s0_75,0.75,True,True,highs
milp_h6,7,689.3867303948402,949.3998105764388,260.0130801815986,28,190,0.8915678154371667,24.59278300049482,85.391607640607,76.21827717197743,12,0.75,0_75_p12_h1_3_6_12_s0_75,0.75,True,True,highs
milp_h6,8,639.012654327297,951.2248004436491,312.212146116352,16,222,0.8916206543763275,18.096294299990404,62.83435520830002,25.844201104434205,12,0.75,0_75_p12_h1_3_6_12_s0_75,0.75,True,True,highs
milp_h6,9,559.29468958652,959.3997997283933,400.1051101418733,17,241,0.7646723573912207,19.744370000058552,68.55684027798108,-53.8737636363428,12,0.75,0_75_p12_h1_3_6_12_s0_75,0.75,True,True,highs
milp_h6,10,510.9042223165193,957.6248004436491,446.7205781271298,24,207,0.8264973255830365,15.791109400073765,54.83024097247835,-102.26423090634353,12,0.75,0_75_p12_h1_3_6_12_s0_75,0.75,True,True,highs
milp_h6,11,604.6317911273636,947.6748018741605,343.0430107467969,18,187,0.828054529890978,19.715962300018873,68.45820243062109,-8.536662095499196,12,0.75,0_75_p12_h1_3_6_12_s0_75,0.75,True,True,highs
milp_h6,12,610.8721821746967,955.2248004436491,344.3526182689523,20,221,0.836811285831662,19.09524170012446,66.3029225698766,-2.2962710481660906,12,0.75,0_75_p12_h1_3_6_12_s0_75,0.75,True,True,highs
milp_h6,13,620.4577633850797,960.9997997283934,340.5420363433138,24,199,0.8791800774179764,12.866914999933215,44.67678819421255,7.289310162216907,12,0.75,0_75_p12_h1_3_6_12_s0_75,0.75,True,True,highs
milp_h6,14,606.0268585689544,962.7747984170911,356.7479398481368,15,232,0.8656132339014871,18.80291089977254,65.28788506865466,-7.141594653908442,12,0.75,0_75_p12_h1_3_6_12_s0_75,0.75,True,True,highs
milp_h6,15,636.4812640572586,964.9997991323469,328.51853507508827,25,196,0.8743548398826037,15.194948499643942,52.76023784598591,23.312810834395805,12,0.75,0_75_p12_h1_3_6_12_s0_75,0.75,True,True,highs
milp_h6,16,599.1727086686308,957.9998054504392,358.8270967818085,19,208,0.9971701289139228,16.92016129969852,58.75056006839764,-13.995744554232033,12,0.75,0_75_p12_h1_3_6_12_s0_75,0.75,True,True,highs
milp_h6,17,544.9015636222346,940.7498040199278,395.8482403976932,23,209,0.774407861728288,19.075898899842286,66.23576006889682,-68.26688960062825,12,0.75,0_75_p12_h1_3_6_12_s0_75,0.75,True,True,highs
milp_h6,18,722.6948811035195,955.3997997283934,232.7049186248739,23,212,0.936216360926767,10.552471000119112,36.64052430596914,109.52642788065668,12,0.75,0_75_p12_h1_3_6_12_s0_75,0.75,True,True,highs
milp_h6,19,596.083921425867,948.6498011589048,352.5658797330379,16,182,0.927275910162864,18.009208899951773,62.53197534705477,-17.08453179699586,12,0.75,0_75_p12_h1_3_6_12_s0_75,0.75,True,True,highs
milp_h6,20,686.2595262828308,950.2498005628584,263.9902742800275,20,219,0.9970643080397088,16.51140009975643,57.33125034637649,73.09107305996804,12,0.75,0_75_p12_h1_3_6_12_s0_75,0.75,True,True,highs
milp_h6,21,546.4267926073026,953.2748012781142,406.84800867081157,36,201,0.7481996774098134,7.657298800186254,26.58784305620227,-66.74166061556025,12,0.75,0_75_p12_h1_3_6_12_s0_75,0.75,True,True,highs
milp_h6,22,693.3152472095487,964.3747984170911,271.05955120754237,20,220,0.9038594078050869,18.416881400189595,63.94750486176943,80.1467939866859,12,0.75,0_75_p12_h1_3_6_12_s0_75,0.75,True,True,highs
milp_h6,23,634.7229000349408,960.0247998476026,325.30189981266176,16,227,0.7705578936161439,21.251586200320162,73.79022986222279,21.554446812078027,12,0.75,0_75_p12_h1_3_6_12_s0_75,0.75,True,True,highs
milp_h6,24,609.6387761597014,954.8748018741605,345.23602571445923,22,216,0.9965967421776176,18.992178000480635,65.94506250166887,-3.5296770631614436,12,0.75,0_75_p12_h1_3_6_12_s0_75,0.75,True,True,highs
milp_h6,25,480.70573661658756,958.8748018741607,478.1690652575731,24,218,0.998498865531881,14.642604200198548,50.842375695133846,-132.46271660627525,12,0.75,0_75_p12_h1_3_6_12_s0_75,0.75,True,True,highs
milp_h6,26,602.3105314553022,956.6498011589049,354.3392697036027,22,190,0.9180839580674803,16.8908538002579,58.648797917562156,-10.857921767560583,12,0.75,0_75_p12_h1_3_6_12_s0_75,0.75,True,True,highs
milp_h6,27,738.2723907947538,967.5747984170912,229.30240762233728,23,233,0.9976648654728686,21.757883900398156,75.5482079874936,125.10393757189104,12,0.75,0_75_p12_h1_3_6_12_s0_75,0.75,True,True,highs
milp_h6,28,557.6907562498727,953.7997997283934,396.1090434785206,19,232,0.997674965368246,18.926542999775847,65.71716319366614,-55.47769697299009,12,0.75,0_75_p12_h1_3_6_12_s0_75,0.75,True,True,highs
milp_h6,29,590.2537347472667,954.4247998476027,364.171065100336,26,215,0.9983763729267915,11.508535700006178,39.96019340279923,-22.914718475596146,12,0.75,0_75_p12_h1_3_6_12_s0_75,0.75,True,True,highs
milp_h12,0,613.369446274824,955.0498011589048,341.68035488408077,20,204,0.7047273202381061,32.759655800211476,113.7488048618454,0.20099305196117712,12,0.75,0_75_p12_h1_3_6_12_s0_75,0.75,True,True,highs
milp_h12,1,626.5024835402105,959.3997991323469,332.8973155921363,15,209,0.8756013100967769,41.597125400119694,144.43446319486006,13.334030317347697,12,0.75,0_75_p12_h1_3_6_12_s0_75,0.75,True,True,highs
milp_h12,2,632.7175208609659,952.7498040199279,320.03228315896195,19,214,0.7762981168935809,26.310885799961397,91.35724236097707,19.54906763810311,12,0.75,0_75_p12_h1_3_6_12_s0_75,0.75,True,True,highs
milp_h12,3,617.2366187626026,959.3997991323469,342.1631803697442,20,204,0.8333738790019692,39.55972599971574,137.3601597212352,4.068165539739766,12,0.75,0_75_p12_h1_3_6_12_s0_75,0.75,True,True,highs
milp_h12,4,595.3132960924704,960.6498011589048,365.3365050664344,27,203,0.9629134477419071,35.34180730028311,122.71460868153856,-17.8551571303924,12,0.75,0_75_p12_h1_3_6_12_s0_75,0.75,True,True,highs
milp_h12,5,632.6753963042576,951.8498011589048,319.17440485464726,27,219,0.6973956253543655,40.27558840007987,139.84579305583287,19.506943081394752,12,0.75,0_75_p12_h1_3_6_12_s0_75,0.75,True,True,highs
milp_h12,6,591.8049017549879,941.1998054504393,349.3949036954513,19,251,0.9151512184434945,25.31339480006136,87.8937319446575,-21.363551467874913,12,0.75,0_75_p12_h1_3_6_12_s0_75,0.75,True,True,highs
milp_h12,7,695.3030407149456,958.4247998476027,263.121759132657,23,195,0.8491251378072915,24.859969400044065,86.31933819459745,82.1345874920828,12,0.75,0_75_p12_h1_3_6_12_s0_75,0.75,True,True,highs
milp_h12,8,639.012654327297,951.2248004436491,312.212146116352,23,216,0.8125544116722856,23.28662740002619,80.85634513897983,25.844201104434205,12,0.75,0_75_p12_h1_3_6_12_s0_75,0.75,True,True,highs
milp_h12,9,559.29468958652,959.3997997283933,400.1051101418733,17,241,0.7646723573912207,45.841178899951046,159.17076006927448,-53.8737636363428,12,0.75,0_75_p12_h1_3_6_12_s0_75,0.75,True,True,highs
milp_h12,10,510.9042223165193,957.6248004436491,446.7205781271298,25,204,0.9421296405638,32.42329089998384,112.58087118049944,-102.26423090634353,12,0.75,0_75_p12_h1_3_6_12_s0_75,0.75,True,True,highs
milp_h12,11,604.6317911273636,947.6748018741605,343.0430107467969,18,187,0.9130433824664581,43.93596590013476,152.5554371532457,-8.536662095499196,12,0.75,0_75_p12_h1_3_6_12_s0_75,0.75,True,True,highs
milp_h12,12,610.8721821746967,955.2248004436491,344.3526182689523,28,213,0.8028886301417008,26.39911389979534,91.66358992984493,-2.2962710481660906,12,0.75,0_75_p12_h1_3_6_12_s0_75,0.75,True,True,highs
milp_h12,13,620.4577633850795,960.9997997283933,340.5420363433138,20,199,0.8799212975600356,24.114527899801033,83.73099965208692,7.28931016221668,12,0.75,0_75_p12_h1_3_6_12_s0_75,0.75,True,True,highs
milp_h12,14,606.0268585689544,962.7747984170911,356.7479398481368,15,232,0.8656132339014871,41.41242149981554,143.79313020769283,-7.141594653908442,12,0.75,0_75_p12_h1_3_6_12_s0_75,0.75,True,True,highs
milp_h12,15,636.4812640572586,964.9997991323469,328.51853507508827,23,198,0.7563152857599625,31.715452600066783,110.12309930578743,23.312810834395805,12,0.75,0_75_p12_h1_3_6_12_s0_75,0.75,True,True,highs
milp_h12,16,599.1727085828572,957.9998054504392,358.827096867582,18,210,0.9968610343486751,37.590234099683585,130.5216461794569,-13.995744640005569,12,0.75,0_75_p12_h1_3_6_12_s0_75,0.75,True,True,highs
milp_h12,17,544.9015636222346,940.7498040199278,395.8482403976932,24,208,0.8841070724055311,31.789873499947134,110.38150520814978,-68.26688960062825,12,0.75,0_75_p12_h1_3_6_12_s0_75,0.75,True,True,highs
milp_h12,18,722.6948811035195,955.3997997283934,232.7049186248739,23,213,0.9991428485675886,19.50001789984526,67.70839548557382,109.52642788065668,12,0.75,0_75_p12_h1_3_6_12_s0_75,0.75,True,True,highs
milp_h12,19,596.083921425867,948.6498011589048,352.5658797330379,16,182,0.9287392359820958,40.661734600085765,141.18657847252,-17.08453179699586,12,0.75,0_75_p12_h1_3_6_12_s0_75,0.75,True,True,highs
milp_h12,20,686.259526282831,950.2498005628585,263.9902742800275,25,215,0.998357631949582,25.572834499937017,88.79456423589242,73.09107305996815,12,0.75,0_75_p12_h1_3_6_12_s0_75,0.75,True,True,highs
milp_h12,21,546.4267926073026,953.2748012781142,406.84800867081157,25,212,0.8882849943855612,25.52573649995611,88.6310295137365,-66.74166061556025,12,0.75,0_75_p12_h1_3_6_12_s0_75,0.75,True,True,highs
milp_h12,22,693.3152472095487,964.3747984170911,271.05955120754237,22,218,0.9133593052541269,46.07575790028204,159.98527048709042,80.1467939866859,12,0.75,0_75_p12_h1_3_6_12_s0_75,0.75,True,True,highs
milp_h12,23,634.7229000349408,960.0247998476026,325.30189981266176,16,227,0.7722219456862983,41.13038759978372,142.81384583258236,21.554446812078027,12,0.75,0_75_p12_h1_3_6_12_s0_75,0.75,True,True,highs
milp_h12,24,609.6387761597014,954.8748018741605,345.23602571445923,22,215,0.9962628423697885,30.922236500075087,107.36887673637183,-3.5296770631614436,12,0.75,0_75_p12_h1_3_6_12_s0_75,0.75,True,True,highs
milp_h12,25,480.70573661658744,958.8748018741605,478.1690652575731,26,216,0.9467697973271915,27.235371900111204,94.56726354205279,-132.46271660627536,12,0.75,0_75_p12_h1_3_6_12_s0_75,0.75,True,True,highs
milp_h12,26,602.3105314553022,956.6498011589049,354.3392697036027,21,190,0.898344243101028,29.589347299945075,102.7407892359204,-10.857921767560583,12,0.75,0_75_p12_h1_3_6_12_s0_75,0.75,True,True,highs
milp_h12,27,738.2723907390974,967.5747984170912,229.30240767799373,20,238,0.9977180727605216,32.956568900175625,114.43253090338759,125.10393751623462,12,0.75,0_75_p12_h1_3_6_12_s0_75,0.75,True,True,highs
milp_h12,28,557.6907562498727,953.7997997283934,396.1090434785206,18,233,0.9969218870675788,34.09516409994103,118.38598645812857,-55.47769697299009,12,0.75,0_75_p12_h1_3_6_12_s0_75,0.75,True,True,highs
milp_h12,29,590.2537347472667,954.4247998476027,364.171065100336,20,220,0.9983761313946093,22.031253000168363,76.49740625058459,-22.914718475596146,12,0.75,0_75_p12_h1_3_6_12_s0_75,0.75,True,True,highs
equal_share,0,483.430682523585,751.1099764999223,267.67929397633725,19,205,0.9204945671246663,0.00567070025135763,0.019689931428325105,-129.7377706992778,12,0.75,0_75_p12_h1_3_6_12_s0_75,0.75,True,True,highs
equal_share,1,492.2093630398582,752.8964263570995,260.68706331724127,21,202,0.9169399942774159,0.005564999708440155,0.01932291565430609,-120.9590901830046,12,0.75,0_75_p12_h1_3_6_12_s0_75,0.75,True,True,highs
equal_share,2,416.37147191053685,627.3137817588967,210.9423098483598,14,218,0.8178098040841204,0.005800300277769566,0.020139931520033214,-196.79698131232595,12,0.75,0_75_p12_h1_3_6_12_s0_75,0.75,True,True,highs
equal_share,3,497.26254507469866,778.5430939320722,281.28054885737356,24,200,0.7799626661902143,0.0059710000932682306,0.020732639212736912,-115.90590814816414,12,0.75,0_75_p12_h1_3_6_12_s0_75,0.75,True,True,highs
equal_share,4,452.357246508601,725.2840610350205,272.9268145264195,18,212,0.9637431894709789,0.005547100066905841,0.019260764121200837,-160.8112067142618,12,0.75,0_75_p12_h1_3_6_12_s0_75,0.75,True,True,highs
equal_share,5,490.17223621865287,739.6955339474481,249.52329772879523,28,218,0.84329175256309,0.006296500156167895,0.021862847764471855,-122.99621700420994,12,0.75,0_75_p12_h1_3_6_12_s0_75,0.75,True,True,highs
equal_share,6,490.3285476650567,779.9125036815065,289.58395601644975,22,248,0.9957413983442732,0.005390899837948382,0.01871840221509855,-122.8399055578061,12,0.75,0_75_p12_h1_3_6_12_s0_75,0.75,True,True,highs
equal_share,7,588.0713100880113,808.8896341875717,220.8183240995604,24,194,0.7971696675194941,0.005497599835507572,0.019088888317734625,-25.097143134851535,12,0.75,0_75_p12_h1_3_6_12_s0_75,0.75,True,True,highs
equal_share,8,520.8644463502072,778.8014937502796,257.9370474000724,20,217,0.9188459984136798,0.005977100081508979,0.020753819727461733,-92.30400687265558,12,0.75,0_75_p12_h1_3_6_12_s0_75,0.75,True,True,highs
equal_share,9,422.2806546193777,715.2627905782591,292.98213595888143,16,242,0.7654218373408141,0.005475499900057912,0.01901215243075664,-190.88779860348512,12,0.75,0_75_p12_h1_3_6_12_s0_75,0.75,True,True,highs
equal_share,10,468.44467116376774,881.9618353198393,413.5171641560716,27,202,0.8265843219827759,0.00575579988071695,0.01998541625248941,-144.72378205909507,12,0.75,0_75_p12_h1_3_6_12_s0_75,0.75,True,True,highs
equal_share,11,463.0510580471345,726.1119976433745,263.06093959623996,21,184,0.9523864842227748,0.006448999949498102,0.022392360935757298,-150.1173951757283,12,0.75,0_75_p12_h1_3_6_12_s0_75,0.75,True,True,highs
equal_share,12,426.8147700460759,663.7847789523032,236.9700089062273,27,214,0.8008106325195641,0.006069699942599982,0.021075347022916604,-186.3536831767869,12,0.75,0_75_p12_h1_3_6_12_s0_75,0.75,True,True,highs
equal_share,13,538.8460283636039,835.8471439133359,297.00111554973205,22,197,0.8965693167341102,0.005508800008101389,0.0191277778059076,-74.32242485925894,12,0.75,0_75_p12_h1_3_6_12_s0_75,0.75,True,True,highs
equal_share,14,431.2759066082899,686.5441948188615,255.26828821057154,13,234,0.9965662563157771,0.006203300028573722,0.021539236210325424,-181.8925466145729,12,0.75,0_75_p12_h1_3_6_12_s0_75,0.75,True,True,highs
equal_share,15,558.1330980806554,840.6456808930694,282.51258281241405,27,194,0.8303474229900794,0.006273999897530302,0.02178472186642466,-55.035355142207436,12,0.75,0_75_p12_h1_3_6_12_s0_75,0.75,True,True,highs
equal_share,16,405.52945242681756,645.0747329411993,239.54528051438172,18,208,0.875965520910507,0.00539040015428327,0.018716667202372465,-207.63900079604525,12,0.75,0_75_p12_h1_3_6_12_s0_75,0.75,True,True,highs
equal_share,17,386.20729714467547,651.6140959083843,265.4067987637089,14,218,0.8840979929962555,0.006205800164025277,0.02154791723619888,-226.96115607818734,12,0.75,0_75_p12_h1_3_6_12_s0_75,0.75,True,True,highs
equal_share,18,555.2658834251484,733.1145415439526,177.84865811880408,26,208,0.8444078420709429,0.006523999618366361,0.022652776452660974,-57.902569797714364,12,0.75,0_75_p12_h1_3_6_12_s0_75,0.75,True,True,highs
equal_share,19,446.46702463535604,709.3817912705897,262.91476663523366,21,177,0.9134109068671725,0.0062822998443152755,0.021813541126094706,-166.70142858750677,12,0.75,0_75_p12_h1_3_6_12_s0_75,0.75,True,True,highs
equal_share,20,619.7222754262419,855.8194247409855,236.09714931474358,34,205,0.8727730325493995,0.006225899822311476,0.02161770771635929,6.553822203379127,12,0.75,0_75_p12_h1_3_6_12_s0_75,0.75,True,True,highs
equal_share,21,426.83794440246425,745.3012859034535,318.46334150098926,22,214,0.9971602927791449,0.007374399836407974,0.025605554987527687,-186.33050882039856,12,0.75,0_75_p12_h1_3_6_12_s0_75,0.75,True,True,highs
equal_share,22,530.814902111304,741.320535485945,210.50563337464095,25,215,0.8922721315056205,0.0059513999440241605,0.020664583138972778,-82.35355111155877,12,0.75,0_75_p12_h1_3_6_12_s0_75,0.75,True,True,highs
equal_share,23,481.6520633619722,726.321608849823,244.66954548785074,18,223,0.8375473629011144,0.006157799973152578,0.021381249906779785,-131.51638986089063,12,0.75,0_75_p12_h1_3_6_12_s0_75,0.75,True,True,highs
equal_share,24,481.4148713867651,753.8939246267585,272.47905323999333,20,217,0.8733523405200805,0.007094500033417717,0.024633680671589293,-131.75358183609768,12,0.75,0_75_p12_h1_3_6_12_s0_75,0.75,True,True,highs
equal_share,25,365.44017900949603,722.4831743541364,357.04299534464036,19,223,0.8872651676238464,0.005135500308824703,0.01783159829453022,-247.72827421336677,12,0.75,0_75_p12_h1_3_6_12_s0_75,0.75,True,True,highs
equal_share,26,544.0724126180515,866.3226948563362,322.2502822382846,28,182,0.9955520361187293,0.005406399868661538,0.018772221766185895,-69.09604060481126,12,0.75,0_75_p12_h1_3_6_12_s0_75,0.75,True,True,highs
equal_share,27,681.4834723147227,893.4678479416201,211.98437562689745,24,232,0.9530275580330073,0.005982299713650718,0.02077187400573166,68.31501909185988,12,0.75,0_75_p12_h1_3_6_12_s0_75,0.75,True,True,highs
equal_share,28,476.6956348148554,815.4694530623464,338.77381824749096,27,224,0.9822483370263628,0.005866499646799639,0.020369790440276522,-136.4728184080074,12,0.75,0_75_p12_h1_3_6_12_s0_75,0.75,True,True,highs
equal_share,29,414.4616310903552,669.9442400502647,255.48260895990956,13,225,0.9956385278178003,0.005552000249736011,0.019277778644916706,-198.70682213250763,12,0.75,0_75_p12_h1_3_6_12_s0_75,0.75,True,True,highs
max_charge,0,612.1399765610694,955.0499999999998,342.91002343893047,33,192,0.9372056207312521,0.0023923999979160726,0.008306944437208585,-1.0284766617934338,12,0.75,0_75_p12_h1_3_6_12_s0_75,0.75,True,True,highs
max_charge,1,624.4718463301658,958.1499999999999,333.6781536698341,36,188,0.9480092353473967,0.002150200045434758,0.007465972379981799,11.303393107303009,12,0.75,0_75_p12_h1_3_6_12_s0_75,0.75,True,True,highs
max_charge,2,631.5748990704615,952.7499999999999,321.17510092953836,31,201,0.9208841881008961,0.0018767996516544372,0.006516665457133463,18.40644584759866,12,0.75,0_75_p12_h1_3_6_12_s0_75,0.75,True,True,highs
max_charge,3,615.2324165562788,958.1499999999999,342.91758344372107,37,187,0.8141426865791697,0.001986499992199242,0.0068975694173584795,2.0639633334160408,12,0.75,0_75_p12_h1_3_6_12_s0_75,0.75,True,True,highs
max_charge,4,594.0827463885148,960.6499999999999,366.5672536114851,36,194,0.920424020305461,0.0018192997958976775,0.006317013180200269,-19.085706834348002,12,0.75,0_75_p12_h1_3_6_12_s0_75,0.75,True,True,highs
max_charge,5,631.4492108424504,951.8499999999999,320.40078915754947,36,209,0.8542439512467344,0.0022214001219253987,0.0077131948677965235,18.280757619587575,12,0.75,0_75_p12_h1_3_6_12_s0_75,0.75,True,True,highs
max_charge,6,590.585778971513,941.1999999999998,350.61422102848684,30,240,0.9961330584634903,0.0030027001339476556,0.010426042131762693,-22.582674251349772,12,0.75,0_75_p12_h1_3_6_12_s0_75,0.75,True,True,highs
max_charge,7,693.3560426582892,957.1749999999998,263.8189573417107,31,187,0.8292083159323058,0.0018558001902420074,0.0064437506605625255,80.18758943542639,12,0.75,0_75_p12_h1_3_6_12_s0_75,0.75,True,True,highs
max_charge,8,637.7659048229456,951.2249999999999,313.45909517705434,28,209,0.9268154808576604,0.0019028999959118664,0.006607291652471758,24.597451600082763,12,0.75,0_75_p12_h1_3_6_12_s0_75,0.75,True,True,highs
max_charge,9,558.0119404792786,959.3999999999999,401.38805952072136,34,224,0.8467614778032683,0.002041500178165734,0.007088542285297687,-55.156512743584244,12,0.75,0_75_p12_h1_3_6_12_s0_75,0.75,True,True,highs
max_charge,10,509.4950232307116,957.6249999999999,448.1299767692883,32,197,0.8687450431641109,0.0018559996678959578,0.006444443291305409,-103.67342999215123,12,0.75,0_75_p12_h1_3_6_12_s0_75,0.75,True,True,highs
max_charge,11,603.3314910242954,947.6749999999998,344.3435089757045,43,162,0.8513365856845685,0.002049700007773936,0.007117013915881721,-9.836962198567448,12,0.75,0_75_p12_h1_3_6_12_s0_75,0.75,True,True,highs
max_charge,12,609.7965227708219,955.2249999999998,345.4284772291779,39,202,0.9066771094598539,0.002046100125880912,0.007104514325975388,-3.3719304520409423,12,0.75,0_75_p12_h1_3_6_12_s0_75,0.75,True,True,highs
max_charge,13,619.2208695610364,960.9999999999999,341.77913043896353,29,190,0.9279974197517872,0.0018811998015735298,0.006531943755463645,6.052416338173543,12,0.75,0_75_p12_h1_3_6_12_s0_75,0.75,True,True,highs
max_charge,14,604.000160434842,961.5249999999999,357.52483956515783,33,214,0.9376691890230273,0.0021399001125246286,0.00743020872404385,-9.168292788020835,12,0.75,0_75_p12_h1_3_6_12_s0_75,0.75,True,True,highs
max_charge,15,634.1906249249975,963.1249999999999,328.93437507500244,35,186,0.8666843575912276,0.0018073000246658921,0.006275347307867681,21.022171702134642,12,0.75,0_75_p12_h1_3_6_12_s0_75,0.75,True,True,highs
max_charge,16,597.9587159236271,957.9999999999999,360.04128407637273,35,192,0.9065311996385378,0.0018788002198562026,0.006523611874500703,-15.209737299235712,12,0.75,0_75_p12_h1_3_6_12_s0_75,0.75,True,True,highs
max_charge,17,543.6713265975316,940.7499999999999,397.0786734024683,33,200,0.8983767106993142,0.0019106999097857624,0.006634374686756119,-69.49712662533125,12,0.75,0_75_p12_h1_3_6_12_s0_75,0.75,True,True,highs
max_charge,18,721.9161768058934,955.3999999999999,233.48382319410638,40,194,0.9978888876883427,0.0019986004335805774,0.006939584838821449,108.74772358303062,12,0.75,0_75_p12_h1_3_6_12_s0_75,0.75,True,True,highs
max_charge,19,594.8175961911677,948.6499999999999,353.8324038088321,38,160,0.867745824615629,0.0019364997278898954,0.006723957388506581,-18.350857031695114,12,0.75,0_75_p12_h1_3_6_12_s0_75,0.75,True,True,highs
max_charge,20,684.7931894386807,949.6249999999999,264.8318105613192,38,201,0.898036520834093,0.00193240016233176,0.0067097227858741665,71.62473621581785,12,0.75,0_75_p12_h1_3_6_12_s0_75,0.75,True,True,highs
max_charge,21,543.9419714927673,951.3999999999999,407.4580285072326,33,203,0.9972465356427807,0.001915299944812432,0.006650347030598722,-69.22648173009554,12,0.75,0_75_p12_h1_3_6_12_s0_75,0.75,True,True,highs
max_charge,22,691.708882600069,963.7499999999999,272.0411173999309,36,204,0.8684234966526763,0.0018855994276236743,0.0065472202348044245,78.54042937720624,12,0.75,0_75_p12_h1_3_6_12_s0_75,0.75,True,True,highs
max_charge,23,632.2975602606932,958.1499999999999,325.8524397393067,29,212,0.8510640006800418,0.001977299863938242,0.006865624527563341,19.12910703783041,12,0.75,0_75_p12_h1_3_6_12_s0_75,0.75,True,True,highs
max_charge,24,608.4104310423136,954.8749999999999,346.46456895768637,30,207,0.9105346783408214,0.0020960000692866743,0.007277778018356508,-4.758022180549233,12,0.75,0_75_p12_h1_3_6_12_s0_75,0.75,True,True,highs
max_charge,25,479.17661181092257,958.8749999999999,479.6983881890773,29,213,0.9015597038605669,0.0018878999107982963,0.006555208023605196,-133.99184141194024,12,0.75,0_75_p12_h1_3_6_12_s0_75,0.75,True,True,highs
max_charge,26,601.1218316733837,956.6499999999999,355.52816832661625,33,177,0.996397429771886,0.00203000009059906,0.007048611425691181,-12.046621549479141,12,0.75,0_75_p12_h1_3_6_12_s0_75,0.75,True,True,highs
max_charge,27,736.047432374954,965.6999999999998,229.65256762504575,28,229,0.9588450385165067,0.0021039996936451644,0.007305554491823487,122.87897915209123,12,0.75,0_75_p12_h1_3_6_12_s0_75,0.75,True,True,highs
max_charge,28,556.3399222532908,953.7999999999998,397.46007774670915,32,219,0.9205746883229892,0.0018930002115666866,0.006572917401273217,-56.82853096957206,12,0.75,0_75_p12_h1_3_6_12_s0_75,0.75,True,True,highs
max_charge,29,588.6199053525924,953.7999999999998,365.1800946474075,27,211,0.962649229806778,0.002090500172926113,0.007258681155993448,-24.548547870270454,12,0.75,0_75_p12_h1_3_6_12_s0_75,0.75,True,True,highs
random,0,604.0573573097171,942.3363287485894,338.2789714388723,31,193,0.9089628923539238,0.023122600046917796,0.08028680571846457,-9.111095913145732,12,0.75,0_75_p12_h1_3_6_12_s0_75,0.75,True,True,highs
random,1,616.3912125878769,945.4266640534133,329.0354514655364,30,193,0.9380950870122313,0.020866999839199707,0.07245486055277676,3.222759365014099,12,0.75,0_75_p12_h1_3_6_12_s0_75,0.75,True,True,highs
random,2,618.9404601572628,933.6614441717225,314.72098401445965,32,200,0.8648733229896265,0.02210839992039837,0.07676527750138323,5.772006934399997,12,0.75,0_75_p12_h1_3_6_12_s0_75,0.75,True,True,highs
random,3,608.9208743373466,948.3484263706522,339.4275520333056,28,196,0.8509204992957993,0.02326239997637458,0.08077222214018952,-4.247578885516191,12,0.75,0_75_p12_h1_3_6_12_s0_75,0.75,True,True,highs
random,4,582.4055888621796,942.2712505465213,359.8656616843417,33,197,0.9867353276980071,0.022282900114078075,0.07737118095165998,-30.76286436068324,12,0.75,0_75_p12_h1_3_6_12_s0_75,0.75,True,True,highs
random,5,623.3139254735863,939.3531479693116,316.03922249572537,35,210,0.7790912333772061,0.022869499895023182,0.07940798574660828,10.145472250723515,12,0.75,0_75_p12_h1_3_6_12_s0_75,0.75,True,True,highs
random,6,580.2682507163004,925.1262556545047,344.85800493820426,27,243,0.9979661870576169,0.02239030023338273,0.07774409803257892,-32.90020250656244,12,0.75,0_75_p12_h1_3_6_12_s0_75,0.75,True,True,highs
random,7,679.6166115006295,937.0742885698061,257.45767706917655,28,190,0.8872974131785208,0.02322660037316382,0.08064791796237437,66.44815827776665,12,0.75,0_75_p12_h1_3_6_12_s0_75,0.75,True,True,highs
random,8,631.2939630211586,941.0937993403243,309.79983631916576,27,210,0.8622929043958599,0.023531099752290174,0.08170520747322978,18.125509798295752,12,0.75,0_75_p12_h1_3_6_12_s0_75,0.75,True,True,highs
random,9,543.4421127446101,935.6012938747976,392.1591811301876,27,231,0.8126623364075497,0.02090509975096211,0.07258715191306288,-69.72634047825272,12,0.75,0_75_p12_h1_3_6_12_s0_75,0.75,True,True,highs
random,10,501.79525229683514,944.2739446376886,442.47869234085346,31,198,0.7995920803029245,0.02447879983810708,0.08499583277120513,-111.37320092602766,12,0.75,0_75_p12_h1_3_6_12_s0_75,0.75,True,True,highs
random,11,592.1888241235063,929.7640379836978,337.5752138601915,29,176,0.9015204308547571,0.023219299997435883,0.08062256943554126,-20.979629099356544,12,0.75,0_75_p12_h1_3_6_12_s0_75,0.75,True,True,highs
random,12,598.6523913480863,938.7436927523189,340.0913014042326,33,208,0.7929195689791357,0.02065070014214143,0.07170381993799108,-14.516061874776483,12,0.75,0_75_p12_h1_3_6_12_s0_75,0.75,True,True,highs
random,13,610.2059355778168,946.8816057711654,336.67567019334854,27,192,0.9367782261747164,0.023562199814477935,0.0818131938002706,-2.9625176450459776,12,0.75,0_75_p12_h1_3_6_12_s0_75,0.75,True,True,highs
random,14,596.7677875472855,950.0971461068871,353.32935855960153,24,223,0.9934183816132636,0.022624800127232447,0.07855833377511266,-16.40066567557733,12,0.75,0_75_p12_h1_3_6_12_s0_75,0.75,True,True,highs
random,15,622.4816864105082,946.20650436235,323.7248179518417,33,189,0.8210056992894577,0.022409799945307896,0.07781180536565241,9.313233187645437,12,0.75,0_75_p12_h1_3_6_12_s0_75,0.75,True,True,highs
random,16,581.4319316719223,932.1539981133101,350.72206644138777,34,192,0.9098284406625076,0.022388999932445586,0.0777395830987694,-31.73652155094055,12,0.75,0_75_p12_h1_3_6_12_s0_75,0.75,True,True,highs
random,17,531.2583610037052,921.0276457227685,389.7692847190633,26,206,0.903675825899985,0.021857400162843987,0.07589375056543052,-81.9100922191576,12,0.75,0_75_p12_h1_3_6_12_s0_75,0.75,True,True,highs
random,18,708.898397065865,938.3969998395673,229.49860277370237,34,200,0.8928766236440643,0.02325400005793199,0.0807430557567083,95.72994384300216,12,0.75,0_75_p12_h1_3_6_12_s0_75,0.75,True,True,highs
random,19,579.5884456056826,924.4283763318139,344.8399307261312,28,170,0.865786707442903,0.0225557999801822,0.0783187499311882,-33.58000761718017,12,0.75,0_75_p12_h1_3_6_12_s0_75,0.75,True,True,highs
random,20,674.0560467814153,934.0687217397954,260.01267495838005,38,201,0.9331649308271791,0.02174440014641732,0.07550138939728236,60.88759355855245,12,0.75,0_75_p12_h1_3_6_12_s0_75,0.75,True,True,highs
random,21,535.4557436684374,937.1610704823489,401.7053268139115,29,208,0.9976784447690227,0.023253899620613083,0.08074270701601766,-77.71270955442537,12,0.75,0_75_p12_h1_3_6_12_s0_75,0.75,True,True,highs
random,22,682.0152020888481,948.9402180472305,266.92501595838235,33,207,0.9430787296725566,0.02165270032128319,0.07518298722667775,68.84674886598532,12,0.75,0_75_p12_h1_3_6_12_s0_75,0.75,True,True,highs
random,23,625.1843582314759,946.8664711120608,321.6821128805849,30,212,0.8283812535454331,0.020730800315504894,0.07198194553994755,12.015905008613117,12,0.75,0_75_p12_h1_3_6_12_s0_75,0.75,True,True,highs
random,24,595.0970192341647,933.9591204422974,338.86210120813274,29,208,0.9957116062720127,0.026340700103901327,0.09146076424965738,-18.071433988698118,12,0.75,0_75_p12_h1_3_6_12_s0_75,0.75,True,True,highs
random,25,470.53120618121625,942.9777618926488,472.44655571143255,32,210,0.9973163733906789,0.02430600018124096,0.08439583396264222,-142.63724704164656,12,0.75,0_75_p12_h1_3_6_12_s0_75,0.75,True,True,highs
random,26,589.7155480398001,938.8520401659354,349.13649212613524,32,178,0.842270591408708,0.023792299820343032,0.08261215215396886,-23.45290518306274,12,0.75,0_75_p12_h1_3_6_12_s0_75,0.75,True,True,highs
random,27,726.333317480442,953.0110724358785,226.67775495543657,24,233,0.9965100005612046,0.021751700260210782,0.07552673701462077,113.16486425757921,12,0.75,0_75_p12_h1_3_6_12_s0_75,0.75,True,True,highs
random,28,548.7537393875373,941.0252794706308,392.2715400830935,25,226,0.9548036358240051,0.022100600122939795,0.07673819487131874,-64.41471383532553,12,0.75,0_75_p12_h1_3_6_12_s0_75,0.75,True,True,highs
random,29,575.9604356176114,933.6218372870519,357.6614016694404,29,209,0.9984808629215166,0.023152600217144936,0.0803909729761977,-37.20801760525137,12,0.75,0_75_p12_h1_3_6_12_s0_75,0.75,True,True,highs
